# https://github.com/mikedh/trimesh
v 0.00899649 0.00007640 -0.04385892
v 0.00899869 0.00015353 -0.04380257
v 0.00900000 -0.00000002 -0.04380257
v 0.00899940 -0.00000002 -0.04382710
v 0.00899759 -0.00000002 -0.04385158
v 0.00899459 -0.00000002 -0.04387593
v 0.00899505 0.00007639 -0.04387042
v 0.00899333 0.00007638 -0.04388196
v 0.00899039 -0.00000002 -0.04390011
v 0.00899133 0.00007636 -0.04389355
v 0.00898903 0.00007634 -0.04390517
v 0.00898501 -0.00000002 -0.04392406
v 0.00898645 0.00007632 -0.04391682
v 0.00898356 0.00007629 -0.04392848
v 0.00897847 -0.00000002 -0.04394771
v 0.00898037 0.00007627 -0.04394015
v 0.00897688 0.00007624 -0.04395180
v 0.00897590 0.00015314 -0.04395180
v 0.00897210 0.00015307 -0.04396344
v 0.00896800 0.00015300 -0.04397505
v 0.00855446 0.00018009 -0.04429938
v 0.00850000 -0.00000002 -0.04430257
v 0.00849231 0.00036152 -0.04430257
v -0.00899482 0.00018937 -0.04385892
v -0.00900000 -0.00000002 -0.04380257
v -0.00899186 0.00038278 -0.04380257
v -0.00864893 0.00007345 -0.04427978
v -0.00867122 0.00014794 -0.04427188
v -0.00865962 0.00014774 -0.04427598
v -0.00864798 0.00014754 -0.04427978
v -0.00863727 0.00007335 -0.04428327
v -0.00864514 -0.00000002 -0.04428104
v -0.00862561 0.00007325 -0.04428645
v -0.00862149 -0.00000002 -0.04428758
v -0.00861394 0.00007316 -0.04428934
v -0.00860230 0.00007306 -0.04429193
v -0.00859755 -0.00000002 -0.04429296
v -0.00859067 0.00007296 -0.04429422
v -0.00857909 0.00007286 -0.04429622
v -0.00857337 -0.00000002 -0.04429716
v -0.00856754 0.00007276 -0.04429794
v -0.00855605 0.00007266 -0.04429938
v -0.00849877 0.00014500 -0.04430257
v -0.00850000 -0.00000002 -0.04430257
v -0.00852454 -0.00000002 -0.04430197
v -0.00854901 -0.00000002 -0.04430016
v 0.00895761 0.00003795 -0.04400386
v 0.00897077 -0.00000002 -0.04397101
v 0.00896194 -0.00000002 -0.04399391
v 0.00895199 -0.00000002 -0.04401635
v 0.00895242 0.00003792 -0.04401527
v 0.00894096 -0.00000002 -0.04403827
v 0.00892886 -0.00000002 -0.04405962
v 0.00891573 -0.00000002 -0.04408035
v 0.00899324 0.00015343 -0.04387618
v 0.00892835 0.00007583 -0.04405993
v 0.00893477 0.00007588 -0.04404893
v 0.00892164 0.00007577 -0.04407079
v 0.00891463 0.00007571 -0.04408151
v 0.00899158 0.00023113 -0.04387618
v 0.00899467 0.00030965 -0.04380257
v 0.00899068 0.00023110 -0.04388196
v 0.00898972 0.00023108 -0.04388775
v 0.00898868 0.00023105 -0.04389355
v 0.00875688 0.00009168 -0.04423125
v 0.00877778 -0.00000002 -0.04421830
v 0.00875705 -0.00000002 -0.04423143
v 0.00874588 0.00009156 -0.04423766
v 0.00873570 -0.00000002 -0.04424353
v 0.00873477 0.00009145 -0.04424377
v 0.00858085 0.00027246 -0.04429526
v 0.00861234 0.00018131 -0.04428934
v 0.00860070 0.00018107 -0.04429193
v 0.00858908 0.00018082 -0.04429422
v 0.00857749 0.00018058 -0.04429622
v 0.00862400 0.00018156 -0.04428645
v 0.00857507 0.00027227 -0.04429622
v 0.00856929 0.00027209 -0.04429712
v 0.00856595 0.00018033 -0.04429794
v 0.00856353 0.00027191 -0.04429794
v 0.00855778 0.00027172 -0.04429870
v 0.00855204 0.00027154 -0.04429938
v 0.00854632 0.00027136 -0.04430000
v 0.00576265 0.00690841 -0.04386275
v 0.00561047 0.00703721 -0.04380257
v 0.00588183 0.00681203 -0.04380257
v 0.00562584 0.00702027 -0.04386275
v 0.00563622 0.00699720 -0.04392459
v 0.00555626 0.00707547 -0.04386275
v 0.00549685 0.00710721 -0.04392459
v 0.00541475 0.00718434 -0.04386275
v 0.00532656 0.00725448 -0.04380257
v 0.00550250 0.00707754 -0.04398662
v 0.00534283 0.00723798 -0.04386275
v 0.00535437 0.00721516 -0.04392459
v 0.00543200 0.00713179 -0.04398662
v 0.00527014 0.00729108 -0.04386275
v 0.00536072 0.00718552 -0.04398662
v 0.00536168 0.00714888 -0.04404709
v 0.00527022 0.00725216 -0.04398662
v 0.00547986 0.00657628 -0.04429893
v 0.00555067 0.00643737 -0.04430257
v 0.00523229 0.00669872 -0.04430257
v 0.00540629 0.00671648 -0.04428745
v 0.00551945 0.00662380 -0.04428745
v 0.00512247 0.00739558 -0.04386275
v 0.00503032 0.00746294 -0.04380257
v 0.00520880 0.00732094 -0.04392459
v 0.00519721 0.00730466 -0.04398662
v 0.00518053 0.00728122 -0.04404709
v 0.00511593 0.00738614 -0.04392459
v 0.00536235 0.00683064 -0.04426746
v 0.00548309 0.00681190 -0.04423870
v 0.00544517 0.00676479 -0.04426746
v 0.00524967 0.00718533 -0.04410418
v 0.00533927 0.00711901 -0.04410418
v 0.00531213 0.00708282 -0.04415612
v 0.00528097 0.00704127 -0.04420135
v 0.00543294 0.00699058 -0.04415612
v 0.00540107 0.00694957 -0.04420135
v 0.00531863 0.00670735 -0.04429893
v 0.00524449 0.00692154 -0.04426746
v 0.00524067 0.00684649 -0.04428745
v 0.00523630 0.00677182 -0.04429893
v 0.00515891 0.00698556 -0.04426746
v 0.00524671 0.00699560 -0.04423870
v 0.00515284 0.00683554 -0.04429893
v 0.00489591 0.00694836 -0.04430257
v 0.00460095 0.00773082 -0.04386275
v 0.00440231 0.00784980 -0.04380257
v 0.00472210 0.00766168 -0.04380257
v 0.00498256 0.00696064 -0.04429893
v 0.00507051 0.00697344 -0.04428745
v 0.00459508 0.00772095 -0.04392459
v 0.00447436 0.00779152 -0.04392459
v 0.00444039 0.00782414 -0.04386275
v 0.00435906 0.00786974 -0.04386275
v 0.00446441 0.00777419 -0.04398662
v 0.00438370 0.00781999 -0.04398662
v 0.00445008 0.00774925 -0.04404709
v 0.00419434 0.00795875 -0.04386275
v 0.00431190 0.00788259 -0.04392459
v 0.00407142 0.00802640 -0.04380257
v 0.00426063 0.00788772 -0.04398662
v 0.00411097 0.00800214 -0.04386275
v 0.00414670 0.00797073 -0.04392459
v 0.00417820 0.00793168 -0.04398662
v 0.00420524 0.00788480 -0.04404709
v 0.00402694 0.00804475 -0.04386275
v 0.00409512 0.00797490 -0.04398662
v 0.00418766 0.00785185 -0.04410418
v 0.00431035 0.00778517 -0.04410418
v 0.00416638 0.00781194 -0.04415612
v 0.00385693 0.00812763 -0.04386275
v 0.00397884 0.00805584 -0.04392459
v 0.00373004 0.00819063 -0.04380257
v 0.00405342 0.00781267 -0.04420135
v 0.00414193 0.00776611 -0.04420135
v 0.00411507 0.00771573 -0.04423870
v 0.00407734 0.00785878 -0.04415612
v 0.00407950 0.00766616 -0.04426746
v 0.00415908 0.00762328 -0.04426746
v 0.00408585 0.00752211 -0.04429893
v 0.00428050 0.00734350 -0.04430257
v 0.00397215 0.00751477 -0.04430257
v 0.00424101 0.00743574 -0.04429893
v 0.00420079 0.00752944 -0.04428745
v 0.00399211 0.00771203 -0.04426746
v 0.00404331 0.00761516 -0.04428745
v 0.00400729 0.00756426 -0.04429893
v 0.00391118 0.00775339 -0.04426746
v 0.00393842 0.00780738 -0.04423870
v 0.00392810 0.00760568 -0.04429893
v 0.00326383 0.00838342 -0.04386275
v 0.00301847 0.00847871 -0.04380257
v 0.00337880 0.00834166 -0.04380257
v 0.00376782 0.00768634 -0.04429893
v 0.00365365 0.00767467 -0.04430257
v 0.00379504 0.00774188 -0.04428745
v 0.00388325 0.00769801 -0.04428745
v 0.00325966 0.00837271 -0.04392459
v 0.00314531 0.00841634 -0.04392459
v 0.00308343 0.00845143 -0.04386275
v 0.00299243 0.00848408 -0.04386275
v 0.00304801 0.00843081 -0.04398662
v 0.00313831 0.00839762 -0.04398662
v 0.00312824 0.00837067 -0.04404709
v 0.00290091 0.00851581 -0.04386275
v 0.00264985 0.00860104 -0.04380257
v 0.00296378 0.00848196 -0.04392459
v 0.00293238 0.00847173 -0.04398662
v 0.00271640 0.00857645 -0.04386275
v 0.00278021 0.00854389 -0.04392459
v 0.00259472 0.00860204 -0.04392459
v 0.00284091 0.00850284 -0.04398662
v 0.00289820 0.00845308 -0.04404709
v 0.00262342 0.00860534 -0.04386275
v 0.00288609 0.00841775 -0.04410418
v 0.00298579 0.00833487 -0.04415612
v 0.00287142 0.00837496 -0.04415612
v 0.00300104 0.00837745 -0.04410418
v 0.00274895 0.00853301 -0.04398662
v 0.00320814 0.00793626 -0.04429893
v 0.00332559 0.00782241 -0.04430257
v 0.00298864 0.00795724 -0.04430257
v 0.00243612 0.00866023 -0.04386275
v 0.00227383 0.00870800 -0.04380257
v 0.00296393 0.00816257 -0.04426746
v 0.00308777 0.00805013 -0.04428745
v 0.00291439 0.00811451 -0.04428745
v 0.00303774 0.00800303 -0.04429893
v 0.00287601 0.00819395 -0.04426746
v 0.00273526 0.00836579 -0.04420135
v 0.00285458 0.00832583 -0.04420135
v 0.00283606 0.00827182 -0.04423870
v 0.00275140 0.00841516 -0.04415612
v 0.00295176 0.00803514 -0.04429893
v 0.00278761 0.00822445 -0.04426746
v 0.00266968 0.00826348 -0.04426746
v 0.00273902 0.00817538 -0.04428745
v 0.00277830 0.00809675 -0.04429893
v 0.00264355 0.00807845 -0.04430257
v 0.00258017 0.00829187 -0.04426746
v 0.00259814 0.00834961 -0.04423870
v 0.00269084 0.00812624 -0.04429893
v 0.00260292 0.00815482 -0.04429893
v 0.00179073 0.00881632 -0.04386275
v 0.00150352 0.00887350 -0.04380257
v 0.00189139 0.00879899 -0.04380257
v 0.00242573 0.00820927 -0.04429893
v 0.00229113 0.00818538 -0.04430257
v 0.00256174 0.00823265 -0.04428745
v 0.00244326 0.00826858 -0.04428745
v 0.00178844 0.00880507 -0.04392459
v 0.00168833 0.00882481 -0.04392459
v 0.00159684 0.00885349 -0.04386275
v 0.00149945 0.00887051 -0.04386275
v 0.00158781 0.00882314 -0.04398662
v 0.00168458 0.00880518 -0.04398662
v 0.00167917 0.00877693 -0.04404709
v 0.00140179 0.00888646 -0.04386275
v 0.00149408 0.00885977 -0.04392459
v 0.00111131 0.00893110 -0.04380257
v 0.00148730 0.00884064 -0.04398662
v 0.00138996 0.00885647 -0.04398662
v 0.00147908 0.00881285 -0.04404709
v 0.00120573 0.00891518 -0.04386275
v 0.00129874 0.00889050 -0.04392459
v 0.00147290 0.00877602 -0.04410418
v 0.00157268 0.00875869 -0.04410418
v 0.00156469 0.00871417 -0.04415612
v 0.00146541 0.00873142 -0.04415612
v 0.00129585 0.00887072 -0.04398662
v 0.00129169 0.00884226 -0.04404709
v 0.00120419 0.00890380 -0.04392459
v 0.00181463 0.00836561 -0.04429893
v 0.00193226 0.00827744 -0.04430257
v 0.00156788 0.00835412 -0.04430257
v 0.00137270 0.00874647 -0.04415612
v 0.00137971 0.00879115 -0.04410418
v 0.00163086 0.00840337 -0.04429893
v 0.00169480 0.00845379 -0.04428745
v 0.00147855 0.00855723 -0.04426746
v 0.00157247 0.00854047 -0.04426746
v 0.00150885 0.00848896 -0.04428745
v 0.00153853 0.00842076 -0.04429893
v 0.00138437 0.00857297 -0.04426746
v 0.00144737 0.00862389 -0.04423870
v 0.00144592 0.00843716 -0.04429893
v 0.00119899 0.00841499 -0.04430257
v 0.00128994 0.00858769 -0.04426746
v 0.00132180 0.00852008 -0.04428745
v 0.00125993 0.00846693 -0.04429893
v 0.00116659 0.00848030 -0.04429893
v 0.00097928 0.00850396 -0.04429893
v 0.00082661 0.00845969 -0.04430257
v 0.00113379 0.00854713 -0.04428745
v 0.00003951 0.00899626 -0.04386275
v 0.00023868 0.00899318 -0.04386275
v 0.00015893 0.00898345 -0.04392459
v 0.00031832 0.00899435 -0.04380257
v -0.00008016 0.00899962 -0.04380257
v -0.00006010 0.00899614 -0.04386275
v -0.00004001 0.00898477 -0.04392459
v -0.00015969 0.00899493 -0.04386275
v -0.00001996 0.00896485 -0.04398662
v 0.00007929 0.00896452 -0.04398662
v -0.00000000 0.00893611 -0.04404709
v -0.00013917 0.00896379 -0.04398662
v -0.00035877 0.00898919 -0.04386275
v -0.00047840 0.00898726 -0.04380257
v -0.00023893 0.00898168 -0.04392459
v -0.00023840 0.00896170 -0.04398662
v -0.00023763 0.00893295 -0.04404709
v 0.00023092 0.00868096 -0.04426746
v 0.00034384 0.00861515 -0.04428745
v 0.00022927 0.00861896 -0.04428745
v -0.00035831 0.00897771 -0.04392459
v -0.00011834 0.00889798 -0.04410418
v -0.00000000 0.00889876 -0.04410418
v -0.00000000 0.00885353 -0.04415612
v 0.00034137 0.00855335 -0.04429893
v 0.00007570 0.00849964 -0.04430257
v -0.00000000 0.00880159 -0.04420135
v 0.00011704 0.00880082 -0.04420135
v -0.00000000 0.00874450 -0.04423870
v 0.00013481 0.00868298 -0.04426746
v 0.00023253 0.00874141 -0.04423870
v 0.00001933 0.00868401 -0.04426746
v 0.00003839 0.00862192 -0.04428745
v 0.00015194 0.00855881 -0.04429893
v -0.00007681 0.00868369 -0.04426746
v 0.00005718 0.00855997 -0.04429893
v -0.00003760 0.00856008 -0.04429893
v -0.00030064 0.00849466 -0.04430257
v -0.00102918 0.00893728 -0.04386275
v -0.00126952 0.00890999 -0.04380257
v -0.00087524 0.00895732 -0.04380257
v -0.00022711 0.00855715 -0.04429893
v -0.00015252 0.00862066 -0.04428745
v -0.00122604 0.00891241 -0.04386275
v -0.00118151 0.00890684 -0.04392459
v -0.00132414 0.00889836 -0.04386275
v -0.00151960 0.00886708 -0.04386275
v -0.00166012 0.00884555 -0.04380257
v -0.00137743 0.00887865 -0.04392459
v -0.00142915 0.00885023 -0.04398662
v -0.00133166 0.00886542 -0.04398662
v -0.00161693 0.00884985 -0.04386275
v -0.00157235 0.00884621 -0.04392459
v -0.00152638 0.00883398 -0.04398662
v -0.00147909 0.00881285 -0.04404709
v -0.00171397 0.00883156 -0.04386275
v -0.00162333 0.00881668 -0.04398662
v -0.00190710 0.00879188 -0.04386275
v -0.00204593 0.00876435 -0.04380257
v -0.00176613 0.00880957 -0.04392459
v -0.00145682 0.00868019 -0.04420135
v -0.00137270 0.00874647 -0.04415612
v -0.00136465 0.00869516 -0.04420135
v -0.00146542 0.00873142 -0.04415612
v -0.00114728 0.00848293 -0.04429893
v -0.00124629 0.00853146 -0.04428745
v -0.00115557 0.00854422 -0.04428745
v -0.00134642 0.00857901 -0.04426746
v -0.00125526 0.00859283 -0.04426746
v -0.00126400 0.00865267 -0.04423870
v -0.00155551 0.00866305 -0.04420135
v -0.00156469 0.00871417 -0.04415612
v -0.00144737 0.00862389 -0.04423870
v -0.00144071 0.00856369 -0.04426746
v -0.00133383 0.00845560 -0.04429893
v -0.00104958 0.00843493 -0.04430257
v -0.00142000 0.00838053 -0.04430257
v -0.00153807 0.00854673 -0.04426746
v -0.00143374 0.00850196 -0.04428745
v -0.00142675 0.00844042 -0.04429893
v -0.00163181 0.00852933 -0.04426746
v -0.00164317 0.00858873 -0.04423870
v -0.00151942 0.00842423 -0.04429893
v -0.00254934 0.00862758 -0.04386275
v -0.00279906 0.00855365 -0.04380257
v -0.00242590 0.00866687 -0.04380257
v -0.00170391 0.00838886 -0.04429893
v -0.00171622 0.00844947 -0.04428745
v -0.00162015 0.00846842 -0.04428745
v -0.00178631 0.00831016 -0.04430257
v -0.00254609 0.00861656 -0.04392459
v -0.00266956 0.00857912 -0.04392459
v -0.00273556 0.00857036 -0.04386275
v -0.00282796 0.00854031 -0.04386275
v -0.00291987 0.00850933 -0.04386275
v -0.00285429 0.00851943 -0.04392459
v -0.00316445 0.00842532 -0.04380257
v -0.00275602 0.00853073 -0.04398662
v -0.00266362 0.00856003 -0.04398662
v -0.00265507 0.00853256 -0.04404709
v -0.00287776 0.00849043 -0.04398662
v -0.00310217 0.00844457 -0.04386275
v -0.00303705 0.00845601 -0.04392459
v -0.00321772 0.00838892 -0.04392459
v -0.00296903 0.00845895 -0.04398662
v -0.00289821 0.00845308 -0.04404709
v -0.00319253 0.00841083 -0.04386275
v -0.00305978 0.00842655 -0.04398662
v -0.00231801 0.00824034 -0.04429893
v -0.00214751 0.00822422 -0.04430257
v -0.00250264 0.00812321 -0.04430257
v -0.00288609 0.00841775 -0.04410418
v -0.00276546 0.00845815 -0.04410418
v -0.00275140 0.00841516 -0.04415612
v -0.00287142 0.00837496 -0.04415612
v -0.00337161 0.00834065 -0.04386275
v -0.00352122 0.00828256 -0.04380257
v -0.00266284 0.00826569 -0.04426746
v -0.00248994 0.00825465 -0.04428745
v -0.00266794 0.00819885 -0.04428745
v -0.00249623 0.00818811 -0.04429893
v -0.00298580 0.00833487 -0.04415612
v -0.00285458 0.00832583 -0.04420135
v -0.00275192 0.00823646 -0.04426746
v -0.00258470 0.00816062 -0.04429893
v -0.00296828 0.00828598 -0.04420135
v -0.00283606 0.00827182 -0.04423870
v -0.00284052 0.00820633 -0.04426746
v -0.00276027 0.00810292 -0.04429893
v -0.00285078 0.00800767 -0.04430257
v -0.00295253 0.00816670 -0.04426746
v -0.00284409 0.00813942 -0.04428745
v -0.00284734 0.00807273 -0.04429893
v -0.00304000 0.00813454 -0.04426746
v -0.00306117 0.00819119 -0.04423870
v -0.00293393 0.00804167 -0.04429893
v -0.00395981 0.00807800 -0.04386275
v -0.00420581 0.00795681 -0.04380257
v -0.00386857 0.00812612 -0.04380257
v -0.00310559 0.00797695 -0.04429893
v -0.00312803 0.00803458 -0.04428745
v -0.00301829 0.00807645 -0.04428745
v -0.00319110 0.00787824 -0.04430257
v -0.00395476 0.00806769 -0.04392459
v -0.00404668 0.00802198 -0.04392459
v -0.00412826 0.00799323 -0.04386275
v -0.00421149 0.00794969 -0.04386275
v -0.00412122 0.00796144 -0.04398662
v -0.00403768 0.00800414 -0.04398662
v -0.00402472 0.00797845 -0.04404709
v -0.00429405 0.00790541 -0.04386275
v -0.00421347 0.00793564 -0.04392459
v -0.00453230 0.00777547 -0.04380257
v -0.00421144 0.00791409 -0.04398662
v -0.00429359 0.00786982 -0.04398662
v -0.00420524 0.00788480 -0.04404709
v -0.00445711 0.00781463 -0.04386275
v -0.00437758 0.00784631 -0.04392459
v -0.00418767 0.00785185 -0.04410418
v -0.00407734 0.00785878 -0.04415612
v -0.00416638 0.00781194 -0.04415612
v -0.00409817 0.00789892 -0.04410418
v -0.00366993 0.00773356 -0.04429893
v -0.00352282 0.00773560 -0.04430257
v -0.00384524 0.00758049 -0.04430257
v -0.00383170 0.00765470 -0.04429893
v -0.00381816 0.00773050 -0.04428745
v -0.00404732 0.00768320 -0.04426746
v -0.00396683 0.00772507 -0.04426746
v -0.00397924 0.00764884 -0.04428745
v -0.00426329 0.00770016 -0.04420135
v -0.00414194 0.00776611 -0.04420135
v -0.00391166 0.00761415 -0.04429893
v -0.00412716 0.00764061 -0.04426746
v -0.00411507 0.00771573 -0.04423870
v -0.00399098 0.00757288 -0.04429893
v -0.00415774 0.00741370 -0.04430257
v -0.00424638 0.00757500 -0.04426746
v -0.00413777 0.00756425 -0.04428745
v -0.00432455 0.00753065 -0.04426746
v -0.00435467 0.00758309 -0.04423870
v -0.00414771 0.00748818 -0.04429893
v -0.00422510 0.00744479 -0.04429893
v -0.00440951 0.00740914 -0.04428745
v -0.00429367 0.00747686 -0.04428745
v -0.00437788 0.00735599 -0.04429893
v -0.00445977 0.00723604 -0.04430257
v -0.00541541 0.00718385 -0.04386275
v -0.00523645 0.00731532 -0.04386275
v -0.00528391 0.00726692 -0.04392459
v -0.00554008 0.00709276 -0.04380257
v -0.00518391 0.00735709 -0.04380257
v -0.00550312 0.00711688 -0.04386275
v -0.00546123 0.00713462 -0.04392459
v -0.00541410 0.00714539 -0.04398662
v -0.00532576 0.00721147 -0.04398662
v -0.00536168 0.00714888 -0.04404709
v -0.00558964 0.00704913 -0.04386275
v -0.00553577 0.00705154 -0.04398662
v -0.00503440 0.00707582 -0.04426746
v -0.00490933 0.00708785 -0.04428745
v -0.00499844 0.00702528 -0.04428745
v -0.00487411 0.00703701 -0.04429893
v -0.00475086 0.00704833 -0.04430257
v -0.00503064 0.00685145 -0.04430257
v -0.00528097 0.00704127 -0.04420135
v -0.00519236 0.00710687 -0.04420135
v -0.00524671 0.00699560 -0.04423870
v -0.00531213 0.00708282 -0.04415612
v -0.00546070 0.00702630 -0.04410418
v -0.00533927 0.00711901 -0.04410418
v -0.00562128 0.00698357 -0.04398662
v -0.00560324 0.00696117 -0.04404709
v -0.00575909 0.00691138 -0.04386275
v -0.00563381 0.00699914 -0.04392459
v -0.00587719 0.00681604 -0.04380257
v -0.00510512 0.00702497 -0.04426746
v -0.00506946 0.00712510 -0.04423870
v -0.00543295 0.00699058 -0.04415612
v -0.00575174 0.00690256 -0.04392459
v -0.00519279 0.00696042 -0.04426746
v -0.00513813 0.00692377 -0.04428745
v -0.00501463 0.00693758 -0.04429893
v -0.00526183 0.00690837 -0.04426746
v -0.00508379 0.00688705 -0.04429893
v -0.00533012 0.00685582 -0.04426746
v -0.00527487 0.00682018 -0.04428745
v -0.00540861 0.00671461 -0.04428745
v -0.00515222 0.00683601 -0.04429893
v -0.00529879 0.00664625 -0.04430257
v -0.00528687 0.00673242 -0.04429893
v -0.00535308 0.00667989 -0.04429893
v -0.00548325 0.00657346 -0.04429893
v -0.00555507 0.00643358 -0.04430257
v -0.00899290 0.00028554 -0.04385320
v -0.00899228 0.00028552 -0.04385892
v -0.00899160 0.00028550 -0.04386466
v -0.00899338 0.00018934 -0.04387042
v -0.00899085 0.00028548 -0.04387042
v -0.00899002 0.00028545 -0.04387618
v -0.00899167 0.00018930 -0.04388196
v -0.00898913 0.00028542 -0.04388196
v -0.00898816 0.00028539 -0.04388775
v -0.00898478 0.00018915 -0.04391682
v -0.00898737 0.00018921 -0.04390517
v -0.00898966 0.00018926 -0.04389355
v -0.00898190 0.00018909 -0.04392848
v -0.00893460 0.00009354 -0.04404893
v -0.00894096 -0.00000002 -0.04403827
v -0.00894071 0.00009360 -0.04403782
v -0.00892887 -0.00000002 -0.04405962
v -0.00892819 0.00009347 -0.04405993
v -0.00891574 -0.00000002 -0.04408035
v -0.00857078 0.00022031 -0.04429712
v -0.00849497 0.00029244 -0.04430257
v -0.00876791 0.00007446 -0.04422453
v -0.00877779 -0.00000002 -0.04421830
v -0.00877863 0.00007455 -0.04421753
v -0.00857237 0.00014625 -0.04429712
v -0.00858815 0.00022075 -0.04429422
v -0.00858235 0.00022060 -0.04429526
v -0.00857656 0.00022046 -0.04429622
v -0.00871262 0.00003691 -0.04425507
v -0.00875705 0.00007437 -0.04423125
v -0.00874605 0.00007428 -0.04423766
v -0.00871378 -0.00000002 -0.04425456
v -0.00873570 -0.00000002 -0.04424353
v -0.00875705 -0.00000002 -0.04423143
v -0.00870121 0.00003686 -0.04426026
v -0.00866845 -0.00000002 -0.04427334
v -0.00869134 -0.00000002 -0.04426451
v 0.00895862 0.00007608 -0.04400099
v 0.00896359 0.00015293 -0.04398662
v 0.00887345 0.00003759 -0.04413495
v 0.00890160 -0.00000002 -0.04410042
v 0.00888650 -0.00000002 -0.04411977
v 0.00887047 -0.00000002 -0.04413835
v 0.00885355 -0.00000002 -0.04415612
v 0.00883578 -0.00000002 -0.04417304
v 0.00881719 -0.00000002 -0.04418907
v 0.00890734 0.00007565 -0.04409208
v 0.00893592 0.00011409 -0.04404617
v 0.00895886 0.00015285 -0.04399813
v 0.00897606 0.00019185 -0.04394889
v 0.00898757 0.00023102 -0.04389936
v 0.00883916 0.00008380 -0.04416958
v 0.00895937 0.00023930 -0.04399238
v 0.00898601 0.00031846 -0.04389355
v 0.00898455 0.00035717 -0.04389355
v 0.00895894 0.00032660 -0.04398662
v 0.00895578 0.00040401 -0.04398662
v 0.00880151 0.00012985 -0.04420070
v 0.00866946 0.00004525 -0.04427293
v 0.00871378 -0.00000002 -0.04425456
v 0.00869134 -0.00000002 -0.04426451
v 0.00866844 -0.00000002 -0.04427334
v 0.00872354 0.00009133 -0.04424957
v 0.00865785 0.00004519 -0.04427696
v 0.00864514 -0.00000002 -0.04428104
v 0.00876105 0.00017569 -0.04422793
v 0.00867430 0.00013659 -0.04427080
v 0.00866851 0.00013650 -0.04427293
v 0.00867056 0.00018254 -0.04427188
v 0.00866270 0.00013641 -0.04427498
v 0.00865895 0.00018229 -0.04427598
v 0.00865689 0.00013632 -0.04427696
v 0.00863566 0.00018180 -0.04428327
v 0.00864732 0.00018205 -0.04427978
v 0.00897697 0.00051354 -0.04389355
v 0.00897836 0.00062361 -0.04380257
v 0.00871839 0.00022130 -0.04425098
v 0.00897210 0.00059265 -0.04389355
v 0.00894734 0.00056067 -0.04398662
v 0.00894055 0.00066018 -0.04398662
v 0.00867417 0.00026665 -0.04426971
v 0.00896866 0.00064258 -0.04389355
v 0.00896571 0.00068255 -0.04389355
v 0.00893428 0.00074020 -0.04398662
v 0.00862903 0.00031176 -0.04428409
v 0.00858357 0.00035663 -0.04429422
v 0.00867692 0.00035165 -0.04426746
v 0.00858195 0.00039382 -0.04429422
v 0.00867354 0.00042692 -0.04426746
v 0.00895195 0.00084397 -0.04389355
v 0.00895000 0.00094736 -0.04380257
v 0.00857712 0.00048778 -0.04429422
v 0.00846792 0.00073772 -0.04430257
v 0.00894388 0.00092558 -0.04389355
v 0.00891939 0.00090203 -0.04398662
v 0.00893840 0.00097707 -0.04389355
v 0.00890841 0.00100476 -0.04398662
v 0.00892899 0.00105966 -0.04389355
v 0.00890841 0.00128067 -0.04380257
v 0.00856415 0.00067846 -0.04429422
v 0.00866200 0.00061837 -0.04426746
v 0.00865452 0.00071549 -0.04426746
v 0.00856019 0.00072670 -0.04429422
v 0.00855682 0.00076532 -0.04429422
v 0.00864771 0.00079356 -0.04426746
v 0.00890759 0.00122660 -0.04389355
v 0.00888815 0.00117047 -0.04398662
v 0.00887672 0.00125420 -0.04398662
v 0.00890169 0.00126870 -0.04389355
v 0.00855233 0.00081397 -0.04429422
v 0.00863807 0.00089233 -0.04426746
v 0.00889397 0.00132172 -0.04389355
v 0.00886112 0.00136005 -0.04398662
v 0.00888093 0.00140672 -0.04389355
v 0.00885240 0.00162323 -0.04380257
v 0.00853130 0.00101083 -0.04429422
v 0.00842478 0.00112830 -0.04430257
v 0.00885202 0.00157842 -0.04389355
v 0.00883325 0.00153067 -0.04398662
v 0.00881789 0.00161683 -0.04398662
v 0.00851889 0.00111059 -0.04429422
v 0.00861504 0.00109260 -0.04426746
v 0.00860440 0.00117342 -0.04426746
v 0.00884420 0.00162169 -0.04389355
v 0.00851358 0.00115061 -0.04429422
v 0.00883613 0.00166510 -0.04389355
v 0.00880155 0.00170353 -0.04398662
v 0.00850661 0.00120100 -0.04429422
v 0.00858984 0.00127560 -0.04426746
v 0.00881924 0.00175233 -0.04389355
v 0.00878070 0.00197463 -0.04380257
v 0.00847535 0.00140472 -0.04429422
v 0.00836065 0.00153277 -0.04430257
v 0.00878242 0.00192841 -0.04389355
v 0.00876586 0.00187855 -0.04398662
v 0.00874389 0.00197828 -0.04398662
v 0.00877128 0.00197849 -0.04389355
v 0.00876226 0.00201804 -0.04389355
v 0.00872564 0.00205727 -0.04398662
v 0.00845761 0.00150786 -0.04429422
v 0.00855655 0.00148258 -0.04426746
v 0.00854167 0.00156603 -0.04426746
v 0.00845014 0.00154921 -0.04429422
v 0.00844243 0.00159069 -0.04429422
v 0.00852585 0.00165001 -0.04426746
v 0.00872407 0.00217722 -0.04389355
v 0.00870274 0.00229395 -0.04380257
v 0.00842415 0.00168482 -0.04429422
v 0.00828307 0.00190803 -0.04430257
v 0.00870367 0.00225740 -0.04389355
v 0.00868658 0.00221643 -0.04398662
v 0.00866267 0.00230809 -0.04398662
v 0.00869161 0.00230340 -0.04389355
v 0.00868354 0.00233364 -0.04389355
v 0.00864635 0.00236849 -0.04398662
v 0.00838386 0.00187505 -0.04429422
v 0.00848653 0.00184157 -0.04426746
v 0.00846495 0.00193832 -0.04426746
v 0.00864997 0.00245515 -0.04389355
v 0.00863488 0.00253744 -0.04380257
v 0.00837299 0.00192300 -0.04429422
v 0.00863240 0.00251622 -0.04389355
v 0.00836420 0.00196087 -0.04429422
v 0.00844704 0.00201495 -0.04426746
v 0.00861866 0.00256288 -0.04389355
v 0.00861217 0.00248992 -0.04398662
v 0.00858471 0.00258300 -0.04398662
v 0.00834334 0.00204780 -0.04429422
v 0.00819563 0.00225423 -0.04430257
v 0.00860016 0.00262429 -0.04389355
v 0.00855854 0.00278409 -0.04380257
v 0.00856154 0.00274768 -0.04389355
v 0.00854680 0.00270582 -0.04398662
v 0.00852702 0.00276750 -0.04398662
v 0.00855154 0.00277864 -0.04389355
v 0.00829835 0.00222312 -0.04429422
v 0.00837923 0.00228059 -0.04426746
v 0.00840295 0.00219156 -0.04426746
v 0.00854140 0.00280964 -0.04389355
v 0.00850670 0.00282937 -0.04398662
v 0.00828640 0.00226725 -0.04429422
v 0.00852071 0.00287179 -0.04389355
v 0.00847331 0.00303363 -0.04380257
v 0.00827841 0.00229626 -0.04429422
v 0.00836304 0.00233926 -0.04426746
v 0.00826599 0.00234058 -0.04429422
v 0.00833740 0.00242906 -0.04426746
v 0.00847762 0.00299660 -0.04389355
v 0.00846435 0.00295362 -0.04398662
v 0.00843055 0.00304876 -0.04398662
v 0.00846060 0.00304433 -0.04389355
v 0.00844924 0.00307570 -0.04389355
v 0.00840765 0.00311138 -0.04398662
v 0.00821339 0.00251895 -0.04429422
v 0.00809011 0.00260768 -0.04430257
v 0.00840236 0.00320155 -0.04389355
v 0.00837877 0.00328573 -0.04380257
v 0.00818530 0.00260878 -0.04429422
v 0.00826349 0.00266970 -0.04426746
v 0.00828255 0.00260998 -0.04426746
v 0.00817582 0.00263834 -0.04429422
v 0.00837803 0.00326470 -0.04389355
v 0.00816621 0.00266794 -0.04429422
v 0.00824390 0.00272959 -0.04426746
v 0.00835908 0.00331292 -0.04389355
v 0.00836006 0.00323707 -0.04398662
v 0.00832218 0.00333324 -0.04398662
v 0.00813608 0.00275844 -0.04429422
v 0.00796516 0.00296751 -0.04430257
v 0.00833368 0.00337631 -0.04389355
v 0.00827453 0.00354004 -0.04380257
v 0.00828102 0.00350347 -0.04389355
v 0.00827033 0.00345989 -0.04398662
v 0.00824347 0.00352341 -0.04398662
v 0.00826747 0.00353534 -0.04389355
v 0.00807205 0.00294056 -0.04429422
v 0.00818082 0.00291321 -0.04426746
v 0.00814734 0.00300557 -0.04426746
v 0.00825375 0.00356724 -0.04389355
v 0.00821598 0.00358703 -0.04398662
v 0.00805523 0.00298631 -0.04429422
v 0.00822585 0.00363111 -0.04389355
v 0.00816020 0.00379618 -0.04380257
v 0.00804402 0.00301638 -0.04429422
v 0.00812465 0.00306635 -0.04426746
v 0.00802666 0.00306227 -0.04429422
v 0.00808897 0.00315927 -0.04426746
v 0.00816813 0.00375916 -0.04389355
v 0.00815910 0.00371460 -0.04398662
v 0.00811402 0.00381207 -0.04398662
v 0.00814545 0.00380805 -0.04389355
v 0.00813036 0.00384016 -0.04389355
v 0.00808361 0.00387613 -0.04398662
v 0.00795388 0.00324662 -0.04429422
v 0.00781942 0.00333265 -0.04430257
v 0.00806836 0.00396878 -0.04389355
v 0.00803537 0.00405372 -0.04380257
v 0.00791545 0.00333923 -0.04429422
v 0.00798756 0.00340755 -0.04426746
v 0.00801352 0.00334603 -0.04426746
v 0.00790254 0.00336967 -0.04429422
v 0.00803636 0.00403319 -0.04389355
v 0.00788948 0.00340014 -0.04429422
v 0.00796099 0.00346917 -0.04426746
v 0.00801151 0.00408231 -0.04389355
v 0.00802081 0.00400447 -0.04398662
v 0.00797114 0.00410244 -0.04398662
v 0.00784873 0.00349317 -0.04429422
v 0.00765156 0.00370181 -0.04430257
v 0.00794442 0.00421138 -0.04389355
v 0.00789969 0.00431216 -0.04380257
v 0.00790984 0.00427598 -0.04389355
v 0.00790356 0.00423117 -0.04398662
v 0.00786874 0.00429559 -0.04398662
v 0.00789229 0.00430829 -0.04389355
v 0.00787457 0.00434060 -0.04389355
v 0.00783321 0.00436003 -0.04398662
v 0.00776293 0.00367990 -0.04429422
v 0.00783158 0.00375218 -0.04426746
v 0.00787618 0.00365764 -0.04426746
v 0.00774058 0.00372670 -0.04429422
v 0.00772571 0.00375743 -0.04429422
v 0.00780151 0.00381430 -0.04426746
v 0.00780189 0.00446990 -0.04389355
v 0.00775278 0.00457101 -0.04380257
v 0.00770274 0.00380429 -0.04429422
v 0.00775444 0.00390911 -0.04426746
v 0.00776449 0.00453457 -0.04389355
v 0.00776005 0.00448896 -0.04398662
v 0.00770822 0.00457739 -0.04398662
v 0.00773842 0.00457891 -0.04389355
v 0.00771920 0.00461124 -0.04389355
v 0.00766958 0.00464184 -0.04398662
v 0.00760710 0.00399209 -0.04429422
v 0.00746030 0.00407353 -0.04430257
v 0.00764051 0.00474049 -0.04389355
v 0.00759433 0.00482970 -0.04380257
v 0.00755700 0.00408615 -0.04429422
v 0.00762197 0.00416150 -0.04426746
v 0.00765571 0.00409910 -0.04426746
v 0.00760006 0.00480506 -0.04389355
v 0.00759011 0.00477067 -0.04398662
v 0.00753960 0.00485011 -0.04398662
v 0.00754022 0.00411701 -0.04429422
v 0.00752328 0.00414789 -0.04429422
v 0.00758755 0.00422392 -0.04426746
v 0.00757473 0.00484490 -0.04389355
v 0.00753308 0.00490941 -0.04389355
v 0.00742401 0.00508762 -0.04380257
v 0.00747594 0.00423262 -0.04429422
v 0.00726716 0.00440887 -0.04430257
v 0.00744755 0.00503821 -0.04389355
v 0.00745536 0.00497863 -0.04398662
v 0.00741211 0.00504278 -0.04398662
v 0.00742570 0.00507037 -0.04389355
v 0.00737741 0.00440210 -0.04429422
v 0.00748962 0.00439524 -0.04426746
v 0.00743869 0.00448089 -0.04426746
v 0.00739845 0.00511003 -0.04389355
v 0.00735769 0.00512187 -0.04398662
v 0.00735197 0.00444446 -0.04429422
v 0.00735371 0.00517422 -0.04389355
v 0.00724156 0.00534412 -0.04380257
v 0.00733322 0.00447534 -0.04429422
v 0.00740073 0.00454331 -0.04426746
v 0.00728617 0.00455154 -0.04429422
v 0.00707563 0.00471013 -0.04430257
v 0.00726192 0.00530227 -0.04389355
v 0.00726706 0.00524966 -0.04398662
v 0.00722059 0.00531339 -0.04398662
v 0.00723850 0.00533421 -0.04389355
v 0.00720931 0.00537359 -0.04389355
v 0.00716217 0.00539188 -0.04398662
v 0.00718883 0.00470376 -0.04429422
v 0.00725396 0.00477415 -0.04426746
v 0.00730397 0.00469728 -0.04426746
v 0.00716382 0.00474177 -0.04429422
v 0.00721264 0.00483635 -0.04426746
v 0.00714336 0.00477253 -0.04429422
v 0.00711270 0.00550082 -0.04389355
v 0.00704673 0.00559852 -0.04380257
v 0.00711786 0.00481049 -0.04429422
v 0.00716062 0.00491304 -0.04426746
v 0.00706323 0.00556420 -0.04389355
v 0.00706501 0.00551857 -0.04398662
v 0.00701527 0.00558167 -0.04398662
v 0.00703820 0.00559583 -0.04389355
v 0.00701297 0.00562741 -0.04389355
v 0.00696474 0.00564460 -0.04398662
v 0.00701308 0.00496200 -0.04429422
v 0.00686677 0.00500971 -0.04430257
v 0.00691010 0.00575327 -0.04389355
v 0.00683932 0.00585008 -0.04380257
v 0.00695902 0.00503754 -0.04429422
v 0.00700845 0.00512777 -0.04426746
v 0.00705323 0.00506601 -0.04426746
v 0.00693681 0.00506808 -0.04429422
v 0.00685747 0.00581589 -0.04389355
v 0.00686132 0.00576987 -0.04398662
v 0.00679590 0.00584678 -0.04398662
v 0.00690913 0.00510574 -0.04429422
v 0.00695214 0.00520386 -0.04426746
v 0.00682459 0.00585444 -0.04389355
v 0.00679774 0.00588560 -0.04389355
v 0.00674203 0.00590882 -0.04398662
v 0.00679561 0.00525590 -0.04429422
v 0.00664015 0.00530643 -0.04430257
v 0.00668833 0.00600964 -0.04389355
v 0.00661920 0.00609803 -0.04380257
v 0.00673714 0.00533064 -0.04429422
v 0.00678779 0.00541649 -0.04426746
v 0.00683610 0.00535539 -0.04426746
v 0.00663242 0.00607129 -0.04389355
v 0.00663190 0.00603216 -0.04398662
v 0.00656232 0.00610778 -0.04398662
v 0.00671314 0.00536083 -0.04429422
v 0.00659751 0.00610920 -0.04389355
v 0.00668894 0.00539099 -0.04429422
v 0.00673872 0.00547741 -0.04426746
v 0.00654032 0.00617040 -0.04389355
v 0.00638625 0.00634157 -0.04380257
v 0.00662841 0.00546525 -0.04429422
v 0.00639542 0.00559897 -0.04430257
v 0.00642351 0.00629190 -0.04389355
v 0.00644703 0.00622936 -0.04398662
v 0.00638818 0.00628969 -0.04398662
v 0.00639381 0.00632208 -0.04389355
v 0.00650387 0.00561288 -0.04429422
v 0.00661430 0.00562703 -0.04426746
v 0.00655034 0.00570136 -0.04426746
v 0.00635686 0.00635923 -0.04389355
v 0.00631443 0.00636373 -0.04398662
v 0.00647201 0.00564958 -0.04429422
v 0.00644600 0.00567924 -0.04429422
v 0.00649767 0.00576131 -0.04426746
v 0.00629636 0.00641914 -0.04389355
v 0.00614046 0.00657986 -0.04380257
v 0.00638094 0.00575224 -0.04429422
v 0.00613232 0.00588595 -0.04430257
v 0.00617295 0.00653791 -0.04389355
v 0.00619235 0.00648258 -0.04398662
v 0.00613012 0.00654146 -0.04398662
v 0.00614159 0.00656737 -0.04389355
v 0.00610261 0.00660361 -0.04389355
v 0.00605218 0.00661363 -0.04398662
v 0.00624734 0.00589707 -0.04429422
v 0.00636432 0.00590828 -0.04426746
v 0.00629588 0.00598116 -0.04426746
v 0.00621321 0.00593302 -0.04429422
v 0.00623958 0.00603988 -0.04426746
v 0.00618535 0.00596206 -0.04429422
v 0.00597420 0.00672001 -0.04389355
v 0.00615069 0.00599781 -0.04429422
v 0.00616900 0.00611195 -0.04426746
v 0.00590879 0.00677758 -0.04389355
v 0.00592334 0.00672927 -0.04398662
v 0.00585773 0.00678646 -0.04398662
v 0.00587579 0.00680621 -0.04389355
v 0.00600913 0.00613962 -0.04429422
v 0.00585073 0.00616593 -0.04430257
v 0.00581334 0.00685076 -0.04392459
v 0.00593660 0.00620979 -0.04429422
v 0.00596434 0.00631182 -0.04426746
v 0.00602429 0.00625462 -0.04426746
v 0.00574900 0.00689325 -0.04395569
v 0.00572289 0.00686314 -0.04404709
v 0.00590689 0.00623805 -0.04429422
v 0.00586995 0.00627283 -0.04429422
v 0.00588926 0.00638193 -0.04426746
v 0.00568279 0.00693361 -0.04398662
v 0.00561475 0.00697177 -0.04401716
v 0.00571927 0.00641051 -0.04429422
v 0.00554493 0.00700770 -0.04404709
v 0.00542600 0.00716145 -0.04392459
v 0.00564219 0.00647846 -0.04429422
v 0.00567198 0.00657579 -0.04426746
v 0.00573556 0.00652041 -0.04426746
v 0.00561064 0.00650580 -0.04429422
v 0.00557928 0.00669443 -0.04425418
v 0.00565554 0.00666943 -0.04423870
v 0.00527270 0.00727506 -0.04392459
v 0.00553520 0.00652978 -0.04429893
v 0.00550245 0.00671829 -0.04426746
v 0.00546027 0.00690316 -0.04420135
v 0.00540027 0.00707284 -0.04410418
v 0.00526251 0.00722219 -0.04404709
v 0.00538289 0.00689136 -0.04423870
v 0.00507553 0.00742787 -0.04386275
v 0.00532367 0.00693721 -0.04423870
v 0.00504501 0.00744294 -0.04389355
v 0.00504924 0.00740771 -0.04398662
v 0.00534057 0.00676885 -0.04428745
v 0.00500306 0.00747121 -0.04389355
v 0.00496557 0.00746406 -0.04398662
v 0.00529914 0.00680133 -0.04428745
v 0.00519643 0.00716814 -0.04415612
v 0.00513944 0.00714523 -0.04420135
v 0.00507972 0.00735190 -0.04404709
v 0.00510468 0.00728905 -0.04410418
v 0.00492696 0.00752161 -0.04389355
v 0.00512440 0.00721981 -0.04415612
v 0.00502440 0.00728975 -0.04415612
v 0.00504221 0.00735632 -0.04407617
v 0.00519856 0.00687852 -0.04428745
v 0.00515062 0.00706665 -0.04423870
v 0.00505312 0.00713669 -0.04423870
v 0.00515616 0.00691036 -0.04428745
v 0.00504067 0.00721525 -0.04420135
v 0.00477255 0.00762052 -0.04389355
v 0.00481265 0.00756356 -0.04398662
v 0.00473508 0.00761236 -0.04398662
v 0.00506273 0.00705558 -0.04426746
v 0.00496516 0.00712457 -0.04426746
v 0.00473349 0.00764484 -0.04389355
v 0.00499772 0.00721100 -0.04422107
v 0.00469424 0.00766900 -0.04389355
v 0.00465680 0.00766050 -0.04398662
v 0.00466078 0.00769490 -0.04386275
v 0.00497427 0.00704242 -0.04428745
v 0.00493016 0.00703550 -0.04429422
v 0.00489069 0.00706299 -0.04429422
v 0.00488494 0.00717982 -0.04426746
v 0.00458251 0.00767168 -0.04404709
v 0.00450387 0.00767484 -0.04410418
v 0.00460928 0.00763504 -0.04407617
v 0.00441412 0.00782581 -0.04392459
v 0.00437350 0.00784858 -0.04392459
v 0.00473059 0.00717120 -0.04429422
v 0.00457819 0.00716170 -0.04430257
v 0.00464923 0.00722422 -0.04429422
v 0.00464724 0.00733591 -0.04426746
v 0.00472180 0.00728814 -0.04426746
v 0.00461233 0.00724783 -0.04429422
v 0.00434906 0.00780639 -0.04404709
v 0.00422964 0.00792704 -0.04392459
v 0.00446694 0.00758384 -0.04420135
v 0.00448814 0.00753873 -0.04422107
v 0.00437918 0.00756895 -0.04423870
v 0.00433581 0.00765956 -0.04420135
v 0.00442138 0.00767049 -0.04415612
v 0.00455241 0.00759346 -0.04415612
v 0.00457525 0.00727129 -0.04429422
v 0.00457197 0.00738305 -0.04426746
v 0.00418825 0.00794898 -0.04392459
v 0.00428778 0.00784022 -0.04404709
v 0.00432499 0.00772525 -0.04415612
v 0.00410498 0.00799230 -0.04392459
v 0.00406310 0.00801367 -0.04392459
v 0.00442522 0.00736356 -0.04429422
v 0.00414301 0.00787550 -0.04410418
v 0.00434918 0.00740873 -0.04429422
v 0.00432990 0.00745593 -0.04428745
v 0.00441934 0.00747541 -0.04426746
v 0.00429014 0.00755030 -0.04426746
v 0.00424806 0.00764332 -0.04423870
v 0.00403660 0.00797245 -0.04404709
v 0.00409060 0.00792504 -0.04407617
v 0.00397436 0.00796194 -0.04410418
v 0.00398104 0.00801762 -0.04401716
v 0.00392395 0.00806050 -0.04398662
v 0.00386527 0.00805691 -0.04404709
v 0.00386536 0.00810104 -0.04395569
v 0.00380534 0.00813923 -0.04392459
v 0.00375013 0.00814282 -0.04398662
v 0.00374396 0.00817510 -0.04389355
v 0.00370069 0.00819478 -0.04389355
v 0.00366381 0.00818202 -0.04398662
v 0.00400887 0.00783563 -0.04420135
v 0.00412237 0.00757265 -0.04428745
v 0.00395954 0.00789057 -0.04417966
v 0.00402352 0.00776387 -0.04423870
v 0.00390882 0.00794394 -0.04415612
v 0.00384064 0.00791944 -0.04420135
v 0.00361367 0.00823352 -0.04389355
v 0.00385667 0.00799553 -0.04413090
v 0.00380304 0.00804518 -0.04410418
v 0.00373768 0.00802588 -0.04415612
v 0.00374792 0.00809273 -0.04407617
v 0.00396004 0.00765879 -0.04428745
v 0.00386685 0.00777559 -0.04426746
v 0.00343785 0.00830847 -0.04389355
v 0.00348934 0.00825794 -0.04398662
v 0.00340123 0.00829462 -0.04398662
v 0.00381924 0.00783308 -0.04425418
v 0.00369949 0.00785660 -0.04426746
v 0.00339353 0.00832667 -0.04389355
v 0.00377058 0.00788981 -0.04423870
v 0.00372080 0.00794553 -0.04422107
v 0.00332075 0.00836103 -0.04386275
v 0.00372376 0.00770779 -0.04429893
v 0.00367631 0.00776462 -0.04429422
v 0.00333415 0.00829081 -0.04404709
v 0.00340130 0.00824442 -0.04407617
v 0.00326405 0.00827852 -0.04410418
v 0.00326552 0.00833471 -0.04401716
v 0.00363532 0.00778390 -0.04429422
v 0.00361635 0.00789521 -0.04426746
v 0.00319547 0.00837603 -0.04398662
v 0.00306715 0.00844514 -0.04392459
v 0.00331896 0.00815184 -0.04420135
v 0.00338075 0.00809607 -0.04422107
v 0.00324239 0.00812116 -0.04423870
v 0.00346987 0.00785905 -0.04429422
v 0.00325585 0.00820601 -0.04417966
v 0.00339405 0.00817713 -0.04415612
v 0.00319137 0.00825834 -0.04415612
v 0.00311666 0.00823131 -0.04420135
v 0.00312549 0.00830865 -0.04413090
v 0.00338628 0.00789542 -0.04429422
v 0.00336338 0.00800625 -0.04426746
v 0.00344828 0.00797005 -0.04426746
v 0.00302594 0.00840820 -0.04404709
v 0.00287225 0.00851340 -0.04392459
v 0.00305821 0.00835676 -0.04410418
v 0.00334427 0.00791331 -0.04429422
v 0.00328545 0.00797150 -0.04428745
v 0.00322574 0.00802936 -0.04427855
v 0.00316508 0.00808669 -0.04426746
v 0.00310339 0.00814326 -0.04425418
v 0.00304061 0.00819884 -0.04423870
v 0.00282588 0.00843815 -0.04410418
v 0.00297667 0.00825320 -0.04422107
v 0.00291153 0.00830609 -0.04420135
v 0.00267911 0.00852505 -0.04404709
v 0.00275316 0.00848289 -0.04407617
v 0.00260695 0.00850834 -0.04410418
v 0.00260378 0.00856454 -0.04401716
v 0.00252721 0.00860129 -0.04398662
v 0.00245736 0.00859159 -0.04404709
v 0.00244947 0.00863527 -0.04395569
v 0.00237063 0.00866648 -0.04392459
v 0.00230293 0.00866403 -0.04398662
v 0.00267528 0.00838516 -0.04420135
v 0.00229077 0.00869493 -0.04389355
v 0.00282695 0.00814539 -0.04428745
v 0.00270290 0.00831629 -0.04423870
v 0.00260469 0.00843533 -0.04417966
v 0.00224338 0.00870728 -0.04389355
v 0.00220841 0.00868861 -0.04398662
v 0.00253285 0.00848350 -0.04415612
v 0.00245729 0.00845162 -0.04420135
v 0.00245976 0.00852948 -0.04413090
v 0.00214831 0.00873122 -0.04389355
v 0.00238542 0.00857308 -0.04410418
v 0.00231176 0.00854639 -0.04415612
v 0.00230987 0.00861416 -0.04407617
v 0.00263617 0.00820911 -0.04428745
v 0.00252060 0.00831017 -0.04426746
v 0.00245125 0.00836272 -0.04425418
v 0.00230415 0.00837277 -0.04426746
v 0.00195702 0.00877608 -0.04389355
v 0.00201822 0.00873474 -0.04398662
v 0.00192258 0.00875629 -0.04398662
v 0.00238087 0.00841414 -0.04423870
v 0.00190898 0.00878665 -0.04389355
v 0.00184072 0.00880602 -0.04386275
v 0.00230941 0.00846418 -0.04422107
v 0.00236663 0.00822651 -0.04429893
v 0.00186691 0.00873892 -0.04404709
v 0.00193179 0.00870675 -0.04407617
v 0.00180973 0.00871280 -0.04410418
v 0.00229756 0.00827803 -0.04429422
v 0.00180115 0.00876851 -0.04401716
v 0.00225252 0.00829040 -0.04429422
v 0.00221291 0.00839734 -0.04426746
v 0.00173456 0.00879547 -0.04398662
v 0.00159307 0.00884250 -0.04392459
v 0.00187669 0.00859919 -0.04420135
v 0.00193807 0.00855685 -0.04422107
v 0.00181606 0.00855384 -0.04423870
v 0.00181444 0.00863985 -0.04417966
v 0.00193673 0.00863910 -0.04415612
v 0.00207138 0.00833751 -0.04429422
v 0.00175131 0.00867859 -0.04415612
v 0.00169202 0.00863743 -0.04420135
v 0.00158100 0.00879514 -0.04404709
v 0.00168731 0.00871524 -0.04413090
v 0.00139653 0.00887566 -0.04392459
v 0.00162246 0.00874961 -0.04410418
v 0.00198025 0.00835962 -0.04429422
v 0.00193690 0.00846527 -0.04426746
v 0.00202927 0.00844360 -0.04426746
v 0.00193455 0.00837031 -0.04429422
v 0.00187545 0.00841556 -0.04428745
v 0.00181571 0.00846046 -0.04427855
v 0.00115832 0.00892146 -0.04386275
v 0.00175529 0.00850478 -0.04426746
v 0.00138550 0.00882805 -0.04404709
v 0.00169415 0.00854831 -0.04425418
v 0.00163227 0.00859081 -0.04423870
v 0.00124871 0.00887748 -0.04398662
v 0.00156963 0.00863204 -0.04422107
v 0.00108086 0.00892643 -0.04389355
v 0.00104829 0.00890337 -0.04398662
v 0.00150620 0.00867176 -0.04420135
v 0.00145682 0.00868019 -0.04420135
v 0.00133303 0.00879835 -0.04410418
v 0.00117050 0.00887473 -0.04401716
v 0.00098229 0.00893782 -0.04389355
v 0.00071587 0.00897146 -0.04380257
v 0.00141076 0.00868780 -0.04420135
v 0.00160197 0.00847188 -0.04428745
v 0.00125423 0.00878802 -0.04413090
v 0.00109212 0.00886912 -0.04404709
v 0.00117542 0.00877516 -0.04415612
v 0.00113451 0.00882615 -0.04410418
v 0.00078463 0.00895733 -0.04389355
v 0.00085146 0.00892435 -0.04398662
v 0.00075280 0.00893321 -0.04398662
v 0.00101364 0.00886069 -0.04407617
v 0.00141545 0.00850503 -0.04428745
v 0.00125298 0.00865427 -0.04423870
v 0.00121487 0.00871735 -0.04420135
v 0.00133178 0.00867192 -0.04422107
v 0.00073512 0.00896153 -0.04389355
v 0.00109667 0.00875993 -0.04417966
v 0.00068558 0.00896546 -0.04389355
v 0.00065400 0.00894099 -0.04398662
v 0.00117442 0.00863507 -0.04425418
v 0.00127488 0.00852723 -0.04428745
v 0.00058640 0.00897249 -0.04389355
v 0.00101805 0.00874252 -0.04420135
v 0.00097724 0.00879944 -0.04415612
v 0.00109616 0.00861457 -0.04426746
v 0.00105764 0.00868030 -0.04423870
v 0.00093964 0.00872312 -0.04422107
v 0.00038774 0.00898327 -0.04389355
v 0.00045606 0.00895327 -0.04398662
v 0.00035696 0.00895776 -0.04398662
v 0.00101826 0.00859298 -0.04427855
v 0.00033803 0.00898528 -0.04389355
v 0.00094075 0.00857053 -0.04428745
v 0.00090155 0.00863710 -0.04426746
v 0.00029807 0.00897991 -0.04392459
v 0.00086368 0.00854744 -0.04429422
v 0.00080610 0.00864653 -0.04426746
v 0.00021816 0.00896222 -0.04398662
v 0.00027685 0.00893182 -0.04404709
v 0.00081647 0.00855208 -0.04429422
v 0.00033481 0.00889246 -0.04410418
v 0.00019702 0.00889658 -0.04410418
v 0.00037495 0.00891059 -0.04407617
v 0.00076921 0.00855645 -0.04429422
v 0.00071051 0.00865491 -0.04426746
v 0.00005946 0.00898466 -0.04392459
v 0.00013845 0.00893504 -0.04404709
v 0.00025486 0.00884986 -0.04415612
v 0.00039190 0.00884486 -0.04415612
v 0.00031184 0.00879607 -0.04420135
v 0.00057986 0.00857137 -0.04429422
v 0.00036790 0.00873676 -0.04423870
v 0.00040787 0.00876410 -0.04422107
v -0.00014948 0.00898362 -0.04392459
v 0.00015688 0.00885214 -0.04415612
v 0.00048502 0.00857726 -0.04429422
v 0.00042301 0.00867372 -0.04426746
v 0.00051894 0.00866851 -0.04426746
v 0.00043757 0.00857981 -0.04429422
v -0.00012878 0.00893518 -0.04404709
v -0.00041850 0.00898661 -0.04386275
v 0.00039821 0.00855089 -0.04429893
v 0.00012601 0.00874359 -0.04423870
v -0.00045798 0.00897996 -0.04389355
v -0.00043669 0.00895423 -0.04398662
v -0.00050765 0.00897729 -0.04389355
v -0.00053573 0.00894885 -0.04398662
v -0.00015688 0.00885214 -0.04415612
v 0.00014344 0.00862081 -0.04428745
v -0.00037596 0.00892820 -0.04404709
v -0.00031529 0.00889318 -0.04410418
v -0.00060691 0.00897113 -0.04389355
v -0.00025487 0.00884986 -0.04415612
v -0.00039191 0.00884486 -0.04415612
v -0.00019488 0.00879944 -0.04420135
v -0.00041461 0.00890884 -0.04407617
v -0.00013548 0.00874345 -0.04423870
v -0.00027092 0.00874030 -0.04423870
v -0.00005707 0.00862182 -0.04428745
v -0.00080509 0.00895552 -0.04389355
v -0.00073349 0.00893482 -0.04398662
v -0.00083218 0.00892617 -0.04398662
v -0.00033116 0.00879536 -0.04420135
v -0.00085455 0.00895093 -0.04389355
v -0.00021133 0.00868145 -0.04426746
v -0.00034578 0.00867714 -0.04426746
v -0.00036886 0.00876583 -0.04422107
v -0.00090397 0.00894608 -0.04389355
v -0.00093071 0.00891643 -0.04398662
v -0.00028604 0.00861726 -0.04428745
v -0.00098035 0.00893122 -0.04392459
v -0.00032297 0.00858489 -0.04429422
v -0.00105626 0.00891359 -0.04395569
v -0.00037047 0.00858297 -0.04429422
v -0.00044178 0.00867278 -0.04426746
v -0.00113162 0.00889317 -0.04398662
v -0.00108082 0.00887051 -0.04404709
v -0.00102929 0.00883904 -0.04410418
v -0.00095516 0.00886718 -0.04407617
v -0.00056028 0.00857267 -0.04429422
v -0.00067610 0.00847305 -0.04430257
v -0.00132854 0.00888610 -0.04392459
v -0.00120637 0.00886993 -0.04401716
v -0.00065504 0.00856595 -0.04429422
v -0.00072922 0.00865336 -0.04426746
v -0.00063351 0.00866089 -0.04426746
v -0.00110273 0.00880831 -0.04413090
v -0.00097725 0.00879944 -0.04415612
v -0.00070237 0.00856220 -0.04429422
v -0.00128044 0.00884390 -0.04404709
v -0.00147502 0.00886296 -0.04392459
v -0.00074968 0.00855819 -0.04429422
v -0.00082479 0.00864477 -0.04426746
v -0.00117542 0.00877516 -0.04415612
v -0.00122828 0.00881359 -0.04410418
v -0.00135378 0.00881513 -0.04407617
v -0.00106871 0.00867895 -0.04423870
v -0.00112213 0.00872977 -0.04420135
v -0.00099718 0.00871673 -0.04422107
v -0.00124735 0.00873975 -0.04417966
v -0.00166939 0.00882841 -0.04392459
v -0.00142634 0.00878371 -0.04410418
v -0.00147290 0.00877602 -0.04410418
v -0.00093852 0.00853954 -0.04429422
v -0.00113951 0.00863975 -0.04425418
v -0.00101545 0.00862445 -0.04426746
v -0.00131848 0.00870228 -0.04420135
v -0.00152283 0.00876750 -0.04410418
v -0.00103270 0.00852867 -0.04429422
v -0.00120959 0.00859937 -0.04426746
v -0.00166804 0.00877905 -0.04404709
v -0.00159555 0.00877459 -0.04407617
v -0.00171071 0.00873278 -0.04410418
v -0.00174023 0.00878080 -0.04401716
v -0.00135580 0.00863876 -0.04423870
v -0.00181206 0.00877983 -0.04398662
v -0.00185585 0.00874127 -0.04404709
v -0.00110217 0.00848891 -0.04429893
v -0.00188346 0.00877613 -0.04395569
v -0.00195438 0.00876973 -0.04392459
v -0.00199955 0.00873904 -0.04398662
v -0.00202478 0.00876069 -0.04389355
v -0.00207261 0.00874950 -0.04389355
v -0.00209490 0.00871667 -0.04398662
v -0.00160474 0.00865407 -0.04420135
v -0.00134014 0.00851722 -0.04428745
v -0.00167805 0.00866737 -0.04417966
v -0.00154710 0.00860655 -0.04423870
v -0.00175131 0.00867859 -0.04415612
v -0.00178997 0.00861766 -0.04420135
v -0.00216799 0.00872636 -0.04389355
v -0.00182446 0.00868756 -0.04413090
v -0.00189741 0.00869413 -0.04410418
v -0.00193674 0.00863910 -0.04415612
v -0.00197008 0.00869816 -0.04407617
v -0.00152874 0.00848540 -0.04428745
v -0.00168023 0.00851993 -0.04426746
v -0.00235758 0.00867706 -0.04389355
v -0.00228448 0.00866892 -0.04398662
v -0.00237867 0.00864355 -0.04398662
v -0.00175346 0.00853634 -0.04425418
v -0.00186235 0.00848198 -0.04426746
v -0.00240472 0.00866411 -0.04389355
v -0.00182688 0.00855154 -0.04423870
v -0.00190041 0.00856529 -0.04422107
v -0.00248723 0.00864569 -0.04386275
v -0.00175148 0.00837906 -0.04429893
v -0.00182392 0.00839511 -0.04429422
v -0.00243304 0.00859851 -0.04404709
v -0.00234755 0.00860397 -0.04407617
v -0.00248443 0.00854492 -0.04410418
v -0.00186982 0.00838501 -0.04429422
v -0.00195500 0.00846111 -0.04426746
v -0.00251792 0.00859017 -0.04401716
v -0.00260212 0.00857892 -0.04398662
v -0.00274712 0.00855459 -0.04392459
v -0.00235938 0.00847947 -0.04420135
v -0.00227235 0.00847421 -0.04422107
v -0.00240468 0.00840737 -0.04423870
v -0.00205258 0.00834215 -0.04429422
v -0.00244625 0.00848263 -0.04417966
v -0.00231177 0.00854639 -0.04415612
v -0.00253285 0.00848350 -0.04415612
v -0.00257849 0.00841543 -0.04420135
v -0.00214342 0.00831928 -0.04429422
v -0.00223079 0.00839261 -0.04426746
v -0.00213923 0.00841641 -0.04426746
v -0.00261908 0.00848191 -0.04413090
v -0.00276213 0.00849851 -0.04404709
v -0.00294592 0.00848819 -0.04392459
v -0.00218870 0.00830748 -0.04429422
v -0.00270482 0.00847773 -0.04410418
v -0.00227489 0.00831648 -0.04428745
v -0.00236136 0.00832467 -0.04427855
v -0.00244804 0.00833183 -0.04426746
v -0.00253484 0.00833777 -0.04425418
v -0.00262167 0.00834225 -0.04423870
v -0.00270844 0.00834507 -0.04422107
v -0.00294367 0.00839779 -0.04410418
v -0.00279503 0.00834601 -0.04420135
v -0.00310724 0.00837849 -0.04404709
v -0.00302583 0.00838949 -0.04407617
v -0.00315107 0.00832218 -0.04410418
v -0.00318780 0.00836474 -0.04401716
v -0.00326745 0.00834822 -0.04398662
v -0.00331344 0.00829911 -0.04404709
v -0.00334611 0.00832895 -0.04395569
v -0.00342372 0.00830698 -0.04392459
v -0.00347216 0.00826518 -0.04398662
v -0.00350025 0.00828238 -0.04389355
v -0.00302482 0.00826550 -0.04420135
v -0.00275625 0.00816958 -0.04428745
v -0.00296106 0.00822791 -0.04423870
v -0.00354422 0.00826366 -0.04389355
v -0.00355980 0.00822781 -0.04398662
v -0.00310833 0.00826302 -0.04417966
v -0.00319137 0.00825834 -0.04415612
v -0.00322842 0.00818813 -0.04420135
v -0.00327384 0.00825133 -0.04413090
v -0.00363171 0.00822558 -0.04389355
v -0.00335561 0.00824184 -0.04410418
v -0.00339406 0.00817713 -0.04415612
v -0.00343658 0.00822977 -0.04407617
v -0.00294329 0.00810408 -0.04428745
v -0.00309537 0.00811363 -0.04426746
v -0.00380487 0.00814693 -0.04389355
v -0.00373330 0.00815055 -0.04398662
v -0.00381914 0.00811068 -0.04398662
v -0.00317906 0.00811402 -0.04425418
v -0.00329468 0.00803477 -0.04426746
v -0.00326266 0.00811304 -0.04423870
v -0.00384777 0.00812676 -0.04389355
v -0.00391351 0.00810054 -0.04386275
v -0.00334604 0.00811048 -0.04422107
v -0.00315975 0.00795565 -0.04429893
v -0.00385320 0.00806269 -0.04404709
v -0.00378225 0.00807675 -0.04407617
v -0.00388304 0.00800687 -0.04410418
v -0.00324232 0.00795563 -0.04429422
v -0.00392312 0.00804613 -0.04401716
v -0.00328467 0.00793824 -0.04429422
v -0.00338003 0.00799923 -0.04426746
v -0.00399191 0.00802706 -0.04398662
v -0.00412670 0.00798111 -0.04392459
v -0.00376152 0.00795733 -0.04420135
v -0.00368704 0.00796125 -0.04422107
v -0.00378240 0.00788415 -0.04423870
v -0.00383549 0.00795162 -0.04417966
v -0.00373768 0.00802588 -0.04415612
v -0.00345265 0.00786663 -0.04429422
v -0.00390883 0.00794394 -0.04415612
v -0.00393097 0.00787500 -0.04420135
v -0.00411169 0.00793399 -0.04404709
v -0.00398142 0.00793415 -0.04413090
v -0.00429587 0.00789134 -0.04392459
v -0.00405313 0.00792213 -0.04410418
v -0.00353579 0.00782962 -0.04429422
v -0.00363266 0.00788772 -0.04426746
v -0.00354903 0.00792570 -0.04426746
v -0.00357714 0.00781081 -0.04429422
v -0.00365167 0.00781053 -0.04428745
v -0.00372633 0.00780965 -0.04427855
v -0.00380103 0.00780798 -0.04426746
v -0.00387564 0.00780533 -0.04425418
v -0.00395006 0.00780150 -0.04423870
v -0.00434114 0.00781080 -0.04404709
v -0.00438368 0.00774412 -0.04410418
v -0.00447515 0.00773480 -0.04404709
v -0.00402415 0.00779629 -0.04422107
v -0.00442889 0.00779448 -0.04398662
v -0.00456227 0.00771717 -0.04398662
v -0.00451213 0.00776972 -0.04392459
v -0.00455202 0.00775426 -0.04389355
v -0.00409778 0.00778950 -0.04420135
v -0.00463161 0.00770699 -0.04389355
v -0.00484750 0.00758297 -0.04380257
v -0.00389902 0.00769004 -0.04428745
v -0.00393921 0.00766953 -0.04428745
v -0.00432499 0.00772525 -0.04415612
v -0.00419585 0.00767211 -0.04423870
v -0.00401911 0.00762796 -0.04428745
v -0.00478864 0.00761042 -0.04389355
v -0.00471984 0.00762182 -0.04398662
v -0.00479754 0.00757316 -0.04398662
v -0.00442139 0.00767049 -0.04415612
v -0.00445469 0.00759104 -0.04420135
v -0.00455241 0.00759346 -0.04415612
v -0.00451626 0.00766756 -0.04410418
v -0.00456226 0.00766323 -0.04407617
v -0.00405883 0.00760690 -0.04428745
v -0.00425581 0.00763901 -0.04423870
v -0.00482744 0.00758586 -0.04389355
v -0.00486606 0.00756115 -0.04389355
v -0.00487451 0.00752384 -0.04398662
v -0.00495122 0.00750566 -0.04389355
v -0.00419688 0.00753161 -0.04428745
v -0.00423586 0.00750976 -0.04428745
v -0.00448426 0.00750718 -0.04423870
v -0.00453440 0.00751099 -0.04422107
v -0.00511879 0.00739240 -0.04389355
v -0.00504292 0.00741202 -0.04398662
v -0.00512574 0.00735499 -0.04398662
v -0.00516010 0.00736362 -0.04389355
v -0.00518362 0.00733880 -0.04392459
v -0.00443480 0.00732181 -0.04429893
v -0.00448507 0.00732727 -0.04429422
v -0.00451092 0.00742051 -0.04426746
v -0.00458675 0.00737388 -0.04426746
v -0.00452256 0.00730418 -0.04429422
v -0.00522646 0.00728376 -0.04398662
v -0.00516385 0.00729306 -0.04404709
v -0.00455988 0.00728094 -0.04429422
v -0.00466188 0.00732661 -0.04426746
v -0.00509632 0.00729490 -0.04410418
v -0.00508026 0.00733009 -0.04407617
v -0.00519618 0.00722411 -0.04410418
v -0.00537316 0.00720118 -0.04392459
v -0.00526348 0.00722149 -0.04404709
v -0.00541734 0.00716800 -0.04392459
v -0.00512440 0.00721981 -0.04415612
v -0.00502441 0.00728975 -0.04415612
v -0.00504895 0.00720946 -0.04420135
v -0.00470742 0.00718644 -0.04429422
v -0.00497081 0.00719426 -0.04423870
v -0.00496030 0.00723680 -0.04422107
v -0.00519644 0.00716814 -0.04415612
v -0.00552216 0.00708757 -0.04392459
v -0.00478012 0.00713829 -0.04429422
v -0.00489107 0.00717564 -0.04426746
v -0.00481001 0.00723023 -0.04426746
v -0.00556533 0.00705371 -0.04392459
v -0.00482021 0.00711128 -0.04429422
v -0.00544032 0.00708922 -0.04404709
v -0.00482945 0.00706773 -0.04429893
v -0.00550084 0.00704237 -0.04404709
v -0.00514968 0.00706733 -0.04423870
v -0.00534131 0.00699561 -0.04420135
v -0.00552055 0.00697937 -0.04410418
v -0.00568041 0.00693556 -0.04398662
v -0.00581725 0.00686250 -0.04386275
v -0.00505976 0.00698125 -0.04428745
v -0.00573103 0.00687650 -0.04401716
v -0.00585542 0.00678846 -0.04398662
v -0.00587232 0.00680922 -0.04389355
v -0.00590534 0.00678060 -0.04389355
v -0.00592106 0.00673128 -0.04398662
v -0.00520687 0.00687223 -0.04428745
v -0.00577947 0.00681557 -0.04404709
v -0.00598602 0.00670948 -0.04389355
v -0.00619490 0.00652863 -0.04380257
v -0.00546609 0.00678717 -0.04425418
v -0.00542604 0.00685744 -0.04423870
v -0.00550477 0.00671640 -0.04426746
v -0.00614372 0.00656538 -0.04389355
v -0.00607972 0.00658833 -0.04398662
v -0.00615723 0.00651595 -0.04398662
v -0.00618239 0.00652899 -0.04389355
v -0.00554221 0.00664530 -0.04427855
v -0.00567423 0.00657386 -0.04426746
v -0.00560018 0.00671598 -0.04423870
v -0.00621348 0.00649940 -0.04389355
v -0.00621912 0.00645690 -0.04398662
v -0.00557857 0.00657409 -0.04428745
v -0.00628940 0.00642597 -0.04389355
v -0.00649305 0.00623218 -0.04380257
v -0.00561397 0.00650293 -0.04429422
v -0.00564550 0.00647557 -0.04429422
v -0.00573778 0.00651846 -0.04426746
v -0.00643756 0.00627754 -0.04389355
v -0.00636851 0.00630961 -0.04398662
v -0.00644137 0.00623521 -0.04398662
v -0.00570799 0.00642056 -0.04429422
v -0.00579932 0.00621431 -0.04430257
v -0.00647383 0.00624012 -0.04389355
v -0.00650299 0.00620973 -0.04389355
v -0.00649950 0.00617460 -0.04398662
v -0.00653871 0.00617210 -0.04389355
v -0.00657015 0.00609936 -0.04398662
v -0.00583068 0.00630935 -0.04429422
v -0.00586259 0.00640645 -0.04426746
v -0.00593808 0.00633653 -0.04426746
v -0.00586793 0.00627473 -0.04429422
v -0.00589788 0.00624658 -0.04429422
v -0.00599837 0.00627949 -0.04426746
v -0.00667855 0.00602052 -0.04389355
v -0.00677162 0.00592832 -0.04380257
v -0.00601580 0.00613310 -0.04429422
v -0.00603147 0.00598926 -0.04430257
v -0.00674663 0.00594412 -0.04389355
v -0.00670781 0.00594763 -0.04398662
v -0.00676218 0.00588574 -0.04398662
v -0.00677386 0.00591307 -0.04389355
v -0.00607360 0.00607586 -0.04429422
v -0.00618806 0.00609265 -0.04426746
v -0.00611662 0.00616437 -0.04426746
v -0.00680721 0.00587465 -0.04389355
v -0.00682822 0.00580901 -0.04398662
v -0.00610890 0.00604037 -0.04429422
v -0.00613728 0.00601153 -0.04429422
v -0.00624506 0.00603421 -0.04426746
v -0.00693755 0.00572014 -0.04389355
v -0.00703075 0.00561857 -0.04380257
v -0.00624888 0.00589544 -0.04429422
v -0.00625147 0.00575925 -0.04430257
v -0.00700091 0.00564242 -0.04389355
v -0.00695666 0.00565456 -0.04398662
v -0.00700731 0.00559166 -0.04398662
v -0.00630353 0.00583697 -0.04429422
v -0.00702623 0.00561086 -0.04389355
v -0.00633688 0.00580075 -0.04429422
v -0.00642414 0.00584319 -0.04426746
v -0.00635675 0.00591644 -0.04426746
v -0.00705135 0.00557925 -0.04389355
v -0.00705718 0.00552859 -0.04398662
v -0.00639030 0.00574185 -0.04429422
v -0.00645937 0.00552507 -0.04430257
v -0.00711255 0.00550103 -0.04389355
v -0.00727070 0.00530440 -0.04380257
v -0.00649483 0.00562334 -0.04429422
v -0.00653082 0.00572371 -0.04426746
v -0.00658301 0.00566361 -0.04426746
v -0.00652049 0.00559356 -0.04429422
v -0.00723137 0.00534387 -0.04389355
v -0.00717698 0.00537215 -0.04398662
v -0.00723511 0.00529361 -0.04398662
v -0.00655191 0.00555673 -0.04429422
v -0.00664638 0.00558911 -0.04426746
v -0.00726034 0.00530445 -0.04389355
v -0.00728358 0.00527248 -0.04389355
v -0.00728134 0.00522984 -0.04398662
v -0.00660219 0.00549690 -0.04429422
v -0.00665525 0.00528749 -0.04430257
v -0.00734016 0.00519343 -0.04389355
v -0.00749185 0.00498719 -0.04380257
v -0.00670048 0.00537665 -0.04429422
v -0.00674656 0.00546777 -0.04426746
v -0.00679550 0.00540681 -0.04426746
v -0.00672458 0.00534648 -0.04429422
v -0.00674849 0.00531626 -0.04429422
v -0.00684369 0.00534569 -0.04426746
v -0.00744983 0.00503485 -0.04389355
v -0.00739220 0.00507193 -0.04398662
v -0.00744590 0.00499276 -0.04398662
v -0.00679576 0.00525570 -0.04429422
v -0.00683925 0.00504722 -0.04430257
v -0.00747653 0.00499512 -0.04389355
v -0.00749794 0.00496292 -0.04389355
v -0.00748856 0.00492855 -0.04398662
v -0.00752412 0.00492314 -0.04389355
v -0.00754019 0.00484919 -0.04398662
v -0.00688806 0.00513414 -0.04429422
v -0.00699440 0.00514693 -0.04426746
v -0.00693780 0.00522297 -0.04426746
v -0.00691595 0.00509651 -0.04429422
v -0.00693833 0.00506600 -0.04429422
v -0.00703940 0.00508520 -0.04426746
v -0.00762599 0.00476382 -0.04389355
v -0.00769465 0.00466821 -0.04380257
v -0.00767523 0.00468406 -0.04389355
v -0.00764008 0.00469024 -0.04398662
v -0.00767927 0.00462580 -0.04398662
v -0.00702603 0.00494365 -0.04429422
v -0.00701157 0.00480497 -0.04430257
v -0.00769486 0.00465175 -0.04389355
v -0.00706878 0.00488233 -0.04429422
v -0.00717992 0.00488480 -0.04426746
v -0.00712719 0.00496141 -0.04426746
v -0.00772149 0.00460741 -0.04389355
v -0.00773184 0.00453738 -0.04398662
v -0.00709481 0.00484443 -0.04429422
v -0.00711569 0.00481371 -0.04429422
v -0.00722180 0.00482266 -0.04426746
v -0.00782461 0.00443002 -0.04389355
v -0.00789915 0.00431315 -0.04380257
v -0.00719741 0.00469064 -0.04429422
v -0.00717242 0.00456138 -0.04430257
v -0.00723720 0.00462901 -0.04429422
v -0.00787416 0.00434134 -0.04389355
v -0.00783294 0.00436052 -0.04398662
v -0.00786847 0.00429608 -0.04398662
v -0.00789189 0.00430903 -0.04389355
v -0.00726141 0.00459095 -0.04429422
v -0.00735234 0.00462121 -0.04426746
v -0.00730341 0.00469817 -0.04426746
v -0.00790945 0.00427672 -0.04389355
v -0.00790330 0.00423166 -0.04398662
v -0.00730005 0.00452925 -0.04429422
v -0.00732208 0.00431707 -0.04430257
v -0.00796189 0.00417828 -0.04389355
v -0.00810166 0.00391957 -0.04380257
v -0.00737524 0.00440576 -0.04429422
v -0.00746674 0.00443399 -0.04426746
v -0.00742931 0.00449642 -0.04426746
v -0.00739360 0.00437487 -0.04429422
v -0.00741851 0.00433250 -0.04429422
v -0.00751695 0.00434833 -0.04426746
v -0.00806198 0.00398172 -0.04389355
v -0.00800523 0.00403553 -0.04398662
v -0.00805382 0.00393766 -0.04398662
v -0.00745424 0.00427072 -0.04429422
v -0.00746082 0.00407260 -0.04430257
v -0.00808603 0.00393267 -0.04389355
v -0.00808486 0.00387352 -0.04398662
v -0.00810159 0.00390051 -0.04389355
v -0.00812499 0.00385152 -0.04389355
v -0.00813090 0.00377593 -0.04398662
v -0.00752368 0.00414718 -0.04429422
v -0.00758782 0.00422344 -0.04426746
v -0.00762224 0.00416102 -0.04426746
v -0.00754061 0.00411631 -0.04429422
v -0.00755738 0.00408544 -0.04429422
v -0.00765597 0.00409862 -0.04426746
v -0.00759042 0.00402372 -0.04429422
v -0.00758897 0.00382851 -0.04430257
v -0.00821479 0.00365609 -0.04389355
v -0.00827939 0.00352869 -0.04380257
v -0.00765452 0.00390040 -0.04429422
v -0.00772143 0.00397392 -0.04426746
v -0.00776954 0.00387902 -0.04426746
v -0.00825743 0.00355872 -0.04389355
v -0.00821846 0.00358136 -0.04398662
v -0.00824589 0.00351775 -0.04398662
v -0.00767826 0.00385346 -0.04429422
v -0.00827110 0.00352683 -0.04389355
v -0.00828462 0.00349497 -0.04389355
v -0.00827269 0.00345425 -0.04398662
v -0.00770884 0.00379192 -0.04429422
v -0.00770686 0.00358528 -0.04430257
v -0.00832484 0.00339804 -0.04389355
v -0.00843370 0.00314208 -0.04380257
v -0.00776808 0.00366904 -0.04429422
v -0.00785983 0.00369265 -0.04426746
v -0.00783037 0.00375470 -0.04426746
v -0.00778249 0.00363837 -0.04429422
v -0.00780416 0.00359165 -0.04429422
v -0.00790350 0.00359823 -0.04426746
v -0.00840102 0.00320509 -0.04389355
v -0.00835058 0.00326145 -0.04398662
v -0.00838741 0.00316552 -0.04398662
v -0.00841919 0.00315706 -0.04389355
v -0.00841083 0.00310277 -0.04398662
v -0.00785931 0.00346931 -0.04429422
v -0.00781484 0.00334337 -0.04430257
v -0.00843092 0.00312559 -0.04389355
v -0.00788597 0.00340828 -0.04429422
v -0.00798523 0.00341303 -0.04426746
v -0.00795860 0.00347466 -0.04426746
v -0.00844852 0.00307770 -0.04389355
v -0.00844539 0.00300742 -0.04398662
v -0.00789907 0.00337780 -0.04429422
v -0.00791202 0.00334736 -0.04429422
v -0.00801124 0.00335150 -0.04426746
v -0.00796233 0.00322586 -0.04429422
v -0.00791329 0.00310319 -0.04430257
v -0.00851554 0.00288709 -0.04389355
v -0.00856600 0.00276108 -0.04380257
v -0.00798660 0.00316529 -0.04429422
v -0.00809816 0.00313566 -0.04426746
v -0.00806147 0.00322882 -0.04426746
v -0.00854707 0.00279237 -0.04389355
v -0.00851052 0.00281787 -0.04398662
v -0.00853074 0.00275604 -0.04398662
v -0.00800471 0.00311922 -0.04429422
v -0.00855713 0.00276139 -0.04389355
v -0.00856705 0.00273045 -0.04389355
v -0.00855041 0.00269438 -0.04398662
v -0.00802796 0.00305889 -0.04429422
v -0.00800257 0.00286509 -0.04430257
v -0.00859645 0.00263643 -0.04389355
v -0.00867773 0.00238683 -0.04380257
v -0.00807275 0.00293864 -0.04429422
v -0.00816645 0.00295325 -0.04426746
v -0.00814426 0.00301391 -0.04426746
v -0.00808359 0.00290868 -0.04429422
v -0.00809986 0.00286307 -0.04429422
v -0.00819919 0.00286109 -0.04426746
v -0.00865150 0.00244974 -0.04389355
v -0.00860704 0.00250761 -0.04398662
v -0.00863351 0.00241491 -0.04398662
v -0.00866450 0.00240336 -0.04389355
v -0.00865022 0.00235434 -0.04398662
v -0.00814103 0.00274382 -0.04429422
v -0.00808307 0.00262942 -0.04430257
v -0.00867287 0.00237299 -0.04389355
v -0.00816080 0.00268445 -0.04429422
v -0.00825990 0.00268080 -0.04426746
v -0.00824021 0.00274073 -0.04426746
v -0.00868538 0.00232680 -0.04389355
v -0.00867471 0.00226243 -0.04398662
v -0.00817049 0.00265482 -0.04429422
v -0.00818004 0.00262524 -0.04429422
v -0.00827905 0.00262105 -0.04426746
v -0.00821694 0.00250735 -0.04429422
v -0.00815517 0.00239647 -0.04430257
v -0.00873247 0.00214331 -0.04389355
v -0.00877032 0.00202027 -0.04380257
v -0.00823461 0.00244868 -0.04429422
v -0.00834238 0.00241192 -0.04426746
v -0.00831578 0.00250208 -0.04426746
v -0.00875430 0.00205232 -0.04389355
v -0.00872023 0.00208011 -0.04398662
v -0.00873872 0.00200101 -0.04398662
v -0.00824774 0.00240409 -0.04429422
v -0.00876350 0.00201269 -0.04389355
v -0.00826452 0.00234575 -0.04429422
v -0.00821926 0.00216651 -0.04430257
v -0.00877487 0.00196250 -0.04389355
v -0.00876099 0.00190113 -0.04398662
v -0.00829660 0.00222966 -0.04429422
v -0.00837549 0.00229430 -0.04426746
v -0.00839130 0.00223578 -0.04426746
v -0.00830431 0.00220076 -0.04429422
v -0.00831583 0.00215681 -0.04429422
v -0.00841446 0.00214699 -0.04426746
v -0.00881704 0.00176340 -0.04389355
v -0.00885246 0.00162293 -0.04380257
v -0.00833533 0.00208020 -0.04429422
v -0.00829289 0.00186493 -0.04430257
v -0.00883617 0.00166487 -0.04389355
v -0.00880158 0.00170338 -0.04398662
v -0.00881792 0.00161668 -0.04398662
v -0.00884424 0.00162146 -0.04389355
v -0.00885207 0.00157819 -0.04389355
v -0.00883328 0.00153053 -0.04398662
v -0.00837182 0.00192811 -0.04429422
v -0.00846997 0.00191631 -0.04426746
v -0.00845230 0.00199282 -0.04426746
v -0.00838043 0.00189033 -0.04429422
v -0.00839108 0.00184248 -0.04429422
v -0.00849125 0.00181970 -0.04426746
v -0.00887064 0.00147024 -0.04389355
v -0.00892036 0.00119467 -0.04380257
v -0.00842626 0.00167425 -0.04429422
v -0.00836061 0.00153305 -0.04430257
v -0.00890336 0.00125701 -0.04389355
v -0.00886765 0.00131686 -0.04398662
v -0.00888267 0.00121137 -0.04398662
v -0.00844239 0.00159090 -0.04429422
v -0.00852582 0.00165016 -0.04426746
v -0.00854165 0.00156617 -0.04426746
v -0.00891064 0.00120427 -0.04389355
v -0.00845010 0.00154943 -0.04429422
v -0.00891620 0.00116239 -0.04389355
v -0.00889365 0.00112793 -0.04398662
v -0.00845758 0.00150808 -0.04429422
v -0.00855653 0.00148272 -0.04426746
v -0.00892919 0.00105797 -0.04389355
v -0.00896604 0.00078111 -0.04380257
v -0.00848519 0.00134404 -0.04429422
v -0.00841350 0.00120952 -0.04430257
v -0.00849766 0.00126283 -0.04429422
v -0.00859864 0.00121491 -0.04426746
v -0.00858353 0.00131745 -0.04426746
v -0.00895120 0.00085193 -0.04389355
v -0.00891744 0.00092119 -0.04398662
v -0.00892738 0.00081923 -0.04398662
v -0.00850503 0.00121217 -0.04429422
v -0.00851067 0.00117194 -0.04429422
v -0.00860971 0.00113380 -0.04426746
v -0.00895590 0.00080101 -0.04389355
v -0.00893441 0.00073863 -0.04398662
v -0.00895943 0.00076059 -0.04389355
v -0.00896357 0.00071010 -0.04389355
v -0.00894214 0.00063837 -0.04398662
v -0.00853111 0.00101244 -0.04429422
v -0.00845278 0.00089472 -0.04430257
v -0.00854011 0.00093354 -0.04429422
v -0.00862933 0.00097328 -0.04426746
v -0.00863998 0.00087377 -0.04426746
v -0.00854534 0.00088434 -0.04429422
v -0.00897715 0.00051053 -0.04389355
v -0.00855305 0.00080636 -0.04429422
v -0.00847957 0.00058897 -0.04430257
v -0.00898220 0.00041219 -0.04389355
v -0.00895405 0.00044073 -0.04398662
v -0.00895754 0.00036303 -0.04398662
v -0.00898390 0.00037327 -0.04389355
v -0.00897567 0.00032429 -0.04393723
v -0.00856619 0.00065214 -0.04429422
v -0.00866047 0.00063950 -0.04426746
v -0.00865440 0.00071701 -0.04426746
v -0.00856902 0.00061394 -0.04429422
v -0.00896291 0.00027553 -0.04398084
v -0.00897522 0.00018895 -0.04395180
v -0.00897871 0.00018903 -0.04394015
v -0.00897143 0.00018887 -0.04396344
v -0.00857230 0.00056624 -0.04429422
v -0.00866705 0.00054311 -0.04426746
v -0.00894553 0.00022706 -0.04402377
v -0.00896732 0.00018879 -0.04397505
v -0.00857696 0.00049066 -0.04429422
v -0.00897328 0.00014130 -0.04396054
v -0.00897130 0.00014127 -0.04396635
v -0.00896925 0.00014124 -0.04397215
v -0.00896712 0.00014120 -0.04397795
v -0.00894652 0.00009366 -0.04402659
v -0.00892357 0.00017895 -0.04406538
v -0.00897427 0.00004684 -0.04396054
v -0.00897077 -0.00000002 -0.04397101
v -0.00897847 -0.00000002 -0.04394771
v -0.00897024 0.00004682 -0.04397215
v -0.00895200 -0.00000002 -0.04401635
v -0.00896194 -0.00000002 -0.04399391
v -0.00889717 0.00013126 -0.04410504
v -0.00858420 0.00034125 -0.04429422
v -0.00867828 0.00031637 -0.04426746
v -0.00867523 0.00039135 -0.04426746
v -0.00858559 0.00030427 -0.04429422
v -0.00864435 0.00018476 -0.04428068
v -0.00868671 0.00023202 -0.04426514
v -0.00859395 0.00022090 -0.04429311
v -0.00868279 0.00014814 -0.04426746
v -0.00869429 0.00014833 -0.04426274
v -0.00874289 0.00011162 -0.04423921
v -0.00883230 0.00003742 -0.04417610
v -0.00888651 -0.00000002 -0.04411977
v -0.00886661 0.00008406 -0.04414213
v -0.00878919 0.00007464 -0.04421023
v -0.00879785 -0.00000002 -0.04420417
v -0.00881720 -0.00000002 -0.04418907
v -0.00883578 -0.00000002 -0.04417304
v -0.00885356 -0.00000002 -0.04415612
v -0.00887048 -0.00000002 -0.04413835
v -0.00869812 0.00007387 -0.04426151
v 0.00887531 0.00007976 -0.04413252
v 0.00893680 0.00015692 -0.04404339
v 0.00887695 0.00012214 -0.04413009
v 0.00893746 0.00019997 -0.04404061
v 0.00890989 0.00016089 -0.04408681
v 0.00897552 0.00027882 -0.04394306
v 0.00893808 0.00028670 -0.04403502
v 0.00879946 0.00008777 -0.04420264
v 0.00879785 -0.00000002 -0.04420417
v 0.00887838 0.00016475 -0.04412764
v 0.00884268 0.00016850 -0.04416515
v 0.00887957 0.00020757 -0.04412518
v 0.00893789 0.00024323 -0.04403782
v 0.00891153 0.00024699 -0.04408151
v 0.00860112 0.00002241 -0.04429223
v 0.00862149 -0.00000002 -0.04428758
v 0.00859754 -0.00000002 -0.04429296
v 0.00857336 -0.00000002 -0.04429716
v 0.00880334 0.00017214 -0.04419875
v 0.00888054 0.00025061 -0.04412270
v 0.00893803 0.00033038 -0.04403222
v 0.00893730 0.00034964 -0.04403222
v 0.00891224 0.00033396 -0.04407617
v 0.00891072 0.00037242 -0.04407617
v 0.00880496 0.00021465 -0.04419677
v 0.00860088 0.00006744 -0.04429223
v 0.00888127 0.00029386 -0.04412022
v 0.00884530 0.00025407 -0.04416067
v 0.00893571 0.00038827 -0.04403222
v 0.00871653 0.00017915 -0.04425236
v 0.00880635 0.00025739 -0.04419478
v 0.00876435 0.00026058 -0.04422453
v 0.00880752 0.00030034 -0.04419277
v 0.00888177 0.00033733 -0.04411772
v 0.00888102 0.00035649 -0.04411772
v 0.00884700 0.00034051 -0.04415612
v 0.00893394 0.00042706 -0.04403222
v 0.00895192 0.00048204 -0.04398662
v 0.00860551 0.00015831 -0.04429099
v 0.00887940 0.00039492 -0.04411772
v 0.00872003 0.00026366 -0.04424957
v 0.00880845 0.00034352 -0.04419075
v 0.00880769 0.00036253 -0.04419075
v 0.00876676 0.00034636 -0.04422107
v 0.00876518 0.00038427 -0.04422107
v 0.00892987 0.00050509 -0.04403222
v 0.00872146 0.00030625 -0.04424815
v 0.00892756 0.00054434 -0.04403222
v 0.00890286 0.00052781 -0.04407617
v 0.00872266 0.00034906 -0.04424671
v 0.00872189 0.00036791 -0.04424671
v 0.00887347 0.00051111 -0.04411772
v 0.00887562 0.00047223 -0.04411772
v 0.00883974 0.00049431 -0.04415612
v 0.00892441 0.00059379 -0.04403222
v 0.00872021 0.00040572 -0.04424671
v 0.00880221 0.00047743 -0.04419075
v 0.00880421 0.00043898 -0.04419075
v 0.00876151 0.00046054 -0.04422107
v 0.00892096 0.00064347 -0.04403222
v 0.00889646 0.00062651 -0.04407617
v 0.00889282 0.00067622 -0.04407617
v 0.00883688 0.00054304 -0.04415612
v 0.00871836 0.00044369 -0.04424671
v 0.00891913 0.00066841 -0.04403222
v 0.00879945 0.00052588 -0.04419075
v 0.00891761 0.00068832 -0.04403222
v 0.00888970 0.00071602 -0.04407617
v 0.00867107 0.00047443 -0.04426746
v 0.00891444 0.00072827 -0.04403222
v 0.00886372 0.00065881 -0.04411772
v 0.00883030 0.00064121 -0.04415612
v 0.00882657 0.00069065 -0.04415612
v 0.00886184 0.00068363 -0.04411772
v 0.00891107 0.00076838 -0.04403222
v 0.00866833 0.00052218 -0.04426746
v 0.00886029 0.00070346 -0.04411772
v 0.00892723 0.00082081 -0.04398662
v 0.00870983 0.00058789 -0.04424671
v 0.00885704 0.00074324 -0.04411772
v 0.00878945 0.00067263 -0.04419075
v 0.00874915 0.00065453 -0.04422107
v 0.00874534 0.00070362 -0.04422107
v 0.00878752 0.00069730 -0.04419075
v 0.00890375 0.00084903 -0.04403222
v 0.00870641 0.00063642 -0.04424671
v 0.00878594 0.00071700 -0.04419075
v 0.00874209 0.00074292 -0.04422107
v 0.00889979 0.00088958 -0.04403222
v 0.00887530 0.00087671 -0.04407617
v 0.00870271 0.00068519 -0.04424671
v 0.00889720 0.00091509 -0.04403222
v 0.00887012 0.00092760 -0.04407617
v 0.00870075 0.00070966 -0.04424671
v 0.00884613 0.00086345 -0.04411772
v 0.00884997 0.00082323 -0.04411772
v 0.00881266 0.00084986 -0.04415612
v 0.00869913 0.00072921 -0.04424671
v 0.00884363 0.00088876 -0.04411772
v 0.00889179 0.00096629 -0.04403222
v 0.00877541 0.00083601 -0.04419075
v 0.00877912 0.00079619 -0.04419075
v 0.00873501 0.00082195 -0.04422107
v 0.00869576 0.00076842 -0.04424671
v 0.00877299 0.00086105 -0.04419075
v 0.00873018 0.00087182 -0.04422107
v 0.00880766 0.00090028 -0.04415612
v 0.00888605 0.00101772 -0.04403222
v 0.00869219 0.00080778 -0.04424671
v 0.00889871 0.00108732 -0.04398662
v 0.00888124 0.00105889 -0.04403222
v 0.00885881 0.00103007 -0.04407617
v 0.00868985 0.00083254 -0.04424671
v 0.00868495 0.00088223 -0.04424671
v 0.00882691 0.00104180 -0.04411772
v 0.00879669 0.00100182 -0.04415612
v 0.00879071 0.00105294 -0.04415612
v 0.00887098 0.00114166 -0.04403222
v 0.00882197 0.00108282 -0.04411772
v 0.00867973 0.00093215 -0.04424671
v 0.00875680 0.00101256 -0.04419075
v 0.00886552 0.00118326 -0.04403222
v 0.00875075 0.00106352 -0.04419075
v 0.00885985 0.00122501 -0.04403222
v 0.00883802 0.00119536 -0.04407617
v 0.00883228 0.00123704 -0.04407617
v 0.00885693 0.00124595 -0.04403222
v 0.00874570 0.00110431 -0.04419075
v 0.00870766 0.00107361 -0.04422107
v 0.00862720 0.00099201 -0.04426746
v 0.00885319 0.00127225 -0.04403222
v 0.00882477 0.00128954 -0.04407617
v 0.00880587 0.00120674 -0.04411772
v 0.00881145 0.00116529 -0.04411772
v 0.00880300 0.00122752 -0.04411772
v 0.00876944 0.00121745 -0.04415612
v 0.00862128 0.00104219 -0.04426746
v 0.00866217 0.00108327 -0.04424671
v 0.00884544 0.00132503 -0.04403222
v 0.00879932 0.00125364 -0.04411772
v 0.00873495 0.00118632 -0.04419075
v 0.00869724 0.00115505 -0.04422107
v 0.00869170 0.00119598 -0.04422107
v 0.00885450 0.00140250 -0.04398662
v 0.00865701 0.00112377 -0.04424671
v 0.00873213 0.00120691 -0.04419075
v 0.00883734 0.00137804 -0.04403222
v 0.00876206 0.00126952 -0.04415612
v 0.00872852 0.00123279 -0.04419075
v 0.00868445 0.00124754 -0.04422107
v 0.00884765 0.00144508 -0.04398662
v 0.00865164 0.00116441 -0.04424671
v 0.00864887 0.00118478 -0.04424671
v 0.00864532 0.00121039 -0.04424671
v 0.00874623 0.00137433 -0.04415612
v 0.00873778 0.00142706 -0.04415612
v 0.00877537 0.00141153 -0.04411772
v 0.00881649 0.00150571 -0.04403222
v 0.00863797 0.00126177 -0.04424671
v 0.00876847 0.00145382 -0.04411772
v 0.00880906 0.00154855 -0.04403222
v 0.00870498 0.00138925 -0.04419075
v 0.00863028 0.00131338 -0.04424671
v 0.00880140 0.00159152 -0.04403222
v 0.00878002 0.00156550 -0.04407617
v 0.00877226 0.00160842 -0.04407617
v 0.00873078 0.00146926 -0.04415612
v 0.00869643 0.00144184 -0.04419075
v 0.00879748 0.00161306 -0.04403222
v 0.00879349 0.00163464 -0.04403222
v 0.00876425 0.00165148 -0.04407617
v 0.00874633 0.00158153 -0.04411772
v 0.00857391 0.00137866 -0.04426746
v 0.00878534 0.00167789 -0.04403222
v 0.00871609 0.00155406 -0.04415612
v 0.00870838 0.00159667 -0.04415612
v 0.00874244 0.00160293 -0.04411772
v 0.00879300 0.00174708 -0.04398662
v 0.00873848 0.00162437 -0.04411772
v 0.00877695 0.00172127 -0.04403222
v 0.00856541 0.00143051 -0.04426746
v 0.00860507 0.00146949 -0.04424671
v 0.00867448 0.00156850 -0.04419075
v 0.00863739 0.00153999 -0.04422107
v 0.00862975 0.00158222 -0.04422107
v 0.00878421 0.00179077 -0.04398662
v 0.00867061 0.00158973 -0.04419075
v 0.00870044 0.00163941 -0.04415612
v 0.00859783 0.00151130 -0.04424671
v 0.00866669 0.00161099 -0.04419075
v 0.00862188 0.00162457 -0.04422107
v 0.00859035 0.00155325 -0.04424671
v 0.00858652 0.00157427 -0.04424671
v 0.00875024 0.00185224 -0.04403222
v 0.00868381 0.00172531 -0.04415612
v 0.00867513 0.00176845 -0.04415612
v 0.00871344 0.00175371 -0.04411772
v 0.00858263 0.00159533 -0.04424671
v 0.00870460 0.00179710 -0.04411772
v 0.00873960 0.00190183 -0.04403222
v 0.00857468 0.00163754 -0.04424671
v 0.00864186 0.00173927 -0.04419075
v 0.00856648 0.00167988 -0.04424671
v 0.00866502 0.00181733 -0.04415612
v 0.00872862 0.00195159 -0.04403222
v 0.00870849 0.00192399 -0.04407617
v 0.00869736 0.00197369 -0.04407617
v 0.00863194 0.00178785 -0.04419075
v 0.00872301 0.00197654 -0.04403222
v 0.00871853 0.00199620 -0.04403222
v 0.00868836 0.00201295 -0.04407617
v 0.00851649 0.00169766 -0.04426746
v 0.00867275 0.00194500 -0.04411772
v 0.00870941 0.00203561 -0.04403222
v 0.00864384 0.00191557 -0.04415612
v 0.00863275 0.00196493 -0.04415612
v 0.00866715 0.00196980 -0.04411772
v 0.00850682 0.00174546 -0.04426746
v 0.00870008 0.00207512 -0.04403222
v 0.00866972 0.00209175 -0.04407617
v 0.00866268 0.00198935 -0.04411772
v 0.00853690 0.00182428 -0.04424671
v 0.00860024 0.00193460 -0.04419075
v 0.00856455 0.00190381 -0.04422107
v 0.00855352 0.00195275 -0.04422107
v 0.00865359 0.00202853 -0.04411772
v 0.00859466 0.00195920 -0.04419075
v 0.00852640 0.00187274 -0.04424671
v 0.00868078 0.00215443 -0.04403222
v 0.00865023 0.00217095 -0.04407617
v 0.00859022 0.00197860 -0.04419075
v 0.00854461 0.00199139 -0.04422107
v 0.00867081 0.00219423 -0.04403222
v 0.00863478 0.00210717 -0.04411772
v 0.00851557 0.00192136 -0.04424671
v 0.00851004 0.00194573 -0.04424671
v 0.00862505 0.00214665 -0.04411772
v 0.00859562 0.00212145 -0.04415612
v 0.00865913 0.00223985 -0.04403222
v 0.00857192 0.00205643 -0.04419075
v 0.00852616 0.00206897 -0.04422107
v 0.00850562 0.00196495 -0.04424671
v 0.00856245 0.00209550 -0.04419075
v 0.00861366 0.00219188 -0.04411772
v 0.00849663 0.00200346 -0.04424671
v 0.00864717 0.00228559 -0.04403222
v 0.00862688 0.00226195 -0.04407617
v 0.00861477 0.00230764 -0.04407617
v 0.00864108 0.00230851 -0.04403222
v 0.00848744 0.00204206 -0.04424671
v 0.00863705 0.00232356 -0.04403222
v 0.00860667 0.00233768 -0.04407617
v 0.00855137 0.00214027 -0.04419075
v 0.00862888 0.00235370 -0.04403222
v 0.00847667 0.00208630 -0.04424671
v 0.00859003 0.00228273 -0.04411772
v 0.00862059 0.00238390 -0.04403222
v 0.00859008 0.00239791 -0.04407617
v 0.00858395 0.00230552 -0.04411772
v 0.00854897 0.00230225 -0.04415612
v 0.00857991 0.00232049 -0.04411772
v 0.00842555 0.00210301 -0.04426746
v 0.00857175 0.00235046 -0.04411772
v 0.00860362 0.00244444 -0.04403222
v 0.00857298 0.00245835 -0.04407617
v 0.00845430 0.00217517 -0.04424671
v 0.00851643 0.00227533 -0.04419075
v 0.00848077 0.00224777 -0.04422107
v 0.00846872 0.00229278 -0.04422107
v 0.00852836 0.00223019 -0.04419075
v 0.00859494 0.00247479 -0.04403222
v 0.00851036 0.00229795 -0.04419075
v 0.00858824 0.00249795 -0.04403222
v 0.00855960 0.00250455 -0.04407617
v 0.00850633 0.00231280 -0.04419075
v 0.00846065 0.00232237 -0.04422107
v 0.00855504 0.00241056 -0.04411772
v 0.00844270 0.00221978 -0.04424671
v 0.00854649 0.00244069 -0.04411772
v 0.00851584 0.00242192 -0.04415612
v 0.00857460 0.00254436 -0.04403222
v 0.00843081 0.00226451 -0.04424671
v 0.00853990 0.00246368 -0.04411772
v 0.00848992 0.00237235 -0.04419075
v 0.00844414 0.00238171 -0.04422107
v 0.00842476 0.00228693 -0.04424671
v 0.00856066 0.00259088 -0.04403222
v 0.00842075 0.00230165 -0.04424671
v 0.00848152 0.00240220 -0.04419075
v 0.00847503 0.00242498 -0.04419075
v 0.00843122 0.00242706 -0.04422107
v 0.00855134 0.00262146 -0.04403222
v 0.00853192 0.00259728 -0.04407617
v 0.00851308 0.00265836 -0.04407617
v 0.00841264 0.00233113 -0.04424671
v 0.00840440 0.00236065 -0.04424671
v 0.00846184 0.00247062 -0.04419075
v 0.00839804 0.00238319 -0.04424671
v 0.00853231 0.00268277 -0.04403222
v 0.00849371 0.00271962 -0.04407617
v 0.00849870 0.00260224 -0.04411772
v 0.00851274 0.00255594 -0.04411772
v 0.00852259 0.00271349 -0.04403222
v 0.00838509 0.00242835 -0.04424671
v 0.00848932 0.00263267 -0.04411772
v 0.00846137 0.00260585 -0.04415612
v 0.00851273 0.00274426 -0.04403222
v 0.00848382 0.00275033 -0.04407617
v 0.00850775 0.00275967 -0.04403222
v 0.00837185 0.00247362 -0.04424671
v 0.00850273 0.00277508 -0.04403222
v 0.00847379 0.00278107 -0.04407617
v 0.00847016 0.00269368 -0.04411772
v 0.00842044 0.00260824 -0.04419075
v 0.00843455 0.00256225 -0.04419075
v 0.00849260 0.00280594 -0.04403222
v 0.00845331 0.00284270 -0.04407617
v 0.00846038 0.00272425 -0.04411772
v 0.00841102 0.00263846 -0.04419075
v 0.00837652 0.00260958 -0.04422107
v 0.00835751 0.00266984 -0.04422107
v 0.00845543 0.00273955 -0.04411772
v 0.00842296 0.00272747 -0.04415612
v 0.00848233 0.00283684 -0.04403222
v 0.00845046 0.00275487 -0.04411772
v 0.00847191 0.00286779 -0.04403222
v 0.00843228 0.00290450 -0.04407617
v 0.00831058 0.00251930 -0.04426746
v 0.00834446 0.00256449 -0.04424671
v 0.00839177 0.00269905 -0.04419075
v 0.00834780 0.00270003 -0.04422107
v 0.00833031 0.00261009 -0.04424671
v 0.00838688 0.00271423 -0.04419075
v 0.00843020 0.00281624 -0.04411772
v 0.00838195 0.00272941 -0.04419075
v 0.00833796 0.00273027 -0.04422107
v 0.00845067 0.00292981 -0.04403222
v 0.00832086 0.00264007 -0.04424671
v 0.00841987 0.00284699 -0.04411772
v 0.00837198 0.00275982 -0.04419075
v 0.00831787 0.00279088 -0.04422107
v 0.00831127 0.00267008 -0.04424671
v 0.00840940 0.00287778 -0.04411772
v 0.00838236 0.00284980 -0.04415612
v 0.00843409 0.00297719 -0.04403222
v 0.00830643 0.00268511 -0.04424671
v 0.00830155 0.00270015 -0.04424671
v 0.00835165 0.00282076 -0.04419075
v 0.00839316 0.00292479 -0.04411772
v 0.00841718 0.00302466 -0.04403222
v 0.00839913 0.00299901 -0.04407617
v 0.00838206 0.00304640 -0.04407617
v 0.00829170 0.00273025 -0.04424671
v 0.00840860 0.00304843 -0.04403222
v 0.00840293 0.00306404 -0.04403222
v 0.00837067 0.00307755 -0.04407617
v 0.00828171 0.00276041 -0.04424671
v 0.00833578 0.00286732 -0.04419075
v 0.00839147 0.00309528 -0.04403222
v 0.00826623 0.00280644 -0.04424671
v 0.00835970 0.00301910 -0.04411772
v 0.00837986 0.00312657 -0.04403222
v 0.00834746 0.00313995 -0.04407617
v 0.00835113 0.00304273 -0.04411772
v 0.00831616 0.00303755 -0.04415612
v 0.00834545 0.00305825 -0.04411772
v 0.00821300 0.00282121 -0.04426746
v 0.00835621 0.00318925 -0.04403222
v 0.00832367 0.00320250 -0.04407617
v 0.00833400 0.00308932 -0.04411772
v 0.00823429 0.00289880 -0.04424671
v 0.00828621 0.00300756 -0.04419075
v 0.00830306 0.00296072 -0.04419075
v 0.00825321 0.00297666 -0.04422107
v 0.00823623 0.00302334 -0.04422107
v 0.00834416 0.00322064 -0.04403222
v 0.00827766 0.00303101 -0.04419075
v 0.00833487 0.00324459 -0.04403222
v 0.00830513 0.00325027 -0.04407617
v 0.00831066 0.00315157 -0.04411772
v 0.00827201 0.00304641 -0.04419075
v 0.00822490 0.00305401 -0.04422107
v 0.00821784 0.00294512 -0.04424671
v 0.00829877 0.00318274 -0.04411772
v 0.00826983 0.00316151 -0.04415612
v 0.00831605 0.00329255 -0.04403222
v 0.00820106 0.00299153 -0.04424671
v 0.00828961 0.00320653 -0.04411772
v 0.00824902 0.00310810 -0.04419075
v 0.00820182 0.00311546 -0.04422107
v 0.00819254 0.00301477 -0.04424671
v 0.00829687 0.00334059 -0.04403222
v 0.00823731 0.00313901 -0.04419075
v 0.00818691 0.00303003 -0.04424671
v 0.00822829 0.00316258 -0.04419075
v 0.00818384 0.00316239 -0.04422107
v 0.00828409 0.00337215 -0.04403222
v 0.00826701 0.00334604 -0.04407617
v 0.00824123 0.00340904 -0.04407617
v 0.00817554 0.00306057 -0.04424671
v 0.00816403 0.00309115 -0.04424671
v 0.00820999 0.00320979 -0.04419075
v 0.00815516 0.00311448 -0.04424671
v 0.00825808 0.00343536 -0.04403222
v 0.00821484 0.00347216 -0.04407617
v 0.00823282 0.00334965 -0.04411772
v 0.00825210 0.00330187 -0.04411772
v 0.00824484 0.00346701 -0.04403222
v 0.00813716 0.00316120 -0.04424671
v 0.00821998 0.00338104 -0.04411772
v 0.00819466 0.00335154 -0.04415612
v 0.00823144 0.00349869 -0.04403222
v 0.00820141 0.00350376 -0.04407617
v 0.00822469 0.00351454 -0.04403222
v 0.00821789 0.00353040 -0.04403222
v 0.00818782 0.00353540 -0.04407617
v 0.00811882 0.00320800 -0.04424671
v 0.00819384 0.00344392 -0.04411772
v 0.00820418 0.00356214 -0.04403222
v 0.00816017 0.00359875 -0.04407617
v 0.00815301 0.00335188 -0.04419075
v 0.00817235 0.00330444 -0.04419075
v 0.00818053 0.00347540 -0.04411772
v 0.00819032 0.00359391 -0.04403222
v 0.00817382 0.00349115 -0.04411772
v 0.00814228 0.00347685 -0.04415612
v 0.00814013 0.00338304 -0.04419075
v 0.00810848 0.00335089 -0.04422107
v 0.00808254 0.00341298 -0.04422107
v 0.00816707 0.00350691 -0.04411772
v 0.00817629 0.00362570 -0.04403222
v 0.00813190 0.00366220 -0.04407617
v 0.00805194 0.00325251 -0.04426746
v 0.00808112 0.00330183 -0.04424671
v 0.00811391 0.00344545 -0.04419075
v 0.00806935 0.00344407 -0.04422107
v 0.00813969 0.00357002 -0.04411772
v 0.00810726 0.00346108 -0.04419075
v 0.00806175 0.00334885 -0.04424671
v 0.00814777 0.00368936 -0.04403222
v 0.00810057 0.00347670 -0.04419075
v 0.00805599 0.00347519 -0.04422107
v 0.00812576 0.00360161 -0.04411772
v 0.00804885 0.00337974 -0.04424671
v 0.00808707 0.00350798 -0.04419075
v 0.00802882 0.00353751 -0.04422107
v 0.00812559 0.00373794 -0.04403222
v 0.00811167 0.00363323 -0.04411772
v 0.00808742 0.00360262 -0.04415612
v 0.00803579 0.00341066 -0.04424671
v 0.00802921 0.00342613 -0.04424671
v 0.00802259 0.00344161 -0.04424671
v 0.00810305 0.00378657 -0.04403222
v 0.00808756 0.00375910 -0.04407617
v 0.00806483 0.00380762 -0.04407617
v 0.00808989 0.00368146 -0.04411772
v 0.00805961 0.00357062 -0.04419075
v 0.00800923 0.00347258 -0.04424671
v 0.00809163 0.00381091 -0.04403222
v 0.00808409 0.00382688 -0.04403222
v 0.00804971 0.00383948 -0.04407617
v 0.00803826 0.00361842 -0.04419075
v 0.00799572 0.00350358 -0.04424671
v 0.00806888 0.00385884 -0.04403222
v 0.00804521 0.00377810 -0.04411772
v 0.00797482 0.00355088 -0.04424671
v 0.00805351 0.00389082 -0.04403222
v 0.00801897 0.00390327 -0.04407617
v 0.00803381 0.00380229 -0.04411772
v 0.00799892 0.00379506 -0.04415612
v 0.00802628 0.00381817 -0.04411772
v 0.00802227 0.00395483 -0.04403222
v 0.00798758 0.00396712 -0.04407617
v 0.00801109 0.00384994 -0.04411772
v 0.00791931 0.00356329 -0.04426746
v 0.00797200 0.00376216 -0.04419075
v 0.00799446 0.00371419 -0.04419075
v 0.00794213 0.00372806 -0.04422107
v 0.00791954 0.00377583 -0.04422107
v 0.00793195 0.00364565 -0.04424671
v 0.00800640 0.00398686 -0.04403222
v 0.00796063 0.00378615 -0.04419075
v 0.00799419 0.00401128 -0.04403222
v 0.00796320 0.00401583 -0.04407617
v 0.00798021 0.00391353 -0.04411772
v 0.00795312 0.00380191 -0.04419075
v 0.00790451 0.00380719 -0.04422107
v 0.00790996 0.00369311 -0.04424671
v 0.00796453 0.00394535 -0.04411772
v 0.00793758 0.00392173 -0.04415612
v 0.00796948 0.00406015 -0.04403222
v 0.00795246 0.00396961 -0.04411772
v 0.00788760 0.00374062 -0.04424671
v 0.00792267 0.00386496 -0.04419075
v 0.00787396 0.00386998 -0.04422107
v 0.00787629 0.00376440 -0.04424671
v 0.00794438 0.00410905 -0.04403222
v 0.00790720 0.00389651 -0.04419075
v 0.00786881 0.00378000 -0.04424671
v 0.00789530 0.00392057 -0.04419075
v 0.00785024 0.00391786 -0.04422107
v 0.00785374 0.00381122 -0.04424671
v 0.00791084 0.00417326 -0.04403222
v 0.00791327 0.00411333 -0.04407617
v 0.00787966 0.00417737 -0.04407617
v 0.00783850 0.00384246 -0.04424671
v 0.00787121 0.00396871 -0.04419075
v 0.00789381 0.00420537 -0.04403222
v 0.00782678 0.00386627 -0.04424671
v 0.00787803 0.00411536 -0.04411772
v 0.00790323 0.00406675 -0.04411772
v 0.00787661 0.00423750 -0.04403222
v 0.00784536 0.00424143 -0.04407617
v 0.00786128 0.00414727 -0.04411772
v 0.00783899 0.00411528 -0.04415612
v 0.00780305 0.00391394 -0.04424671
v 0.00785924 0.00426964 -0.04403222
v 0.00782795 0.00427348 -0.04407617
v 0.00785049 0.00428571 -0.04403222
v 0.00784436 0.00417918 -0.04411772
v 0.00784169 0.00430178 -0.04403222
v 0.00781036 0.00430553 -0.04407617
v 0.00777895 0.00396163 -0.04424671
v 0.00782397 0.00433393 -0.04403222
v 0.00779662 0.00411331 -0.04419075
v 0.00782188 0.00406508 -0.04419075
v 0.00781000 0.00424304 -0.04411772
v 0.00780608 0.00436608 -0.04403222
v 0.00777467 0.00436965 -0.04407617
v 0.00780130 0.00425901 -0.04411772
v 0.00777088 0.00424248 -0.04415612
v 0.00779256 0.00427498 -0.04411772
v 0.00776289 0.00417663 -0.04419075
v 0.00775152 0.00410974 -0.04422107
v 0.00771777 0.00417277 -0.04422107
v 0.00770585 0.00400405 -0.04426746
v 0.00772958 0.00405711 -0.04424671
v 0.00777495 0.00430693 -0.04411772
v 0.00776976 0.00443039 -0.04403222
v 0.00773828 0.00443378 -0.04407617
v 0.00774576 0.00420830 -0.04419075
v 0.00770064 0.00420429 -0.04422107
v 0.00773714 0.00422414 -0.04419075
v 0.00770432 0.00410488 -0.04424671
v 0.00775133 0.00446255 -0.04403222
v 0.00772847 0.00423998 -0.04419075
v 0.00768334 0.00423582 -0.04422107
v 0.00773920 0.00437084 -0.04411772
v 0.00768753 0.00413624 -0.04424671
v 0.00772576 0.00450667 -0.04403222
v 0.00768720 0.00452176 -0.04407617
v 0.00772107 0.00440279 -0.04411772
v 0.00770001 0.00436978 -0.04415612
v 0.00767057 0.00416760 -0.04424671
v 0.00769336 0.00430335 -0.04419075
v 0.00764823 0.00429890 -0.04422107
v 0.00766203 0.00418329 -0.04424671
v 0.00765344 0.00419897 -0.04424671
v 0.00769986 0.00455078 -0.04403222
v 0.00766116 0.00456574 -0.04407617
v 0.00769590 0.00444663 -0.04411772
v 0.00767555 0.00433504 -0.04419075
v 0.00768678 0.00457283 -0.04403222
v 0.00763614 0.00423035 -0.04424671
v 0.00767720 0.00458891 -0.04403222
v 0.00764196 0.00459780 -0.04407617
v 0.00765083 0.00437852 -0.04419075
v 0.00759893 0.00438545 -0.04422107
v 0.00761867 0.00426173 -0.04424671
v 0.00765789 0.00462106 -0.04403222
v 0.00764458 0.00453430 -0.04411772
v 0.00763840 0.00465320 -0.04403222
v 0.00760303 0.00466190 -0.04407617
v 0.00759443 0.00430478 -0.04424671
v 0.00763154 0.00455622 -0.04411772
v 0.00759824 0.00454445 -0.04415612
v 0.00762197 0.00457220 -0.04411772
v 0.00760041 0.00446548 -0.04419075
v 0.00754833 0.00447199 -0.04422107
v 0.00760272 0.00460414 -0.04411772
v 0.00759887 0.00471747 -0.04403222
v 0.00756337 0.00472598 -0.04407617
v 0.00757470 0.00450895 -0.04419075
v 0.00752253 0.00451526 -0.04422107
v 0.00754497 0.00439090 -0.04424671
v 0.00757884 0.00474960 -0.04403222
v 0.00756171 0.00453069 -0.04419075
v 0.00755220 0.00454653 -0.04419075
v 0.00750351 0.00454679 -0.04422107
v 0.00756367 0.00466802 -0.04411772
v 0.00755385 0.00478924 -0.04403222
v 0.00751339 0.00480503 -0.04407617
v 0.00751975 0.00443395 -0.04424671
v 0.00754387 0.00469994 -0.04411772
v 0.00752066 0.00467171 -0.04415612
v 0.00752858 0.00482887 -0.04403222
v 0.00748799 0.00484453 -0.04407617
v 0.00749420 0.00447700 -0.04424671
v 0.00751369 0.00460989 -0.04419075
v 0.00746494 0.00460984 -0.04422107
v 0.00751584 0.00484867 -0.04403222
v 0.00751918 0.00473935 -0.04411772
v 0.00748130 0.00449852 -0.04424671
v 0.00747184 0.00451421 -0.04424671
v 0.00749417 0.00464156 -0.04419075
v 0.00749505 0.00488074 -0.04403222
v 0.00744623 0.00490847 -0.04407617
v 0.00745280 0.00454559 -0.04424671
v 0.00746982 0.00468064 -0.04419075
v 0.00741633 0.00468764 -0.04422107
v 0.00746896 0.00481810 -0.04411772
v 0.00743357 0.00457695 -0.04424671
v 0.00745292 0.00494485 -0.04403222
v 0.00740373 0.00497234 -0.04407617
v 0.00745623 0.00483778 -0.04411772
v 0.00742089 0.00482862 -0.04415612
v 0.00740960 0.00461567 -0.04424671
v 0.00743157 0.00497687 -0.04403222
v 0.00743546 0.00486964 -0.04411772
v 0.00742029 0.00475877 -0.04419075
v 0.00736662 0.00476537 -0.04422107
v 0.00741003 0.00500888 -0.04403222
v 0.00738220 0.00500425 -0.04407617
v 0.00739920 0.00502487 -0.04403222
v 0.00739511 0.00479780 -0.04419075
v 0.00734136 0.00480421 -0.04422107
v 0.00738575 0.00504461 -0.04403222
v 0.00735536 0.00504361 -0.04407617
v 0.00739336 0.00493332 -0.04411772
v 0.00738242 0.00481731 -0.04419075
v 0.00736083 0.00469305 -0.04424671
v 0.00737203 0.00496514 -0.04411772
v 0.00735865 0.00508407 -0.04403222
v 0.00730082 0.00512224 -0.04407617
v 0.00736171 0.00484891 -0.04419075
v 0.00729983 0.00486707 -0.04422107
v 0.00736130 0.00498104 -0.04411772
v 0.00733680 0.00495546 -0.04415612
v 0.00733603 0.00473172 -0.04424671
v 0.00734798 0.00500066 -0.04411772
v 0.00733125 0.00512349 -0.04403222
v 0.00731096 0.00477037 -0.04424671
v 0.00731973 0.00491204 -0.04419075
v 0.00727880 0.00489847 -0.04422107
v 0.00729832 0.00478968 -0.04424671
v 0.00730885 0.00515540 -0.04403222
v 0.00725580 0.00518582 -0.04407617
v 0.00730912 0.00492782 -0.04419075
v 0.00729596 0.00494728 -0.04419075
v 0.00725257 0.00493722 -0.04422107
v 0.00727770 0.00482096 -0.04424671
v 0.00729401 0.00507907 -0.04411772
v 0.00725689 0.00485222 -0.04424671
v 0.00726348 0.00521912 -0.04403222
v 0.00721002 0.00524928 -0.04407617
v 0.00726942 0.00498619 -0.04419075
v 0.00719928 0.00501461 -0.04422107
v 0.00726659 0.00511822 -0.04411772
v 0.00724642 0.00486784 -0.04424671
v 0.00724051 0.00525095 -0.04403222
v 0.00723343 0.00488712 -0.04424671
v 0.00724417 0.00514990 -0.04411772
v 0.00722887 0.00511161 -0.04415612
v 0.00721735 0.00528274 -0.04403222
v 0.00718684 0.00528097 -0.04407617
v 0.00720724 0.00492566 -0.04424671
v 0.00720569 0.00529862 -0.04403222
v 0.00721550 0.00506390 -0.04419075
v 0.00714485 0.00509186 -0.04422107
v 0.00719124 0.00531822 -0.04403222
v 0.00715796 0.00532005 -0.04407617
v 0.00719876 0.00521318 -0.04411772
v 0.00718077 0.00496417 -0.04424671
v 0.00718812 0.00510271 -0.04419075
v 0.00716212 0.00535738 -0.04403222
v 0.00709933 0.00539804 -0.04407617
v 0.00717577 0.00524478 -0.04411772
v 0.00716572 0.00513411 -0.04419075
v 0.00709993 0.00515431 -0.04422107
v 0.00716421 0.00526057 -0.04411772
v 0.00713809 0.00523763 -0.04415612
v 0.00714986 0.00528005 -0.04411772
v 0.00713270 0.00539649 -0.04403222
v 0.00712699 0.00504108 -0.04424671
v 0.00712037 0.00519682 -0.04419075
v 0.00707718 0.00518550 -0.04422107
v 0.00709967 0.00507948 -0.04424671
v 0.00710891 0.00521248 -0.04419075
v 0.00708441 0.00545972 -0.04403222
v 0.00705097 0.00546106 -0.04407617
v 0.00709471 0.00523180 -0.04419075
v 0.00704885 0.00522395 -0.04422107
v 0.00709176 0.00535784 -0.04411772
v 0.00707734 0.00511055 -0.04424671
v 0.00705997 0.00549128 -0.04403222
v 0.00706607 0.00527041 -0.04419075
v 0.00699131 0.00530070 -0.04422107
v 0.00706227 0.00539665 -0.04411772
v 0.00705482 0.00514160 -0.04424671
v 0.00703535 0.00552280 -0.04403222
v 0.00700184 0.00552391 -0.04407617
v 0.00704349 0.00515711 -0.04424671
v 0.00703816 0.00542805 -0.04411772
v 0.00702182 0.00539251 -0.04415612
v 0.00702944 0.00517625 -0.04424671
v 0.00701052 0.00555428 -0.04403222
v 0.00697698 0.00555527 -0.04407617
v 0.00699804 0.00557000 -0.04403222
v 0.00701387 0.00545941 -0.04411772
v 0.00698550 0.00558571 -0.04403222
v 0.00695193 0.00558659 -0.04407617
v 0.00700112 0.00521448 -0.04424671
v 0.00700794 0.00534747 -0.04419075
v 0.00693262 0.00537724 -0.04422107
v 0.00696029 0.00561710 -0.04403222
v 0.00697251 0.00525267 -0.04424671
v 0.00697843 0.00538592 -0.04419075
v 0.00696469 0.00552200 -0.04411772
v 0.00693488 0.00564844 -0.04403222
v 0.00690124 0.00564909 -0.04407617
v 0.00695228 0.00553762 -0.04411772
v 0.00692421 0.00551728 -0.04415612
v 0.00693982 0.00555323 -0.04411772
v 0.00693002 0.00544807 -0.04419075
v 0.00688422 0.00543906 -0.04422107
v 0.00691474 0.00558442 -0.04411772
v 0.00691444 0.00532889 -0.04424671
v 0.00688347 0.00571098 -0.04403222
v 0.00684977 0.00571139 -0.04407617
v 0.00690552 0.00547909 -0.04419075
v 0.00685974 0.00546990 -0.04422107
v 0.00689320 0.00549458 -0.04419075
v 0.00688497 0.00536691 -0.04424671
v 0.00685747 0.00574217 -0.04403222
v 0.00688083 0.00551006 -0.04419075
v 0.00683506 0.00550071 -0.04422107
v 0.00686402 0.00564665 -0.04411772
v 0.00686088 0.00539766 -0.04424671
v 0.00682510 0.00578061 -0.04403222
v 0.00678514 0.00578803 -0.04407617
v 0.00683836 0.00567770 -0.04411772
v 0.00682351 0.00564135 -0.04415612
v 0.00683661 0.00542838 -0.04424671
v 0.00683088 0.00557187 -0.04419075
v 0.00678514 0.00556218 -0.04422107
v 0.00682440 0.00544371 -0.04424671
v 0.00679243 0.00581896 -0.04403222
v 0.00675237 0.00582622 -0.04407617
v 0.00680641 0.00571596 -0.04411772
v 0.00681215 0.00545904 -0.04424671
v 0.00677598 0.00583811 -0.04403222
v 0.00680561 0.00560270 -0.04419075
v 0.00676260 0.00585360 -0.04403222
v 0.00672561 0.00585709 -0.04407617
v 0.00678749 0.00548967 -0.04424671
v 0.00677415 0.00564070 -0.04419075
v 0.00672243 0.00563780 -0.04422107
v 0.00673570 0.00588454 -0.04403222
v 0.00676264 0.00552025 -0.04424671
v 0.00674163 0.00579223 -0.04411772
v 0.00670860 0.00591542 -0.04403222
v 0.00667150 0.00591865 -0.04407617
v 0.00672524 0.00581124 -0.04411772
v 0.00669489 0.00579341 -0.04415612
v 0.00673171 0.00555793 -0.04424671
v 0.00671192 0.00582662 -0.04411772
v 0.00671034 0.00571647 -0.04419075
v 0.00665855 0.00571310 -0.04422107
v 0.00668512 0.00585735 -0.04411772
v 0.00665379 0.00597699 -0.04403222
v 0.00661659 0.00597997 -0.04407617
v 0.00667799 0.00575423 -0.04419075
v 0.00662617 0.00575063 -0.04422107
v 0.00662609 0.00600769 -0.04403222
v 0.00666895 0.00563308 -0.04424671
v 0.00666170 0.00577307 -0.04419075
v 0.00664845 0.00578832 -0.04419075
v 0.00659972 0.00578096 -0.04422107
v 0.00663093 0.00591863 -0.04411772
v 0.00659162 0.00604549 -0.04403222
v 0.00654772 0.00605531 -0.04407617
v 0.00663713 0.00567053 -0.04424671
v 0.00660354 0.00594917 -0.04411772
v 0.00658720 0.00591557 -0.04415612
v 0.00655685 0.00608318 -0.04403222
v 0.00651282 0.00609282 -0.04407617
v 0.00660502 0.00570790 -0.04424671
v 0.00659498 0.00584918 -0.04419075
v 0.00654625 0.00584145 -0.04422107
v 0.00653935 0.00610199 -0.04403222
v 0.00656945 0.00598679 -0.04411772
v 0.00658886 0.00572656 -0.04424671
v 0.00657571 0.00574165 -0.04424671
v 0.00656795 0.00587951 -0.04419075
v 0.00651084 0.00613241 -0.04403222
v 0.00645566 0.00615336 -0.04407617
v 0.00654927 0.00577179 -0.04424671
v 0.00653431 0.00591688 -0.04419075
v 0.00647915 0.00591579 -0.04422107
v 0.00650038 0.00606173 -0.04411772
v 0.00652263 0.00580188 -0.04424671
v 0.00645321 0.00619301 -0.04403222
v 0.00639769 0.00621360 -0.04407617
v 0.00648292 0.00608039 -0.04411772
v 0.00644991 0.00606496 -0.04415612
v 0.00648948 0.00583893 -0.04424671
v 0.00642410 0.00622321 -0.04403222
v 0.00645447 0.00611058 -0.04411772
v 0.00646613 0.00599131 -0.04419075
v 0.00641086 0.00598972 -0.04422107
v 0.00639479 0.00625332 -0.04403222
v 0.00636841 0.00624361 -0.04407617
v 0.00638006 0.00626835 -0.04403222
v 0.00643159 0.00602837 -0.04419075
v 0.00637627 0.00602653 -0.04422107
v 0.00636181 0.00628687 -0.04403222
v 0.00633198 0.00628055 -0.04407617
v 0.00639699 0.00617073 -0.04411772
v 0.00641421 0.00604686 -0.04419075
v 0.00642229 0.00591275 -0.04424671
v 0.00636796 0.00620069 -0.04411772
v 0.00638589 0.00607676 -0.04419075
v 0.00631960 0.00608593 -0.04422107
v 0.00632507 0.00632383 -0.04403222
v 0.00625823 0.00635405 -0.04407617
v 0.00638825 0.00594951 -0.04424671
v 0.00635336 0.00621564 -0.04411772
v 0.00633519 0.00618470 -0.04415612
v 0.00633528 0.00623407 -0.04411772
v 0.00628803 0.00636067 -0.04403222
v 0.00635392 0.00598617 -0.04424671
v 0.00632867 0.00613633 -0.04419075
v 0.00629097 0.00611552 -0.04422107
v 0.00633664 0.00600446 -0.04424671
v 0.00625780 0.00639040 -0.04403222
v 0.00619759 0.00641320 -0.04407617
v 0.00631424 0.00615118 -0.04419075
v 0.00629636 0.00616948 -0.04419075
v 0.00625536 0.00615194 -0.04422107
v 0.00630849 0.00603402 -0.04424671
v 0.00626219 0.00630749 -0.04411772
v 0.00628015 0.00606352 -0.04424671
v 0.00619675 0.00644962 -0.04403222
v 0.00613616 0.00647200 -0.04407617
v 0.00626037 0.00620599 -0.04419075
v 0.00618323 0.00622443 -0.04422107
v 0.00626590 0.00607824 -0.04424671
v 0.00622518 0.00634401 -0.04411772
v 0.00624825 0.00609638 -0.04424671
v 0.00616593 0.00647910 -0.04403222
v 0.00619499 0.00637350 -0.04411772
v 0.00618918 0.00633081 -0.04415612
v 0.00613490 0.00650848 -0.04403222
v 0.00610515 0.00650127 -0.04407617
v 0.00621272 0.00613259 -0.04424671
v 0.00618749 0.00627865 -0.04419075
v 0.00610992 0.00629641 -0.04422107
v 0.00611932 0.00652314 -0.04403222
v 0.00610000 0.00654120 -0.04403222
v 0.00606659 0.00653726 -0.04407617
v 0.00613401 0.00643221 -0.04411772
v 0.00617689 0.00616867 -0.04424671
v 0.00615061 0.00631479 -0.04419075
v 0.00606115 0.00657722 -0.04403222
v 0.00598855 0.00660882 -0.04407617
v 0.00610322 0.00646143 -0.04411772
v 0.00612051 0.00634397 -0.04419075
v 0.00604965 0.00635433 -0.04422107
v 0.00608776 0.00647600 -0.04411772
v 0.00606739 0.00644763 -0.04415612
v 0.00606859 0.00649397 -0.04411772
v 0.00602200 0.00661309 -0.04403222
v 0.00610435 0.00624047 -0.04424671
v 0.00605972 0.00640206 -0.04419075
v 0.00601923 0.00638316 -0.04422107
v 0.00606763 0.00627617 -0.04424671
v 0.00604440 0.00641652 -0.04419075
v 0.00595792 0.00667087 -0.04403222
v 0.00592446 0.00666634 -0.04407617
v 0.00602542 0.00643435 -0.04419075
v 0.00598140 0.00641862 -0.04422107
v 0.00599118 0.00656545 -0.04411772
v 0.00603767 0.00630500 -0.04424671
v 0.00592559 0.00669961 -0.04403222
v 0.00598724 0.00646990 -0.04419075
v 0.00590484 0.00648912 -0.04422107
v 0.00600752 0.00633374 -0.04424671
v 0.00595202 0.00660097 -0.04411772
v 0.00599237 0.00634807 -0.04424671
v 0.00589305 0.00672825 -0.04403222
v 0.00585958 0.00672344 -0.04407617
v 0.00592008 0.00662963 -0.04411772
v 0.00591267 0.00658980 -0.04415612
v 0.00597360 0.00636574 -0.04424671
v 0.00586032 0.00675678 -0.04403222
v 0.00582684 0.00675183 -0.04407617
v 0.00584388 0.00677100 -0.04403222
v 0.00575647 0.00678610 -0.04410418
v 0.00588794 0.00665819 -0.04411772
v 0.00593583 0.00640097 -0.04424671
v 0.00590997 0.00654055 -0.04419075
v 0.00582710 0.00655902 -0.04422107
v 0.00589777 0.00643605 -0.04424671
v 0.00587088 0.00657566 -0.04419075
v 0.00582308 0.00671499 -0.04411772
v 0.00580674 0.00672913 -0.04411772
v 0.00578384 0.00670316 -0.04415612
v 0.00580694 0.00663220 -0.04419075
v 0.00576325 0.00661519 -0.04422107
v 0.00582076 0.00650578 -0.04424671
v 0.00577467 0.00666031 -0.04419075
v 0.00573104 0.00664312 -0.04422107
v 0.00575846 0.00667433 -0.04419075
v 0.00563558 0.00676080 -0.04420135
v 0.00570515 0.00684247 -0.04409033
v 0.00568449 0.00681828 -0.04413090
v 0.00561103 0.00684846 -0.04415612
v 0.00558102 0.00693111 -0.04410418
v 0.00578182 0.00654042 -0.04424671
v 0.00575005 0.00656836 -0.04424671
v 0.00571810 0.00659620 -0.04424671
v 0.00570204 0.00661008 -0.04424671
v 0.00566118 0.00679092 -0.04416811
v 0.00559938 0.00695330 -0.04406175
v 0.00560812 0.00672844 -0.04423015
v 0.00555987 0.00690546 -0.04414371
v 0.00553624 0.00687672 -0.04417966
v 0.00548945 0.00706139 -0.04403222
v 0.00547341 0.00704139 -0.04407617
v 0.00545438 0.00708852 -0.04403222
v 0.00541875 0.00710572 -0.04404709
v 0.00551050 0.00684535 -0.04421146
v 0.00545449 0.00701768 -0.04411772
v 0.00510031 0.00737264 -0.04398662
v 0.00515473 0.00725374 -0.04410418
v 0.00504714 0.00738402 -0.04403222
v 0.00502638 0.00739817 -0.04403222
v 0.00500081 0.00738452 -0.04407617
v 0.00498469 0.00742632 -0.04403222
v 0.00491732 0.00744038 -0.04407617
v 0.00503457 0.00732479 -0.04411772
v 0.00501399 0.00733889 -0.04411772
v 0.00494278 0.00745428 -0.04403222
v 0.00490485 0.00747929 -0.04403222
v 0.00484140 0.00749000 -0.04407617
v 0.00501201 0.00725164 -0.04419075
v 0.00499165 0.00726567 -0.04419075
v 0.00495721 0.00723892 -0.04422107
v 0.00493112 0.00739482 -0.04411772
v 0.00482846 0.00752883 -0.04403222
v 0.00476475 0.00753899 -0.04407617
v 0.00495078 0.00729358 -0.04419075
v 0.00487549 0.00729421 -0.04422107
v 0.00488934 0.00742251 -0.04411772
v 0.00498197 0.00716843 -0.04424671
v 0.00496186 0.00718236 -0.04424671
v 0.00478999 0.00755337 -0.04403222
v 0.00485155 0.00744727 -0.04411772
v 0.00485906 0.00740099 -0.04415612
v 0.00475133 0.00757774 -0.04403222
v 0.00472615 0.00756325 -0.04407617
v 0.00492149 0.00721009 -0.04424671
v 0.00486834 0.00734886 -0.04419075
v 0.00479287 0.00734875 -0.04422107
v 0.00473194 0.00758987 -0.04403222
v 0.00471250 0.00760195 -0.04403222
v 0.00468738 0.00758734 -0.04407617
v 0.00477541 0.00749632 -0.04411772
v 0.00488088 0.00723764 -0.04424671
v 0.00482679 0.00737622 -0.04419075
v 0.00467348 0.00762600 -0.04403222
v 0.00473707 0.00752060 -0.04411772
v 0.00478919 0.00740069 -0.04419075
v 0.00471776 0.00739720 -0.04422107
v 0.00471784 0.00753269 -0.04411772
v 0.00470717 0.00749851 -0.04415612
v 0.00463429 0.00764989 -0.04403222
v 0.00459106 0.00770007 -0.04398662
v 0.00469855 0.00754473 -0.04411772
v 0.00479901 0.00729218 -0.04424671
v 0.00471347 0.00744914 -0.04419075
v 0.00467993 0.00742119 -0.04422107
v 0.00475774 0.00731918 -0.04424671
v 0.00469443 0.00746116 -0.04419075
v 0.00462098 0.00759249 -0.04411772
v 0.00467534 0.00747314 -0.04419075
v 0.00464192 0.00744502 -0.04422107
v 0.00472040 0.00734331 -0.04424671
v 0.00458192 0.00761613 -0.04411772
v 0.00463703 0.00749697 -0.04419075
v 0.00456538 0.00749220 -0.04422107
v 0.00468289 0.00736729 -0.04424671
v 0.00466407 0.00737922 -0.04424671
v 0.00464520 0.00739111 -0.04424671
v 0.00455987 0.00754414 -0.04419075
v 0.00460733 0.00741478 -0.04424671
v 0.00452103 0.00756748 -0.04419075
v 0.00456929 0.00743828 -0.04424671
v 0.00443773 0.00771327 -0.04410418
v 0.00438938 0.00774089 -0.04410418
v 0.00449267 0.00748480 -0.04424671
v 0.00445411 0.00750782 -0.04424671
v 0.00413550 0.00793064 -0.04403222
v 0.00428771 0.00768659 -0.04420135
v 0.00409400 0.00795214 -0.04403222
v 0.00408499 0.00789381 -0.04411772
v 0.00397879 0.00799191 -0.04406175
v 0.00396788 0.00792802 -0.04414371
v 0.00386199 0.00802827 -0.04409033
v 0.00394962 0.00785015 -0.04421146
v 0.00375008 0.00811999 -0.04403222
v 0.00372862 0.00812987 -0.04403222
v 0.00370512 0.00811242 -0.04407617
v 0.00384947 0.00795908 -0.04416811
v 0.00368559 0.00814946 -0.04403222
v 0.00361906 0.00815118 -0.04407617
v 0.00374374 0.00806125 -0.04411772
v 0.00364240 0.00816886 -0.04403222
v 0.00372245 0.00807110 -0.04411772
v 0.00383046 0.00787722 -0.04423015
v 0.00359906 0.00818804 -0.04403222
v 0.00353239 0.00818910 -0.04407617
v 0.00372994 0.00798712 -0.04419075
v 0.00363689 0.00811002 -0.04411772
v 0.00370886 0.00799693 -0.04419075
v 0.00367881 0.00796506 -0.04422107
v 0.00351194 0.00822579 -0.04403222
v 0.00344514 0.00822619 -0.04407617
v 0.00359388 0.00812917 -0.04411772
v 0.00366656 0.00801641 -0.04419075
v 0.00359439 0.00800351 -0.04422107
v 0.00346816 0.00824434 -0.04403222
v 0.00371054 0.00790179 -0.04424671
v 0.00355073 0.00814811 -0.04411772
v 0.00356705 0.00810316 -0.04415612
v 0.00368968 0.00791155 -0.04424671
v 0.00342424 0.00826268 -0.04403222
v 0.00358153 0.00805476 -0.04419075
v 0.00350937 0.00804115 -0.04422107
v 0.00340222 0.00827177 -0.04403222
v 0.00364786 0.00793092 -0.04424671
v 0.00346398 0.00818536 -0.04411772
v 0.00353879 0.00807363 -0.04419075
v 0.00360589 0.00795009 -0.04424671
v 0.00342038 0.00820368 -0.04411772
v 0.00349590 0.00809229 -0.04419075
v 0.00342376 0.00807797 -0.04422107
v 0.00339853 0.00821275 -0.04411772
v 0.00352151 0.00798783 -0.04424671
v 0.00326569 0.00830883 -0.04406175
v 0.00340969 0.00812899 -0.04419075
v 0.00347909 0.00800639 -0.04424671
v 0.00338805 0.00813804 -0.04419075
v 0.00343653 0.00802475 -0.04424671
v 0.00326072 0.00824410 -0.04414371
v 0.00339383 0.00804290 -0.04424671
v 0.00337243 0.00805190 -0.04424671
v 0.00312770 0.00834180 -0.04409033
v 0.00324966 0.00816481 -0.04421146
v 0.00312175 0.00827165 -0.04416811
v 0.00311046 0.00818828 -0.04423015
v 0.00279775 0.00849529 -0.04403222
v 0.00298181 0.00829550 -0.04419075
v 0.00275184 0.00851027 -0.04403222
v 0.00297063 0.00820864 -0.04424671
v 0.00275298 0.00845106 -0.04411772
v 0.00292648 0.00822448 -0.04424671
v 0.00260609 0.00853871 -0.04406175
v 0.00260644 0.00847372 -0.04414371
v 0.00245922 0.00856273 -0.04409033
v 0.00260185 0.00839373 -0.04421146
v 0.00230706 0.00864146 -0.04403222
v 0.00245906 0.00849226 -0.04416811
v 0.00228353 0.00864770 -0.04403222
v 0.00226295 0.00862660 -0.04407617
v 0.00223640 0.00866001 -0.04403222
v 0.00216880 0.00865075 -0.04407617
v 0.00231141 0.00858235 -0.04411772
v 0.00218918 0.00867207 -0.04403222
v 0.00245462 0.00840820 -0.04423015
v 0.00228805 0.00858860 -0.04411772
v 0.00214185 0.00868388 -0.04403222
v 0.00207427 0.00867391 -0.04407617
v 0.00231104 0.00850680 -0.04419075
v 0.00219437 0.00861302 -0.04411772
v 0.00228789 0.00851305 -0.04419075
v 0.00226333 0.00847662 -0.04422107
v 0.00204692 0.00870675 -0.04403222
v 0.00197937 0.00869605 -0.04407617
v 0.00214738 0.00862485 -0.04411772
v 0.00224152 0.00852538 -0.04419075
v 0.00217087 0.00850077 -0.04422107
v 0.00199931 0.00871780 -0.04403222
v 0.00230705 0.00841926 -0.04424671
v 0.00210029 0.00863644 -0.04411772
v 0.00212500 0.00859473 -0.04415612
v 0.00228414 0.00842550 -0.04424671
v 0.00195162 0.00872860 -0.04403222
v 0.00214849 0.00854930 -0.04419075
v 0.00207802 0.00852394 -0.04422107
v 0.00192774 0.00873391 -0.04403222
v 0.00223826 0.00843781 -0.04424671
v 0.00200584 0.00865886 -0.04411772
v 0.00210183 0.00856089 -0.04419075
v 0.00219229 0.00844987 -0.04424671
v 0.00195848 0.00866970 -0.04411772
v 0.00205507 0.00857223 -0.04419075
v 0.00198481 0.00854613 -0.04422107
v 0.00193477 0.00867502 -0.04411772
v 0.00210004 0.00847327 -0.04424671
v 0.00180595 0.00874299 -0.04406175
v 0.00196129 0.00859417 -0.04419075
v 0.00205377 0.00848460 -0.04424671
v 0.00193779 0.00859950 -0.04419075
v 0.00200742 0.00849568 -0.04424671
v 0.00181253 0.00867826 -0.04414371
v 0.00196097 0.00850653 -0.04424671
v 0.00193772 0.00851185 -0.04424671
v 0.00168371 0.00874832 -0.04409033
v 0.00181557 0.00859814 -0.04421146
v 0.00169005 0.00867809 -0.04416811
v 0.00169335 0.00859392 -0.04423015
v 0.00156748 0.00867465 -0.04419075
v 0.00157125 0.00858706 -0.04424671
v 0.00127324 0.00881742 -0.04409033
v 0.00152406 0.00859556 -0.04424671
v 0.00135242 0.00871077 -0.04419075
v 0.00115278 0.00885282 -0.04406175
v 0.00123474 0.00875448 -0.04416811
v 0.00103121 0.00888448 -0.04403222
v 0.00135839 0.00862329 -0.04424671
v 0.00098217 0.00889003 -0.04403222
v 0.00091577 0.00887134 -0.04407617
v 0.00131091 0.00863064 -0.04424671
v 0.00111578 0.00879503 -0.04414371
v 0.00088395 0.00890033 -0.04403222
v 0.00081773 0.00888091 -0.04407617
v 0.00119472 0.00867730 -0.04423015
v 0.00099563 0.00883222 -0.04411772
v 0.00083478 0.00890508 -0.04403222
v 0.00094687 0.00883758 -0.04411772
v 0.00107725 0.00872146 -0.04421146
v 0.00078557 0.00890956 -0.04403222
v 0.00076865 0.00888529 -0.04407617
v 0.00076096 0.00891169 -0.04403222
v 0.00073633 0.00891376 -0.04403222
v 0.00071954 0.00888941 -0.04407617
v 0.00084922 0.00884749 -0.04411772
v 0.00095855 0.00876286 -0.04419075
v 0.00068705 0.00891769 -0.04403222
v 0.00062121 0.00889682 -0.04407617
v 0.00080033 0.00885205 -0.04411772
v 0.00091016 0.00876802 -0.04419075
v 0.00084325 0.00873297 -0.04422107
v 0.00077588 0.00885423 -0.04411772
v 0.00078265 0.00881887 -0.04415612
v 0.00063774 0.00892136 -0.04403222
v 0.00075141 0.00885634 -0.04411772
v 0.00058840 0.00892475 -0.04403222
v 0.00052278 0.00890314 -0.04407617
v 0.00081326 0.00877753 -0.04419075
v 0.00079500 0.00873749 -0.04422107
v 0.00092061 0.00868095 -0.04424671
v 0.00078901 0.00877975 -0.04419075
v 0.00065347 0.00886410 -0.04411772
v 0.00076476 0.00878189 -0.04419075
v 0.00074672 0.00874175 -0.04422107
v 0.00087267 0.00868590 -0.04424671
v 0.00048965 0.00893071 -0.04403222
v 0.00042424 0.00890838 -0.04407617
v 0.00060445 0.00886758 -0.04411772
v 0.00071622 0.00878598 -0.04419075
v 0.00065004 0.00874947 -0.04422107
v 0.00082468 0.00869058 -0.04424671
v 0.00044024 0.00893328 -0.04403222
v 0.00080068 0.00869283 -0.04424671
v 0.00055540 0.00887079 -0.04411772
v 0.00058749 0.00883402 -0.04415612
v 0.00077666 0.00869501 -0.04424671
v 0.00039080 0.00893558 -0.04403222
v 0.00061904 0.00879337 -0.04419075
v 0.00055324 0.00875612 -0.04422107
v 0.00036608 0.00893663 -0.04403222
v 0.00072861 0.00869917 -0.04424671
v 0.00045723 0.00887639 -0.04411772
v 0.00057041 0.00879665 -0.04419075
v 0.00068052 0.00870306 -0.04424671
v 0.00040812 0.00887878 -0.04411772
v 0.00052175 0.00879967 -0.04419075
v 0.00045635 0.00876171 -0.04422107
v 0.00038355 0.00887988 -0.04411772
v 0.00058425 0.00871005 -0.04424671
v 0.00042436 0.00880491 -0.04419075
v 0.00053607 0.00871315 -0.04424671
v 0.00040000 0.00880605 -0.04419075
v 0.00048787 0.00871598 -0.04424671
v 0.00043965 0.00871855 -0.04424671
v 0.00041553 0.00871973 -0.04424671
v 0.00014777 0.00889754 -0.04410418
v 0.00024371 0.00879822 -0.04420135
v 0.00035583 0.00867673 -0.04426746
v -0.00036734 0.00895734 -0.04398662
v -0.00024640 0.00889535 -0.04410418
v -0.00014617 0.00880038 -0.04420135
v -0.00042574 0.00893398 -0.04403222
v -0.00045045 0.00893277 -0.04403222
v -0.00046389 0.00890641 -0.04407617
v -0.00049986 0.00893014 -0.04403222
v -0.00056239 0.00890073 -0.04407617
v -0.00040332 0.00887900 -0.04411772
v -0.00054925 0.00892724 -0.04403222
v -0.00042788 0.00887785 -0.04411772
v -0.00059861 0.00892407 -0.04403222
v -0.00066078 0.00889397 -0.04407617
v -0.00038041 0.00880692 -0.04419075
v -0.00052607 0.00887257 -0.04411772
v -0.00040477 0.00880583 -0.04419075
v -0.00041735 0.00876365 -0.04422107
v -0.00069724 0.00891690 -0.04403222
v -0.00075905 0.00888612 -0.04407617
v -0.00057514 0.00886953 -0.04411772
v -0.00045348 0.00880346 -0.04419075
v -0.00051429 0.00875850 -0.04422107
v -0.00074651 0.00891291 -0.04403222
v -0.00035730 0.00872231 -0.04424671
v -0.00062417 0.00886621 -0.04411772
v -0.00058750 0.00883402 -0.04415612
v -0.00038143 0.00872129 -0.04424671
v -0.00079575 0.00890865 -0.04403222
v -0.00080814 0.00888179 -0.04407617
v -0.00055084 0.00879790 -0.04419075
v -0.00061112 0.00875227 -0.04422107
v -0.00082036 0.00890642 -0.04403222
v -0.00042968 0.00871905 -0.04424671
v -0.00084495 0.00890412 -0.04403222
v -0.00085719 0.00887719 -0.04407617
v -0.00072215 0.00885877 -0.04411772
v -0.00059948 0.00879472 -0.04419075
v -0.00047791 0.00871654 -0.04424671
v -0.00089411 0.00889932 -0.04403222
v -0.00077110 0.00885465 -0.04411772
v -0.00064810 0.00879127 -0.04419075
v -0.00070785 0.00874498 -0.04422107
v -0.00079555 0.00885248 -0.04411772
v -0.00078266 0.00881887 -0.04415612
v -0.00094323 0.00889425 -0.04403222
v -0.00082000 0.00885025 -0.04411772
v -0.00057430 0.00871072 -0.04424671
v -0.00074524 0.00878357 -0.04419075
v -0.00075617 0.00874094 -0.04422107
v -0.00062245 0.00870741 -0.04424671
v -0.00076951 0.00878148 -0.04419075
v -0.00091770 0.00884065 -0.04411772
v -0.00079376 0.00877932 -0.04419075
v -0.00080445 0.00873663 -0.04422107
v -0.00067058 0.00870383 -0.04424671
v -0.00096649 0.00883545 -0.04411772
v -0.00084224 0.00877480 -0.04419075
v -0.00090090 0.00872721 -0.04422107
v -0.00071868 0.00869999 -0.04424671
v -0.00074271 0.00869798 -0.04424671
v -0.00076674 0.00869589 -0.04424671
v -0.00109211 0.00884168 -0.04409033
v -0.00093909 0.00876496 -0.04419075
v -0.00081477 0.00869152 -0.04424671
v -0.00098746 0.00875965 -0.04419075
v -0.00121770 0.00884412 -0.04406175
v -0.00086276 0.00868689 -0.04424671
v -0.00111272 0.00877082 -0.04416811
v -0.00134313 0.00884270 -0.04403222
v -0.00095862 0.00867683 -0.04424671
v -0.00139177 0.00883517 -0.04403222
v -0.00100649 0.00867141 -0.04424671
v -0.00123815 0.00877864 -0.04414371
v -0.00113104 0.00868583 -0.04423015
v -0.00136363 0.00878293 -0.04411772
v -0.00156151 0.00880676 -0.04403222
v -0.00125593 0.00869753 -0.04421146
v -0.00160986 0.00879805 -0.04403222
v -0.00158047 0.00874651 -0.04411772
v -0.00172591 0.00875914 -0.04406175
v -0.00169472 0.00870204 -0.04414371
v -0.00184060 0.00871667 -0.04409033
v -0.00166082 0.00862937 -0.04421146
v -0.00198533 0.00872100 -0.04403222
v -0.00200916 0.00871554 -0.04403222
v -0.00201759 0.00868727 -0.04407617
v -0.00180754 0.00865438 -0.04416811
v -0.00205675 0.00870443 -0.04403222
v -0.00211235 0.00866471 -0.04407617
v -0.00195385 0.00867074 -0.04411772
v -0.00210424 0.00869307 -0.04403222
v -0.00197754 0.00866537 -0.04411772
v -0.00177189 0.00857807 -0.04423015
v -0.00215164 0.00868146 -0.04403222
v -0.00220672 0.00864116 -0.04407617
v -0.00191887 0.00860375 -0.04419075
v -0.00207210 0.00864325 -0.04411772
v -0.00194239 0.00859847 -0.04419075
v -0.00194722 0.00855477 -0.04422107
v -0.00224616 0.00865749 -0.04403222
v -0.00230071 0.00861661 -0.04407617
v -0.00211924 0.00863181 -0.04411772
v -0.00198936 0.00858772 -0.04419075
v -0.00204058 0.00853299 -0.04422107
v -0.00229326 0.00864513 -0.04403222
v -0.00188151 0.00852445 -0.04424671
v -0.00216629 0.00862012 -0.04411772
v -0.00212501 0.00859473 -0.04415612
v -0.00190482 0.00851928 -0.04424671
v -0.00234027 0.00863252 -0.04403222
v -0.00208304 0.00856548 -0.04419075
v -0.00213357 0.00851021 -0.04422107
v -0.00236374 0.00862613 -0.04403222
v -0.00195137 0.00850873 -0.04424671
v -0.00226010 0.00859601 -0.04411772
v -0.00212974 0.00855399 -0.04419075
v -0.00199783 0.00849794 -0.04424671
v -0.00230685 0.00858358 -0.04411772
v -0.00217634 0.00854225 -0.04419075
v -0.00222619 0.00848645 -0.04422107
v -0.00233019 0.00857727 -0.04411772
v -0.00209049 0.00847563 -0.04424671
v -0.00226926 0.00851804 -0.04419075
v -0.00250182 0.00856985 -0.04406175
v -0.00213668 0.00846410 -0.04424671
v -0.00229243 0.00851183 -0.04419075
v -0.00218278 0.00845233 -0.04424671
v -0.00222878 0.00844032 -0.04424671
v -0.00246586 0.00851570 -0.04414371
v -0.00225174 0.00843422 -0.04424671
v -0.00263772 0.00850944 -0.04409033
v -0.00242579 0.00844630 -0.04421146
v -0.00259927 0.00845040 -0.04416811
v -0.00255694 0.00837765 -0.04423015
v -0.00299839 0.00842657 -0.04403222
v -0.00273037 0.00838163 -0.04419075
v -0.00304362 0.00841033 -0.04403222
v -0.00268585 0.00830618 -0.04424671
v -0.00300651 0.00836422 -0.04411772
v -0.00273065 0.00829156 -0.04424671
v -0.00317026 0.00834571 -0.04406175
v -0.00313037 0.00829448 -0.04414371
v -0.00329446 0.00827736 -0.04409033
v -0.00308518 0.00822837 -0.04421146
v -0.00345530 0.00824975 -0.04403222
v -0.00347723 0.00824053 -0.04403222
v -0.00348031 0.00821138 -0.04407617
v -0.00325175 0.00822141 -0.04416811
v -0.00352098 0.00822193 -0.04403222
v -0.00356733 0.00817395 -0.04407617
v -0.00341612 0.00820546 -0.04411772
v -0.00356458 0.00820312 -0.04403222
v -0.00343794 0.00819634 -0.04411772
v -0.00320409 0.00815210 -0.04423015
v -0.00360804 0.00818410 -0.04403222
v -0.00365375 0.00813569 -0.04407617
v -0.00337061 0.00814527 -0.04419075
v -0.00352487 0.00815933 -0.04411772
v -0.00339229 0.00813627 -0.04419075
v -0.00338917 0.00809255 -0.04422107
v -0.00369450 0.00814543 -0.04403222
v -0.00373957 0.00809660 -0.04407617
v -0.00356811 0.00814051 -0.04411772
v -0.00343552 0.00811811 -0.04419075
v -0.00347501 0.00805606 -0.04422107
v -0.00373750 0.00812579 -0.04403222
v -0.00332063 0.00807340 -0.04424671
v -0.00361120 0.00812149 -0.04411772
v -0.00356706 0.00810316 -0.04415612
v -0.00334212 0.00806453 -0.04424671
v -0.00378035 0.00810594 -0.04403222
v -0.00352156 0.00808116 -0.04419075
v -0.00356027 0.00801875 -0.04422107
v -0.00380171 0.00809595 -0.04403222
v -0.00338499 0.00804663 -0.04424671
v -0.00369694 0.00808282 -0.04411772
v -0.00356436 0.00806237 -0.04419075
v -0.00342773 0.00802852 -0.04424671
v -0.00373958 0.00806318 -0.04411772
v -0.00360701 0.00804338 -0.04419075
v -0.00364493 0.00798062 -0.04422107
v -0.00376085 0.00805328 -0.04411772
v -0.00351276 0.00799168 -0.04424671
v -0.00390410 0.00802866 -0.04406175
v -0.00369187 0.00800479 -0.04419075
v -0.00355506 0.00797295 -0.04424671
v -0.00371299 0.00799502 -0.04419075
v -0.00359721 0.00795403 -0.04424671
v -0.00386010 0.00798105 -0.04414371
v -0.00363921 0.00793490 -0.04424671
v -0.00366015 0.00792526 -0.04424671
v -0.00400407 0.00795836 -0.04409033
v -0.00380948 0.00791910 -0.04421146
v -0.00395696 0.00790620 -0.04416811
v -0.00390375 0.00784116 -0.04423015
v -0.00405143 0.00782895 -0.04419075
v -0.00399582 0.00776143 -0.04424671
v -0.00433505 0.00777145 -0.04410418
v -0.00403633 0.00774044 -0.04424671
v -0.00456355 0.00769229 -0.04403222
v -0.00460307 0.00766871 -0.04403222
v -0.00464078 0.00761593 -0.04407617
v -0.00434146 0.00765636 -0.04420135
v -0.00438928 0.00762905 -0.04420135
v -0.00468156 0.00762105 -0.04403222
v -0.00471859 0.00756797 -0.04407617
v -0.00455849 0.00763017 -0.04411772
v -0.00472054 0.00759696 -0.04403222
v -0.00459765 0.00760664 -0.04411772
v -0.00475934 0.00757272 -0.04403222
v -0.00475722 0.00754375 -0.04407617
v -0.00477867 0.00756054 -0.04403222
v -0.00479796 0.00754831 -0.04403222
v -0.00479567 0.00751936 -0.04407617
v -0.00467545 0.00755908 -0.04411772
v -0.00454428 0.00755355 -0.04419075
v -0.00483639 0.00752374 -0.04403222
v -0.00487203 0.00747012 -0.04407617
v -0.00471407 0.00753505 -0.04411772
v -0.00458301 0.00753011 -0.04419075
v -0.00461123 0.00746408 -0.04422107
v -0.00473332 0.00752297 -0.04411772
v -0.00470718 0.00749851 -0.04415612
v -0.00487464 0.00749902 -0.04403222
v -0.00475252 0.00751086 -0.04411772
v -0.00491693 0.00747136 -0.04403222
v -0.00495601 0.00741467 -0.04407617
v -0.00465995 0.00748274 -0.04419075
v -0.00464938 0.00744037 -0.04422107
v -0.00444724 0.00745885 -0.04426746
v -0.00452315 0.00746643 -0.04424671
v -0.00467908 0.00747080 -0.04419075
v -0.00482887 0.00746200 -0.04411772
v -0.00469816 0.00745881 -0.04419075
v -0.00468735 0.00741651 -0.04422107
v -0.00456141 0.00744312 -0.04424671
v -0.00486678 0.00743733 -0.04411772
v -0.00500082 0.00741547 -0.04403222
v -0.00503908 0.00735847 -0.04407617
v -0.00473618 0.00743473 -0.04419075
v -0.00476275 0.00736832 -0.04422107
v -0.00459949 0.00741965 -0.04424671
v -0.00461846 0.00740785 -0.04424671
v -0.00490868 0.00740974 -0.04411772
v -0.00485907 0.00740099 -0.04415612
v -0.00504242 0.00738725 -0.04403222
v -0.00463739 0.00739602 -0.04424671
v -0.00481169 0.00738608 -0.04419075
v -0.00483744 0.00731950 -0.04422107
v -0.00467512 0.00737223 -0.04424671
v -0.00508378 0.00735884 -0.04403222
v -0.00510438 0.00734457 -0.04403222
v -0.00484918 0.00736153 -0.04419075
v -0.00499179 0.00735401 -0.04411772
v -0.00471267 0.00734828 -0.04424671
v -0.00489061 0.00733407 -0.04419075
v -0.00491957 0.00726455 -0.04422107
v -0.00503301 0.00732586 -0.04411772
v -0.00505353 0.00731172 -0.04411772
v -0.00478723 0.00729992 -0.04424671
v -0.00482424 0.00727552 -0.04424671
v -0.00497280 0.00727859 -0.04419075
v -0.00499321 0.00726460 -0.04419075
v -0.00486516 0.00724822 -0.04424671
v -0.00490585 0.00722074 -0.04424671
v -0.00492611 0.00720694 -0.04424671
v -0.00509845 0.00717454 -0.04420135
v -0.00494054 0.00714167 -0.04426746
v -0.00540968 0.00696002 -0.04419075
v -0.00538449 0.00692699 -0.04422107
v -0.00552008 0.00685543 -0.04420135
v -0.00558647 0.00693971 -0.04409033
v -0.00556682 0.00691469 -0.04413090
v -0.00561104 0.00684846 -0.04415612
v -0.00569780 0.00683543 -0.04410418
v -0.00530257 0.00695336 -0.04423870
v -0.00532358 0.00691853 -0.04424671
v -0.00535781 0.00689205 -0.04424671
v -0.00554457 0.00688645 -0.04416811
v -0.00571594 0.00685780 -0.04406175
v -0.00549376 0.00682214 -0.04423015
v -0.00567681 0.00680966 -0.04414371
v -0.00565327 0.00678084 -0.04417966
v -0.00569362 0.00671200 -0.04420135
v -0.00578384 0.00670316 -0.04415612
v -0.00584215 0.00677249 -0.04403222
v -0.00582569 0.00675283 -0.04407617
v -0.00585860 0.00675827 -0.04403222
v -0.00585844 0.00672444 -0.04407617
v -0.00589134 0.00672975 -0.04403222
v -0.00592388 0.00670112 -0.04403222
v -0.00592333 0.00666734 -0.04407617
v -0.00562758 0.00674943 -0.04421146
v -0.00580617 0.00672962 -0.04411772
v -0.00582251 0.00671549 -0.04411772
v -0.00596379 0.00666563 -0.04403222
v -0.00600236 0.00659629 -0.04407617
v -0.00585505 0.00668714 -0.04411772
v -0.00575904 0.00667384 -0.04419075
v -0.00573218 0.00664214 -0.04422107
v -0.00577524 0.00665982 -0.04419075
v -0.00576438 0.00661421 -0.04422107
v -0.00591952 0.00663014 -0.04411772
v -0.00604269 0.00659419 -0.04403222
v -0.00608018 0.00652462 -0.04407617
v -0.00595893 0.00659474 -0.04411772
v -0.00591268 0.00658980 -0.04415612
v -0.00608168 0.00655824 -0.04403222
v -0.00583957 0.00660348 -0.04419075
v -0.00582821 0.00655803 -0.04422107
v -0.00570374 0.00660862 -0.04424671
v -0.00571979 0.00659474 -0.04424671
v -0.00612038 0.00652215 -0.04403222
v -0.00611864 0.00648858 -0.04407617
v -0.00587144 0.00657516 -0.04419075
v -0.00575173 0.00656689 -0.04424671
v -0.00613961 0.00650405 -0.04403222
v -0.00590312 0.00654674 -0.04419075
v -0.00589127 0.00650145 -0.04422107
v -0.00615513 0.00648936 -0.04403222
v -0.00614957 0.00645927 -0.04407617
v -0.00603684 0.00652350 -0.04411772
v -0.00578349 0.00653894 -0.04424671
v -0.00618603 0.00645992 -0.04403222
v -0.00621082 0.00640039 -0.04407617
v -0.00594196 0.00651151 -0.04419075
v -0.00596803 0.00643106 -0.04422107
v -0.00607534 0.00648765 -0.04411772
v -0.00581505 0.00651089 -0.04424671
v -0.00609448 0.00646968 -0.04411772
v -0.00606739 0.00644763 -0.04415612
v -0.00621672 0.00643038 -0.04403222
v -0.00610993 0.00645509 -0.04411772
v -0.00625434 0.00639380 -0.04403222
v -0.00628535 0.00632722 -0.04407617
v -0.00587758 0.00645450 -0.04424671
v -0.00601873 0.00644061 -0.04419075
v -0.00600597 0.00639564 -0.04422107
v -0.00603774 0.00642280 -0.04419075
v -0.00617122 0.00639653 -0.04411772
v -0.00605308 0.00640834 -0.04419075
v -0.00603648 0.00636686 -0.04422107
v -0.00591580 0.00641949 -0.04424671
v -0.00620157 0.00636711 -0.04411772
v -0.00632867 0.00632024 -0.04403222
v -0.00635867 0.00625354 -0.04407617
v -0.00608362 0.00637936 -0.04419075
v -0.00609691 0.00630901 -0.04422107
v -0.00595372 0.00638433 -0.04424671
v -0.00597257 0.00636670 -0.04424671
v -0.00623876 0.00633067 -0.04411772
v -0.00618919 0.00633081 -0.04415612
v -0.00636537 0.00628327 -0.04403222
v -0.00598778 0.00635240 -0.04424671
v -0.00614410 0.00632113 -0.04419075
v -0.00615656 0.00625082 -0.04422107
v -0.00601806 0.00632372 -0.04424671
v -0.00640178 0.00624617 -0.04403222
v -0.00639487 0.00621651 -0.04407617
v -0.00617404 0.00629189 -0.04419075
v -0.00641986 0.00622758 -0.04403222
v -0.00631224 0.00625741 -0.04411772
v -0.00604815 0.00629495 -0.04424671
v -0.00643446 0.00621250 -0.04403222
v -0.00642397 0.00618644 -0.04407617
v -0.00621074 0.00625567 -0.04419075
v -0.00622912 0.00617851 -0.04422107
v -0.00646350 0.00618228 -0.04403222
v -0.00648158 0.00612606 -0.04407617
v -0.00634852 0.00622059 -0.04411772
v -0.00636655 0.00620214 -0.04411772
v -0.00633519 0.00618470 -0.04415612
v -0.00610774 0.00623715 -0.04424671
v -0.00649234 0.00615199 -0.04403222
v -0.00638110 0.00618717 -0.04411772
v -0.00651004 0.00613325 -0.04403222
v -0.00651674 0.00608864 -0.04407617
v -0.00613724 0.00620812 -0.04424671
v -0.00628323 0.00618285 -0.04419075
v -0.00626495 0.00614218 -0.04422107
v -0.00630117 0.00616457 -0.04419075
v -0.00654522 0.00609570 -0.04403222
v -0.00617339 0.00617218 -0.04424671
v -0.00643880 0.00612710 -0.04411772
v -0.00631564 0.00614974 -0.04419075
v -0.00629376 0.00611266 -0.04422107
v -0.00658010 0.00605804 -0.04403222
v -0.00658615 0.00601348 -0.04407617
v -0.00646735 0.00609696 -0.04411772
v -0.00634444 0.00612003 -0.04419075
v -0.00635078 0.00605339 -0.04422107
v -0.00620925 0.00613611 -0.04424671
v -0.00648487 0.00607831 -0.04411772
v -0.00644992 0.00606496 -0.04415612
v -0.00622706 0.00611802 -0.04424671
v -0.00624144 0.00610336 -0.04424671
v -0.00651970 0.00604094 -0.04411772
v -0.00640145 0.00606037 -0.04419075
v -0.00640702 0.00599383 -0.04422107
v -0.00627005 0.00607396 -0.04424671
v -0.00664894 0.00598240 -0.04403222
v -0.00665436 0.00593792 -0.04407617
v -0.00642966 0.00603044 -0.04419075
v -0.00629846 0.00604450 -0.04424671
v -0.00668290 0.00594443 -0.04403222
v -0.00644697 0.00601192 -0.04419075
v -0.00644134 0.00595693 -0.04422107
v -0.00658844 0.00596590 -0.04411772
v -0.00671019 0.00591361 -0.04403222
v -0.00670872 0.00587643 -0.04407617
v -0.00635470 0.00598534 -0.04424671
v -0.00662236 0.00592822 -0.04411772
v -0.00658721 0.00591557 -0.04415612
v -0.00673728 0.00588273 -0.04403222
v -0.00673560 0.00584560 -0.04407617
v -0.00675075 0.00586726 -0.04403222
v -0.00651548 0.00593760 -0.04419075
v -0.00650910 0.00588282 -0.04422107
v -0.00638253 0.00595566 -0.04424671
v -0.00664962 0.00589763 -0.04411772
v -0.00676732 0.00584815 -0.04403222
v -0.00676852 0.00580745 -0.04407617
v -0.00639961 0.00593730 -0.04424671
v -0.00654929 0.00590029 -0.04419075
v -0.00680022 0.00580986 -0.04403222
v -0.00643355 0.00590050 -0.04424671
v -0.00657646 0.00587000 -0.04419075
v -0.00656312 0.00582249 -0.04422107
v -0.00670353 0.00583627 -0.04411772
v -0.00671689 0.00582090 -0.04411772
v -0.00669489 0.00579341 -0.04415612
v -0.00683282 0.00577149 -0.04403222
v -0.00683346 0.00573090 -0.04407617
v -0.00646719 0.00586361 -0.04424671
v -0.00673331 0.00580189 -0.04411772
v -0.00649423 0.00583365 -0.04424671
v -0.00663020 0.00580923 -0.04419075
v -0.00661635 0.00576193 -0.04422107
v -0.00676593 0.00576382 -0.04411772
v -0.00665678 0.00577875 -0.04419075
v -0.00664268 0.00573156 -0.04422107
v -0.00689711 0.00569450 -0.04403222
v -0.00689719 0.00565403 -0.04407617
v -0.00666999 0.00576349 -0.04419075
v -0.00654772 0.00577355 -0.04424671
v -0.00668624 0.00574463 -0.04419075
v -0.00667491 0.00569399 -0.04422107
v -0.00692881 0.00565588 -0.04403222
v -0.00657417 0.00574341 -0.04424671
v -0.00683027 0.00568743 -0.04411772
v -0.00695427 0.00562455 -0.04403222
v -0.00694795 0.00559155 -0.04407617
v -0.00660043 0.00571322 -0.04424671
v -0.00686199 0.00564912 -0.04411772
v -0.00682351 0.00564135 -0.04415612
v -0.00661349 0.00569810 -0.04424671
v -0.00697953 0.00559318 -0.04403222
v -0.00697303 0.00556024 -0.04407617
v -0.00675049 0.00566899 -0.04419075
v -0.00673849 0.00561860 -0.04422107
v -0.00662954 0.00567941 -0.04424671
v -0.00699209 0.00557747 -0.04403222
v -0.00688747 0.00561803 -0.04411772
v -0.00700460 0.00556176 -0.04403222
v -0.00699792 0.00552888 -0.04407617
v -0.00678218 0.00563105 -0.04419075
v -0.00666143 0.00564198 -0.04424671
v -0.00702947 0.00553029 -0.04403222
v -0.00680762 0.00560026 -0.04419075
v -0.00678913 0.00555731 -0.04422107
v -0.00693784 0.00555571 -0.04411772
v -0.00669302 0.00560446 -0.04424671
v -0.00705414 0.00549878 -0.04403222
v -0.00704711 0.00546604 -0.04407617
v -0.00695031 0.00554010 -0.04411772
v -0.00692422 0.00551728 -0.04415612
v -0.00696273 0.00552448 -0.04411772
v -0.00671840 0.00557402 -0.04424671
v -0.00708433 0.00545982 -0.04403222
v -0.00710677 0.00538824 -0.04407617
v -0.00685793 0.00553854 -0.04419075
v -0.00683899 0.00549583 -0.04422107
v -0.00698743 0.00549320 -0.04411772
v -0.00688280 0.00550761 -0.04419075
v -0.00686364 0.00546502 -0.04422107
v -0.00689516 0.00549212 -0.04419075
v -0.00676857 0.00551298 -0.04424671
v -0.00690747 0.00547663 -0.04419075
v -0.00688809 0.00543416 -0.04422107
v -0.00703625 0.00543054 -0.04411772
v -0.00714384 0.00538174 -0.04403222
v -0.00716526 0.00531022 -0.04407617
v -0.00679338 0.00548239 -0.04424671
v -0.00706600 0.00539177 -0.04411772
v -0.00702183 0.00539251 -0.04415612
v -0.00717315 0.00534261 -0.04403222
v -0.00681798 0.00545175 -0.04424671
v -0.00695624 0.00541455 -0.04419075
v -0.00693642 0.00537233 -0.04422107
v -0.00683022 0.00543642 -0.04424671
v -0.00684240 0.00542108 -0.04424671
v -0.00720216 0.00530343 -0.04403222
v -0.00719407 0.00527113 -0.04407617
v -0.00698034 0.00538345 -0.04419075
v -0.00721656 0.00528382 -0.04403222
v -0.00686663 0.00539035 -0.04424671
v -0.00722817 0.00526793 -0.04403222
v -0.00721718 0.00523944 -0.04407617
v -0.00700424 0.00535231 -0.04419075
v -0.00698400 0.00531035 -0.04422107
v -0.00712461 0.00531407 -0.04411772
v -0.00689067 0.00535959 -0.04424671
v -0.00725124 0.00523612 -0.04403222
v -0.00726285 0.00517595 -0.04407617
v -0.00703349 0.00531381 -0.04419075
v -0.00704168 0.00523362 -0.04422107
v -0.00715348 0.00527515 -0.04411772
v -0.00691452 0.00532879 -0.04424671
v -0.00716781 0.00525566 -0.04411772
v -0.00713810 0.00523763 -0.04415612
v -0.00727412 0.00520429 -0.04403222
v -0.00717936 0.00523987 -0.04411772
v -0.00730211 0.00516495 -0.04403222
v -0.00731817 0.00509743 -0.04407617
v -0.00696165 0.00526707 -0.04424671
v -0.00709112 0.00523666 -0.04419075
v -0.00707009 0.00519517 -0.04422107
v -0.00710535 0.00521734 -0.04419075
v -0.00722509 0.00517664 -0.04411772
v -0.00711682 0.00520169 -0.04419075
v -0.00709289 0.00516400 -0.04422107
v -0.00699036 0.00522890 -0.04424671
v -0.00724767 0.00514498 -0.04411772
v -0.00735722 0.00508615 -0.04403222
v -0.00737235 0.00501876 -0.04407617
v -0.00713962 0.00517035 -0.04419075
v -0.00713793 0.00510157 -0.04422107
v -0.00701879 0.00519068 -0.04424671
v -0.00727528 0.00510586 -0.04411772
v -0.00722888 0.00511161 -0.04415612
v -0.00703289 0.00517155 -0.04424671
v -0.00738434 0.00504669 -0.04403222
v -0.00704427 0.00515605 -0.04424671
v -0.00718465 0.00510758 -0.04419075
v -0.00718221 0.00503902 -0.04422107
v -0.00741117 0.00500720 -0.04403222
v -0.00739901 0.00497937 -0.04407617
v -0.00706688 0.00512502 -0.04424671
v -0.00742448 0.00498745 -0.04403222
v -0.00720689 0.00507616 -0.04419075
v -0.00732965 0.00502750 -0.04411772
v -0.00708930 0.00509396 -0.04424671
v -0.00743521 0.00497144 -0.04403222
v -0.00742039 0.00494745 -0.04407617
v -0.00723408 0.00503734 -0.04419075
v -0.00723587 0.00496167 -0.04422107
v -0.00745652 0.00493941 -0.04403222
v -0.00746260 0.00488355 -0.04407617
v -0.00735641 0.00498827 -0.04411772
v -0.00736968 0.00496864 -0.04411772
v -0.00733680 0.00495546 -0.04415612
v -0.00713358 0.00503176 -0.04424671
v -0.00747765 0.00490737 -0.04403222
v -0.00738037 0.00495274 -0.04411772
v -0.00749060 0.00488758 -0.04403222
v -0.00748829 0.00484407 -0.04407617
v -0.00715544 0.00500062 -0.04424671
v -0.00728761 0.00495957 -0.04419075
v -0.00726227 0.00492295 -0.04422107
v -0.00751629 0.00484798 -0.04403222
v -0.00730082 0.00494011 -0.04419075
v -0.00742270 0.00488908 -0.04411772
v -0.00718218 0.00496215 -0.04424671
v -0.00731147 0.00492434 -0.04419075
v -0.00728345 0.00489156 -0.04422107
v -0.00754169 0.00480837 -0.04403222
v -0.00753881 0.00476505 -0.04407617
v -0.00744358 0.00485722 -0.04411772
v -0.00733262 0.00489279 -0.04419075
v -0.00732526 0.00482872 -0.04422107
v -0.00720863 0.00492364 -0.04424671
v -0.00745638 0.00483755 -0.04411772
v -0.00742089 0.00482862 -0.04415612
v -0.00722176 0.00490437 -0.04424671
v -0.00723233 0.00488876 -0.04424671
v -0.00748177 0.00479819 -0.04411772
v -0.00737437 0.00482963 -0.04419075
v -0.00736634 0.00476582 -0.04422107
v -0.00725335 0.00485752 -0.04424671
v -0.00759166 0.00472908 -0.04403222
v -0.00758822 0.00468597 -0.04407617
v -0.00739497 0.00479803 -0.04419075
v -0.00727419 0.00482626 -0.04424671
v -0.00761623 0.00468941 -0.04403222
v -0.00740760 0.00477852 -0.04419075
v -0.00739133 0.00472697 -0.04422107
v -0.00753171 0.00471942 -0.04411772
v -0.00763592 0.00465728 -0.04403222
v -0.00762743 0.00462188 -0.04407617
v -0.00731531 0.00476370 -0.04424671
v -0.00755626 0.00468001 -0.04411772
v -0.00752066 0.00467171 -0.04415612
v -0.00765543 0.00462513 -0.04403222
v -0.00764676 0.00458982 -0.04407617
v -0.00766512 0.00460906 -0.04403222
v -0.00745740 0.00470041 -0.04419075
v -0.00744049 0.00464920 -0.04422107
v -0.00733560 0.00473239 -0.04424671
v -0.00757594 0.00464808 -0.04411772
v -0.00767834 0.00458701 -0.04403222
v -0.00767299 0.00454584 -0.04407617
v -0.00734804 0.00471306 -0.04424671
v -0.00748189 0.00466133 -0.04419075
v -0.00770452 0.00454290 -0.04403222
v -0.00737270 0.00467439 -0.04424671
v -0.00750153 0.00462966 -0.04419075
v -0.00747951 0.00458617 -0.04422107
v -0.00761477 0.00458419 -0.04411772
v -0.00762436 0.00456822 -0.04411772
v -0.00759824 0.00454445 -0.04415612
v -0.00739709 0.00463569 -0.04424671
v -0.00773036 0.00449878 -0.04403222
v -0.00772443 0.00445787 -0.04407617
v -0.00763745 0.00454630 -0.04411772
v -0.00741665 0.00460434 -0.04424671
v -0.00754026 0.00456631 -0.04419075
v -0.00751781 0.00452310 -0.04422107
v -0.00766337 0.00450247 -0.04411772
v -0.00755935 0.00453463 -0.04419075
v -0.00753670 0.00449156 -0.04422107
v -0.00756884 0.00451878 -0.04419075
v -0.00778104 0.00441056 -0.04403222
v -0.00777454 0.00436990 -0.04407617
v -0.00745522 0.00454161 -0.04424671
v -0.00758177 0.00449705 -0.04419075
v -0.00756232 0.00444830 -0.04422107
v -0.00747425 0.00451024 -0.04424671
v -0.00780587 0.00436645 -0.04403222
v -0.00771422 0.00441479 -0.04411772
v -0.00749309 0.00447886 -0.04424671
v -0.00782377 0.00433429 -0.04403222
v -0.00781023 0.00430578 -0.04407617
v -0.00750245 0.00446317 -0.04424671
v -0.00773914 0.00437096 -0.04411772
v -0.00770002 0.00436978 -0.04415612
v -0.00763268 0.00441010 -0.04419075
v -0.00761256 0.00436175 -0.04422107
v -0.00751521 0.00444164 -0.04424671
v -0.00784150 0.00430215 -0.04403222
v -0.00782782 0.00427372 -0.04407617
v -0.00785029 0.00428607 -0.04403222
v -0.00775710 0.00433900 -0.04411772
v -0.00785905 0.00427001 -0.04403222
v -0.00784523 0.00424168 -0.04407617
v -0.00765763 0.00436662 -0.04419075
v -0.00754049 0.00439859 -0.04424671
v -0.00787642 0.00423787 -0.04403222
v -0.00767562 0.00433492 -0.04419075
v -0.00764837 0.00429866 -0.04422107
v -0.00779250 0.00427511 -0.04411772
v -0.00756544 0.00435553 -0.04424671
v -0.00789362 0.00420574 -0.04403222
v -0.00787953 0.00417761 -0.04407617
v -0.00780124 0.00425914 -0.04411772
v -0.00777088 0.00424248 -0.04415612
v -0.00780994 0.00424316 -0.04411772
v -0.00758343 0.00432414 -0.04424671
v -0.00771107 0.00427154 -0.04419075
v -0.00768348 0.00423558 -0.04422107
v -0.00795506 0.00413355 -0.04398662
v -0.00791951 0.00415679 -0.04403222
v -0.00782720 0.00421123 -0.04411772
v -0.00772854 0.00423986 -0.04419075
v -0.00770078 0.00420405 -0.04422107
v -0.00773721 0.00422402 -0.04419075
v -0.00761888 0.00426137 -0.04424671
v -0.00774583 0.00420818 -0.04419075
v -0.00771790 0.00417253 -0.04422107
v -0.00786122 0.00414739 -0.04411772
v -0.00763635 0.00422999 -0.04424671
v -0.00797009 0.00405897 -0.04403222
v -0.00765364 0.00419861 -0.04424671
v -0.00788668 0.00409876 -0.04411772
v -0.00783899 0.00411528 -0.04415612
v -0.00777991 0.00414484 -0.04419075
v -0.00775165 0.00410950 -0.04422107
v -0.00766223 0.00418293 -0.04424671
v -0.00767077 0.00416724 -0.04424671
v -0.00799479 0.00401010 -0.04403222
v -0.00779669 0.00411319 -0.04419075
v -0.00768772 0.00413588 -0.04424671
v -0.00781330 0.00408155 -0.04419075
v -0.00778472 0.00404651 -0.04422107
v -0.00801909 0.00396127 -0.04403222
v -0.00797989 0.00398257 -0.04407617
v -0.00800400 0.00393389 -0.04407617
v -0.00770451 0.00410452 -0.04424671
v -0.00803110 0.00393687 -0.04403222
v -0.00783830 0.00403333 -0.04419075
v -0.00772113 0.00407317 -0.04424671
v -0.00804671 0.00390486 -0.04403222
v -0.00803505 0.00387007 -0.04407617
v -0.00796071 0.00395305 -0.04411772
v -0.00793643 0.00400159 -0.04411772
v -0.00806216 0.00387288 -0.04403222
v -0.00805033 0.00383819 -0.04407617
v -0.00797271 0.00392879 -0.04411772
v -0.00793759 0.00392173 -0.04415612
v -0.00775387 0.00401051 -0.04424671
v -0.00806982 0.00385689 -0.04403222
v -0.00798831 0.00389698 -0.04411772
v -0.00808141 0.00383253 -0.04403222
v -0.00807330 0.00378963 -0.04407617
v -0.00788713 0.00393700 -0.04419075
v -0.00783383 0.00395058 -0.04422107
v -0.00785781 0.00390267 -0.04422107
v -0.00777837 0.00396278 -0.04424671
v -0.00789909 0.00391294 -0.04419075
v -0.00810432 0.00378385 -0.04403222
v -0.00801901 0.00383340 -0.04411772
v -0.00791465 0.00388138 -0.04419075
v -0.00788870 0.00383985 -0.04422107
v -0.00780248 0.00391509 -0.04424671
v -0.00802659 0.00381752 -0.04411772
v -0.00799892 0.00379506 -0.04415612
v -0.00781439 0.00389125 -0.04424671
v -0.00812685 0.00373522 -0.04403222
v -0.00803805 0.00379332 -0.04411772
v -0.00817543 0.00367853 -0.04398662
v -0.00794527 0.00381830 -0.04419075
v -0.00791893 0.00377711 -0.04422107
v -0.00782989 0.00385999 -0.04424671
v -0.00806070 0.00374496 -0.04411772
v -0.00796033 0.00378680 -0.04419075
v -0.00793381 0.00374576 -0.04422107
v -0.00796781 0.00377105 -0.04419075
v -0.00786038 0.00379751 -0.04424671
v -0.00817078 0.00363813 -0.04403222
v -0.00797912 0.00374706 -0.04419075
v -0.00795617 0.00369802 -0.04422107
v -0.00787538 0.00376630 -0.04424671
v -0.00819218 0.00358967 -0.04403222
v -0.00816142 0.00359593 -0.04407617
v -0.00818904 0.00353258 -0.04407617
v -0.00789022 0.00373511 -0.04424671
v -0.00789758 0.00371952 -0.04424671
v -0.00820603 0.00355790 -0.04403222
v -0.00812638 0.00360020 -0.04411772
v -0.00810486 0.00364840 -0.04411772
v -0.00808742 0.00360262 -0.04415612
v -0.00790873 0.00369577 -0.04424671
v -0.00821971 0.00352617 -0.04403222
v -0.00820261 0.00350095 -0.04407617
v -0.00822650 0.00351031 -0.04403222
v -0.00823324 0.00349446 -0.04403222
v -0.00821603 0.00346935 -0.04407617
v -0.00804503 0.00360337 -0.04419075
v -0.00802343 0.00365122 -0.04419075
v -0.00799979 0.00360270 -0.04422107
v -0.00802761 0.00354028 -0.04422107
v -0.00793073 0.00364830 -0.04424671
v -0.00815407 0.00353705 -0.04411772
v -0.00824662 0.00346278 -0.04403222
v -0.00824240 0.00340623 -0.04407617
v -0.00805900 0.00357202 -0.04419075
v -0.00816768 0.00350551 -0.04411772
v -0.00795237 0.00360088 -0.04424671
v -0.00825984 0.00343114 -0.04403222
v -0.00817443 0.00348975 -0.04411772
v -0.00814228 0.00347685 -0.04415612
v -0.00807281 0.00354068 -0.04419075
v -0.00805480 0.00347796 -0.04422107
v -0.00818113 0.00347400 -0.04411772
v -0.00831235 0.00335770 -0.04398662
v -0.00827968 0.00338296 -0.04403222
v -0.00798022 0.00353875 -0.04424671
v -0.00809997 0.00347810 -0.04419075
v -0.00806817 0.00344684 -0.04422107
v -0.00820757 0.00341106 -0.04411772
v -0.00810667 0.00346247 -0.04419075
v -0.00799391 0.00350772 -0.04424671
v -0.00811332 0.00344684 -0.04419075
v -0.00808138 0.00341575 -0.04422107
v -0.00822056 0.00337964 -0.04411772
v -0.00800744 0.00347672 -0.04424671
v -0.00812652 0.00341562 -0.04419075
v -0.00810735 0.00335365 -0.04422107
v -0.00831831 0.00328683 -0.04403222
v -0.00802082 0.00344574 -0.04424671
v -0.00824006 0.00333181 -0.04411772
v -0.00819466 0.00335154 -0.04415612
v -0.00802745 0.00343026 -0.04424671
v -0.00803404 0.00341479 -0.04424671
v -0.00815245 0.00335326 -0.04419075
v -0.00813271 0.00329168 -0.04422107
v -0.00833710 0.00323888 -0.04403222
v -0.00804712 0.00338387 -0.04424671
v -0.00816518 0.00332213 -0.04419075
v -0.00806004 0.00335297 -0.04424671
v -0.00835554 0.00319101 -0.04403222
v -0.00831900 0.00321462 -0.04407617
v -0.00833728 0.00316691 -0.04407617
v -0.00836463 0.00316711 -0.04403222
v -0.00818431 0.00327474 -0.04419075
v -0.00837643 0.00313577 -0.04403222
v -0.00836074 0.00310445 -0.04407617
v -0.00808543 0.00329128 -0.04424671
v -0.00829646 0.00318878 -0.04411772
v -0.00827801 0.00323638 -0.04411772
v -0.00838807 0.00310448 -0.04403222
v -0.00837225 0.00307327 -0.04407617
v -0.00830556 0.00316501 -0.04411772
v -0.00826983 0.00316151 -0.04415612
v -0.00809790 0.00326047 -0.04424671
v -0.00839384 0.00308885 -0.04403222
v -0.00831736 0.00313385 -0.04411772
v -0.00822151 0.00318018 -0.04419075
v -0.00817021 0.00319746 -0.04422107
v -0.00818844 0.00315047 -0.04422107
v -0.00840257 0.00306504 -0.04403222
v -0.00838951 0.00302582 -0.04407617
v -0.00811662 0.00321359 -0.04424671
v -0.00823059 0.00315659 -0.04419075
v -0.00841976 0.00301749 -0.04403222
v -0.00834054 0.00307165 -0.04411772
v -0.00824239 0.00312567 -0.04419075
v -0.00821185 0.00308894 -0.04422107
v -0.00813500 0.00316678 -0.04424671
v -0.00834624 0.00305612 -0.04411772
v -0.00831617 0.00303755 -0.04415612
v -0.00814406 0.00314340 -0.04424671
v -0.00835486 0.00303248 -0.04411772
v -0.00843662 0.00297003 -0.04403222
v -0.00826553 0.00306394 -0.04419075
v -0.00823468 0.00302755 -0.04422107
v -0.00815582 0.00311276 -0.04424671
v -0.00847861 0.00291245 -0.04398662
v -0.00837185 0.00298525 -0.04411772
v -0.00827689 0.00303313 -0.04419075
v -0.00824588 0.00299691 -0.04422107
v -0.00828251 0.00301774 -0.04419075
v -0.00817890 0.00305159 -0.04424671
v -0.00829102 0.00299429 -0.04419075
v -0.00826268 0.00295028 -0.04422107
v -0.00846934 0.00287540 -0.04403222
v -0.00819023 0.00302105 -0.04424671
v -0.00848521 0.00282823 -0.04403222
v -0.00845524 0.00283697 -0.04407617
v -0.00847567 0.00277536 -0.04407617
v -0.00820142 0.00299056 -0.04424671
v -0.00820695 0.00297532 -0.04424671
v -0.00849544 0.00279734 -0.04403222
v -0.00821533 0.00295212 -0.04424671
v -0.00842084 0.00284413 -0.04411772
v -0.00840484 0.00289107 -0.04411772
v -0.00838236 0.00284980 -0.04415612
v -0.00850553 0.00276649 -0.04403222
v -0.00848567 0.00274462 -0.04407617
v -0.00851053 0.00275109 -0.04403222
v -0.00823183 0.00290579 -0.04424671
v -0.00834031 0.00285413 -0.04419075
v -0.00829529 0.00285731 -0.04422107
v -0.00831598 0.00279651 -0.04422107
v -0.00832420 0.00290076 -0.04419075
v -0.00851549 0.00273569 -0.04403222
v -0.00849553 0.00271393 -0.04407617
v -0.00844134 0.00278268 -0.04411772
v -0.00835069 0.00282359 -0.04419075
v -0.00852531 0.00270493 -0.04403222
v -0.00851486 0.00265268 -0.04407617
v -0.00824801 0.00285955 -0.04424671
v -0.00845139 0.00275203 -0.04411772
v -0.00836094 0.00279310 -0.04419075
v -0.00833612 0.00273589 -0.04422107
v -0.00845636 0.00273671 -0.04411772
v -0.00842296 0.00272747 -0.04415612
v -0.00853500 0.00267422 -0.04403222
v -0.00846130 0.00272141 -0.04411772
v -0.00857935 0.00260078 -0.04398662
v -0.00826875 0.00279901 -0.04424671
v -0.00854949 0.00262751 -0.04403222
v -0.00838103 0.00273223 -0.04419075
v -0.00834599 0.00270564 -0.04422107
v -0.00827891 0.00276881 -0.04424671
v -0.00838597 0.00271705 -0.04419075
v -0.00848070 0.00266032 -0.04411772
v -0.00839087 0.00270187 -0.04419075
v -0.00835572 0.00267544 -0.04422107
v -0.00828894 0.00273864 -0.04424671
v -0.00849020 0.00262984 -0.04411772
v -0.00840057 0.00267155 -0.04419075
v -0.00837478 0.00261517 -0.04422107
v -0.00829883 0.00270853 -0.04424671
v -0.00857755 0.00253440 -0.04403222
v -0.00830372 0.00269348 -0.04424671
v -0.00850442 0.00258348 -0.04411772
v -0.00846138 0.00260585 -0.04415612
v -0.00830858 0.00267845 -0.04424671
v -0.00841958 0.00261104 -0.04419075
v -0.00839331 0.00255508 -0.04422107
v -0.00859112 0.00248802 -0.04403222
v -0.00831821 0.00264842 -0.04424671
v -0.00842888 0.00258086 -0.04419075
v -0.00832769 0.00261843 -0.04424671
v -0.00860439 0.00244175 -0.04403222
v -0.00857046 0.00246714 -0.04407617
v -0.00858360 0.00242104 -0.04407617
v -0.00861091 0.00241866 -0.04403222
v -0.00844280 0.00253494 -0.04419075
v -0.00861935 0.00238840 -0.04403222
v -0.00860038 0.00236072 -0.04407617
v -0.00834627 0.00255859 -0.04424671
v -0.00854525 0.00244507 -0.04411772
v -0.00853194 0.00249109 -0.04411772
v -0.00855179 0.00242210 -0.04411772
v -0.00851585 0.00242192 -0.04415612
v -0.00862766 0.00235820 -0.04403222
v -0.00860858 0.00233064 -0.04407617
v -0.00835536 0.00252874 -0.04424671
v -0.00863177 0.00234312 -0.04403222
v -0.00856025 0.00239200 -0.04411772
v -0.00846973 0.00244344 -0.04419075
v -0.00842054 0.00246386 -0.04422107
v -0.00843370 0.00241841 -0.04422107
v -0.00863797 0.00232016 -0.04403222
v -0.00862084 0.00228490 -0.04407617
v -0.00836897 0.00248334 -0.04424671
v -0.00847628 0.00242064 -0.04419075
v -0.00865015 0.00227432 -0.04403222
v -0.00848475 0.00239076 -0.04419075
v -0.00845053 0.00235896 -0.04422107
v -0.00857680 0.00233196 -0.04411772
v -0.00838228 0.00243804 -0.04424671
v -0.00858086 0.00231698 -0.04411772
v -0.00854898 0.00230225 -0.04415612
v -0.00838882 0.00241544 -0.04424671
v -0.00858699 0.00229418 -0.04411772
v -0.00866204 0.00222861 -0.04403222
v -0.00839729 0.00238582 -0.04424671
v -0.00850133 0.00233115 -0.04419075
v -0.00846685 0.00229970 -0.04422107
v -0.00869804 0.00217102 -0.04398662
v -0.00859902 0.00224866 -0.04411772
v -0.00850942 0.00230142 -0.04419075
v -0.00847482 0.00227014 -0.04422107
v -0.00851342 0.00228658 -0.04419075
v -0.00841386 0.00232673 -0.04424671
v -0.00851946 0.00226398 -0.04419075
v -0.00848673 0.00222520 -0.04422107
v -0.00868495 0.00213757 -0.04403222
v -0.00842195 0.00229726 -0.04424671
v -0.00842992 0.00226784 -0.04424671
v -0.00869599 0.00209223 -0.04403222
v -0.00866697 0.00210314 -0.04407617
v -0.00843386 0.00225314 -0.04424671
v -0.00843981 0.00223078 -0.04424671
v -0.00870541 0.00205268 -0.04403222
v -0.00868573 0.00202428 -0.04407617
v -0.00863339 0.00211286 -0.04411772
v -0.00862222 0.00215800 -0.04411772
v -0.00859563 0.00212145 -0.04415612
v -0.00871462 0.00201323 -0.04403222
v -0.00869479 0.00198500 -0.04407617
v -0.00864294 0.00207347 -0.04411772
v -0.00845148 0.00218613 -0.04424671
v -0.00855419 0.00212901 -0.04419075
v -0.00854290 0.00217387 -0.04419075
v -0.00850970 0.00213568 -0.04422107
v -0.00871914 0.00199354 -0.04403222
v -0.00872481 0.00196857 -0.04403222
v -0.00870600 0.00193525 -0.04407617
v -0.00856384 0.00208986 -0.04419075
v -0.00852887 0.00205776 -0.04422107
v -0.00846287 0.00214161 -0.04424671
v -0.00866139 0.00199499 -0.04411772
v -0.00847261 0.00210276 -0.04424671
v -0.00873590 0.00191876 -0.04403222
v -0.00866587 0.00197543 -0.04411772
v -0.00863275 0.00196493 -0.04415612
v -0.00858250 0.00201186 -0.04419075
v -0.00854721 0.00198024 -0.04422107
v -0.00867149 0.00195063 -0.04411772
v -0.00874666 0.00186911 -0.04403222
v -0.00859151 0.00197300 -0.04419075
v -0.00855606 0.00194163 -0.04422107
v -0.00849145 0.00202535 -0.04424671
v -0.00878194 0.00180191 -0.04398662
v -0.00859594 0.00195362 -0.04419075
v -0.00864384 0.00191557 -0.04415612
v -0.00850055 0.00198679 -0.04424671
v -0.00860149 0.00192902 -0.04419075
v -0.00856701 0.00189273 -0.04422107
v -0.00879192 0.00175256 -0.04398662
v -0.00850945 0.00194833 -0.04424671
v -0.00851382 0.00192914 -0.04424671
v -0.00851930 0.00190479 -0.04424671
v -0.00866503 0.00181733 -0.04415612
v -0.00867513 0.00176845 -0.04415612
v -0.00870345 0.00180266 -0.04411772
v -0.00877697 0.00172116 -0.04403222
v -0.00871345 0.00175368 -0.04411772
v -0.00878537 0.00167778 -0.04403222
v -0.00853001 0.00185622 -0.04424671
v -0.00863308 0.00178233 -0.04419075
v -0.00879352 0.00163453 -0.04403222
v -0.00876427 0.00165140 -0.04407617
v -0.00877227 0.00160835 -0.04407617
v -0.00868382 0.00172531 -0.04415612
v -0.00854040 0.00180782 -0.04424671
v -0.00864185 0.00173931 -0.04419075
v -0.00879750 0.00161295 -0.04403222
v -0.00880142 0.00159141 -0.04403222
v -0.00878004 0.00156542 -0.04407617
v -0.00873849 0.00162434 -0.04411772
v -0.00880909 0.00154844 -0.04403222
v -0.00870044 0.00163941 -0.04415612
v -0.00870839 0.00159667 -0.04415612
v -0.00874245 0.00160290 -0.04411772
v -0.00850903 0.00173467 -0.04426746
v -0.00874634 0.00158149 -0.04411772
v -0.00884242 0.00147678 -0.04398662
v -0.00881651 0.00150560 -0.04403222
v -0.00866668 0.00161103 -0.04419075
v -0.00862187 0.00162465 -0.04422107
v -0.00862974 0.00158229 -0.04422107
v -0.00851755 0.00169235 -0.04426746
v -0.00856647 0.00168000 -0.04424671
v -0.00867061 0.00158976 -0.04419075
v -0.00871609 0.00155406 -0.04415612
v -0.00857466 0.00163765 -0.04424671
v -0.00885120 0.00142324 -0.04398662
v -0.00867448 0.00156853 -0.04419075
v -0.00863738 0.00154006 -0.04422107
v -0.00858262 0.00159544 -0.04424671
v -0.00858650 0.00157438 -0.04424671
v -0.00873079 0.00146926 -0.04415612
v -0.00873779 0.00142706 -0.04415612
v -0.00876848 0.00145379 -0.04411772
v -0.00859033 0.00155336 -0.04424671
v -0.00884233 0.00134565 -0.04403222
v -0.00877710 0.00140076 -0.04411772
v -0.00859781 0.00151141 -0.04424671
v -0.00869643 0.00144188 -0.04419075
v -0.00885022 0.00129278 -0.04403222
v -0.00860506 0.00146960 -0.04424671
v -0.00874623 0.00137433 -0.04415612
v -0.00870328 0.00139993 -0.04419075
v -0.00885775 0.00124013 -0.04403222
v -0.00882788 0.00126814 -0.04407617
v -0.00883525 0.00121574 -0.04407617
v -0.00886138 0.00121390 -0.04403222
v -0.00886422 0.00119302 -0.04403222
v -0.00884087 0.00117412 -0.04407617
v -0.00857048 0.00139981 -0.04426746
v -0.00880083 0.00124300 -0.04411772
v -0.00876206 0.00126952 -0.04415612
v -0.00876945 0.00121745 -0.04415612
v -0.00880448 0.00121691 -0.04411772
v -0.00886972 0.00115138 -0.04403222
v -0.00857712 0.00135856 -0.04426746
v -0.00862541 0.00134499 -0.04424671
v -0.00880732 0.00119614 -0.04411772
v -0.00872702 0.00124334 -0.04419075
v -0.00868141 0.00126859 -0.04422107
v -0.00868880 0.00121694 -0.04422107
v -0.00863332 0.00129326 -0.04424671
v -0.00887501 0.00110989 -0.04403222
v -0.00890010 0.00107590 -0.04398662
v -0.00873067 0.00121744 -0.04419075
v -0.00873352 0.00119683 -0.04419075
v -0.00869444 0.00117593 -0.04422107
v -0.00864088 0.00124174 -0.04424671
v -0.00890621 0.00102410 -0.04398662
v -0.00864453 0.00121607 -0.04424671
v -0.00873906 0.00115571 -0.04419075
v -0.00864738 0.00119564 -0.04424671
v -0.00882325 0.00107233 -0.04411772
v -0.00885147 0.00109134 -0.04407617
v -0.00881816 0.00111346 -0.04411772
v -0.00865292 0.00115489 -0.04424671
v -0.00882935 0.00102095 -0.04411772
v -0.00879072 0.00105294 -0.04415612
v -0.00889301 0.00095505 -0.04403222
v -0.00865824 0.00111428 -0.04424671
v -0.00875439 0.00103324 -0.04419075
v -0.00874949 0.00107392 -0.04419075
v -0.00879669 0.00100182 -0.04415612
v -0.00889835 0.00090390 -0.04403222
v -0.00890337 0.00085299 -0.04403222
v -0.00887436 0.00088622 -0.04407617
v -0.00887927 0.00083552 -0.04407617
v -0.00861994 0.00105325 -0.04426746
v -0.00866825 0.00103349 -0.04424671
v -0.00890577 0.00082763 -0.04403222
v -0.00867295 0.00099331 -0.04424671
v -0.00871489 0.00101333 -0.04422107
v -0.00884567 0.00086819 -0.04411772
v -0.00880766 0.00090028 -0.04415612
v -0.00881267 0.00084986 -0.04415612
v -0.00890942 0.00078730 -0.04403222
v -0.00884812 0.00084293 -0.04411772
v -0.00867855 0.00094312 -0.04424671
v -0.00877097 0.00088146 -0.04419075
v -0.00872602 0.00091253 -0.04422107
v -0.00873111 0.00086247 -0.04422107
v -0.00891288 0.00074713 -0.04403222
v -0.00888647 0.00075518 -0.04407617
v -0.00888977 0.00071524 -0.04407617
v -0.00885185 0.00080278 -0.04411772
v -0.00877345 0.00085636 -0.04419075
v -0.00891454 0.00072710 -0.04403222
v -0.00868384 0.00089315 -0.04424671
v -0.00891655 0.00070203 -0.04403222
v -0.00889365 0.00066535 -0.04407617
v -0.00877726 0.00081647 -0.04419075
v -0.00868636 0.00086825 -0.04424671
v -0.00885873 0.00072294 -0.04411772
v -0.00892034 0.00065206 -0.04403222
v -0.00869023 0.00082867 -0.04424671
v -0.00886033 0.00070307 -0.04411772
v -0.00882658 0.00069065 -0.04415612
v -0.00886226 0.00067820 -0.04411772
v -0.00892384 0.00060234 -0.04403222
v -0.00864757 0.00079510 -0.04426746
v -0.00878750 0.00069768 -0.04419075
v -0.00878428 0.00073713 -0.04419075
v -0.00874528 0.00070439 -0.04422107
v -0.00874835 0.00066524 -0.04422107
v -0.00894867 0.00053907 -0.04398662
v -0.00869737 0.00074995 -0.04424671
v -0.00878904 0.00067801 -0.04419075
v -0.00883030 0.00064121 -0.04415612
v -0.00879090 0.00065339 -0.04419075
v -0.00875193 0.00061633 -0.04422107
v -0.00870066 0.00071081 -0.04424671
v -0.00895151 0.00048978 -0.04398662
v -0.00870376 0.00067182 -0.04424671
v -0.00870524 0.00065238 -0.04424671
v -0.00893258 0.00045459 -0.04403222
v -0.00883688 0.00054304 -0.04415612
v -0.00883974 0.00049431 -0.04415612
v -0.00887235 0.00053023 -0.04411772
v -0.00870703 0.00062804 -0.04424671
v -0.00887513 0.00048139 -0.04411772
v -0.00893448 0.00041569 -0.04403222
v -0.00871039 0.00057955 -0.04424671
v -0.00880056 0.00050691 -0.04419075
v -0.00887715 0.00044262 -0.04411772
v -0.00890620 0.00046814 -0.04407617
v -0.00893620 0.00037695 -0.04403222
v -0.00890994 0.00039061 -0.04407617
v -0.00891155 0.00035208 -0.04407617
v -0.00893699 0.00035764 -0.04403222
v -0.00871347 0.00053129 -0.04424671
v -0.00880270 0.00046835 -0.04419075
v -0.00894007 0.00031393 -0.04402941
v -0.00871572 0.00049298 -0.04424671
v -0.00875823 0.00051923 -0.04422107
v -0.00888066 0.00036554 -0.04411772
v -0.00888143 0.00034636 -0.04411772
v -0.00884700 0.00034051 -0.04415612
v -0.00888504 0.00030299 -0.04411521
v -0.00894292 0.00027040 -0.04402659
v -0.00891803 0.00026515 -0.04407079
v -0.00898690 0.00016532 -0.04390954
v -0.00867149 0.00046694 -0.04426746
v -0.00871969 0.00041682 -0.04424671
v -0.00880806 0.00035356 -0.04419075
v -0.00880644 0.00039167 -0.04419075
v -0.00876595 0.00036637 -0.04422107
v -0.00876745 0.00032853 -0.04422107
v -0.00880880 0.00033456 -0.04419075
v -0.00888842 0.00025979 -0.04411268
v -0.00894791 0.00018391 -0.04402094
v -0.00872142 0.00037896 -0.04424671
v -0.00881283 0.00029160 -0.04418870
v -0.00898939 0.00007048 -0.04390372
v -0.00889156 0.00021677 -0.04411015
v -0.00885445 0.00025433 -0.04415152
v -0.00872298 0.00034125 -0.04424671
v -0.00872369 0.00032246 -0.04424671
v -0.00872796 0.00027996 -0.04424525
v -0.00881663 0.00024880 -0.04418664
v -0.00877558 0.00024322 -0.04421753
v -0.00882020 0.00020618 -0.04418457
v -0.00889448 0.00017392 -0.04410760
v -0.00886098 0.00016884 -0.04414685
v -0.00898963 0.00002342 -0.04390372
v -0.00898502 -0.00000002 -0.04392406
v -0.00899039 -0.00000002 -0.04390011
v -0.00899459 -0.00000002 -0.04387593
v -0.00873202 0.00023762 -0.04424377
v -0.00882355 0.00016373 -0.04418247
v -0.00889963 0.00008877 -0.04410247
v -0.00890161 -0.00000002 -0.04410042
v -0.00863633 0.00026829 -0.04428242
v -0.00873585 0.00019546 -0.04424227
v -0.00882669 0.00012145 -0.04418037
v -0.00878282 0.00015859 -0.04421391
v -0.00873948 0.00015346 -0.04424075
v -0.00882960 0.00007935 -0.04417824
v 0.00890872 0.00011816 -0.04408945
v 0.00884103 0.00012604 -0.04416737
v 0.00891083 0.00020383 -0.04408417
v 0.00884410 0.00021117 -0.04416292
v 0.00866269 0.00007930 -0.04427523
v 0.00891200 0.00029037 -0.04407885
v 0.00854985 0.00003344 -0.04430007
v 0.00854901 -0.00000002 -0.04430016
v 0.00852453 -0.00000002 -0.04430197
v 0.00876281 0.00021802 -0.04422624
v 0.00884626 0.00029718 -0.04415840
v 0.00890902 0.00041104 -0.04407617
v 0.00890714 0.00044981 -0.04407617
v 0.00893199 0.00046600 -0.04403222
v 0.00876567 0.00030336 -0.04422281
v 0.00884545 0.00037874 -0.04415612
v 0.00884372 0.00041711 -0.04415612
v 0.00887760 0.00043350 -0.04411772
v 0.00890509 0.00048873 -0.04407617
v 0.00880604 0.00040068 -0.04419075
v 0.00884182 0.00045563 -0.04415612
v 0.00876343 0.00042233 -0.04422107
v 0.00887202 0.00053558 -0.04411772
v 0.00887051 0.00056011 -0.04411772
v 0.00883374 0.00059200 -0.04415612
v 0.00886726 0.00060934 -0.04411772
v 0.00871711 0.00046757 -0.04424671
v 0.00879796 0.00055019 -0.04419075
v 0.00886553 0.00063404 -0.04411772
v 0.00871580 0.00049152 -0.04424671
v 0.00879640 0.00057456 -0.04419075
v 0.00875590 0.00055707 -0.04422107
v 0.00871295 0.00053959 -0.04424671
v 0.00879307 0.00062348 -0.04419075
v 0.00888640 0.00075597 -0.04407617
v 0.00888289 0.00079607 -0.04407617
v 0.00879129 0.00064802 -0.04419075
v 0.00890751 0.00080863 -0.04403222
v 0.00882338 0.00073023 -0.04415612
v 0.00882001 0.00076996 -0.04415612
v 0.00885360 0.00078316 -0.04411772
v 0.00887920 0.00083631 -0.04407617
v 0.00878262 0.00075652 -0.04419075
v 0.00881643 0.00080984 -0.04415612
v 0.00873865 0.00078236 -0.04422107
v 0.00884104 0.00091412 -0.04411772
v 0.00883838 0.00093954 -0.04411772
v 0.00880233 0.00095094 -0.04415612
v 0.00877049 0.00088616 -0.04419075
v 0.00876791 0.00091132 -0.04419075
v 0.00883280 0.00099056 -0.04411772
v 0.00882989 0.00101615 -0.04411772
v 0.00887621 0.00110020 -0.04403222
v 0.00884884 0.00111242 -0.04407617
v 0.00885393 0.00107117 -0.04407617
v 0.00876252 0.00096183 -0.04419075
v 0.00875970 0.00098717 -0.04419075
v 0.00871956 0.00097226 -0.04422107
v 0.00884354 0.00115382 -0.04407617
v 0.00881682 0.00112398 -0.04411772
v 0.00878051 0.00113491 -0.04415612
v 0.00878572 0.00109385 -0.04415612
v 0.00867420 0.00098229 -0.04424671
v 0.00866835 0.00103267 -0.04424671
v 0.00877508 0.00117611 -0.04415612
v 0.00866530 0.00105794 -0.04424671
v 0.00874043 0.00114524 -0.04419075
v 0.00870256 0.00111426 -0.04422107
v 0.00879555 0.00127982 -0.04411772
v 0.00879169 0.00130605 -0.04411772
v 0.00875432 0.00132181 -0.04415612
v 0.00883401 0.00139923 -0.04403222
v 0.00880868 0.00139520 -0.04407617
v 0.00883062 0.00142046 -0.04403222
v 0.00872481 0.00125873 -0.04419075
v 0.00878371 0.00135868 -0.04411772
v 0.00872102 0.00128472 -0.04419075
v 0.00882367 0.00146301 -0.04403222
v 0.00879482 0.00148007 -0.04407617
v 0.00877959 0.00138508 -0.04411772
v 0.00871318 0.00133687 -0.04419075
v 0.00870913 0.00136303 -0.04419075
v 0.00866891 0.00135131 -0.04422107
v 0.00876492 0.00147502 -0.04411772
v 0.00876132 0.00149625 -0.04411772
v 0.00872355 0.00151159 -0.04415612
v 0.00862223 0.00136520 -0.04424671
v 0.00875395 0.00153882 -0.04411772
v 0.00869292 0.00146286 -0.04419075
v 0.00865195 0.00145595 -0.04422107
v 0.00875017 0.00156016 -0.04411772
v 0.00868935 0.00148392 -0.04419075
v 0.00861383 0.00141724 -0.04424671
v 0.00868203 0.00152614 -0.04419075
v 0.00860950 0.00144334 -0.04424671
v 0.00867828 0.00154730 -0.04419075
v 0.00873446 0.00164584 -0.04411772
v 0.00877265 0.00174302 -0.04403222
v 0.00874751 0.00173800 -0.04407617
v 0.00873038 0.00166735 -0.04411772
v 0.00869225 0.00168229 -0.04415612
v 0.00876830 0.00176480 -0.04403222
v 0.00872203 0.00171047 -0.04411772
v 0.00866270 0.00163228 -0.04419075
v 0.00875940 0.00180845 -0.04403222
v 0.00872976 0.00182506 -0.04407617
v 0.00871777 0.00173207 -0.04411772
v 0.00865866 0.00165361 -0.04419075
v 0.00865038 0.00169638 -0.04419075
v 0.00864615 0.00171780 -0.04419075
v 0.00860540 0.00170969 -0.04422107
v 0.00869949 0.00182164 -0.04411772
v 0.00869431 0.00184623 -0.04411772
v 0.00865459 0.00186636 -0.04415612
v 0.00856175 0.00170385 -0.04424671
v 0.00868369 0.00189554 -0.04411772
v 0.00862686 0.00181221 -0.04419075
v 0.00855694 0.00172785 -0.04424671
v 0.00867826 0.00192025 -0.04411772
v 0.00862170 0.00183661 -0.04419075
v 0.00858562 0.00180642 -0.04422107
v 0.00854708 0.00177598 -0.04424671
v 0.00861113 0.00188552 -0.04419075
v 0.00860572 0.00191004 -0.04419075
v 0.00870778 0.00216714 -0.04396344
v 0.00862378 0.00200391 -0.04415612
v 0.00861461 0.00204299 -0.04415612
v 0.00860522 0.00208217 -0.04415612
v 0.00863870 0.00221639 -0.04407617
v 0.00858439 0.00216646 -0.04415612
v 0.00857287 0.00221160 -0.04415612
v 0.00860199 0.00223724 -0.04411772
v 0.00851523 0.00211349 -0.04422107
v 0.00850403 0.00215813 -0.04422107
v 0.00854001 0.00218517 -0.04419075
v 0.00863210 0.00245131 -0.04396344
v 0.00856107 0.00225686 -0.04415612
v 0.00846563 0.00213067 -0.04424671
v 0.00849254 0.00220289 -0.04422107
v 0.00854088 0.00233209 -0.04415612
v 0.00853266 0.00236198 -0.04415612
v 0.00852432 0.00239193 -0.04415612
v 0.00858102 0.00262450 -0.04396344
v 0.00854591 0.00255086 -0.04407617
v 0.00852647 0.00250975 -0.04411772
v 0.00848922 0.00251366 -0.04415612
v 0.00850268 0.00246773 -0.04415612
v 0.00847545 0.00255970 -0.04415612
v 0.00844834 0.00251638 -0.04419075
v 0.00840447 0.00251810 -0.04422107
v 0.00841799 0.00247252 -0.04422107
v 0.00845197 0.00263618 -0.04415612
v 0.00850153 0.00287157 -0.04396344
v 0.00839065 0.00256379 -0.04422107
v 0.00844243 0.00266656 -0.04415612
v 0.00835830 0.00251900 -0.04424671
v 0.00843276 0.00269699 -0.04415612
v 0.00841301 0.00275799 -0.04415612
v 0.00840293 0.00278855 -0.04415612
v 0.00839271 0.00281916 -0.04415612
v 0.00841587 0.00295170 -0.04407617
v 0.00836630 0.00289660 -0.04415612
v 0.00834992 0.00294349 -0.04415612
v 0.00837659 0.00297190 -0.04411772
v 0.00830219 0.00283718 -0.04422107
v 0.00828619 0.00288358 -0.04422107
v 0.00831958 0.00291397 -0.04419075
v 0.00838444 0.00319737 -0.04396344
v 0.00833321 0.00299047 -0.04415612
v 0.00825042 0.00285257 -0.04424671
v 0.00826986 0.00293008 -0.04422107
v 0.00830480 0.00306848 -0.04415612
v 0.00829329 0.00309946 -0.04415612
v 0.00828163 0.00313047 -0.04415612
v 0.00831399 0.00337632 -0.04396344
v 0.00828625 0.00329812 -0.04407617
v 0.00827103 0.00325416 -0.04411772
v 0.00823294 0.00325637 -0.04415612
v 0.00825156 0.00320890 -0.04415612
v 0.00821398 0.00330391 -0.04415612
v 0.00819135 0.00325707 -0.04419075
v 0.00814685 0.00325649 -0.04422107
v 0.00816552 0.00320940 -0.04422107
v 0.00818179 0.00338282 -0.04415612
v 0.00820611 0.00363065 -0.04396344
v 0.00816878 0.00341414 -0.04415612
v 0.00812784 0.00330366 -0.04422107
v 0.00810014 0.00325488 -0.04424671
v 0.00815561 0.00344548 -0.04415612
v 0.00812880 0.00350825 -0.04415612
v 0.00811516 0.00353968 -0.04415612
v 0.00810137 0.00357114 -0.04415612
v 0.00810991 0.00371062 -0.04407617
v 0.00806585 0.00365065 -0.04415612
v 0.00804391 0.00369874 -0.04415612
v 0.00806774 0.00372976 -0.04411772
v 0.00800770 0.00358506 -0.04422107
v 0.00798621 0.00363268 -0.04422107
v 0.00801655 0.00366628 -0.04419075
v 0.00805026 0.00396425 -0.04396344
v 0.00802160 0.00374688 -0.04415612
v 0.00795357 0.00359824 -0.04424671
v 0.00796436 0.00368034 -0.04422107
v 0.00798383 0.00382670 -0.04415612
v 0.00796858 0.00385836 -0.04415612
v 0.00795316 0.00389004 -0.04415612
v 0.00793843 0.00406456 -0.04407617
v 0.00793252 0.00419488 -0.04396344
v 0.00792804 0.00401816 -0.04411772
v 0.00788906 0.00401844 -0.04415612
v 0.00791352 0.00397007 -0.04415612
v 0.00786422 0.00406685 -0.04415612
v 0.00784674 0.00401688 -0.04419075
v 0.00780165 0.00401375 -0.04422107
v 0.00782614 0.00396579 -0.04422107
v 0.00782222 0.00414707 -0.04415612
v 0.00780527 0.00417886 -0.04415612
v 0.00777678 0.00406173 -0.04422107
v 0.00775446 0.00400935 -0.04424671
v 0.00779063 0.00445286 -0.04396344
v 0.00778816 0.00421067 -0.04415612
v 0.00775342 0.00427430 -0.04415612
v 0.00773579 0.00430612 -0.04415612
v 0.00771799 0.00433795 -0.04415612
v 0.00767507 0.00441345 -0.04415612
v 0.00764979 0.00445712 -0.04415612
v 0.00762438 0.00473189 -0.04396344
v 0.00762418 0.00450079 -0.04415612
v 0.00753568 0.00426896 -0.04427598
v 0.00757911 0.00457627 -0.04415612
v 0.00755981 0.00460809 -0.04415612
v 0.00754032 0.00463990 -0.04415612
v 0.00751869 0.00489808 -0.04396344
v 0.00749613 0.00471096 -0.04415612
v 0.00747133 0.00475020 -0.04415612
v 0.00744625 0.00478942 -0.04415612
v 0.00740014 0.00486035 -0.04415612
v 0.00734834 0.00458394 -0.04427598
v 0.00737921 0.00489207 -0.04415612
v 0.00732425 0.00462233 -0.04427598
v 0.00733578 0.00516800 -0.04396344
v 0.00735810 0.00492378 -0.04415612
v 0.00731024 0.00499455 -0.04415612
v 0.00728341 0.00503360 -0.04415612
v 0.00725628 0.00507263 -0.04415612
v 0.00720646 0.00514316 -0.04415612
v 0.00718386 0.00517468 -0.04415612
v 0.00716107 0.00520617 -0.04415612
v 0.00710294 0.00548363 -0.04396344
v 0.00710946 0.00527643 -0.04415612
v 0.00707049 0.00500187 -0.04427598
v 0.00708054 0.00531518 -0.04415612
v 0.00705133 0.00535387 -0.04415612
v 0.00699771 0.00542376 -0.04415612
v 0.00697340 0.00545498 -0.04415612
v 0.00690104 0.00573563 -0.04396344
v 0.00694891 0.00548615 -0.04415612
v 0.00689933 0.00554837 -0.04415612
v 0.00687425 0.00557941 -0.04415612
v 0.00685543 0.00529278 -0.04427598
v 0.00684898 0.00561041 -0.04415612
v 0.00679180 0.00567949 -0.04415612
v 0.00675979 0.00571755 -0.04415612
v 0.00667516 0.00599700 -0.04396344
v 0.00672749 0.00575552 -0.04415612
v 0.00668050 0.00551193 -0.04427598
v 0.00666826 0.00582404 -0.04415612
v 0.00664144 0.00585461 -0.04415612
v 0.00661442 0.00588512 -0.04415612
v 0.00652960 0.00615518 -0.04396344
v 0.00655333 0.00595307 -0.04415612
v 0.00651916 0.00599047 -0.04415612
v 0.00648469 0.00602777 -0.04415612
v 0.00642153 0.00609501 -0.04415612
v 0.00643561 0.00579599 -0.04427598
v 0.00639295 0.00612498 -0.04415612
v 0.00628094 0.00640872 -0.04396344
v 0.00636416 0.00615488 -0.04415612
v 0.00629914 0.00622142 -0.04415612
v 0.00626279 0.00625800 -0.04415612
v 0.00622614 0.00629447 -0.04415612
v 0.00615903 0.00636015 -0.04415612
v 0.00612868 0.00638940 -0.04415612
v 0.00609813 0.00641856 -0.04415612
v 0.00596976 0.00669954 -0.04396344
v 0.00602916 0.00648339 -0.04415612
v 0.00605714 0.00619044 -0.04427598
v 0.00599063 0.00651901 -0.04415612
v 0.00595180 0.00655448 -0.04415612
v 0.00588076 0.00661829 -0.04415612
v 0.00584865 0.00664669 -0.04415612
v 0.00581634 0.00667498 -0.04415612
v 0.00577036 0.00645859 -0.04427598
v 0.00491894 0.00750506 -0.04396344
v 0.00498341 0.00731784 -0.04415612
v 0.00494219 0.00734574 -0.04415612
v 0.00490074 0.00737346 -0.04415612
v 0.00482136 0.00742560 -0.04415612
v 0.00478348 0.00745006 -0.04415612
v 0.00474542 0.00747436 -0.04415612
v 0.00466875 0.00752249 -0.04415612
v 0.00476514 0.00723214 -0.04427598
v 0.00463015 0.00754631 -0.04415612
v 0.00459137 0.00756997 -0.04415612
v 0.00445925 0.00742465 -0.04427598
v 0.00360859 0.00821583 -0.04396344
v 0.00369525 0.00804551 -0.04415612
v 0.00365267 0.00806493 -0.04415612
v 0.00360993 0.00808415 -0.04415612
v 0.00352402 0.00812197 -0.04415612
v 0.00348084 0.00814056 -0.04415612
v 0.00343752 0.00815895 -0.04415612
v 0.00349593 0.00792394 -0.04427598
v 0.00214640 0.00871290 -0.04396344
v 0.00226522 0.00855884 -0.04415612
v 0.00221858 0.00857105 -0.04415612
v 0.00217184 0.00858302 -0.04415612
v 0.00207807 0.00860620 -0.04415612
v 0.00203105 0.00861742 -0.04415612
v 0.00198393 0.00862839 -0.04415612
v 0.00208586 0.00840592 -0.04427598
v 0.00098284 0.00891941 -0.04396344
v 0.00092866 0.00880469 -0.04415612
v 0.00088003 0.00880969 -0.04415612
v 0.00058777 0.00895412 -0.04396344
v 0.00083136 0.00881441 -0.04415612
v 0.00073391 0.00882306 -0.04415612
v 0.00068514 0.00882698 -0.04415612
v 0.00063633 0.00883064 -0.04415612
v 0.00053863 0.00883713 -0.04415612
v 0.00048974 0.00883998 -0.04415612
v 0.00044083 0.00884255 -0.04415612
v 0.00058211 0.00864127 -0.04427598
v -0.00060312 0.00895310 -0.04396344
v -0.00044084 0.00884255 -0.04415612
v -0.00048975 0.00883998 -0.04415612
v -0.00053863 0.00883713 -0.04415612
v -0.00063633 0.00883064 -0.04415612
v -0.00068514 0.00882698 -0.04415612
v -0.00073392 0.00882306 -0.04415612
v -0.00083136 0.00881441 -0.04415612
v -0.00056730 0.00864225 -0.04427598
v -0.00088003 0.00880969 -0.04415612
v -0.00092866 0.00880469 -0.04415612
v -0.00094861 0.00860875 -0.04427598
v -0.00216114 0.00870926 -0.04396344
v -0.00198394 0.00862839 -0.04415612
v -0.00203105 0.00861742 -0.04415612
v -0.00207808 0.00860620 -0.04415612
v -0.00217184 0.00858302 -0.04415612
v -0.00221858 0.00857105 -0.04415612
v -0.00226522 0.00855884 -0.04415612
v -0.00207165 0.00840944 -0.04427598
v -0.00362209 0.00820989 -0.04396344
v -0.00343752 0.00815895 -0.04415612
v -0.00348085 0.00814056 -0.04415612
v -0.00352402 0.00812197 -0.04415612
v -0.00360994 0.00808415 -0.04415612
v -0.00365267 0.00806493 -0.04415612
v -0.00369525 0.00804551 -0.04415612
v -0.00348291 0.00792968 -0.04427598
v -0.00462017 0.00769258 -0.04396344
v -0.00459137 0.00756997 -0.04415612
v -0.00463015 0.00754631 -0.04415612
v -0.00493710 0.00749312 -0.04396344
v -0.00466875 0.00752249 -0.04415612
v -0.00474542 0.00747436 -0.04415612
v -0.00478348 0.00745006 -0.04415612
v -0.00482137 0.00742560 -0.04415612
v -0.00490074 0.00737346 -0.04415612
v -0.00494219 0.00734574 -0.04415612
v -0.00498342 0.00731784 -0.04415612
v -0.00474762 0.00724366 -0.04427598
v -0.00597859 0.00669166 -0.04396344
v -0.00581634 0.00667498 -0.04415612
v -0.00584865 0.00664669 -0.04415612
v -0.00588076 0.00661829 -0.04415612
v -0.00595181 0.00655448 -0.04415612
v -0.00599064 0.00651901 -0.04415612
v -0.00627572 0.00641383 -0.04396344
v -0.00602917 0.00648339 -0.04415612
v -0.00576184 0.00646620 -0.04427598
v -0.00609814 0.00641856 -0.04415612
v -0.00612869 0.00638940 -0.04415612
v -0.00615904 0.00636015 -0.04415612
v -0.00622614 0.00629447 -0.04415612
v -0.00626279 0.00625800 -0.04415612
v -0.00629914 0.00622142 -0.04415612
v -0.00636417 0.00615488 -0.04415612
v -0.00606218 0.00618551 -0.04427598
v -0.00639295 0.00612498 -0.04415612
v -0.00666785 0.00600514 -0.04396344
v -0.00642153 0.00609501 -0.04415612
v -0.00648469 0.00602777 -0.04415612
v -0.00651916 0.00599047 -0.04415612
v -0.00655333 0.00595307 -0.04415612
v -0.00630218 0.00594080 -0.04427598
v -0.00661442 0.00588512 -0.04415612
v -0.00664144 0.00585461 -0.04415612
v -0.00666826 0.00582404 -0.04415612
v -0.00692158 0.00571084 -0.04396344
v -0.00672749 0.00575552 -0.04415612
v -0.00644268 0.00578813 -0.04427598
v -0.00675980 0.00571755 -0.04415612
v -0.00679180 0.00567949 -0.04415612
v -0.00684898 0.00561041 -0.04415612
v -0.00710282 0.00548378 -0.04396344
v -0.00687425 0.00557941 -0.04415612
v -0.00689933 0.00554837 -0.04415612
v -0.00694891 0.00548615 -0.04415612
v -0.00666069 0.00553586 -0.04427598
v -0.00697341 0.00545498 -0.04415612
v -0.00699771 0.00542376 -0.04415612
v -0.00705133 0.00535387 -0.04415612
v -0.00708054 0.00531518 -0.04415612
v -0.00732564 0.00518237 -0.04396344
v -0.00710947 0.00527643 -0.04415612
v -0.00685555 0.00529264 -0.04427598
v -0.00716108 0.00520617 -0.04415612
v -0.00718387 0.00517468 -0.04415612
v -0.00720647 0.00514316 -0.04415612
v -0.00725629 0.00507263 -0.04415612
v -0.00728341 0.00503360 -0.04415612
v -0.00731025 0.00499455 -0.04415612
v -0.00735810 0.00492378 -0.04415612
v -0.00708029 0.00498800 -0.04427598
v -0.00758855 0.00478914 -0.04396344
v -0.00737922 0.00489207 -0.04415612
v -0.00761351 0.00474936 -0.04396344
v -0.00740015 0.00486035 -0.04415612
v -0.00744625 0.00478942 -0.04415612
v -0.00747134 0.00475020 -0.04415612
v -0.00749614 0.00471096 -0.04415612
v -0.00725682 0.00472748 -0.04427598
v -0.00754033 0.00463990 -0.04415612
v -0.00755981 0.00460809 -0.04415612
v -0.00757912 0.00457627 -0.04415612
v -0.00780762 0.00442301 -0.04396344
v -0.00762418 0.00450079 -0.04415612
v -0.00735883 0.00456708 -0.04427598
v -0.00764979 0.00445712 -0.04415612
v -0.00767507 0.00441345 -0.04415612
v -0.00771799 0.00433795 -0.04415612
v -0.00773580 0.00430612 -0.04415612
v -0.00775343 0.00427430 -0.04415612
v -0.00778817 0.00421067 -0.04415612
v -0.00751929 0.00429777 -0.04427598
v -0.00794500 0.00410787 -0.04403222
v -0.00793050 0.00408003 -0.04407617
v -0.00790521 0.00412881 -0.04407617
v -0.00780528 0.00417886 -0.04415612
v -0.00782222 0.00414707 -0.04415612
v -0.00795539 0.00403128 -0.04407617
v -0.00791175 0.00405016 -0.04411772
v -0.00788907 0.00401844 -0.04415612
v -0.00786422 0.00406685 -0.04415612
v -0.00791352 0.00397007 -0.04415612
v -0.00786291 0.00398515 -0.04419075
v -0.00765624 0.00404877 -0.04427598
v -0.00780947 0.00399853 -0.04422107
v -0.00795317 0.00389004 -0.04415612
v -0.00796858 0.00385836 -0.04415612
v -0.00798384 0.00382670 -0.04415612
v -0.00809589 0.00374112 -0.04407617
v -0.00811811 0.00369267 -0.04407617
v -0.00814900 0.00368665 -0.04403222
v -0.00802161 0.00374688 -0.04415612
v -0.00804392 0.00369874 -0.04415612
v -0.00776988 0.00382618 -0.04427598
v -0.00808296 0.00369666 -0.04411772
v -0.00813995 0.00364427 -0.04407617
v -0.00800146 0.00369911 -0.04419075
v -0.00806586 0.00365065 -0.04415612
v -0.00797816 0.00365034 -0.04422107
v -0.00810137 0.00357114 -0.04415612
v -0.00811517 0.00353968 -0.04415612
v -0.00812880 0.00350825 -0.04415612
v -0.00815561 0.00344548 -0.04415612
v -0.00829918 0.00333485 -0.04403222
v -0.00828140 0.00331027 -0.04407617
v -0.00826208 0.00335821 -0.04407617
v -0.00816878 0.00341414 -0.04415612
v -0.00792030 0.00350420 -0.04427598
v -0.00818180 0.00338282 -0.04415612
v -0.00830037 0.00326241 -0.04407617
v -0.00825921 0.00328406 -0.04411772
v -0.00823294 0.00325637 -0.04415612
v -0.00821398 0.00330391 -0.04415612
v -0.00825156 0.00320890 -0.04415612
v -0.00820308 0.00322742 -0.04419075
v -0.00815163 0.00324453 -0.04422107
v -0.00802442 0.00325873 -0.04427598
v -0.00828164 0.00313047 -0.04415612
v -0.00829329 0.00309946 -0.04415612
v -0.00830480 0.00306848 -0.04415612
v -0.00840644 0.00297846 -0.04407617
v -0.00842304 0.00293120 -0.04407617
v -0.00845314 0.00292266 -0.04403222
v -0.00833321 0.00299047 -0.04415612
v -0.00834992 0.00294349 -0.04415612
v -0.00809242 0.00308601 -0.04427598
v -0.00838851 0.00293811 -0.04411772
v -0.00843930 0.00288404 -0.04407617
v -0.00830778 0.00294748 -0.04419075
v -0.00836630 0.00289660 -0.04415612
v -0.00827915 0.00290375 -0.04422107
v -0.00839272 0.00281916 -0.04415612
v -0.00840294 0.00278855 -0.04415612
v -0.00841302 0.00275799 -0.04415612
v -0.00843277 0.00269699 -0.04415612
v -0.00856368 0.00258090 -0.04403222
v -0.00854327 0.00255969 -0.04407617
v -0.00844244 0.00266656 -0.04415612
v -0.00852922 0.00260613 -0.04407617
v -0.00820543 0.00277155 -0.04427598
v -0.00845197 0.00263618 -0.04415612
v -0.00855702 0.00251336 -0.04407617
v -0.00851834 0.00253723 -0.04411772
v -0.00848922 0.00251366 -0.04415612
v -0.00847545 0.00255970 -0.04415612
v -0.00850268 0.00246773 -0.04415612
v -0.00845642 0.00248913 -0.04419075
v -0.00840708 0.00250941 -0.04422107
v -0.00828216 0.00253309 -0.04427598
v -0.00852432 0.00239193 -0.04415612
v -0.00853267 0.00236198 -0.04415612
v -0.00854089 0.00233209 -0.04415612
v -0.00863280 0.00223927 -0.04407617
v -0.00864447 0.00219377 -0.04407617
v -0.00867364 0.00218303 -0.04403222
v -0.00856107 0.00225686 -0.04415612
v -0.00857287 0.00221160 -0.04415612
v -0.00833145 0.00236593 -0.04427598
v -0.00861076 0.00220327 -0.04411772
v -0.00865586 0.00214839 -0.04407617
v -0.00853132 0.00221886 -0.04419075
v -0.00858439 0.00216646 -0.04415612
v -0.00849836 0.00218038 -0.04422107
v -0.00860523 0.00208217 -0.04415612
v -0.00861461 0.00204299 -0.04415612
v -0.00862379 0.00200391 -0.04415612
v -0.00840450 0.00209166 -0.04427598
v -0.00867702 0.00192587 -0.04411772
v -0.00868247 0.00190114 -0.04411772
v -0.00865460 0.00186636 -0.04415612
v -0.00875709 0.00181962 -0.04403222
v -0.00872741 0.00183625 -0.04407617
v -0.00869312 0.00185182 -0.04411772
v -0.00860696 0.00190447 -0.04419075
v -0.00876719 0.00177031 -0.04403222
v -0.00869833 0.00182722 -0.04411772
v -0.00861235 0.00187996 -0.04419075
v -0.00877212 0.00174571 -0.04403222
v -0.00874752 0.00173793 -0.04407617
v -0.00862288 0.00183107 -0.04419075
v -0.00862802 0.00180668 -0.04419075
v -0.00858793 0.00179541 -0.04422107
v -0.00871778 0.00173204 -0.04411772
v -0.00872205 0.00171043 -0.04411772
v -0.00869225 0.00168229 -0.04415612
v -0.00873039 0.00166732 -0.04411772
v -0.00864615 0.00171784 -0.04419075
v -0.00860539 0.00170977 -0.04422107
v -0.00854934 0.00176508 -0.04424671
v -0.00873447 0.00164581 -0.04411772
v -0.00865038 0.00169641 -0.04419075
v -0.00855803 0.00172247 -0.04424671
v -0.00865865 0.00165365 -0.04419075
v -0.00856228 0.00170122 -0.04424671
v -0.00866270 0.00163232 -0.04419075
v -0.00875018 0.00156012 -0.04411772
v -0.00882104 0.00147880 -0.04403222
v -0.00879484 0.00148000 -0.04407617
v -0.00875396 0.00153878 -0.04411772
v -0.00872356 0.00151159 -0.04415612
v -0.00882548 0.00145206 -0.04403222
v -0.00876134 0.00149622 -0.04411772
v -0.00867828 0.00154734 -0.04419075
v -0.00876493 0.00147498 -0.04411772
v -0.00868203 0.00152618 -0.04419075
v -0.00883409 0.00139874 -0.04403222
v -0.00881208 0.00137362 -0.04407617
v -0.00868934 0.00148396 -0.04419075
v -0.00869291 0.00146290 -0.04419075
v -0.00865194 0.00145602 -0.04422107
v -0.00878128 0.00137433 -0.04411772
v -0.00878537 0.00134795 -0.04411772
v -0.00875432 0.00132181 -0.04415612
v -0.00870746 0.00137370 -0.04419075
v -0.00866558 0.00137253 -0.04422107
v -0.00861207 0.00142793 -0.04424671
v -0.00879328 0.00129536 -0.04411772
v -0.00871155 0.00134752 -0.04419075
v -0.00879710 0.00126916 -0.04411772
v -0.00861885 0.00138639 -0.04424671
v -0.00862216 0.00136568 -0.04424671
v -0.00871946 0.00129532 -0.04419075
v -0.00872329 0.00126930 -0.04419075
v -0.00884628 0.00113266 -0.04407617
v -0.00881285 0.00115473 -0.04411772
v -0.00878051 0.00113491 -0.04415612
v -0.00887822 0.00108394 -0.04403222
v -0.00877509 0.00117611 -0.04415612
v -0.00888134 0.00105805 -0.04403222
v -0.00888734 0.00100643 -0.04403222
v -0.00886357 0.00098831 -0.04407617
v -0.00878572 0.00109385 -0.04415612
v -0.00874438 0.00111475 -0.04419075
v -0.00870509 0.00109435 -0.04422107
v -0.00869987 0.00113507 -0.04422107
v -0.00883227 0.00099534 -0.04411772
v -0.00883511 0.00096980 -0.04411772
v -0.00880234 0.00095094 -0.04415612
v -0.00871009 0.00105377 -0.04422107
v -0.00866335 0.00107382 -0.04424671
v -0.00875735 0.00100780 -0.04419075
v -0.00876023 0.00098242 -0.04419075
v -0.00884055 0.00091888 -0.04411772
v -0.00884315 0.00089350 -0.04411772
v -0.00876576 0.00093182 -0.04419075
v -0.00876840 0.00090661 -0.04419075
v -0.00888297 0.00079528 -0.04407617
v -0.00881644 0.00080984 -0.04415612
v -0.00882001 0.00076996 -0.04415612
v -0.00885538 0.00076279 -0.04411772
v -0.00873495 0.00082272 -0.04422107
v -0.00873858 0.00078313 -0.04422107
v -0.00878086 0.00077672 -0.04419075
v -0.00882339 0.00073023 -0.04415612
v -0.00869390 0.00078923 -0.04424671
v -0.00886413 0.00065339 -0.04411772
v -0.00874203 0.00074369 -0.04422107
v -0.00886592 0.00062864 -0.04411772
v -0.00883374 0.00059200 -0.04415612
v -0.00892704 0.00055285 -0.04403222
v -0.00890050 0.00056627 -0.04407617
v -0.00886928 0.00057932 -0.04411772
v -0.00892995 0.00050360 -0.04403222
v -0.00879269 0.00062883 -0.04419075
v -0.00887085 0.00055475 -0.04411772
v -0.00893130 0.00047906 -0.04403222
v -0.00879441 0.00060433 -0.04419075
v -0.00879763 0.00055551 -0.04419075
v -0.00879913 0.00053118 -0.04419075
v -0.00890816 0.00042930 -0.04407617
v -0.00884182 0.00045563 -0.04415612
v -0.00884372 0.00041711 -0.04415612
v -0.00887899 0.00040400 -0.04411772
v -0.00876042 0.00048079 -0.04422107
v -0.00876244 0.00044250 -0.04422107
v -0.00880466 0.00042994 -0.04419075
v -0.00884545 0.00037874 -0.04415612
v -0.00891490 0.00030852 -0.04407349
v -0.00871779 0.00045483 -0.04424671
v -0.00876428 0.00040436 -0.04422107
v -0.00885084 0.00029734 -0.04415383
v -0.00892091 0.00022196 -0.04406809
v -0.00899743 0.00003520 -0.04385249
v -0.00899759 -0.00000002 -0.04385158
v -0.00899940 -0.00000002 -0.04382710
v -0.00877163 0.00028579 -0.04421930
v -0.00897229 0.00008214 -0.04396562
v -0.00885783 0.00021150 -0.04414919
v -0.00877931 0.00020083 -0.04421573
v -0.00886391 0.00012636 -0.04414450
v -0.00878611 0.00011653 -0.04421208
v 0.00890137 0.00055239 -0.04407617
v 0.00889981 0.00057704 -0.04407617
v 0.00889817 0.00060175 -0.04407617
v 0.00876021 0.00048458 -0.04422107
v 0.00875884 0.00050868 -0.04422107
v 0.00875741 0.00053285 -0.04422107
v 0.00875432 0.00058135 -0.04422107
v 0.00875267 0.00060568 -0.04422107
v 0.00875095 0.00063008 -0.04422107
v 0.00886742 0.00095313 -0.04407617
v 0.00886463 0.00097872 -0.04407617
v 0.00886176 0.00100436 -0.04407617
v 0.00872764 0.00089685 -0.04422107
v 0.00872503 0.00092193 -0.04422107
v 0.00872234 0.00094706 -0.04422107
v 0.00871671 0.00099751 -0.04422107
v 0.00871378 0.00102282 -0.04422107
v 0.00871076 0.00104819 -0.04422107
v 0.00882088 0.00131587 -0.04407617
v 0.00881691 0.00134226 -0.04407617
v 0.00881284 0.00136870 -0.04407617
v 0.00880531 0.00141637 -0.04407617
v 0.00880187 0.00143757 -0.04407617
v 0.00868070 0.00127340 -0.04422107
v 0.00879838 0.00145880 -0.04407617
v 0.00867686 0.00129931 -0.04422107
v 0.00867293 0.00132528 -0.04422107
v 0.00879121 0.00150138 -0.04407617
v 0.00878754 0.00152272 -0.04407617
v 0.00878381 0.00154409 -0.04407617
v 0.00866481 0.00137739 -0.04422107
v 0.00866061 0.00140352 -0.04422107
v 0.00865633 0.00142971 -0.04422107
v 0.00864840 0.00147691 -0.04422107
v 0.00864479 0.00149790 -0.04422107
v 0.00876016 0.00167306 -0.04407617
v 0.00864112 0.00151893 -0.04422107
v 0.00875600 0.00169467 -0.04407617
v 0.00875179 0.00171632 -0.04407617
v 0.00874316 0.00175972 -0.04407617
v 0.00873876 0.00178146 -0.04407617
v 0.00873429 0.00180325 -0.04407617
v 0.00861785 0.00164580 -0.04422107
v 0.00861376 0.00166707 -0.04422107
v 0.00872456 0.00184973 -0.04407617
v 0.00860961 0.00168836 -0.04422107
v 0.00871929 0.00187444 -0.04407617
v 0.00871393 0.00189919 -0.04407617
v 0.00860058 0.00173381 -0.04422107
v 0.00859567 0.00175797 -0.04422107
v 0.00859069 0.00178218 -0.04422107
v 0.00858047 0.00183071 -0.04422107
v 0.00857525 0.00185504 -0.04422107
v 0.00856994 0.00187940 -0.04422107
v -0.00871147 0.00191044 -0.04407617
v -0.00871687 0.00188567 -0.04407617
v -0.00872218 0.00186094 -0.04407617
v -0.00873256 0.00181161 -0.04407617
v -0.00873763 0.00178701 -0.04407617
v -0.00874262 0.00176244 -0.04407617
v -0.00857236 0.00186834 -0.04422107
v -0.00857763 0.00184399 -0.04422107
v -0.00875180 0.00171624 -0.04407617
v -0.00858282 0.00181968 -0.04422107
v -0.00875602 0.00169460 -0.04407617
v -0.00876018 0.00167298 -0.04407617
v -0.00859239 0.00177395 -0.04422107
v -0.00859679 0.00175252 -0.04422107
v -0.00860112 0.00173113 -0.04422107
v -0.00860960 0.00168844 -0.04422107
v -0.00861375 0.00166714 -0.04422107
v -0.00878383 0.00154401 -0.04407617
v -0.00861784 0.00164588 -0.04422107
v -0.00878756 0.00152264 -0.04407617
v -0.00879123 0.00150130 -0.04407617
v -0.00879929 0.00145332 -0.04407617
v -0.00880364 0.00142670 -0.04407617
v -0.00880791 0.00140013 -0.04407617
v -0.00864111 0.00151900 -0.04422107
v -0.00864478 0.00149798 -0.04422107
v -0.00864839 0.00147698 -0.04422107
v -0.00881616 0.00134717 -0.04407617
v -0.00882016 0.00132077 -0.04407617
v -0.00865544 0.00143510 -0.04422107
v -0.00882406 0.00129443 -0.04407617
v -0.00865888 0.00141421 -0.04422107
v -0.00866226 0.00139336 -0.04422107
v -0.00866967 0.00134646 -0.04422107
v -0.00867367 0.00132045 -0.04422107
v -0.00867758 0.00129449 -0.04422107
v -0.00885462 0.00106550 -0.04407617
v -0.00885769 0.00103971 -0.04407617
v -0.00886067 0.00101398 -0.04407617
v -0.00886639 0.00096270 -0.04407617
v -0.00886912 0.00093715 -0.04407617
v -0.00887178 0.00091166 -0.04407617
v -0.00871779 0.00098805 -0.04422107
v -0.00872062 0.00096282 -0.04422107
v -0.00872336 0.00093764 -0.04422107
v -0.00889547 0.00064049 -0.04407617
v -0.00889722 0.00061569 -0.04407617
v -0.00889890 0.00059095 -0.04407617
v -0.00890204 0.00054165 -0.04407617
v -0.00890350 0.00051709 -0.04407617
v -0.00890489 0.00049259 -0.04407617
v -0.00875361 0.00059197 -0.04422107
v -0.00875522 0.00056767 -0.04422107
v -0.00875676 0.00054342 -0.04422107
v 0.00898881 0.00044859 -0.04380257
v 0.00900000 -0.00000002 -0.02430257
v 0.00898881 0.00044859 -0.02430257
v 0.00895527 0.00089609 -0.04380257
v 0.00895527 0.00089609 -0.02430257
v 0.00889948 0.00134136 -0.04380257
v 0.00889948 0.00134136 -0.02430257
v 0.00882155 0.00178330 -0.04380257
v 0.00882155 0.00178330 -0.02430257
v 0.00872169 0.00222080 -0.04380257
v 0.00872169 0.00222080 -0.02430257
v 0.00860015 0.00265278 -0.04380257
v 0.00860015 0.00265278 -0.02430257
v 0.00845723 0.00307816 -0.04380257
v 0.00845723 0.00307816 -0.02430257
v 0.00829328 0.00349589 -0.04380257
v 0.00829328 0.00349589 -0.02430257
v 0.00810872 0.00390493 -0.04380257
v 0.00810872 0.00390493 -0.02430257
v 0.00790399 0.00430426 -0.04380257
v 0.00790399 0.00430426 -0.02430257
v 0.00767962 0.00469290 -0.04380257
v 0.00767962 0.00469290 -0.02430257
v 0.00743615 0.00506986 -0.04380257
v 0.00743615 0.00506986 -0.02430257
v 0.00717419 0.00543422 -0.04380257
v 0.00717419 0.00543422 -0.02430257
v 0.00689440 0.00578507 -0.04380257
v 0.00689440 0.00578507 -0.02430257
v 0.00659746 0.00612154 -0.04380257
v 0.00659746 0.00612154 -0.02430257
v 0.00628413 0.00644278 -0.04380257
v 0.00628413 0.00644278 -0.02430257
v 0.00595517 0.00674801 -0.04380257
v 0.00595517 0.00674801 -0.02430257
v 0.00561141 0.00703646 -0.04380257
v 0.00561141 0.00703646 -0.02430257
v 0.00525369 0.00730742 -0.04380257
v 0.00525369 0.00730742 -0.02430257
v 0.00488291 0.00756021 -0.04380257
v 0.00488291 0.00756021 -0.02430257
v 0.00450000 0.00779421 -0.04380257
v 0.00450000 0.00779421 -0.02430257
v 0.00410589 0.00800883 -0.04380257
v 0.00410589 0.00800883 -0.02430257
v 0.00370158 0.00820353 -0.04380257
v 0.00370158 0.00820353 -0.02430257
v 0.00328807 0.00837784 -0.04380257
v 0.00328807 0.00837784 -0.02430257
v 0.00286638 0.00853133 -0.04380257
v 0.00286638 0.00853133 -0.02430257
v 0.00243756 0.00866360 -0.04380257
v 0.00243756 0.00866360 -0.02430257
v 0.00200269 0.00877433 -0.04380257
v 0.00200269 0.00877433 -0.02430257
v 0.00156283 0.00886325 -0.04380257
v 0.00156283 0.00886325 -0.02430257
v 0.00111909 0.00893013 -0.04380257
v 0.00111909 0.00893013 -0.02430257
v 0.00067257 0.00897481 -0.04380257
v 0.00067257 0.00897481 -0.02430257
v 0.00022437 0.00899718 -0.04380257
v 0.00022437 0.00899718 -0.02430257
v -0.00022438 0.00899718 -0.04380257
v -0.00022438 0.00899718 -0.02430257
v -0.00067257 0.00897481 -0.04380257
v -0.00067257 0.00897481 -0.02430257
v -0.00111910 0.00893013 -0.04380257
v -0.00111910 0.00893013 -0.02430257
v -0.00156284 0.00886325 -0.04380257
v -0.00156284 0.00886325 -0.02430257
v -0.00200269 0.00877433 -0.04380257
v -0.00200269 0.00877433 -0.02430257
v -0.00243757 0.00866360 -0.04380257
v -0.00243757 0.00866360 -0.02430257
v -0.00286638 0.00853133 -0.04380257
v -0.00286638 0.00853133 -0.02430257
v -0.00328807 0.00837784 -0.04380257
v -0.00328807 0.00837784 -0.02430257
v -0.00370159 0.00820353 -0.04380257
v -0.00370159 0.00820353 -0.02430257
v -0.00410590 0.00800883 -0.04380257
v -0.00410590 0.00800883 -0.02430257
v -0.00450000 0.00779421 -0.04380257
v -0.00450000 0.00779421 -0.02430257
v -0.00488292 0.00756021 -0.04380257
v -0.00488292 0.00756021 -0.02430257
v -0.00525370 0.00730742 -0.04380257
v -0.00525370 0.00730742 -0.02430257
v -0.00561141 0.00703646 -0.04380257
v -0.00561141 0.00703646 -0.02430257
v -0.00595517 0.00674801 -0.04380257
v -0.00595517 0.00674801 -0.02430257
v -0.00628413 0.00644278 -0.04380257
v -0.00628413 0.00644278 -0.02430257
v -0.00659747 0.00612154 -0.04380257
v -0.00659747 0.00612154 -0.02430257
v -0.00689440 0.00578507 -0.04380257
v -0.00689440 0.00578507 -0.02430257
v -0.00717419 0.00543422 -0.04380257
v -0.00717419 0.00543422 -0.02430257
v -0.00743615 0.00506986 -0.04380257
v -0.00743615 0.00506986 -0.02430257
v -0.00767962 0.00469290 -0.04380257
v -0.00767962 0.00469290 -0.02430257
v -0.00790400 0.00430426 -0.04380257
v -0.00790400 0.00430426 -0.02430257
v -0.00810872 0.00390493 -0.04380257
v -0.00810872 0.00390493 -0.02430257
v -0.00829329 0.00349589 -0.04380257
v -0.00829329 0.00349589 -0.02430257
v -0.00845724 0.00307816 -0.04380257
v -0.00845724 0.00307816 -0.02430257
v -0.00860016 0.00265278 -0.04380257
v -0.00860016 0.00265278 -0.02430257
v -0.00872170 0.00222080 -0.04380257
v -0.00882155 0.00178330 -0.04380257
v -0.00882155 0.00178330 -0.02430257
v -0.00889948 0.00134136 -0.04380257
v -0.00889948 0.00134136 -0.02430257
v -0.00895528 0.00089609 -0.04380257
v -0.00895528 0.00089609 -0.02430257
v -0.00898881 0.00044859 -0.04380257
v -0.00898881 0.00044859 -0.02430257
v -0.00900000 -0.00000002 -0.02430257
v -0.00653136 -0.00619210 -0.02430257
v -0.00636396 -0.00636398 -0.02430257
v -0.00605283 -0.00666067 -0.02430257
v -0.00669382 -0.00601616 -0.02430257
v -0.00572868 -0.00694150 -0.02430257
v -0.00697282 -0.00569051 -0.02430257
v -0.00539151 -0.00720646 -0.02430257
v -0.00723596 -0.00535184 -0.02430257
v -0.00519785 -0.00734732 -0.02430257
v -0.00748323 -0.00500015 -0.02430257
v -0.00500013 -0.00748325 -0.02430257
v -0.00761387 -0.00479891 -0.02430257
v -0.00463710 -0.00771354 -0.02430257
v -0.00773889 -0.00459466 -0.02430257
v -0.00426439 -0.00792573 -0.02430257
v -0.00794900 -0.00422084 -0.02430257
v -0.00388201 -0.00811982 -0.02430257
v -0.00814101 -0.00383734 -0.02430257
v -0.00366458 -0.00822019 -0.02430257
v -0.00831492 -0.00344417 -0.02430257
v -0.00344415 -0.00831494 -0.02430257
v -0.00840379 -0.00322131 -0.02430257
v -0.00304317 -0.00846998 -0.02430257
v -0.00848656 -0.00299660 -0.02430257
v -0.00263622 -0.00860538 -0.02430257
v -0.00861970 -0.00258897 -0.02430257
v -0.00222332 -0.00872115 -0.02430257
v -0.00873321 -0.00217538 -0.02430257
v -0.00199049 -0.00877717 -0.02430257
v -0.00882707 -0.00175583 -0.02430257
v -0.00175582 -0.00882709 -0.02430257
v -0.00887076 -0.00151992 -0.02430257
v -0.00133229 -0.00890092 -0.02430257
v -0.00890810 -0.00128337 -0.02430257
v -0.00090674 -0.00895433 -0.02430257
v -0.00895916 -0.00085760 -0.02430257
v -0.00047919 -0.00898732 -0.02430257
v -0.00898979 -0.00042982 -0.02430257
v -0.00023991 -0.00899685 -0.02430257
v -0.00000000 -0.00900002 -0.02430257
v -0.00899683 0.00023989 -0.02430257
v 0.00042979 -0.00898981 -0.02430257
v -0.00898730 0.00047917 -0.02430257
v 0.00085758 -0.00895917 -0.02430257
v -0.00895431 0.00090672 -0.02430257
v 0.00128335 -0.00890812 -0.02430257
v -0.00890090 0.00133226 -0.02430257
v 0.00151989 -0.00887078 -0.02430257
v -0.00882707 0.00175579 -0.02430257
v 0.00175581 -0.00882709 -0.02430257
v -0.00877715 0.00199047 -0.02430257
v 0.00217536 -0.00873322 -0.02430257
v -0.00872113 0.00222330 -0.02430257
v 0.00258894 -0.00861972 -0.02430257
v -0.00860536 0.00263620 -0.02430257
v 0.00299657 -0.00848658 -0.02430257
v -0.00846996 0.00304314 -0.02430257
v 0.00322129 -0.00840381 -0.02430257
v -0.00831492 0.00344413 -0.02430257
v 0.00344415 -0.00831494 -0.02430257
v -0.00822018 0.00366456 -0.02430257
v 0.00383732 -0.00814103 -0.02430257
v -0.00811981 0.00388198 -0.02430257
v 0.00422082 -0.00794902 -0.02430257
v -0.00792571 0.00426437 -0.02430257
v 0.00459464 -0.00773891 -0.02430257
v -0.00771352 0.00463708 -0.02430257
v 0.00479889 -0.00761389 -0.02430257
v -0.00748323 0.00500011 -0.02430257
v 0.00500013 -0.00748325 -0.02430257
v -0.00734730 0.00519782 -0.02430257
v 0.00535182 -0.00723597 -0.02430257
v -0.00720644 0.00539149 -0.02430257
v 0.00569049 -0.00697284 -0.02430257
v -0.00694148 0.00572866 -0.02430257
v 0.00601614 -0.00669384 -0.02430257
v -0.00666065 0.00605281 -0.02430257
v 0.00619207 -0.00653138 -0.02430257
v 0.00636396 -0.00636398 -0.02430257
v -0.00636396 0.00636394 -0.02430257
v -0.00619208 0.00653134 -0.02430257
v 0.00666065 -0.00605285 -0.02430257
v -0.00601614 0.00669380 -0.02430257
v 0.00694148 -0.00572870 -0.02430257
v -0.00569049 0.00697280 -0.02430257
v 0.00720644 -0.00539153 -0.02430257
v -0.00535182 0.00723593 -0.02430257
v 0.00734730 -0.00519786 -0.02430257
v 0.00748322 -0.00500015 -0.02430257
v -0.00500013 0.00748321 -0.02430257
v -0.00479889 0.00761385 -0.02430257
v 0.00771352 -0.00463712 -0.02430257
v -0.00459465 0.00773887 -0.02430257
v 0.00792571 -0.00426441 -0.02430257
v -0.00422082 0.00794898 -0.02430257
v 0.00811980 -0.00388202 -0.02430257
v -0.00383732 0.00814099 -0.02430257
v 0.00822017 -0.00366460 -0.02430257
v 0.00831491 -0.00344417 -0.02430257
v -0.00344415 0.00831490 -0.02430257
v -0.00322129 0.00840377 -0.02430257
v 0.00846995 -0.00304318 -0.02430257
v -0.00299658 0.00848654 -0.02430257
v 0.00860536 -0.00263624 -0.02430257
v -0.00258895 0.00861968 -0.02430257
v 0.00872112 -0.00222334 -0.02430257
v -0.00217536 0.00873318 -0.02430257
v 0.00877715 -0.00199051 -0.02430257
v 0.00882707 -0.00175583 -0.02430257
v -0.00175582 0.00882705 -0.02430257
v -0.00151990 0.00887074 -0.02430257
v 0.00890090 -0.00133230 -0.02430257
v -0.00128335 0.00890808 -0.02430257
v 0.00895431 -0.00090676 -0.02430257
v -0.00085758 0.00895913 -0.02430257
v 0.00898730 -0.00047921 -0.02430257
v -0.00042980 0.00898977 -0.02430257
v 0.00899682 -0.00023993 -0.02430257
v -0.00000000 0.00899998 -0.02430257
v 0.00023991 0.00899680 -0.02430257
v 0.00898979 0.00042978 -0.02430257
v 0.00047919 0.00898728 -0.02430257
v 0.00895915 0.00085756 -0.02430257
v 0.00090674 0.00895429 -0.02430257
v 0.00890809 0.00128333 -0.02430257
v 0.00133228 0.00890088 -0.02430257
v 0.00887076 0.00151988 -0.02430257
v 0.00882707 0.00175579 -0.02430257
v 0.00175581 0.00882705 -0.02430257
v 0.00199049 0.00877713 -0.02430257
v 0.00873320 0.00217534 -0.02430257
v 0.00222332 0.00872111 -0.02430257
v 0.00861970 0.00258893 -0.02430257
v 0.00263622 0.00860534 -0.02430257
v 0.00848656 0.00299656 -0.02430257
v 0.00304316 0.00846994 -0.02430257
v 0.00840379 0.00322127 -0.02430257
v 0.00831491 0.00344413 -0.02430257
v 0.00344415 0.00831490 -0.02430257
v 0.00366458 0.00822015 -0.02430257
v 0.00814100 0.00383730 -0.02430257
v 0.00388200 0.00811978 -0.02430257
v 0.00794900 0.00422080 -0.02430257
v 0.00426439 0.00792569 -0.02430257
v 0.00773889 0.00459462 -0.02430257
v 0.00463709 0.00771350 -0.02430257
v 0.00761387 0.00479887 -0.02430257
v 0.00748322 0.00500011 -0.02430257
v 0.00500013 0.00748321 -0.02430257
v 0.00519784 0.00734728 -0.02430257
v 0.00723595 0.00535180 -0.02430257
v 0.00539151 0.00720642 -0.02430257
v 0.00697282 0.00569047 -0.02430257
v 0.00572868 0.00694146 -0.02430257
v 0.00669382 0.00601612 -0.02430257
v 0.00605283 0.00666063 -0.02430257
v 0.00653135 0.00619206 -0.02430257
v 0.00636396 0.00636394 -0.02430257
v -0.00616851 -0.00584809 -0.04430257
v -0.00601041 -0.00601043 -0.04430257
v -0.00571656 -0.00629064 -0.04430257
v -0.00632194 -0.00568193 -0.04430257
v -0.00541042 -0.00655586 -0.04430257
v -0.00658544 -0.00537437 -0.04430257
v -0.00509198 -0.00680610 -0.04430257
v -0.00683396 -0.00505452 -0.04430257
v -0.00490908 -0.00693914 -0.04430257
v -0.00706749 -0.00472237 -0.04430257
v -0.00719088 -0.00453231 -0.04430257
v -0.00472235 -0.00706751 -0.04430257
v -0.00437948 -0.00728501 -0.04430257
v -0.00730895 -0.00433941 -0.04430257
v -0.00402748 -0.00748541 -0.04430257
v -0.00750739 -0.00398635 -0.04430257
v -0.00366634 -0.00766872 -0.04430257
v -0.00768873 -0.00362416 -0.04430257
v -0.00346100 -0.00776352 -0.04430257
v -0.00785298 -0.00325283 -0.04430257
v -0.00325281 -0.00785300 -0.04430257
v -0.00793692 -0.00304235 -0.04430257
v -0.00287410 -0.00799942 -0.04430257
v -0.00801509 -0.00283012 -0.04430257
v -0.00248976 -0.00812731 -0.04430257
v -0.00814083 -0.00244514 -0.04430257
v -0.00209980 -0.00823664 -0.04430257
v -0.00824803 -0.00205452 -0.04430257
v -0.00187991 -0.00828955 -0.04430257
v -0.00833668 -0.00165829 -0.04430257
v -0.00165827 -0.00833669 -0.04430257
v -0.00837794 -0.00143548 -0.04430257
v -0.00125827 -0.00840643 -0.04430257
v -0.00841320 -0.00121208 -0.04430257
v -0.00085637 -0.00845687 -0.04430257
v -0.00846143 -0.00080996 -0.04430257
v -0.00045257 -0.00848803 -0.04430257
v -0.00849036 -0.00040594 -0.04430257
v -0.00022658 -0.00849702 -0.04430257
v -0.00849700 0.00022656 -0.04430257
v -0.00000000 -0.00850002 -0.04430257
v 0.00040592 -0.00849038 -0.04430257
v -0.00848801 0.00045255 -0.04430257
v 0.00080993 -0.00846144 -0.04430257
v -0.00845685 0.00085635 -0.04430257
v 0.00121205 -0.00841322 -0.04430257
v -0.00840641 0.00125825 -0.04430257
v 0.00143545 -0.00837796 -0.04430257
v -0.00833668 0.00165825 -0.04430257
v -0.00828953 0.00187989 -0.04430257
v 0.00165827 -0.00833669 -0.04430257
v 0.00205450 -0.00824805 -0.04430257
v -0.00823662 0.00209978 -0.04430257
v 0.00244511 -0.00814085 -0.04430257
v -0.00812729 0.00248974 -0.04430257
v 0.00283010 -0.00801511 -0.04430257
v -0.00799941 0.00287408 -0.04430257
v 0.00304233 -0.00793693 -0.04430257
v -0.00785298 0.00325279 -0.04430257
v 0.00325281 -0.00785300 -0.04430257
v -0.00776350 0.00346097 -0.04430257
v 0.00362414 -0.00768875 -0.04430257
v -0.00766871 0.00366632 -0.04430257
v 0.00398633 -0.00750741 -0.04430257
v -0.00748540 0.00402746 -0.04430257
v 0.00433938 -0.00730897 -0.04430257
v -0.00728499 0.00437946 -0.04430257
v 0.00453228 -0.00719090 -0.04430257
v -0.00706749 0.00472233 -0.04430257
v -0.00693912 0.00490905 -0.04430257
v 0.00472234 -0.00706751 -0.04430257
v 0.00505450 -0.00683398 -0.04430257
v -0.00680609 0.00509196 -0.04430257
v 0.00537435 -0.00658546 -0.04430257
v -0.00655584 0.00541040 -0.04430257
v 0.00568191 -0.00632196 -0.04430257
v -0.00629062 0.00571654 -0.04430257
v 0.00584807 -0.00616852 -0.04430257
v -0.00601041 0.00601039 -0.04430257
v 0.00601041 -0.00601043 -0.04430257
v -0.00584807 0.00616848 -0.04430257
v 0.00629061 -0.00571658 -0.04430257
v -0.00568191 0.00632192 -0.04430257
v 0.00655584 -0.00541044 -0.04430257
v -0.00537435 0.00658542 -0.04430257
v 0.00680608 -0.00509200 -0.04430257
v -0.00505450 0.00683394 -0.04430257
v 0.00693912 -0.00490909 -0.04430257
v -0.00472235 0.00706747 -0.04430257
v 0.00706749 -0.00472237 -0.04430257
v -0.00453229 0.00719086 -0.04430257
v 0.00728499 -0.00437950 -0.04430257
v -0.00433939 0.00730893 -0.04430257
v 0.00748539 -0.00402750 -0.04430257
v -0.00398633 0.00750737 -0.04430257
v 0.00766870 -0.00366636 -0.04430257
v -0.00362414 0.00768871 -0.04430257
v 0.00776350 -0.00346101 -0.04430257
v -0.00325281 0.00785296 -0.04430257
v 0.00785297 -0.00325283 -0.04430257
v -0.00304233 0.00793689 -0.04430257
v 0.00799940 -0.00287412 -0.04430257
v -0.00283010 0.00801507 -0.04430257
v 0.00812728 -0.00248978 -0.04430257
v -0.00244512 0.00814081 -0.04430257
v 0.00823662 -0.00209982 -0.04430257
v -0.00205451 0.00824801 -0.04430257
v 0.00828953 -0.00187993 -0.04430257
v 0.00833667 -0.00165829 -0.04430257
v -0.00165827 0.00833666 -0.04430257
v -0.00143546 0.00837792 -0.04430257
v 0.00840640 -0.00125829 -0.04430257
v -0.00121206 0.00841318 -0.04430257
v 0.00845685 -0.00085639 -0.04430257
v -0.00080994 0.00846140 -0.04430257
v 0.00848800 -0.00045259 -0.04430257
v -0.00040592 0.00849034 -0.04430257
v 0.00849700 -0.00022660 -0.04430257
v -0.00000000 0.00849998 -0.04430257
v 0.00022658 0.00849698 -0.04430257
v 0.00849035 0.00040590 -0.04430257
v 0.00045257 0.00848798 -0.04430257
v 0.00846142 0.00080992 -0.04430257
v 0.00085637 0.00845683 -0.04430257
v 0.00841320 0.00121204 -0.04430257
v 0.00125827 0.00840639 -0.04430257
v 0.00837794 0.00143544 -0.04430257
v 0.00165827 0.00833666 -0.04430257
v 0.00833667 0.00165825 -0.04430257
v 0.00187991 0.00828951 -0.04430257
v 0.00824802 0.00205448 -0.04430257
v 0.00209980 0.00823660 -0.04430257
v 0.00814083 0.00244510 -0.04430257
v 0.00248976 0.00812726 -0.04430257
v 0.00801508 0.00283008 -0.04430257
v 0.00287410 0.00799938 -0.04430257
v 0.00793691 0.00304231 -0.04430257
v 0.00785297 0.00325279 -0.04430257
v 0.00325281 0.00785296 -0.04430257
v 0.00346099 0.00776348 -0.04430257
v 0.00768873 0.00362412 -0.04430257
v 0.00366634 0.00766868 -0.04430257
v 0.00750738 0.00398631 -0.04430257
v 0.00402748 0.00748537 -0.04430257
v 0.00730895 0.00433937 -0.04430257
v 0.00437948 0.00728497 -0.04430257
v 0.00719088 0.00453227 -0.04430257
v 0.00706749 0.00472233 -0.04430257
v 0.00472234 0.00706747 -0.04430257
v 0.00490907 0.00693910 -0.04430257
v 0.00683395 0.00505448 -0.04430257
v 0.00509198 0.00680607 -0.04430257
v 0.00658544 0.00537433 -0.04430257
v 0.00541042 0.00655582 -0.04430257
v 0.00632194 0.00568189 -0.04430257
v 0.00571656 0.00629059 -0.04430257
v 0.00616850 0.00584805 -0.04430257
v 0.00601041 0.00601039 -0.04430257
v -0.00898881 -0.00044863 -0.04380257
v -0.00898881 -0.00044863 -0.02430257
v -0.00895528 -0.00089613 -0.04380257
v -0.00895528 -0.00089613 -0.02430257
v -0.00889948 -0.00134140 -0.04380257
v -0.00889948 -0.00134140 -0.02430257
v -0.00882155 -0.00178334 -0.04380257
v -0.00882155 -0.00178334 -0.02430257
v -0.00872170 -0.00222084 -0.04380257
v -0.00872170 -0.00222084 -0.02430257
v -0.00860016 -0.00265282 -0.04380257
v -0.00860016 -0.00265282 -0.02430257
v -0.00845724 -0.00307820 -0.04380257
v -0.00845724 -0.00307820 -0.02430257
v -0.00829329 -0.00349593 -0.04380257
v -0.00829329 -0.00349593 -0.02430257
v -0.00810872 -0.00390497 -0.04380257
v -0.00810872 -0.00390497 -0.02430257
v -0.00790400 -0.00430431 -0.04380257
v -0.00790400 -0.00430431 -0.02430257
v -0.00767962 -0.00469294 -0.04380257
v -0.00767962 -0.00469294 -0.02430257
v -0.00743615 -0.00506990 -0.04380257
v -0.00743615 -0.00506990 -0.02430257
v -0.00717419 -0.00543426 -0.04380257
v -0.00717419 -0.00543426 -0.02430257
v -0.00689440 -0.00578511 -0.04380257
v -0.00689440 -0.00578511 -0.02430257
v -0.00659747 -0.00612157 -0.04380257
v -0.00659747 -0.00612157 -0.02430257
v -0.00628413 -0.00644282 -0.04380257
v -0.00628413 -0.00644282 -0.02430257
v -0.00595517 -0.00674805 -0.04380257
v -0.00595517 -0.00674805 -0.02430257
v -0.00561141 -0.00703650 -0.04380257
v -0.00561141 -0.00703650 -0.02430257
v -0.00525370 -0.00730746 -0.04380257
v -0.00525370 -0.00730746 -0.02430257
v -0.00488292 -0.00756025 -0.04380257
v -0.00488292 -0.00756025 -0.02430257
v -0.00450000 -0.00779425 -0.04380257
v -0.00450000 -0.00779425 -0.02430257
v -0.00410590 -0.00800887 -0.04380257
v -0.00410590 -0.00800887 -0.02430257
v -0.00370159 -0.00820357 -0.04380257
v -0.00370159 -0.00820357 -0.02430257
v -0.00328807 -0.00837788 -0.04380257
v -0.00328807 -0.00837788 -0.02430257
v -0.00286638 -0.00853137 -0.04380257
v -0.00286638 -0.00853137 -0.02430257
v -0.00243757 -0.00866364 -0.04380257
v -0.00243757 -0.00866364 -0.02430257
v -0.00200269 -0.00877437 -0.04380257
v -0.00200269 -0.00877437 -0.02430257
v -0.00156284 -0.00886329 -0.04380257
v -0.00156284 -0.00886329 -0.02430257
v -0.00111910 -0.00893017 -0.04380257
v -0.00111910 -0.00893017 -0.02430257
v -0.00067257 -0.00897485 -0.04380257
v -0.00067257 -0.00897485 -0.02430257
v -0.00022438 -0.00899722 -0.04380257
v -0.00022438 -0.00899722 -0.02430257
v 0.00022437 -0.00899722 -0.04380257
v 0.00022437 -0.00899722 -0.02430257
v 0.00067257 -0.00897485 -0.04380257
v 0.00067257 -0.00897485 -0.02430257
v 0.00111909 -0.00893017 -0.04380257
v 0.00111909 -0.00893017 -0.02430257
v 0.00156283 -0.00886329 -0.04380257
v 0.00156283 -0.00886329 -0.02430257
v 0.00200269 -0.00877437 -0.04380257
v 0.00200269 -0.00877437 -0.02430257
v 0.00243756 -0.00866364 -0.04380257
v 0.00243756 -0.00866364 -0.02430257
v 0.00286638 -0.00853137 -0.04380257
v 0.00286638 -0.00853137 -0.02430257
v 0.00328807 -0.00837788 -0.04380257
v 0.00328807 -0.00837788 -0.02430257
v 0.00370158 -0.00820357 -0.04380257
v 0.00370158 -0.00820357 -0.02430257
v 0.00410589 -0.00800887 -0.04380257
v 0.00410589 -0.00800887 -0.02430257
v 0.00450000 -0.00779425 -0.04380257
v 0.00450000 -0.00779425 -0.02430257
v 0.00488291 -0.00756025 -0.04380257
v 0.00488291 -0.00756025 -0.02430257
v 0.00525369 -0.00730746 -0.04380257
v 0.00525369 -0.00730746 -0.02430257
v 0.00561141 -0.00703650 -0.04380257
v 0.00561141 -0.00703650 -0.02430257
v 0.00595517 -0.00674805 -0.04380257
v 0.00595517 -0.00674805 -0.02430257
v 0.00628413 -0.00644282 -0.04380257
v 0.00628413 -0.00644282 -0.02430257
v 0.00659746 -0.00612157 -0.04380257
v 0.00659746 -0.00612157 -0.02430257
v 0.00689440 -0.00578511 -0.04380257
v 0.00689440 -0.00578511 -0.02430257
v 0.00717419 -0.00543426 -0.04380257
v 0.00717419 -0.00543426 -0.02430257
v 0.00743615 -0.00506990 -0.04380257
v 0.00743615 -0.00506990 -0.02430257
v 0.00767962 -0.00469294 -0.04380257
v 0.00767962 -0.00469294 -0.02430257
v 0.00790399 -0.00430431 -0.04380257
v 0.00790399 -0.00430431 -0.02430257
v 0.00810872 -0.00390497 -0.04380257
v 0.00810872 -0.00390497 -0.02430257
v 0.00829328 -0.00349593 -0.04380257
v 0.00829328 -0.00349593 -0.02430257
v 0.00845723 -0.00307820 -0.04380257
v 0.00845723 -0.00307820 -0.02430257
v 0.00860015 -0.00265282 -0.04380257
v 0.00860015 -0.00265282 -0.02430257
v 0.00872169 -0.00222084 -0.04380257
v 0.00882155 -0.00178334 -0.04380257
v 0.00882155 -0.00178334 -0.02430257
v 0.00889948 -0.00134140 -0.04380257
v 0.00889948 -0.00134140 -0.02430257
v 0.00895527 -0.00089613 -0.04380257
v 0.00895527 -0.00089613 -0.02430257
v 0.00898881 -0.00044863 -0.04380257
v 0.00898881 -0.00044863 -0.02430257
v -0.00899649 -0.00007644 -0.04385892
v -0.00899869 -0.00015357 -0.04380257
v -0.00899505 -0.00007643 -0.04387042
v -0.00899333 -0.00007642 -0.04388196
v -0.00899133 -0.00007640 -0.04389355
v -0.00898904 -0.00007638 -0.04390517
v -0.00898645 -0.00007636 -0.04391682
v -0.00898356 -0.00007634 -0.04392848
v -0.00898038 -0.00007631 -0.04394015
v -0.00897689 -0.00007628 -0.04395180
v -0.00897590 -0.00015318 -0.04395180
v -0.00897211 -0.00015311 -0.04396344
v -0.00896800 -0.00015304 -0.04397505
v -0.00855446 -0.00018013 -0.04429938
v -0.00849231 -0.00036156 -0.04430257
v 0.00899482 -0.00018941 -0.04385892
v 0.00899185 -0.00038283 -0.04380257
v 0.00864892 -0.00007349 -0.04427978
v 0.00867122 -0.00014798 -0.04427188
v 0.00865961 -0.00014778 -0.04427598
v 0.00864797 -0.00014758 -0.04427978
v 0.00863727 -0.00007339 -0.04428327
v 0.00862560 -0.00007329 -0.04428645
v 0.00861394 -0.00007320 -0.04428934
v 0.00860229 -0.00007310 -0.04429193
v 0.00859067 -0.00007300 -0.04429422
v 0.00857908 -0.00007290 -0.04429622
v 0.00856754 -0.00007280 -0.04429794
v 0.00855605 -0.00007270 -0.04429938
v 0.00849876 -0.00014504 -0.04430257
v -0.00895761 -0.00003799 -0.04400386
v -0.00895243 -0.00003796 -0.04401527
v -0.00899324 -0.00015347 -0.04387618
v -0.00892836 -0.00007587 -0.04405993
v -0.00893477 -0.00007592 -0.04404893
v -0.00892165 -0.00007581 -0.04407079
v -0.00891464 -0.00007575 -0.04408151
v -0.00899158 -0.00023117 -0.04387618
v -0.00899467 -0.00030969 -0.04380257
v -0.00899069 -0.00023114 -0.04388196
v -0.00898972 -0.00023112 -0.04388775
v -0.00898869 -0.00023109 -0.04389355
v -0.00875688 -0.00009172 -0.04423125
v -0.00874589 -0.00009160 -0.04423766
v -0.00873477 -0.00009149 -0.04424377
v -0.00858086 -0.00027250 -0.04429526
v -0.00862401 -0.00018160 -0.04428645
v -0.00861235 -0.00018135 -0.04428934
v -0.00860070 -0.00018111 -0.04429193
v -0.00858908 -0.00018086 -0.04429422
v -0.00857749 -0.00018062 -0.04429622
v -0.00857507 -0.00027231 -0.04429622
v -0.00856930 -0.00027213 -0.04429712
v -0.00856595 -0.00018038 -0.04429794
v -0.00856353 -0.00027195 -0.04429794
v -0.00855778 -0.00027176 -0.04429870
v -0.00855205 -0.00027158 -0.04429938
v -0.00854633 -0.00027140 -0.04430000
v -0.00576265 -0.00690845 -0.04386275
v -0.00561048 -0.00703725 -0.04380257
v -0.00588184 -0.00681207 -0.04380257
v -0.00562585 -0.00702031 -0.04386275
v -0.00563623 -0.00699724 -0.04392459
v -0.00555627 -0.00707551 -0.04386275
v -0.00549686 -0.00710725 -0.04392459
v -0.00541476 -0.00718438 -0.04386275
v -0.00532656 -0.00725452 -0.04380257
v -0.00550250 -0.00707758 -0.04398662
v -0.00534284 -0.00723802 -0.04386275
v -0.00535437 -0.00721520 -0.04392459
v -0.00543200 -0.00713183 -0.04398662
v -0.00527015 -0.00729112 -0.04386275
v -0.00536072 -0.00718556 -0.04398662
v -0.00536168 -0.00714892 -0.04404709
v -0.00527022 -0.00725220 -0.04398662
v -0.00547987 -0.00657632 -0.04429893
v -0.00540629 -0.00671652 -0.04428745
v -0.00551946 -0.00662384 -0.04428745
v -0.00555067 -0.00643741 -0.04430257
v -0.00523230 -0.00669876 -0.04430257
v -0.00512247 -0.00739562 -0.04386275
v -0.00503033 -0.00746298 -0.04380257
v -0.00520880 -0.00732098 -0.04392459
v -0.00519721 -0.00730470 -0.04398662
v -0.00518054 -0.00728126 -0.04404709
v -0.00511593 -0.00738618 -0.04392459
v -0.00536235 -0.00683068 -0.04426746
v -0.00548310 -0.00681194 -0.04423870
v -0.00544518 -0.00676484 -0.04426746
v -0.00524968 -0.00718537 -0.04410418
v -0.00533927 -0.00711905 -0.04410418
v -0.00531213 -0.00708286 -0.04415612
v -0.00528097 -0.00704131 -0.04420135
v -0.00543295 -0.00699062 -0.04415612
v -0.00540107 -0.00694961 -0.04420135
v -0.00531863 -0.00670740 -0.04429893
v -0.00524449 -0.00692158 -0.04426746
v -0.00524068 -0.00684653 -0.04428745
v -0.00523630 -0.00677186 -0.04429893
v -0.00515892 -0.00698560 -0.04426746
v -0.00524671 -0.00699564 -0.04423870
v -0.00515284 -0.00683558 -0.04429893
v -0.00489592 -0.00694840 -0.04430257
v -0.00460095 -0.00773086 -0.04386275
v -0.00440231 -0.00784984 -0.04380257
v -0.00472211 -0.00766173 -0.04380257
v -0.00498256 -0.00696068 -0.04429893
v -0.00507052 -0.00697348 -0.04428745
v -0.00459508 -0.00772099 -0.04392459
v -0.00447436 -0.00779157 -0.04392459
v -0.00444039 -0.00782418 -0.04386275
v -0.00435906 -0.00786978 -0.04386275
v -0.00446441 -0.00777423 -0.04398662
v -0.00438371 -0.00782002 -0.04398662
v -0.00445009 -0.00774929 -0.04404709
v -0.00419434 -0.00795879 -0.04386275
v -0.00431190 -0.00788263 -0.04392459
v -0.00407143 -0.00802644 -0.04380257
v -0.00426063 -0.00788776 -0.04398662
v -0.00411097 -0.00800218 -0.04386275
v -0.00414671 -0.00797077 -0.04392459
v -0.00417821 -0.00793172 -0.04398662
v -0.00420524 -0.00788484 -0.04404709
v -0.00402694 -0.00804479 -0.04386275
v -0.00409512 -0.00797494 -0.04398662
v -0.00418767 -0.00785189 -0.04410418
v -0.00431035 -0.00778521 -0.04410418
v -0.00416638 -0.00781198 -0.04415612
v -0.00385694 -0.00812767 -0.04386275
v -0.00397885 -0.00805588 -0.04392459
v -0.00373004 -0.00819067 -0.04380257
v -0.00405342 -0.00781271 -0.04420135
v -0.00414194 -0.00776615 -0.04420135
v -0.00411507 -0.00771577 -0.04423870
v -0.00407734 -0.00785882 -0.04415612
v -0.00407951 -0.00766620 -0.04426746
v -0.00415908 -0.00762332 -0.04426746
v -0.00408585 -0.00752215 -0.04429893
v -0.00428050 -0.00734354 -0.04430257
v -0.00397215 -0.00751481 -0.04430257
v -0.00420079 -0.00752948 -0.04428745
v -0.00424101 -0.00743578 -0.04429893
v -0.00399211 -0.00771207 -0.04426746
v -0.00404331 -0.00761520 -0.04428745
v -0.00400730 -0.00756430 -0.04429893
v -0.00391119 -0.00775343 -0.04426746
v -0.00393842 -0.00780742 -0.04423870
v -0.00392810 -0.00760572 -0.04429893
v -0.00326383 -0.00838346 -0.04386275
v -0.00301847 -0.00847875 -0.04380257
v -0.00337881 -0.00834170 -0.04380257
v -0.00376782 -0.00768639 -0.04429893
v -0.00379504 -0.00774192 -0.04428745
v -0.00388325 -0.00769805 -0.04428745
v -0.00365365 -0.00767471 -0.04430257
v -0.00325967 -0.00837275 -0.04392459
v -0.00314531 -0.00841638 -0.04392459
v -0.00308343 -0.00845147 -0.04386275
v -0.00299243 -0.00848412 -0.04386275
v -0.00304801 -0.00843085 -0.04398662
v -0.00313831 -0.00839766 -0.04398662
v -0.00312824 -0.00837071 -0.04404709
v -0.00290092 -0.00851585 -0.04386275
v -0.00296378 -0.00848201 -0.04392459
v -0.00264985 -0.00860108 -0.04380257
v -0.00293238 -0.00847177 -0.04398662
v -0.00271640 -0.00857649 -0.04386275
v -0.00278022 -0.00854393 -0.04392459
v -0.00259472 -0.00860208 -0.04392459
v -0.00284091 -0.00850288 -0.04398662
v -0.00289821 -0.00845312 -0.04404709
v -0.00262343 -0.00860538 -0.04386275
v -0.00288609 -0.00841779 -0.04410418
v -0.00298580 -0.00833491 -0.04415612
v -0.00287142 -0.00837500 -0.04415612
v -0.00300105 -0.00837749 -0.04410418
v -0.00274896 -0.00853305 -0.04398662
v -0.00320814 -0.00793630 -0.04429893
v -0.00332559 -0.00782245 -0.04430257
v -0.00298864 -0.00795728 -0.04430257
v -0.00243612 -0.00866027 -0.04386275
v -0.00227384 -0.00870804 -0.04380257
v -0.00296393 -0.00816261 -0.04426746
v -0.00308778 -0.00805017 -0.04428745
v -0.00291440 -0.00811455 -0.04428745
v -0.00303774 -0.00800307 -0.04429893
v -0.00287602 -0.00819399 -0.04426746
v -0.00273526 -0.00836583 -0.04420135
v -0.00275140 -0.00841520 -0.04415612
v -0.00285458 -0.00832587 -0.04420135
v -0.00283606 -0.00827186 -0.04423870
v -0.00295176 -0.00803518 -0.04429893
v -0.00278761 -0.00822449 -0.04426746
v -0.00266968 -0.00826352 -0.04426746
v -0.00273902 -0.00817542 -0.04428745
v -0.00277830 -0.00809679 -0.04429893
v -0.00264355 -0.00807849 -0.04430257
v -0.00258018 -0.00829191 -0.04426746
v -0.00259814 -0.00834965 -0.04423870
v -0.00269085 -0.00812628 -0.04429893
v -0.00260292 -0.00815486 -0.04429893
v -0.00179073 -0.00881636 -0.04386275
v -0.00150353 -0.00887354 -0.04380257
v -0.00189139 -0.00879903 -0.04380257
v -0.00242574 -0.00820931 -0.04429893
v -0.00256175 -0.00823269 -0.04428745
v -0.00229113 -0.00818542 -0.04430257
v -0.00244326 -0.00826862 -0.04428745
v -0.00178845 -0.00880511 -0.04392459
v -0.00168834 -0.00882485 -0.04392459
v -0.00159684 -0.00885353 -0.04386275
v -0.00149946 -0.00887055 -0.04386275
v -0.00158781 -0.00882318 -0.04398662
v -0.00168458 -0.00880522 -0.04398662
v -0.00167918 -0.00877697 -0.04404709
v -0.00140180 -0.00888650 -0.04386275
v -0.00149408 -0.00885981 -0.04392459
v -0.00111132 -0.00893114 -0.04380257
v -0.00148730 -0.00884068 -0.04398662
v -0.00138997 -0.00885651 -0.04398662
v -0.00147909 -0.00881289 -0.04404709
v -0.00120574 -0.00891522 -0.04386275
v -0.00129874 -0.00889054 -0.04392459
v -0.00147290 -0.00877606 -0.04410418
v -0.00157268 -0.00875873 -0.04410418
v -0.00156469 -0.00871421 -0.04415612
v -0.00146542 -0.00873146 -0.04415612
v -0.00129585 -0.00887076 -0.04398662
v -0.00129169 -0.00884230 -0.04404709
v -0.00120420 -0.00890384 -0.04392459
v -0.00181463 -0.00836565 -0.04429893
v -0.00193226 -0.00827748 -0.04430257
v -0.00156789 -0.00835417 -0.04430257
v -0.00137270 -0.00874651 -0.04415612
v -0.00137972 -0.00879119 -0.04410418
v -0.00163087 -0.00840341 -0.04429893
v -0.00169481 -0.00845383 -0.04428745
v -0.00147856 -0.00855727 -0.04426746
v -0.00157247 -0.00854051 -0.04426746
v -0.00150885 -0.00848900 -0.04428745
v -0.00153853 -0.00842080 -0.04429893
v -0.00138438 -0.00857301 -0.04426746
v -0.00144737 -0.00862393 -0.04423870
v -0.00144593 -0.00843720 -0.04429893
v -0.00119899 -0.00841503 -0.04430257
v -0.00128994 -0.00858773 -0.04426746
v -0.00132180 -0.00852012 -0.04428745
v -0.00125994 -0.00846697 -0.04429893
v -0.00116659 -0.00848034 -0.04429893
v -0.00097929 -0.00850400 -0.04429893
v -0.00113380 -0.00854717 -0.04428745
v -0.00082662 -0.00845973 -0.04430257
v -0.00003951 -0.00899630 -0.04386275
v -0.00023868 -0.00899322 -0.04386275
v -0.00015893 -0.00898350 -0.04392459
v -0.00031833 -0.00899439 -0.04380257
v 0.00008015 -0.00899966 -0.04380257
v 0.00006009 -0.00899618 -0.04386275
v 0.00004001 -0.00898481 -0.04392459
v 0.00015968 -0.00899497 -0.04386275
v 0.00001996 -0.00896489 -0.04398662
v -0.00007930 -0.00896456 -0.04398662
v -0.00000000 -0.00893615 -0.04404709
v 0.00013917 -0.00896383 -0.04398662
v 0.00035876 -0.00898923 -0.04386275
v 0.00023892 -0.00898172 -0.04392459
v 0.00047840 -0.00898730 -0.04380257
v 0.00023839 -0.00896174 -0.04398662
v 0.00023763 -0.00893299 -0.04404709
v -0.00023093 -0.00868100 -0.04426746
v -0.00034384 -0.00861519 -0.04428745
v -0.00022928 -0.00861900 -0.04428745
v 0.00035831 -0.00897775 -0.04392459
v 0.00011833 -0.00889802 -0.04410418
v -0.00000000 -0.00889880 -0.04410418
v -0.00000000 -0.00885357 -0.04415612
v -0.00034137 -0.00855339 -0.04429893
v -0.00007571 -0.00849968 -0.04430257
v -0.00000000 -0.00880164 -0.04420135
v -0.00011704 -0.00880086 -0.04420135
v -0.00000000 -0.00874454 -0.04423870
v -0.00013481 -0.00868302 -0.04426746
v -0.00023254 -0.00874145 -0.04423870
v -0.00001934 -0.00868405 -0.04426746
v -0.00003840 -0.00862196 -0.04428745
v -0.00015195 -0.00855885 -0.04429893
v 0.00007681 -0.00868373 -0.04426746
v -0.00005718 -0.00856001 -0.04429893
v 0.00003759 -0.00856012 -0.04429893
v 0.00030064 -0.00849470 -0.04430257
v 0.00102918 -0.00893732 -0.04386275
v 0.00126952 -0.00891003 -0.04380257
v 0.00087524 -0.00895736 -0.04380257
v 0.00022710 -0.00855719 -0.04429893
v 0.00015251 -0.00862070 -0.04428745
v 0.00122603 -0.00891245 -0.04386275
v 0.00118151 -0.00890688 -0.04392459
v 0.00132413 -0.00889840 -0.04386275
v 0.00151960 -0.00886712 -0.04386275
v 0.00137743 -0.00887869 -0.04392459
v 0.00166011 -0.00884559 -0.04380257
v 0.00142914 -0.00885027 -0.04398662
v 0.00133166 -0.00886546 -0.04398662
v 0.00161693 -0.00884989 -0.04386275
v 0.00157235 -0.00884625 -0.04392459
v 0.00152637 -0.00883402 -0.04398662
v 0.00147908 -0.00881289 -0.04404709
v 0.00171396 -0.00883161 -0.04386275
v 0.00162332 -0.00881672 -0.04398662
v 0.00190709 -0.00879192 -0.04386275
v 0.00176613 -0.00880961 -0.04392459
v 0.00204592 -0.00876439 -0.04380257
v 0.00145682 -0.00868023 -0.04420135
v 0.00137270 -0.00874651 -0.04415612
v 0.00136465 -0.00869520 -0.04420135
v 0.00144737 -0.00862393 -0.04423870
v 0.00146541 -0.00873146 -0.04415612
v 0.00114727 -0.00848297 -0.04429893
v 0.00124629 -0.00853150 -0.04428745
v 0.00115556 -0.00854426 -0.04428745
v 0.00134642 -0.00857905 -0.04426746
v 0.00125525 -0.00859287 -0.04426746
v 0.00126399 -0.00865271 -0.04423870
v 0.00155551 -0.00866309 -0.04420135
v 0.00156469 -0.00871421 -0.04415612
v 0.00144070 -0.00856373 -0.04426746
v 0.00133383 -0.00845564 -0.04429893
v 0.00104957 -0.00843497 -0.04430257
v 0.00141999 -0.00838057 -0.04430257
v 0.00153807 -0.00854678 -0.04426746
v 0.00143374 -0.00850200 -0.04428745
v 0.00142675 -0.00844046 -0.04429893
v 0.00163180 -0.00852938 -0.04426746
v 0.00164317 -0.00858877 -0.04423870
v 0.00151942 -0.00842427 -0.04429893
v 0.00254934 -0.00862762 -0.04386275
v 0.00279905 -0.00855369 -0.04380257
v 0.00242590 -0.00866691 -0.04380257
v 0.00170391 -0.00838890 -0.04429893
v 0.00162015 -0.00846846 -0.04428745
v 0.00171622 -0.00844951 -0.04428745
v 0.00178631 -0.00831020 -0.04430257
v 0.00254608 -0.00861661 -0.04392459
v 0.00266955 -0.00857916 -0.04392459
v 0.00273555 -0.00857040 -0.04386275
v 0.00282795 -0.00854035 -0.04386275
v 0.00291987 -0.00850937 -0.04386275
v 0.00316444 -0.00842536 -0.04380257
v 0.00285429 -0.00851948 -0.04392459
v 0.00275602 -0.00853077 -0.04398662
v 0.00266362 -0.00856007 -0.04398662
v 0.00265507 -0.00853261 -0.04404709
v 0.00287776 -0.00849047 -0.04398662
v 0.00310217 -0.00844461 -0.04386275
v 0.00303704 -0.00845605 -0.04392459
v 0.00321772 -0.00838896 -0.04392459
v 0.00296903 -0.00845899 -0.04398662
v 0.00289820 -0.00845312 -0.04404709
v 0.00319253 -0.00841087 -0.04386275
v 0.00305978 -0.00842659 -0.04398662
v 0.00231800 -0.00824038 -0.04429893
v 0.00214751 -0.00822426 -0.04430257
v 0.00250263 -0.00812325 -0.04430257
v 0.00288609 -0.00841779 -0.04410418
v 0.00275140 -0.00841520 -0.04415612
v 0.00287142 -0.00837500 -0.04415612
v 0.00276545 -0.00845819 -0.04410418
v 0.00337161 -0.00834069 -0.04386275
v 0.00352121 -0.00828260 -0.04380257
v 0.00266283 -0.00826573 -0.04426746
v 0.00248993 -0.00825469 -0.04428745
v 0.00266794 -0.00819889 -0.04428745
v 0.00249623 -0.00818815 -0.04429893
v 0.00275191 -0.00823650 -0.04426746
v 0.00258469 -0.00816066 -0.04429893
v 0.00296828 -0.00828602 -0.04420135
v 0.00298579 -0.00833491 -0.04415612
v 0.00285458 -0.00832587 -0.04420135
v 0.00283606 -0.00827186 -0.04423870
v 0.00284051 -0.00820637 -0.04426746
v 0.00276026 -0.00810296 -0.04429893
v 0.00285077 -0.00800771 -0.04430257
v 0.00295252 -0.00816674 -0.04426746
v 0.00284409 -0.00813946 -0.04428745
v 0.00284734 -0.00807277 -0.04429893
v 0.00303999 -0.00813458 -0.04426746
v 0.00306116 -0.00819123 -0.04423870
v 0.00293393 -0.00804171 -0.04429893
v 0.00395981 -0.00807805 -0.04386275
v 0.00420581 -0.00795685 -0.04380257
v 0.00386857 -0.00812616 -0.04380257
v 0.00310558 -0.00797699 -0.04429893
v 0.00312802 -0.00803462 -0.04428745
v 0.00301828 -0.00807649 -0.04428745
v 0.00319109 -0.00787828 -0.04430257
v 0.00395475 -0.00806773 -0.04392459
v 0.00404667 -0.00802202 -0.04392459
v 0.00412825 -0.00799327 -0.04386275
v 0.00421148 -0.00794973 -0.04386275
v 0.00412122 -0.00796148 -0.04398662
v 0.00403767 -0.00800418 -0.04398662
v 0.00402472 -0.00797849 -0.04404709
v 0.00429404 -0.00790545 -0.04386275
v 0.00421347 -0.00793568 -0.04392459
v 0.00453229 -0.00777551 -0.04380257
v 0.00421144 -0.00791413 -0.04398662
v 0.00429359 -0.00786986 -0.04398662
v 0.00420524 -0.00788484 -0.04404709
v 0.00445711 -0.00781467 -0.04386275
v 0.00437757 -0.00784635 -0.04392459
v 0.00418766 -0.00785189 -0.04410418
v 0.00407734 -0.00785882 -0.04415612
v 0.00416638 -0.00781198 -0.04415612
v 0.00409817 -0.00789897 -0.04410418
v 0.00366993 -0.00773360 -0.04429893
v 0.00352281 -0.00773564 -0.04430257
v 0.00384523 -0.00758053 -0.04430257
v 0.00383169 -0.00765474 -0.04429893
v 0.00381816 -0.00773054 -0.04428745
v 0.00404731 -0.00768324 -0.04426746
v 0.00396683 -0.00772511 -0.04426746
v 0.00397924 -0.00764888 -0.04428745
v 0.00426328 -0.00770020 -0.04420135
v 0.00414193 -0.00776615 -0.04420135
v 0.00391165 -0.00761420 -0.04429893
v 0.00412715 -0.00764065 -0.04426746
v 0.00411507 -0.00771577 -0.04423870
v 0.00399098 -0.00757292 -0.04429893
v 0.00415773 -0.00741374 -0.04430257
v 0.00424637 -0.00757504 -0.04426746
v 0.00413776 -0.00756429 -0.04428745
v 0.00432455 -0.00753069 -0.04426746
v 0.00435466 -0.00758313 -0.04423870
v 0.00414771 -0.00748822 -0.04429893
v 0.00422510 -0.00744483 -0.04429893
v 0.00440950 -0.00740918 -0.04428745
v 0.00429366 -0.00747690 -0.04428745
v 0.00437787 -0.00735603 -0.04429893
v 0.00445976 -0.00723607 -0.04430257
v 0.00541540 -0.00718389 -0.04386275
v 0.00523645 -0.00731536 -0.04386275
v 0.00528390 -0.00726696 -0.04392459
v 0.00518391 -0.00735713 -0.04380257
v 0.00554007 -0.00709280 -0.04380257
v 0.00550311 -0.00711692 -0.04386275
v 0.00546122 -0.00713466 -0.04392459
v 0.00541410 -0.00714543 -0.04398662
v 0.00532575 -0.00721151 -0.04398662
v 0.00536168 -0.00714892 -0.04404709
v 0.00558964 -0.00704917 -0.04386275
v 0.00553577 -0.00705158 -0.04398662
v 0.00503439 -0.00707586 -0.04426746
v 0.00490932 -0.00708789 -0.04428745
v 0.00499844 -0.00702533 -0.04428745
v 0.00487411 -0.00703705 -0.04429893
v 0.00475086 -0.00704838 -0.04430257
v 0.00503064 -0.00685149 -0.04430257
v 0.00528097 -0.00704131 -0.04420135
v 0.00519235 -0.00710691 -0.04420135
v 0.00524671 -0.00699564 -0.04423870
v 0.00531213 -0.00708286 -0.04415612
v 0.00562127 -0.00698361 -0.04398662
v 0.00560324 -0.00696121 -0.04404709
v 0.00575909 -0.00691142 -0.04386275
v 0.00587718 -0.00681608 -0.04380257
v 0.00563381 -0.00699918 -0.04392459
v 0.00510511 -0.00702501 -0.04426746
v 0.00506945 -0.00712514 -0.04423870
v 0.00543294 -0.00699062 -0.04415612
v 0.00546070 -0.00702633 -0.04410418
v 0.00533927 -0.00711905 -0.04410418
v 0.00575174 -0.00690260 -0.04392459
v 0.00519278 -0.00696046 -0.04426746
v 0.00513813 -0.00692381 -0.04428745
v 0.00501462 -0.00693762 -0.04429893
v 0.00526183 -0.00690841 -0.04426746
v 0.00508379 -0.00688709 -0.04429893
v 0.00533012 -0.00685586 -0.04426746
v 0.00527486 -0.00682022 -0.04428745
v 0.00540861 -0.00671465 -0.04428745
v 0.00515222 -0.00683605 -0.04429893
v 0.00529878 -0.00664629 -0.04430257
v 0.00528687 -0.00673246 -0.04429893
v 0.00535308 -0.00667993 -0.04429893
v 0.00548325 -0.00657350 -0.04429893
v 0.00555506 -0.00643362 -0.04430257
v 0.00899290 -0.00028558 -0.04385320
v 0.00899228 -0.00028556 -0.04385892
v 0.00899160 -0.00028554 -0.04386466
v 0.00899338 -0.00018938 -0.04387042
v 0.00899084 -0.00028552 -0.04387042
v 0.00899002 -0.00028549 -0.04387618
v 0.00899166 -0.00018934 -0.04388196
v 0.00898912 -0.00028546 -0.04388196
v 0.00898816 -0.00028543 -0.04388775
v 0.00898189 -0.00018913 -0.04392848
v 0.00898478 -0.00018919 -0.04391682
v 0.00898966 -0.00018930 -0.04389355
v 0.00898736 -0.00018925 -0.04390517
v 0.00893460 -0.00009358 -0.04404893
v 0.00894071 -0.00009364 -0.04403782
v 0.00892819 -0.00009351 -0.04405993
v 0.00857078 -0.00022035 -0.04429712
v 0.00849497 -0.00029248 -0.04430257
v 0.00876791 -0.00007450 -0.04422453
v 0.00877863 -0.00007459 -0.04421753
v 0.00857236 -0.00014629 -0.04429712
v 0.00858814 -0.00022079 -0.04429422
v 0.00858234 -0.00022065 -0.04429526
v 0.00857656 -0.00022050 -0.04429622
v 0.00871262 -0.00003695 -0.04425507
v 0.00875704 -0.00007441 -0.04423125
v 0.00874605 -0.00007432 -0.04423766
v 0.00870121 -0.00003690 -0.04426026
v -0.00895862 -0.00007612 -0.04400099
v -0.00896359 -0.00015297 -0.04398662
v -0.00887345 -0.00003763 -0.04413495
v -0.00890734 -0.00007569 -0.04409208
v -0.00893592 -0.00011413 -0.04404617
v -0.00895887 -0.00015289 -0.04399813
v -0.00897606 -0.00019189 -0.04394889
v -0.00898758 -0.00023106 -0.04389936
v -0.00883917 -0.00008384 -0.04416958
v -0.00895938 -0.00023934 -0.04399238
v -0.00898601 -0.00031850 -0.04389355
v -0.00898456 -0.00035721 -0.04389355
v -0.00895894 -0.00032664 -0.04398662
v -0.00895579 -0.00040405 -0.04398662
v -0.00880151 -0.00012989 -0.04420070
v -0.00866947 -0.00004529 -0.04427293
v -0.00872355 -0.00009137 -0.04424957
v -0.00865785 -0.00004523 -0.04427696
v -0.00876105 -0.00017573 -0.04422793
v -0.00867430 -0.00013663 -0.04427080
v -0.00866851 -0.00013654 -0.04427293
v -0.00867056 -0.00018258 -0.04427188
v -0.00866271 -0.00013645 -0.04427498
v -0.00865896 -0.00018233 -0.04427598
v -0.00865690 -0.00013636 -0.04427696
v -0.00864732 -0.00018209 -0.04427978
v -0.00863567 -0.00018184 -0.04428327
v -0.00897698 -0.00051358 -0.04389355
v -0.00897837 -0.00062365 -0.04380257
v -0.00871839 -0.00022134 -0.04425098
v -0.00897210 -0.00059269 -0.04389355
v -0.00894734 -0.00056071 -0.04398662
v -0.00894055 -0.00066022 -0.04398662
v -0.00867417 -0.00026669 -0.04426971
v -0.00896866 -0.00064262 -0.04389355
v -0.00896571 -0.00068259 -0.04389355
v -0.00893429 -0.00074024 -0.04398662
v -0.00862903 -0.00031180 -0.04428409
v -0.00858358 -0.00035667 -0.04429422
v -0.00867693 -0.00035170 -0.04426746
v -0.00858195 -0.00039386 -0.04429422
v -0.00867355 -0.00042696 -0.04426746
v -0.00895196 -0.00084401 -0.04389355
v -0.00895000 -0.00094740 -0.04380257
v -0.00857712 -0.00048782 -0.04429422
v -0.00846793 -0.00073776 -0.04430257
v -0.00894389 -0.00092562 -0.04389355
v -0.00891940 -0.00090207 -0.04398662
v -0.00893841 -0.00097711 -0.04389355
v -0.00890841 -0.00100480 -0.04398662
v -0.00892899 -0.00105970 -0.04389355
v -0.00890842 -0.00128071 -0.04380257
v -0.00856415 -0.00067850 -0.04429422
v -0.00866200 -0.00061841 -0.04426746
v -0.00865452 -0.00071553 -0.04426746
v -0.00856019 -0.00072674 -0.04429422
v -0.00855683 -0.00076536 -0.04429422
v -0.00864771 -0.00079360 -0.04426746
v -0.00890759 -0.00122664 -0.04389355
v -0.00888816 -0.00117051 -0.04398662
v -0.00887673 -0.00125424 -0.04398662
v -0.00890170 -0.00126874 -0.04389355
v -0.00855233 -0.00081401 -0.04429422
v -0.00863808 -0.00089238 -0.04426746
v -0.00889398 -0.00132176 -0.04389355
v -0.00886113 -0.00136009 -0.04398662
v -0.00888093 -0.00140676 -0.04389355
v -0.00885241 -0.00162327 -0.04380257
v -0.00853131 -0.00101087 -0.04429422
v -0.00842478 -0.00112834 -0.04430257
v -0.00885203 -0.00157846 -0.04389355
v -0.00883325 -0.00153072 -0.04398662
v -0.00881789 -0.00161687 -0.04398662
v -0.00851889 -0.00111063 -0.04429422
v -0.00860440 -0.00117346 -0.04426746
v -0.00861504 -0.00109264 -0.04426746
v -0.00884420 -0.00162173 -0.04389355
v -0.00851358 -0.00115065 -0.04429422
v -0.00883613 -0.00166514 -0.04389355
v -0.00880155 -0.00170357 -0.04398662
v -0.00850662 -0.00120104 -0.04429422
v -0.00858985 -0.00127564 -0.04426746
v -0.00881925 -0.00175237 -0.04389355
v -0.00878071 -0.00197467 -0.04380257
v -0.00847536 -0.00140476 -0.04429422
v -0.00836066 -0.00153281 -0.04430257
v -0.00878243 -0.00192845 -0.04389355
v -0.00876586 -0.00187859 -0.04398662
v -0.00874389 -0.00197832 -0.04398662
v -0.00877128 -0.00197853 -0.04389355
v -0.00876227 -0.00201808 -0.04389355
v -0.00872565 -0.00205731 -0.04398662
v -0.00845762 -0.00150791 -0.04429422
v -0.00855655 -0.00148262 -0.04426746
v -0.00854167 -0.00156607 -0.04426746
v -0.00845014 -0.00154925 -0.04429422
v -0.00844243 -0.00159073 -0.04429422
v -0.00852585 -0.00165005 -0.04426746
v -0.00872408 -0.00217726 -0.04389355
v -0.00870274 -0.00229399 -0.04380257
v -0.00842415 -0.00168486 -0.04429422
v -0.00828308 -0.00190807 -0.04430257
v -0.00870367 -0.00225744 -0.04389355
v -0.00868658 -0.00221647 -0.04398662
v -0.00866268 -0.00230813 -0.04398662
v -0.00869161 -0.00230344 -0.04389355
v -0.00868354 -0.00233368 -0.04389355
v -0.00864636 -0.00236854 -0.04398662
v -0.00838386 -0.00187509 -0.04429422
v -0.00846496 -0.00193837 -0.04426746
v -0.00848653 -0.00184161 -0.04426746
v -0.00864997 -0.00245519 -0.04389355
v -0.00863489 -0.00253748 -0.04380257
v -0.00837299 -0.00192304 -0.04429422
v -0.00863241 -0.00251626 -0.04389355
v -0.00836420 -0.00196091 -0.04429422
v -0.00844705 -0.00201499 -0.04426746
v -0.00861867 -0.00256292 -0.04389355
v -0.00861217 -0.00248996 -0.04398662
v -0.00858472 -0.00258304 -0.04398662
v -0.00834335 -0.00204784 -0.04429422
v -0.00819563 -0.00225427 -0.04430257
v -0.00860017 -0.00262433 -0.04389355
v -0.00855855 -0.00278414 -0.04380257
v -0.00856154 -0.00274772 -0.04389355
v -0.00854680 -0.00270586 -0.04398662
v -0.00852703 -0.00276754 -0.04398662
v -0.00855155 -0.00277868 -0.04389355
v -0.00829835 -0.00222316 -0.04429422
v -0.00837923 -0.00228063 -0.04426746
v -0.00840296 -0.00219160 -0.04426746
v -0.00854141 -0.00280968 -0.04389355
v -0.00850670 -0.00282941 -0.04398662
v -0.00828640 -0.00226729 -0.04429422
v -0.00852071 -0.00287183 -0.04389355
v -0.00847331 -0.00303367 -0.04380257
v -0.00827841 -0.00229630 -0.04429422
v -0.00836304 -0.00233930 -0.04426746
v -0.00826599 -0.00234062 -0.04429422
v -0.00833740 -0.00242910 -0.04426746
v -0.00847762 -0.00299664 -0.04389355
v -0.00846436 -0.00295366 -0.04398662
v -0.00843056 -0.00304880 -0.04398662
v -0.00846060 -0.00304437 -0.04389355
v -0.00844925 -0.00307574 -0.04389355
v -0.00840765 -0.00311142 -0.04398662
v -0.00821339 -0.00251899 -0.04429422
v -0.00809011 -0.00260772 -0.04430257
v -0.00840237 -0.00320159 -0.04389355
v -0.00837878 -0.00328577 -0.04380257
v -0.00818530 -0.00260882 -0.04429422
v -0.00826349 -0.00266974 -0.04426746
v -0.00828255 -0.00261002 -0.04426746
v -0.00817582 -0.00263838 -0.04429422
v -0.00837803 -0.00326474 -0.04389355
v -0.00816621 -0.00266798 -0.04429422
v -0.00824390 -0.00272963 -0.04426746
v -0.00835909 -0.00331296 -0.04389355
v -0.00836006 -0.00323711 -0.04398662
v -0.00832218 -0.00333328 -0.04398662
v -0.00813609 -0.00275848 -0.04429422
v -0.00796516 -0.00296755 -0.04430257
v -0.00833368 -0.00337635 -0.04389355
v -0.00827454 -0.00354008 -0.04380257
v -0.00828102 -0.00350351 -0.04389355
v -0.00827033 -0.00345993 -0.04398662
v -0.00824347 -0.00352345 -0.04398662
v -0.00826747 -0.00353538 -0.04389355
v -0.00807205 -0.00294060 -0.04429422
v -0.00818082 -0.00291325 -0.04426746
v -0.00814734 -0.00300561 -0.04426746
v -0.00825376 -0.00356728 -0.04389355
v -0.00821599 -0.00358707 -0.04398662
v -0.00805523 -0.00298635 -0.04429422
v -0.00822586 -0.00363115 -0.04389355
v -0.00816020 -0.00379622 -0.04380257
v -0.00804403 -0.00301642 -0.04429422
v -0.00812466 -0.00306639 -0.04426746
v -0.00802667 -0.00306231 -0.04429422
v -0.00808898 -0.00315931 -0.04426746
v -0.00816813 -0.00375920 -0.04389355
v -0.00815910 -0.00371464 -0.04398662
v -0.00811402 -0.00381211 -0.04398662
v -0.00814545 -0.00380810 -0.04389355
v -0.00813037 -0.00384020 -0.04389355
v -0.00808361 -0.00387617 -0.04398662
v -0.00795389 -0.00324666 -0.04429422
v -0.00781942 -0.00333269 -0.04430257
v -0.00806837 -0.00396882 -0.04389355
v -0.00803538 -0.00405375 -0.04380257
v -0.00791545 -0.00333927 -0.04429422
v -0.00798757 -0.00340759 -0.04426746
v -0.00801353 -0.00334607 -0.04426746
v -0.00790254 -0.00336971 -0.04429422
v -0.00803636 -0.00403323 -0.04389355
v -0.00788948 -0.00340018 -0.04429422
v -0.00796099 -0.00346921 -0.04426746
v -0.00801152 -0.00408235 -0.04389355
v -0.00802081 -0.00400451 -0.04398662
v -0.00797115 -0.00410248 -0.04398662
v -0.00784873 -0.00349321 -0.04429422
v -0.00765157 -0.00370185 -0.04430257
v -0.00794443 -0.00421142 -0.04389355
v -0.00789969 -0.00431220 -0.04380257
v -0.00790985 -0.00427602 -0.04389355
v -0.00790357 -0.00423121 -0.04398662
v -0.00786874 -0.00429563 -0.04398662
v -0.00789230 -0.00430833 -0.04389355
v -0.00787457 -0.00434064 -0.04389355
v -0.00783322 -0.00436007 -0.04398662
v -0.00776294 -0.00367994 -0.04429422
v -0.00783159 -0.00375222 -0.04426746
v -0.00787618 -0.00365768 -0.04426746
v -0.00774058 -0.00372674 -0.04429422
v -0.00772571 -0.00375747 -0.04429422
v -0.00780152 -0.00381434 -0.04426746
v -0.00780190 -0.00446995 -0.04389355
v -0.00775279 -0.00457105 -0.04380257
v -0.00770274 -0.00380433 -0.04429422
v -0.00775444 -0.00390915 -0.04426746
v -0.00776449 -0.00453461 -0.04389355
v -0.00776005 -0.00448900 -0.04398662
v -0.00770822 -0.00457743 -0.04398662
v -0.00773843 -0.00457895 -0.04389355
v -0.00771921 -0.00461128 -0.04389355
v -0.00766958 -0.00464188 -0.04398662
v -0.00760710 -0.00399213 -0.04429422
v -0.00746031 -0.00407357 -0.04430257
v -0.00764051 -0.00474053 -0.04389355
v -0.00759433 -0.00482974 -0.04380257
v -0.00755700 -0.00408619 -0.04429422
v -0.00762197 -0.00416154 -0.04426746
v -0.00765572 -0.00409914 -0.04426746
v -0.00760007 -0.00480510 -0.04389355
v -0.00759012 -0.00477071 -0.04398662
v -0.00753960 -0.00485015 -0.04398662
v -0.00754023 -0.00411706 -0.04429422
v -0.00752329 -0.00414793 -0.04429422
v -0.00758756 -0.00422396 -0.04426746
v -0.00757473 -0.00484495 -0.04389355
v -0.00753309 -0.00490944 -0.04389355
v -0.00742401 -0.00508766 -0.04380257
v -0.00747595 -0.00423266 -0.04429422
v -0.00726717 -0.00440891 -0.04430257
v -0.00744755 -0.00503825 -0.04389355
v -0.00745536 -0.00497867 -0.04398662
v -0.00741212 -0.00504282 -0.04398662
v -0.00742570 -0.00507041 -0.04389355
v -0.00737742 -0.00440214 -0.04429422
v -0.00743869 -0.00448093 -0.04426746
v -0.00748962 -0.00439528 -0.04426746
v -0.00739846 -0.00511007 -0.04389355
v -0.00735769 -0.00512191 -0.04398662
v -0.00735198 -0.00444450 -0.04429422
v -0.00735371 -0.00517426 -0.04389355
v -0.00724156 -0.00534416 -0.04380257
v -0.00733322 -0.00447538 -0.04429422
v -0.00740074 -0.00454334 -0.04426746
v -0.00728617 -0.00455158 -0.04429422
v -0.00707563 -0.00471017 -0.04430257
v -0.00726193 -0.00530231 -0.04389355
v -0.00726706 -0.00524970 -0.04398662
v -0.00722060 -0.00531343 -0.04398662
v -0.00723850 -0.00533425 -0.04389355
v -0.00720931 -0.00537363 -0.04389355
v -0.00716217 -0.00539192 -0.04398662
v -0.00718884 -0.00470381 -0.04429422
v -0.00725396 -0.00477419 -0.04426746
v -0.00730398 -0.00469732 -0.04426746
v -0.00716383 -0.00474181 -0.04429422
v -0.00721264 -0.00483639 -0.04426746
v -0.00714337 -0.00477257 -0.04429422
v -0.00711271 -0.00550086 -0.04389355
v -0.00704673 -0.00559856 -0.04380257
v -0.00711786 -0.00481053 -0.04429422
v -0.00716062 -0.00491308 -0.04426746
v -0.00706323 -0.00556424 -0.04389355
v -0.00706502 -0.00551861 -0.04398662
v -0.00701527 -0.00558171 -0.04398662
v -0.00703820 -0.00559587 -0.04389355
v -0.00701298 -0.00562745 -0.04389355
v -0.00696474 -0.00564464 -0.04398662
v -0.00701308 -0.00496204 -0.04429422
v -0.00686677 -0.00500975 -0.04430257
v -0.00691010 -0.00575331 -0.04389355
v -0.00683933 -0.00585012 -0.04380257
v -0.00695902 -0.00503758 -0.04429422
v -0.00700846 -0.00512781 -0.04426746
v -0.00705323 -0.00506605 -0.04426746
v -0.00693681 -0.00506812 -0.04429422
v -0.00685748 -0.00581593 -0.04389355
v -0.00686132 -0.00576991 -0.04398662
v -0.00679591 -0.00584682 -0.04398662
v -0.00690914 -0.00510578 -0.04429422
v -0.00695215 -0.00520390 -0.04426746
v -0.00682460 -0.00585448 -0.04389355
v -0.00679774 -0.00588564 -0.04389355
v -0.00674203 -0.00590886 -0.04398662
v -0.00679561 -0.00525594 -0.04429422
v -0.00664015 -0.00530647 -0.04430257
v -0.00668833 -0.00600969 -0.04389355
v -0.00661920 -0.00609807 -0.04380257
v -0.00673714 -0.00533068 -0.04429422
v -0.00678779 -0.00541653 -0.04426746
v -0.00683610 -0.00535543 -0.04426746
v -0.00663243 -0.00607133 -0.04389355
v -0.00663190 -0.00603220 -0.04398662
v -0.00656233 -0.00610782 -0.04398662
v -0.00671314 -0.00536087 -0.04429422
v -0.00659752 -0.00610924 -0.04389355
v -0.00668895 -0.00539103 -0.04429422
v -0.00673873 -0.00547745 -0.04426746
v -0.00654032 -0.00617044 -0.04389355
v -0.00638626 -0.00634161 -0.04380257
v -0.00662841 -0.00546529 -0.04429422
v -0.00639542 -0.00559901 -0.04430257
v -0.00642352 -0.00629194 -0.04389355
v -0.00644703 -0.00622940 -0.04398662
v -0.00638819 -0.00628973 -0.04398662
v -0.00639382 -0.00632212 -0.04389355
v -0.00650388 -0.00561292 -0.04429422
v -0.00661431 -0.00562707 -0.04426746
v -0.00655034 -0.00570140 -0.04426746
v -0.00635687 -0.00635927 -0.04389355
v -0.00631443 -0.00636377 -0.04398662
v -0.00647202 -0.00564962 -0.04429422
v -0.00644600 -0.00567929 -0.04429422
v -0.00649767 -0.00576135 -0.04426746
v -0.00629637 -0.00641918 -0.04389355
v -0.00614046 -0.00657990 -0.04380257
v -0.00638095 -0.00575228 -0.04429422
v -0.00613232 -0.00588599 -0.04430257
v -0.00617295 -0.00653795 -0.04389355
v -0.00619236 -0.00648262 -0.04398662
v -0.00613012 -0.00654150 -0.04398662
v -0.00614160 -0.00656741 -0.04389355
v -0.00610261 -0.00660365 -0.04389355
v -0.00605218 -0.00661367 -0.04398662
v -0.00624735 -0.00589711 -0.04429422
v -0.00636433 -0.00590832 -0.04426746
v -0.00629588 -0.00598120 -0.04426746
v -0.00621321 -0.00593306 -0.04429422
v -0.00623958 -0.00603992 -0.04426746
v -0.00618536 -0.00596210 -0.04429422
v -0.00597420 -0.00672005 -0.04389355
v -0.00615070 -0.00599785 -0.04429422
v -0.00616900 -0.00611199 -0.04426746
v -0.00590880 -0.00677763 -0.04389355
v -0.00592335 -0.00672931 -0.04398662
v -0.00585773 -0.00678650 -0.04398662
v -0.00587580 -0.00680625 -0.04389355
v -0.00600914 -0.00613966 -0.04429422
v -0.00585074 -0.00616597 -0.04430257
v -0.00581334 -0.00685080 -0.04392459
v -0.00593661 -0.00620983 -0.04429422
v -0.00596434 -0.00631186 -0.04426746
v -0.00602429 -0.00625466 -0.04426746
v -0.00574900 -0.00689329 -0.04395569
v -0.00572289 -0.00686318 -0.04404709
v -0.00590690 -0.00623809 -0.04429422
v -0.00586996 -0.00627287 -0.04429422
v -0.00588926 -0.00638197 -0.04426746
v -0.00568279 -0.00693365 -0.04398662
v -0.00561476 -0.00697181 -0.04401716
v -0.00571928 -0.00641055 -0.04429422
v -0.00554494 -0.00700774 -0.04404709
v -0.00542600 -0.00716149 -0.04392459
v -0.00564219 -0.00647850 -0.04429422
v -0.00567198 -0.00657583 -0.04426746
v -0.00573557 -0.00652045 -0.04426746
v -0.00561064 -0.00650584 -0.04429422
v -0.00557929 -0.00669447 -0.04425418
v -0.00565554 -0.00666947 -0.04423870
v -0.00527270 -0.00727510 -0.04392459
v -0.00553520 -0.00652982 -0.04429893
v -0.00550245 -0.00671833 -0.04426746
v -0.00546027 -0.00690320 -0.04420135
v -0.00540027 -0.00707288 -0.04410418
v -0.00526252 -0.00722223 -0.04404709
v -0.00538289 -0.00689140 -0.04423870
v -0.00507553 -0.00742791 -0.04386275
v -0.00532367 -0.00693725 -0.04423870
v -0.00504502 -0.00744298 -0.04389355
v -0.00504925 -0.00740775 -0.04398662
v -0.00534058 -0.00676889 -0.04428745
v -0.00500306 -0.00747125 -0.04389355
v -0.00496557 -0.00746410 -0.04398662
v -0.00529915 -0.00680137 -0.04428745
v -0.00519644 -0.00716818 -0.04415612
v -0.00513944 -0.00714527 -0.04420135
v -0.00507973 -0.00735195 -0.04404709
v -0.00510469 -0.00728909 -0.04410418
v -0.00492696 -0.00752165 -0.04389355
v -0.00512440 -0.00721985 -0.04415612
v -0.00502441 -0.00728979 -0.04415612
v -0.00504222 -0.00735636 -0.04407617
v -0.00519856 -0.00687856 -0.04428745
v -0.00515062 -0.00706669 -0.04423870
v -0.00505313 -0.00713673 -0.04423870
v -0.00515616 -0.00691040 -0.04428745
v -0.00504067 -0.00721529 -0.04420135
v -0.00477255 -0.00762056 -0.04389355
v -0.00481265 -0.00756360 -0.04398662
v -0.00473509 -0.00761240 -0.04398662
v -0.00506273 -0.00705562 -0.04426746
v -0.00496517 -0.00712461 -0.04426746
v -0.00473349 -0.00764488 -0.04389355
v -0.00499773 -0.00721104 -0.04422107
v -0.00469425 -0.00766904 -0.04389355
v -0.00465680 -0.00766054 -0.04398662
v -0.00466078 -0.00769494 -0.04386275
v -0.00497428 -0.00704246 -0.04428745
v -0.00493016 -0.00703554 -0.04429422
v -0.00489069 -0.00706303 -0.04429422
v -0.00488494 -0.00717986 -0.04426746
v -0.00458252 -0.00767172 -0.04404709
v -0.00450387 -0.00767488 -0.04410418
v -0.00460929 -0.00763508 -0.04407617
v -0.00441412 -0.00782585 -0.04392459
v -0.00437351 -0.00784862 -0.04392459
v -0.00473060 -0.00717124 -0.04429422
v -0.00457819 -0.00716174 -0.04430257
v -0.00464923 -0.00722426 -0.04429422
v -0.00464724 -0.00733595 -0.04426746
v -0.00472181 -0.00728818 -0.04426746
v -0.00461233 -0.00724787 -0.04429422
v -0.00434906 -0.00780643 -0.04404709
v -0.00422964 -0.00792708 -0.04392459
v -0.00446694 -0.00758388 -0.04420135
v -0.00448814 -0.00753877 -0.04422107
v -0.00437919 -0.00756899 -0.04423870
v -0.00433582 -0.00765960 -0.04420135
v -0.00442139 -0.00767053 -0.04415612
v -0.00455241 -0.00759350 -0.04415612
v -0.00457526 -0.00727133 -0.04429422
v -0.00457198 -0.00738309 -0.04426746
v -0.00418826 -0.00794902 -0.04392459
v -0.00428779 -0.00784026 -0.04404709
v -0.00432499 -0.00772529 -0.04415612
v -0.00410499 -0.00799234 -0.04392459
v -0.00406311 -0.00801371 -0.04392459
v -0.00442523 -0.00736360 -0.04429422
v -0.00414302 -0.00787554 -0.04410418
v -0.00434918 -0.00740877 -0.04429422
v -0.00432991 -0.00745597 -0.04428745
v -0.00441934 -0.00747545 -0.04426746
v -0.00429015 -0.00755034 -0.04426746
v -0.00424806 -0.00764336 -0.04423870
v -0.00403661 -0.00797249 -0.04404709
v -0.00409060 -0.00792508 -0.04407617
v -0.00397436 -0.00796198 -0.04410418
v -0.00398105 -0.00801766 -0.04401716
v -0.00392395 -0.00806054 -0.04398662
v -0.00386528 -0.00805695 -0.04404709
v -0.00386537 -0.00810108 -0.04395569
v -0.00380535 -0.00813927 -0.04392459
v -0.00375014 -0.00814286 -0.04398662
v -0.00374397 -0.00817514 -0.04389355
v -0.00370069 -0.00819482 -0.04389355
v -0.00366381 -0.00818206 -0.04398662
v -0.00400888 -0.00783567 -0.04420135
v -0.00412238 -0.00757269 -0.04428745
v -0.00395955 -0.00789061 -0.04417966
v -0.00402352 -0.00776391 -0.04423870
v -0.00390883 -0.00794398 -0.04415612
v -0.00384064 -0.00791948 -0.04420135
v -0.00361368 -0.00823356 -0.04389355
v -0.00385667 -0.00799557 -0.04413090
v -0.00380304 -0.00804522 -0.04410418
v -0.00373768 -0.00802592 -0.04415612
v -0.00374793 -0.00809277 -0.04407617
v -0.00396004 -0.00765883 -0.04428745
v -0.00386686 -0.00777563 -0.04426746
v -0.00343786 -0.00830851 -0.04389355
v -0.00348934 -0.00825797 -0.04398662
v -0.00340123 -0.00829466 -0.04398662
v -0.00381924 -0.00783312 -0.04425418
v -0.00369949 -0.00785664 -0.04426746
v -0.00339354 -0.00832671 -0.04389355
v -0.00377058 -0.00788985 -0.04423870
v -0.00372080 -0.00794557 -0.04422107
v -0.00332075 -0.00836107 -0.04386275
v -0.00372376 -0.00770783 -0.04429893
v -0.00367632 -0.00776466 -0.04429422
v -0.00333415 -0.00829085 -0.04404709
v -0.00340130 -0.00824446 -0.04407617
v -0.00326406 -0.00827856 -0.04410418
v -0.00326553 -0.00833475 -0.04401716
v -0.00363532 -0.00778394 -0.04429422
v -0.00361635 -0.00789525 -0.04426746
v -0.00319547 -0.00837607 -0.04398662
v -0.00306716 -0.00844518 -0.04392459
v -0.00331897 -0.00815188 -0.04420135
v -0.00338075 -0.00809611 -0.04422107
v -0.00324239 -0.00812120 -0.04423870
v -0.00346988 -0.00785909 -0.04429422
v -0.00325586 -0.00820605 -0.04417966
v -0.00339406 -0.00817717 -0.04415612
v -0.00319137 -0.00825838 -0.04415612
v -0.00311667 -0.00823135 -0.04420135
v -0.00312549 -0.00830869 -0.04413090
v -0.00338628 -0.00789547 -0.04429422
v -0.00336338 -0.00800629 -0.04426746
v -0.00344828 -0.00797009 -0.04426746
v -0.00302594 -0.00840824 -0.04404709
v -0.00287225 -0.00851344 -0.04392459
v -0.00305822 -0.00835679 -0.04410418
v -0.00334428 -0.00791335 -0.04429422
v -0.00328545 -0.00797154 -0.04428745
v -0.00322575 -0.00802940 -0.04427855
v -0.00316509 -0.00808673 -0.04426746
v -0.00310340 -0.00814330 -0.04425418
v -0.00304061 -0.00819888 -0.04423870
v -0.00282588 -0.00843819 -0.04410418
v -0.00297668 -0.00825324 -0.04422107
v -0.00291153 -0.00830613 -0.04420135
v -0.00267912 -0.00852509 -0.04404709
v -0.00275317 -0.00848293 -0.04407617
v -0.00260696 -0.00850838 -0.04410418
v -0.00260378 -0.00856458 -0.04401716
v -0.00252721 -0.00860133 -0.04398662
v -0.00245737 -0.00859163 -0.04404709
v -0.00244947 -0.00863531 -0.04395569
v -0.00237063 -0.00866652 -0.04392459
v -0.00230294 -0.00866407 -0.04398662
v -0.00267529 -0.00838520 -0.04420135
v -0.00229078 -0.00869497 -0.04389355
v -0.00282695 -0.00814543 -0.04428745
v -0.00270290 -0.00831633 -0.04423870
v -0.00260469 -0.00843537 -0.04417966
v -0.00224339 -0.00870732 -0.04389355
v -0.00220842 -0.00868865 -0.04398662
v -0.00253285 -0.00848354 -0.04415612
v -0.00245730 -0.00845165 -0.04420135
v -0.00245976 -0.00852952 -0.04413090
v -0.00214831 -0.00873126 -0.04389355
v -0.00238543 -0.00857312 -0.04410418
v -0.00231177 -0.00854643 -0.04415612
v -0.00230988 -0.00861420 -0.04407617
v -0.00263618 -0.00820916 -0.04428745
v -0.00252060 -0.00831021 -0.04426746
v -0.00245126 -0.00836276 -0.04425418
v -0.00230416 -0.00837281 -0.04426746
v -0.00195703 -0.00877612 -0.04389355
v -0.00201823 -0.00873478 -0.04398662
v -0.00192258 -0.00875633 -0.04398662
v -0.00238087 -0.00841418 -0.04423870
v -0.00190898 -0.00878669 -0.04389355
v -0.00184072 -0.00880606 -0.04386275
v -0.00230941 -0.00846422 -0.04422107
v -0.00236664 -0.00822655 -0.04429893
v -0.00186691 -0.00873896 -0.04404709
v -0.00193179 -0.00870679 -0.04407617
v -0.00180973 -0.00871284 -0.04410418
v -0.00229757 -0.00827807 -0.04429422
v -0.00180115 -0.00876855 -0.04401716
v -0.00225253 -0.00829044 -0.04429422
v -0.00221292 -0.00839738 -0.04426746
v -0.00173457 -0.00879551 -0.04398662
v -0.00159308 -0.00884254 -0.04392459
v -0.00187669 -0.00859923 -0.04420135
v -0.00193807 -0.00855689 -0.04422107
v -0.00181606 -0.00855388 -0.04423870
v -0.00181444 -0.00863989 -0.04417966
v -0.00193674 -0.00863914 -0.04415612
v -0.00207138 -0.00833755 -0.04429422
v -0.00175131 -0.00867863 -0.04415612
v -0.00169203 -0.00863747 -0.04420135
v -0.00158100 -0.00879518 -0.04404709
v -0.00168732 -0.00871528 -0.04413090
v -0.00139654 -0.00887570 -0.04392459
v -0.00162246 -0.00874965 -0.04410418
v -0.00198025 -0.00835966 -0.04429422
v -0.00193691 -0.00846531 -0.04426746
v -0.00202928 -0.00844364 -0.04426746
v -0.00193456 -0.00837035 -0.04429422
v -0.00187545 -0.00841560 -0.04428745
v -0.00181571 -0.00846050 -0.04427855
v -0.00115833 -0.00892150 -0.04386275
v -0.00175529 -0.00850482 -0.04426746
v -0.00138551 -0.00882809 -0.04404709
v -0.00169416 -0.00854835 -0.04425418
v -0.00163228 -0.00859085 -0.04423870
v -0.00124871 -0.00887752 -0.04398662
v -0.00156963 -0.00863208 -0.04422107
v -0.00108086 -0.00892647 -0.04389355
v -0.00104829 -0.00890341 -0.04398662
v -0.00150620 -0.00867180 -0.04420135
v -0.00145682 -0.00868023 -0.04420135
v -0.00133303 -0.00879839 -0.04410418
v -0.00117051 -0.00887477 -0.04401716
v -0.00098230 -0.00893786 -0.04389355
v -0.00071587 -0.00897150 -0.04380257
v -0.00141077 -0.00868784 -0.04420135
v -0.00160197 -0.00847192 -0.04428745
v -0.00125424 -0.00878806 -0.04413090
v -0.00109213 -0.00886916 -0.04404709
v -0.00117542 -0.00877520 -0.04415612
v -0.00113452 -0.00882619 -0.04410418
v -0.00078464 -0.00895737 -0.04389355
v -0.00085146 -0.00892439 -0.04398662
v -0.00075280 -0.00893325 -0.04398662
v -0.00101365 -0.00886073 -0.04407617
v -0.00141546 -0.00850507 -0.04428745
v -0.00125298 -0.00865431 -0.04423870
v -0.00121487 -0.00871739 -0.04420135
v -0.00133179 -0.00867196 -0.04422107
v -0.00073513 -0.00896157 -0.04389355
v -0.00109667 -0.00875997 -0.04417966
v -0.00068559 -0.00896550 -0.04389355
v -0.00065400 -0.00894103 -0.04398662
v -0.00117442 -0.00863511 -0.04425418
v -0.00127489 -0.00852727 -0.04428745
v -0.00058641 -0.00897253 -0.04389355
v -0.00101805 -0.00874256 -0.04420135
v -0.00097725 -0.00879947 -0.04415612
v -0.00109617 -0.00861461 -0.04426746
v -0.00105765 -0.00868034 -0.04423870
v -0.00093964 -0.00872316 -0.04422107
v -0.00038775 -0.00898331 -0.04389355
v -0.00045607 -0.00895331 -0.04398662
v -0.00035696 -0.00895780 -0.04398662
v -0.00101826 -0.00859302 -0.04427855
v -0.00033803 -0.00898532 -0.04389355
v -0.00094076 -0.00857057 -0.04428745
v -0.00090156 -0.00863714 -0.04426746
v -0.00029808 -0.00897996 -0.04392459
v -0.00086369 -0.00854748 -0.04429422
v -0.00080611 -0.00864657 -0.04426746
v -0.00021817 -0.00896226 -0.04398662
v -0.00027685 -0.00893186 -0.04404709
v -0.00081647 -0.00855212 -0.04429422
v -0.00033481 -0.00889250 -0.04410418
v -0.00019703 -0.00889662 -0.04410418
v -0.00037495 -0.00891063 -0.04407617
v -0.00076922 -0.00855650 -0.04429422
v -0.00071051 -0.00865495 -0.04426746
v -0.00005947 -0.00898470 -0.04392459
v -0.00013845 -0.00893508 -0.04404709
v -0.00025487 -0.00884990 -0.04415612
v -0.00039191 -0.00884490 -0.04415612
v -0.00031185 -0.00879611 -0.04420135
v -0.00057987 -0.00857141 -0.04429422
v -0.00036790 -0.00873680 -0.04423870
v -0.00040787 -0.00876414 -0.04422107
v 0.00014948 -0.00898366 -0.04392459
v -0.00015688 -0.00885218 -0.04415612
v -0.00048503 -0.00857730 -0.04429422
v -0.00042301 -0.00867376 -0.04426746
v -0.00051895 -0.00866855 -0.04426746
v -0.00043757 -0.00857985 -0.04429422
v 0.00012878 -0.00893522 -0.04404709
v 0.00041850 -0.00898665 -0.04386275
v -0.00039821 -0.00855093 -0.04429893
v -0.00012602 -0.00874363 -0.04423870
v 0.00045797 -0.00898000 -0.04389355
v 0.00043669 -0.00895427 -0.04398662
v 0.00050764 -0.00897733 -0.04389355
v 0.00053572 -0.00894889 -0.04398662
v 0.00015688 -0.00885218 -0.04415612
v -0.00014345 -0.00862085 -0.04428745
v 0.00037596 -0.00892824 -0.04404709
v 0.00031529 -0.00889322 -0.04410418
v 0.00060691 -0.00897117 -0.04389355
v 0.00025486 -0.00884990 -0.04415612
v 0.00039190 -0.00884490 -0.04415612
v 0.00019487 -0.00879948 -0.04420135
v 0.00041460 -0.00890888 -0.04407617
v 0.00013548 -0.00874349 -0.04423870
v 0.00027091 -0.00874034 -0.04423870
v 0.00005706 -0.00862186 -0.04428745
v 0.00080509 -0.00895556 -0.04389355
v 0.00073348 -0.00893486 -0.04398662
v 0.00083217 -0.00892621 -0.04398662
v 0.00033115 -0.00879540 -0.04420135
v 0.00085454 -0.00895097 -0.04389355
v 0.00021133 -0.00868150 -0.04426746
v 0.00034578 -0.00867718 -0.04426746
v 0.00036885 -0.00876587 -0.04422107
v 0.00090396 -0.00894612 -0.04389355
v 0.00093071 -0.00891647 -0.04398662
v 0.00028604 -0.00861730 -0.04428745
v 0.00098035 -0.00893126 -0.04392459
v 0.00032296 -0.00858493 -0.04429422
v 0.00105625 -0.00891363 -0.04395569
v 0.00037046 -0.00858301 -0.04429422
v 0.00044178 -0.00867282 -0.04426746
v 0.00113161 -0.00889321 -0.04398662
v 0.00108082 -0.00887055 -0.04404709
v 0.00102929 -0.00883908 -0.04410418
v 0.00095516 -0.00886722 -0.04407617
v 0.00056027 -0.00857271 -0.04429422
v 0.00067610 -0.00847309 -0.04430257
v 0.00132854 -0.00888614 -0.04392459
v 0.00120636 -0.00886997 -0.04401716
v 0.00065503 -0.00856599 -0.04429422
v 0.00072921 -0.00865340 -0.04426746
v 0.00063351 -0.00866093 -0.04426746
v 0.00110272 -0.00880835 -0.04413090
v 0.00097724 -0.00879947 -0.04415612
v 0.00070237 -0.00856224 -0.04429422
v 0.00128044 -0.00884394 -0.04404709
v 0.00147502 -0.00886300 -0.04392459
v 0.00074967 -0.00855823 -0.04429422
v 0.00082478 -0.00864481 -0.04426746
v 0.00117542 -0.00877520 -0.04415612
v 0.00122828 -0.00881363 -0.04410418
v 0.00135378 -0.00881517 -0.04407617
v 0.00106871 -0.00867899 -0.04423870
v 0.00112213 -0.00872981 -0.04420135
v 0.00099718 -0.00871677 -0.04422107
v 0.00124734 -0.00873979 -0.04417966
v 0.00166939 -0.00882845 -0.04392459
v 0.00142634 -0.00878375 -0.04410418
v 0.00147290 -0.00877606 -0.04410418
v 0.00093852 -0.00853958 -0.04429422
v 0.00113951 -0.00863979 -0.04425418
v 0.00101545 -0.00862449 -0.04426746
v 0.00131847 -0.00870232 -0.04420135
v 0.00152283 -0.00876754 -0.04410418
v 0.00103270 -0.00852871 -0.04429422
v 0.00120959 -0.00859941 -0.04426746
v 0.00166804 -0.00877909 -0.04404709
v 0.00159555 -0.00877463 -0.04407617
v 0.00171070 -0.00873282 -0.04410418
v 0.00174023 -0.00878085 -0.04401716
v 0.00135579 -0.00863880 -0.04423870
v 0.00181206 -0.00877987 -0.04398662
v 0.00185585 -0.00874132 -0.04404709
v 0.00110216 -0.00848895 -0.04429893
v 0.00188346 -0.00877617 -0.04395569
v 0.00195438 -0.00876977 -0.04392459
v 0.00199954 -0.00873908 -0.04398662
v 0.00202478 -0.00876073 -0.04389355
v 0.00207261 -0.00874954 -0.04389355
v 0.00209490 -0.00871671 -0.04398662
v 0.00160474 -0.00865411 -0.04420135
v 0.00134013 -0.00851726 -0.04428745
v 0.00167804 -0.00866741 -0.04417966
v 0.00154710 -0.00860660 -0.04423870
v 0.00175131 -0.00867863 -0.04415612
v 0.00178996 -0.00861770 -0.04420135
v 0.00216799 -0.00872640 -0.04389355
v 0.00182446 -0.00868760 -0.04413090
v 0.00189741 -0.00869417 -0.04410418
v 0.00193673 -0.00863914 -0.04415612
v 0.00197007 -0.00869820 -0.04407617
v 0.00152874 -0.00848544 -0.04428745
v 0.00168022 -0.00851997 -0.04426746
v 0.00235758 -0.00867710 -0.04389355
v 0.00228448 -0.00866896 -0.04398662
v 0.00237867 -0.00864359 -0.04398662
v 0.00175346 -0.00853638 -0.04425418
v 0.00186235 -0.00848202 -0.04426746
v 0.00240472 -0.00866415 -0.04389355
v 0.00182688 -0.00855158 -0.04423870
v 0.00190041 -0.00856533 -0.04422107
v 0.00248722 -0.00864573 -0.04386275
v 0.00175147 -0.00837910 -0.04429893
v 0.00182392 -0.00839516 -0.04429422
v 0.00243304 -0.00859855 -0.04404709
v 0.00234755 -0.00860401 -0.04407617
v 0.00248442 -0.00854496 -0.04410418
v 0.00186982 -0.00838505 -0.04429422
v 0.00195500 -0.00846115 -0.04426746
v 0.00251792 -0.00859021 -0.04401716
v 0.00260212 -0.00857897 -0.04398662
v 0.00274712 -0.00855464 -0.04392459
v 0.00235938 -0.00847951 -0.04420135
v 0.00227235 -0.00847425 -0.04422107
v 0.00240467 -0.00840741 -0.04423870
v 0.00205258 -0.00834219 -0.04429422
v 0.00244624 -0.00848267 -0.04417966
v 0.00231176 -0.00854643 -0.04415612
v 0.00253285 -0.00848354 -0.04415612
v 0.00257849 -0.00841547 -0.04420135
v 0.00214342 -0.00831932 -0.04429422
v 0.00223079 -0.00839265 -0.04426746
v 0.00213923 -0.00841645 -0.04426746
v 0.00261907 -0.00848195 -0.04413090
v 0.00276212 -0.00849856 -0.04404709
v 0.00294592 -0.00848823 -0.04392459
v 0.00218870 -0.00830752 -0.04429422
v 0.00270482 -0.00847777 -0.04410418
v 0.00227489 -0.00831652 -0.04428745
v 0.00236136 -0.00832471 -0.04427855
v 0.00244804 -0.00833187 -0.04426746
v 0.00253484 -0.00833781 -0.04425418
v 0.00262167 -0.00834229 -0.04423870
v 0.00270843 -0.00834511 -0.04422107
v 0.00294367 -0.00839783 -0.04410418
v 0.00279502 -0.00834605 -0.04420135
v 0.00310724 -0.00837853 -0.04404709
v 0.00302583 -0.00838953 -0.04407617
v 0.00315107 -0.00832222 -0.04410418
v 0.00318780 -0.00836478 -0.04401716
v 0.00326744 -0.00834826 -0.04398662
v 0.00331344 -0.00829915 -0.04404709
v 0.00334610 -0.00832899 -0.04395569
v 0.00342372 -0.00830702 -0.04392459
v 0.00347215 -0.00826522 -0.04398662
v 0.00350024 -0.00828242 -0.04389355
v 0.00302482 -0.00826555 -0.04420135
v 0.00275625 -0.00816962 -0.04428745
v 0.00296106 -0.00822795 -0.04423870
v 0.00354421 -0.00826370 -0.04389355
v 0.00355980 -0.00822785 -0.04398662
v 0.00310832 -0.00826306 -0.04417966
v 0.00319137 -0.00825838 -0.04415612
v 0.00322841 -0.00818817 -0.04420135
v 0.00327383 -0.00825137 -0.04413090
v 0.00363170 -0.00822562 -0.04389355
v 0.00335561 -0.00824188 -0.04410418
v 0.00339405 -0.00817717 -0.04415612
v 0.00343658 -0.00822981 -0.04407617
v 0.00294328 -0.00810412 -0.04428745
v 0.00309536 -0.00811367 -0.04426746
v 0.00380487 -0.00814697 -0.04389355
v 0.00373330 -0.00815059 -0.04398662
v 0.00381913 -0.00811073 -0.04398662
v 0.00317906 -0.00811406 -0.04425418
v 0.00329467 -0.00803481 -0.04426746
v 0.00326266 -0.00811308 -0.04423870
v 0.00384777 -0.00812679 -0.04389355
v 0.00391350 -0.00810058 -0.04386275
v 0.00334604 -0.00811052 -0.04422107
v 0.00315974 -0.00795569 -0.04429893
v 0.00385320 -0.00806273 -0.04404709
v 0.00378224 -0.00807679 -0.04407617
v 0.00388304 -0.00800691 -0.04410418
v 0.00324232 -0.00795567 -0.04429422
v 0.00392311 -0.00804617 -0.04401716
v 0.00328466 -0.00793828 -0.04429422
v 0.00338003 -0.00799927 -0.04426746
v 0.00399191 -0.00802710 -0.04398662
v 0.00412669 -0.00798115 -0.04392459
v 0.00376151 -0.00795737 -0.04420135
v 0.00368703 -0.00796130 -0.04422107
v 0.00378239 -0.00788419 -0.04423870
v 0.00383548 -0.00795166 -0.04417966
v 0.00373768 -0.00802592 -0.04415612
v 0.00345265 -0.00786667 -0.04429422
v 0.00390882 -0.00794398 -0.04415612
v 0.00393096 -0.00787504 -0.04420135
v 0.00411168 -0.00793403 -0.04404709
v 0.00398141 -0.00793419 -0.04413090
v 0.00429586 -0.00789138 -0.04392459
v 0.00405313 -0.00792217 -0.04410418
v 0.00353578 -0.00782966 -0.04429422
v 0.00363265 -0.00788776 -0.04426746
v 0.00354903 -0.00792574 -0.04426746
v 0.00357713 -0.00781085 -0.04429422
v 0.00365167 -0.00781057 -0.04428745
v 0.00372633 -0.00780969 -0.04427855
v 0.00380102 -0.00780802 -0.04426746
v 0.00387564 -0.00780537 -0.04425418
v 0.00395005 -0.00780154 -0.04423870
v 0.00434114 -0.00781084 -0.04404709
v 0.00438368 -0.00774416 -0.04410418
v 0.00447514 -0.00773485 -0.04404709
v 0.00402414 -0.00779633 -0.04422107
v 0.00442889 -0.00779452 -0.04398662
v 0.00456226 -0.00771721 -0.04398662
v 0.00451213 -0.00776976 -0.04392459
v 0.00455202 -0.00775431 -0.04389355
v 0.00409777 -0.00778954 -0.04420135
v 0.00463161 -0.00770703 -0.04389355
v 0.00484749 -0.00758302 -0.04380257
v 0.00389901 -0.00769008 -0.04428745
v 0.00393920 -0.00766957 -0.04428745
v 0.00432499 -0.00772529 -0.04415612
v 0.00419584 -0.00767215 -0.04423870
v 0.00401911 -0.00762800 -0.04428745
v 0.00478864 -0.00761046 -0.04389355
v 0.00471983 -0.00762186 -0.04398662
v 0.00479753 -0.00757319 -0.04398662
v 0.00442138 -0.00767053 -0.04415612
v 0.00445469 -0.00759108 -0.04420135
v 0.00455241 -0.00759350 -0.04415612
v 0.00451625 -0.00766760 -0.04410418
v 0.00456226 -0.00766327 -0.04407617
v 0.00405882 -0.00760694 -0.04428745
v 0.00425581 -0.00763905 -0.04423870
v 0.00482744 -0.00758590 -0.04389355
v 0.00486606 -0.00756119 -0.04389355
v 0.00487451 -0.00752388 -0.04398662
v 0.00495122 -0.00750570 -0.04389355
v 0.00419688 -0.00753165 -0.04428745
v 0.00423585 -0.00750980 -0.04428745
v 0.00448426 -0.00750722 -0.04423870
v 0.00453440 -0.00751104 -0.04422107
v 0.00511878 -0.00739244 -0.04389355
v 0.00504292 -0.00741206 -0.04398662
v 0.00512574 -0.00735503 -0.04398662
v 0.00516009 -0.00736366 -0.04389355
v 0.00518361 -0.00733884 -0.04392459
v 0.00443480 -0.00732185 -0.04429893
v 0.00448507 -0.00732731 -0.04429422
v 0.00458675 -0.00737392 -0.04426746
v 0.00451091 -0.00742055 -0.04426746
v 0.00452256 -0.00730422 -0.04429422
v 0.00522646 -0.00728380 -0.04398662
v 0.00516385 -0.00729311 -0.04404709
v 0.00455988 -0.00728099 -0.04429422
v 0.00466188 -0.00732665 -0.04426746
v 0.00509632 -0.00729494 -0.04410418
v 0.00519618 -0.00722415 -0.04410418
v 0.00508026 -0.00733013 -0.04407617
v 0.00537315 -0.00720122 -0.04392459
v 0.00526348 -0.00722153 -0.04404709
v 0.00541734 -0.00716804 -0.04392459
v 0.00512440 -0.00721985 -0.04415612
v 0.00502440 -0.00728979 -0.04415612
v 0.00504894 -0.00720950 -0.04420135
v 0.00470741 -0.00718648 -0.04429422
v 0.00497080 -0.00719430 -0.04423870
v 0.00496029 -0.00723684 -0.04422107
v 0.00519643 -0.00716818 -0.04415612
v 0.00552215 -0.00708761 -0.04392459
v 0.00478012 -0.00713833 -0.04429422
v 0.00489107 -0.00717568 -0.04426746
v 0.00481001 -0.00723027 -0.04426746
v 0.00556533 -0.00705375 -0.04392459
v 0.00482020 -0.00711132 -0.04429422
v 0.00544032 -0.00708926 -0.04404709
v 0.00482944 -0.00706777 -0.04429893
v 0.00550084 -0.00704241 -0.04404709
v 0.00514967 -0.00706737 -0.04423870
v 0.00534130 -0.00699565 -0.04420135
v 0.00552055 -0.00697941 -0.04410418
v 0.00568040 -0.00693560 -0.04398662
v 0.00581724 -0.00686254 -0.04386275
v 0.00505976 -0.00698129 -0.04428745
v 0.00573103 -0.00687655 -0.04401716
v 0.00585541 -0.00678850 -0.04398662
v 0.00587231 -0.00680926 -0.04389355
v 0.00590533 -0.00678064 -0.04389355
v 0.00592105 -0.00673132 -0.04398662
v 0.00520687 -0.00687227 -0.04428745
v 0.00577946 -0.00681561 -0.04404709
v 0.00598601 -0.00670953 -0.04389355
v 0.00619489 -0.00652867 -0.04380257
v 0.00546609 -0.00678721 -0.04425418
v 0.00542604 -0.00685748 -0.04423870
v 0.00550476 -0.00671644 -0.04426746
v 0.00614372 -0.00656542 -0.04389355
v 0.00607972 -0.00658837 -0.04398662
v 0.00615723 -0.00651599 -0.04398662
v 0.00618238 -0.00652903 -0.04389355
v 0.00554221 -0.00664534 -0.04427855
v 0.00567422 -0.00657390 -0.04426746
v 0.00560018 -0.00671602 -0.04423870
v 0.00621348 -0.00649944 -0.04389355
v 0.00621912 -0.00645694 -0.04398662
v 0.00557856 -0.00657413 -0.04428745
v 0.00628939 -0.00642601 -0.04389355
v 0.00649304 -0.00623222 -0.04380257
v 0.00561397 -0.00650297 -0.04429422
v 0.00564550 -0.00647561 -0.04429422
v 0.00573778 -0.00651850 -0.04426746
v 0.00643755 -0.00627758 -0.04389355
v 0.00636850 -0.00630965 -0.04398662
v 0.00644137 -0.00623525 -0.04398662
v 0.00570798 -0.00642060 -0.04429422
v 0.00579932 -0.00621435 -0.04430257
v 0.00647383 -0.00624016 -0.04389355
v 0.00650299 -0.00620977 -0.04389355
v 0.00649949 -0.00617464 -0.04398662
v 0.00653871 -0.00617214 -0.04389355
v 0.00657015 -0.00609940 -0.04398662
v 0.00583067 -0.00630939 -0.04429422
v 0.00586258 -0.00640649 -0.04426746
v 0.00593808 -0.00633657 -0.04426746
v 0.00586792 -0.00627477 -0.04429422
v 0.00589788 -0.00624662 -0.04429422
v 0.00599836 -0.00627953 -0.04426746
v 0.00667854 -0.00602056 -0.04389355
v 0.00677162 -0.00592836 -0.04380257
v 0.00601579 -0.00613314 -0.04429422
v 0.00603146 -0.00598930 -0.04430257
v 0.00674663 -0.00594416 -0.04389355
v 0.00670781 -0.00594767 -0.04398662
v 0.00676218 -0.00588578 -0.04398662
v 0.00677386 -0.00591311 -0.04389355
v 0.00607360 -0.00607590 -0.04429422
v 0.00618806 -0.00609269 -0.04426746
v 0.00611661 -0.00616441 -0.04426746
v 0.00680720 -0.00587469 -0.04389355
v 0.00682821 -0.00580905 -0.04398662
v 0.00610890 -0.00604041 -0.04429422
v 0.00613728 -0.00601157 -0.04429422
v 0.00624506 -0.00603425 -0.04426746
v 0.00693754 -0.00572018 -0.04389355
v 0.00703075 -0.00561861 -0.04380257
v 0.00624888 -0.00589548 -0.04429422
v 0.00625146 -0.00575929 -0.04430257
v 0.00700091 -0.00564246 -0.04389355
v 0.00695666 -0.00565460 -0.04398662
v 0.00700731 -0.00559170 -0.04398662
v 0.00630353 -0.00583701 -0.04429422
v 0.00702623 -0.00561090 -0.04389355
v 0.00633688 -0.00580079 -0.04429422
v 0.00642414 -0.00584323 -0.04426746
v 0.00635674 -0.00591648 -0.04426746
v 0.00705135 -0.00557929 -0.04389355
v 0.00705718 -0.00552863 -0.04398662
v 0.00639029 -0.00574189 -0.04429422
v 0.00645936 -0.00552511 -0.04430257
v 0.00711254 -0.00550107 -0.04389355
v 0.00727070 -0.00530444 -0.04380257
v 0.00649483 -0.00562338 -0.04429422
v 0.00658300 -0.00566365 -0.04426746
v 0.00653082 -0.00572375 -0.04426746
v 0.00652049 -0.00559360 -0.04429422
v 0.00723137 -0.00534391 -0.04389355
v 0.00717698 -0.00537219 -0.04398662
v 0.00723511 -0.00529365 -0.04398662
v 0.00655190 -0.00555677 -0.04429422
v 0.00664637 -0.00558915 -0.04426746
v 0.00726033 -0.00530449 -0.04389355
v 0.00728358 -0.00527252 -0.04389355
v 0.00728133 -0.00522988 -0.04398662
v 0.00660218 -0.00549694 -0.04429422
v 0.00665524 -0.00528753 -0.04430257
v 0.00734016 -0.00519346 -0.04389355
v 0.00749184 -0.00498723 -0.04380257
v 0.00670047 -0.00537669 -0.04429422
v 0.00674655 -0.00546781 -0.04426746
v 0.00679550 -0.00540685 -0.04426746
v 0.00672458 -0.00534652 -0.04429422
v 0.00674849 -0.00531630 -0.04429422
v 0.00684369 -0.00534573 -0.04426746
v 0.00744983 -0.00503489 -0.04389355
v 0.00739220 -0.00507197 -0.04398662
v 0.00744590 -0.00499281 -0.04398662
v 0.00679576 -0.00525574 -0.04429422
v 0.00683925 -0.00504726 -0.04430257
v 0.00747652 -0.00499516 -0.04389355
v 0.00749793 -0.00496296 -0.04389355
v 0.00748855 -0.00492859 -0.04398662
v 0.00752411 -0.00492318 -0.04389355
v 0.00754019 -0.00484923 -0.04398662
v 0.00688806 -0.00513418 -0.04429422
v 0.00693780 -0.00522301 -0.04426746
v 0.00699439 -0.00514697 -0.04426746
v 0.00691595 -0.00509655 -0.04429422
v 0.00693833 -0.00506604 -0.04429422
v 0.00703940 -0.00508524 -0.04426746
v 0.00762598 -0.00476386 -0.04389355
v 0.00769464 -0.00466825 -0.04380257
v 0.00767523 -0.00468410 -0.04389355
v 0.00764008 -0.00469028 -0.04398662
v 0.00767926 -0.00462584 -0.04398662
v 0.00702603 -0.00494369 -0.04429422
v 0.00701157 -0.00480501 -0.04430257
v 0.00769486 -0.00465179 -0.04389355
v 0.00706878 -0.00488237 -0.04429422
v 0.00717991 -0.00488484 -0.04426746
v 0.00712719 -0.00496145 -0.04426746
v 0.00772149 -0.00460745 -0.04389355
v 0.00773183 -0.00453742 -0.04398662
v 0.00709480 -0.00484447 -0.04429422
v 0.00711568 -0.00481375 -0.04429422
v 0.00722180 -0.00482270 -0.04426746
v 0.00782461 -0.00443006 -0.04389355
v 0.00789915 -0.00431319 -0.04380257
v 0.00719741 -0.00469068 -0.04429422
v 0.00717242 -0.00456142 -0.04430257
v 0.00723719 -0.00462905 -0.04429422
v 0.00787416 -0.00434138 -0.04389355
v 0.00783294 -0.00436057 -0.04398662
v 0.00786847 -0.00429612 -0.04398662
v 0.00789189 -0.00430907 -0.04389355
v 0.00726140 -0.00459099 -0.04429422
v 0.00730340 -0.00469821 -0.04426746
v 0.00735234 -0.00462125 -0.04426746
v 0.00790944 -0.00427676 -0.04389355
v 0.00790330 -0.00423170 -0.04398662
v 0.00730004 -0.00452929 -0.04429422
v 0.00732207 -0.00431711 -0.04430257
v 0.00796188 -0.00417832 -0.04389355
v 0.00810165 -0.00391961 -0.04380257
v 0.00737523 -0.00440580 -0.04429422
v 0.00746674 -0.00443403 -0.04426746
v 0.00742931 -0.00449646 -0.04426746
v 0.00739359 -0.00437491 -0.04429422
v 0.00741850 -0.00433254 -0.04429422
v 0.00751695 -0.00434837 -0.04426746
v 0.00806198 -0.00398176 -0.04389355
v 0.00800522 -0.00403557 -0.04398662
v 0.00805382 -0.00393770 -0.04398662
v 0.00745424 -0.00427076 -0.04429422
v 0.00746081 -0.00407264 -0.04430257
v 0.00808602 -0.00393271 -0.04389355
v 0.00808486 -0.00387356 -0.04398662
v 0.00810158 -0.00390055 -0.04389355
v 0.00812499 -0.00385156 -0.04389355
v 0.00813090 -0.00377597 -0.04398662
v 0.00752367 -0.00414722 -0.04429422
v 0.00762223 -0.00416106 -0.04426746
v 0.00758782 -0.00422348 -0.04426746
v 0.00754061 -0.00411635 -0.04429422
v 0.00755738 -0.00408548 -0.04429422
v 0.00765597 -0.00409866 -0.04426746
v 0.00759042 -0.00402376 -0.04429422
v 0.00758896 -0.00382855 -0.04430257
v 0.00821478 -0.00365613 -0.04389355
v 0.00827938 -0.00352873 -0.04380257
v 0.00765452 -0.00390045 -0.04429422
v 0.00772143 -0.00397396 -0.04426746
v 0.00776954 -0.00387906 -0.04426746
v 0.00825743 -0.00355876 -0.04389355
v 0.00821845 -0.00358140 -0.04398662
v 0.00824588 -0.00351779 -0.04398662
v 0.00767825 -0.00385351 -0.04429422
v 0.00827110 -0.00352687 -0.04389355
v 0.00828461 -0.00349501 -0.04389355
v 0.00827269 -0.00345429 -0.04398662
v 0.00770883 -0.00379196 -0.04429422
v 0.00770685 -0.00358532 -0.04430257
v 0.00832484 -0.00339808 -0.04389355
v 0.00843369 -0.00314212 -0.04380257
v 0.00776807 -0.00366908 -0.04429422
v 0.00785982 -0.00369269 -0.04426746
v 0.00783037 -0.00375474 -0.04426746
v 0.00778249 -0.00363841 -0.04429422
v 0.00780415 -0.00359169 -0.04429422
v 0.00790350 -0.00359827 -0.04426746
v 0.00840101 -0.00320513 -0.04389355
v 0.00835058 -0.00326149 -0.04398662
v 0.00838741 -0.00316556 -0.04398662
v 0.00841918 -0.00315710 -0.04389355
v 0.00841083 -0.00310281 -0.04398662
v 0.00785931 -0.00346935 -0.04429422
v 0.00781484 -0.00334341 -0.04430257
v 0.00843092 -0.00312563 -0.04389355
v 0.00788596 -0.00340832 -0.04429422
v 0.00798522 -0.00341307 -0.04426746
v 0.00795860 -0.00347470 -0.04426746
v 0.00844851 -0.00307774 -0.04389355
v 0.00844539 -0.00300746 -0.04398662
v 0.00789906 -0.00337784 -0.04429422
v 0.00791202 -0.00334740 -0.04429422
v 0.00801124 -0.00335154 -0.04426746
v 0.00796233 -0.00322590 -0.04429422
v 0.00791328 -0.00310323 -0.04430257
v 0.00851554 -0.00288713 -0.04389355
v 0.00856600 -0.00276112 -0.04380257
v 0.00798660 -0.00316533 -0.04429422
v 0.00809816 -0.00313570 -0.04426746
v 0.00806147 -0.00322886 -0.04426746
v 0.00854707 -0.00279241 -0.04389355
v 0.00851051 -0.00281791 -0.04398662
v 0.00853073 -0.00275608 -0.04398662
v 0.00800470 -0.00311926 -0.04429422
v 0.00855713 -0.00276143 -0.04389355
v 0.00856705 -0.00273049 -0.04389355
v 0.00855041 -0.00269442 -0.04398662
v 0.00802795 -0.00305893 -0.04429422
v 0.00800257 -0.00286513 -0.04430257
v 0.00859645 -0.00263647 -0.04389355
v 0.00867773 -0.00238687 -0.04380257
v 0.00807274 -0.00293868 -0.04429422
v 0.00816645 -0.00295329 -0.04426746
v 0.00814426 -0.00301395 -0.04426746
v 0.00808359 -0.00290872 -0.04429422
v 0.00809985 -0.00286311 -0.04429422
v 0.00819919 -0.00286113 -0.04426746
v 0.00865150 -0.00244978 -0.04389355
v 0.00860704 -0.00250765 -0.04398662
v 0.00863350 -0.00241495 -0.04398662
v 0.00866450 -0.00240340 -0.04389355
v 0.00865022 -0.00235438 -0.04398662
v 0.00814102 -0.00274386 -0.04429422
v 0.00808307 -0.00262946 -0.04430257
v 0.00867287 -0.00237303 -0.04389355
v 0.00816080 -0.00268449 -0.04429422
v 0.00825989 -0.00268084 -0.04426746
v 0.00824020 -0.00274077 -0.04426746
v 0.00868537 -0.00232684 -0.04389355
v 0.00867471 -0.00226247 -0.04398662
v 0.00817048 -0.00265486 -0.04429422
v 0.00818003 -0.00262528 -0.04429422
v 0.00827905 -0.00262109 -0.04426746
v 0.00821694 -0.00250739 -0.04429422
v 0.00815517 -0.00239651 -0.04430257
v 0.00873246 -0.00214335 -0.04389355
v 0.00877031 -0.00202031 -0.04380257
v 0.00823461 -0.00244872 -0.04429422
v 0.00834237 -0.00241196 -0.04426746
v 0.00831578 -0.00250212 -0.04426746
v 0.00875429 -0.00205236 -0.04389355
v 0.00872023 -0.00208015 -0.04398662
v 0.00873872 -0.00200105 -0.04398662
v 0.00824774 -0.00240413 -0.04429422
v 0.00876349 -0.00201273 -0.04389355
v 0.00826452 -0.00234579 -0.04429422
v 0.00821925 -0.00216655 -0.04430257
v 0.00877487 -0.00196254 -0.04389355
v 0.00876099 -0.00190117 -0.04398662
v 0.00829659 -0.00222970 -0.04429422
v 0.00837549 -0.00229434 -0.04426746
v 0.00839130 -0.00223582 -0.04426746
v 0.00830431 -0.00220080 -0.04429422
v 0.00831583 -0.00215685 -0.04429422
v 0.00841445 -0.00214703 -0.04426746
v 0.00881704 -0.00176344 -0.04389355
v 0.00885246 -0.00162297 -0.04380257
v 0.00833532 -0.00208024 -0.04429422
v 0.00829288 -0.00186497 -0.04430257
v 0.00883617 -0.00166491 -0.04389355
v 0.00880158 -0.00170342 -0.04398662
v 0.00881791 -0.00161672 -0.04398662
v 0.00884424 -0.00162150 -0.04389355
v 0.00885206 -0.00157823 -0.04389355
v 0.00883327 -0.00153057 -0.04398662
v 0.00837181 -0.00192815 -0.04429422
v 0.00846997 -0.00191635 -0.04426746
v 0.00845229 -0.00199286 -0.04426746
v 0.00838042 -0.00189037 -0.04429422
v 0.00839107 -0.00184252 -0.04429422
v 0.00849125 -0.00181974 -0.04426746
v 0.00887063 -0.00147028 -0.04389355
v 0.00892035 -0.00119471 -0.04380257
v 0.00842625 -0.00167429 -0.04429422
v 0.00836060 -0.00153309 -0.04430257
v 0.00890335 -0.00125705 -0.04389355
v 0.00886765 -0.00131690 -0.04398662
v 0.00888267 -0.00121141 -0.04398662
v 0.00844239 -0.00159094 -0.04429422
v 0.00852582 -0.00165020 -0.04426746
v 0.00854164 -0.00156621 -0.04426746
v 0.00891064 -0.00120431 -0.04389355
v 0.00845010 -0.00154947 -0.04429422
v 0.00891620 -0.00116243 -0.04389355
v 0.00889365 -0.00112797 -0.04398662
v 0.00845757 -0.00150812 -0.04429422
v 0.00855652 -0.00148276 -0.04426746
v 0.00892919 -0.00105801 -0.04389355
v 0.00896604 -0.00078115 -0.04380257
v 0.00848519 -0.00134408 -0.04429422
v 0.00841350 -0.00120956 -0.04430257
v 0.00849766 -0.00126287 -0.04429422
v 0.00858353 -0.00131749 -0.04426746
v 0.00859864 -0.00121495 -0.04426746
v 0.00895120 -0.00085197 -0.04389355
v 0.00891744 -0.00092123 -0.04398662
v 0.00892738 -0.00081927 -0.04398662
v 0.00850503 -0.00121221 -0.04429422
v 0.00851067 -0.00117198 -0.04429422
v 0.00860971 -0.00113384 -0.04426746
v 0.00895590 -0.00080105 -0.04389355
v 0.00893441 -0.00073867 -0.04398662
v 0.00895942 -0.00076063 -0.04389355
v 0.00896357 -0.00071014 -0.04389355
v 0.00894213 -0.00063841 -0.04398662
v 0.00853111 -0.00101248 -0.04429422
v 0.00845277 -0.00089477 -0.04430257
v 0.00854011 -0.00093358 -0.04429422
v 0.00863997 -0.00087381 -0.04426746
v 0.00862933 -0.00097332 -0.04426746
v 0.00854534 -0.00088438 -0.04429422
v 0.00897714 -0.00051057 -0.04389355
v 0.00855305 -0.00080640 -0.04429422
v 0.00847957 -0.00058901 -0.04430257
v 0.00898220 -0.00041223 -0.04389355
v 0.00895405 -0.00044077 -0.04398662
v 0.00895754 -0.00036307 -0.04398662
v 0.00898390 -0.00037331 -0.04389355
v 0.00897567 -0.00032433 -0.04393723
v 0.00856619 -0.00065218 -0.04429422
v 0.00866047 -0.00063954 -0.04426746
v 0.00865439 -0.00071705 -0.04426746
v 0.00856901 -0.00061398 -0.04429422
v 0.00896290 -0.00027557 -0.04398084
v 0.00897871 -0.00018907 -0.04394015
v 0.00897142 -0.00018891 -0.04396344
v 0.00897522 -0.00018899 -0.04395180
v 0.00857230 -0.00056628 -0.04429422
v 0.00866704 -0.00054315 -0.04426746
v 0.00894553 -0.00022710 -0.04402377
v 0.00896732 -0.00018883 -0.04397505
v 0.00857696 -0.00049070 -0.04429422
v 0.00897328 -0.00014134 -0.04396054
v 0.00897130 -0.00014131 -0.04396635
v 0.00896925 -0.00014128 -0.04397215
v 0.00896712 -0.00014124 -0.04397795
v 0.00894651 -0.00009370 -0.04402659
v 0.00892356 -0.00017899 -0.04406538
v 0.00897427 -0.00004688 -0.04396054
v 0.00897024 -0.00004686 -0.04397215
v 0.00889716 -0.00013130 -0.04410504
v 0.00858420 -0.00034129 -0.04429422
v 0.00867828 -0.00031641 -0.04426746
v 0.00867522 -0.00039139 -0.04426746
v 0.00858559 -0.00030431 -0.04429422
v 0.00864435 -0.00018480 -0.04428068
v 0.00868278 -0.00014818 -0.04426746
v 0.00869429 -0.00014837 -0.04426274
v 0.00868671 -0.00023206 -0.04426514
v 0.00859395 -0.00022094 -0.04429311
v 0.00874288 -0.00011166 -0.04423921
v 0.00883230 -0.00003746 -0.04417610
v 0.00886661 -0.00008410 -0.04414213
v 0.00878919 -0.00007468 -0.04421023
v 0.00869811 -0.00007391 -0.04426151
v -0.00887532 -0.00007980 -0.04413252
v -0.00893681 -0.00015696 -0.04404339
v -0.00887696 -0.00012218 -0.04413009
v -0.00893747 -0.00020001 -0.04404061
v -0.00890989 -0.00016093 -0.04408681
v -0.00897553 -0.00027886 -0.04394306
v -0.00893809 -0.00028674 -0.04403502
v -0.00879946 -0.00008781 -0.04420264
v -0.00887838 -0.00016479 -0.04412764
v -0.00884268 -0.00016854 -0.04416515
v -0.00887957 -0.00020761 -0.04412518
v -0.00893789 -0.00024327 -0.04403782
v -0.00891154 -0.00024703 -0.04408151
v -0.00860112 -0.00002245 -0.04429223
v -0.00880335 -0.00017218 -0.04419875
v -0.00888054 -0.00025065 -0.04412270
v -0.00893804 -0.00033042 -0.04403222
v -0.00893731 -0.00034968 -0.04403222
v -0.00891224 -0.00033400 -0.04407617
v -0.00891072 -0.00037246 -0.04407617
v -0.00880496 -0.00021469 -0.04419677
v -0.00860089 -0.00006748 -0.04429223
v -0.00888128 -0.00029390 -0.04412022
v -0.00884530 -0.00025411 -0.04416067
v -0.00893571 -0.00038831 -0.04403222
v -0.00871653 -0.00017919 -0.04425236
v -0.00880635 -0.00025743 -0.04419478
v -0.00876436 -0.00026062 -0.04422453
v -0.00880752 -0.00030038 -0.04419277
v -0.00888177 -0.00033737 -0.04411772
v -0.00888103 -0.00035653 -0.04411772
v -0.00884700 -0.00034055 -0.04415612
v -0.00893394 -0.00042710 -0.04403222
v -0.00895193 -0.00048208 -0.04398662
v -0.00860552 -0.00015835 -0.04429099
v -0.00887940 -0.00039496 -0.04411772
v -0.00872004 -0.00026370 -0.04424957
v -0.00880845 -0.00034356 -0.04419075
v -0.00880769 -0.00036257 -0.04419075
v -0.00876677 -0.00034640 -0.04422107
v -0.00876519 -0.00038431 -0.04422107
v -0.00892987 -0.00050513 -0.04403222
v -0.00872146 -0.00030629 -0.04424815
v -0.00892756 -0.00054438 -0.04403222
v -0.00890287 -0.00052785 -0.04407617
v -0.00872267 -0.00034910 -0.04424671
v -0.00872189 -0.00036795 -0.04424671
v -0.00887347 -0.00051116 -0.04411772
v -0.00887562 -0.00047227 -0.04411772
v -0.00883974 -0.00049435 -0.04415612
v -0.00892441 -0.00059383 -0.04403222
v -0.00872021 -0.00040576 -0.04424671
v -0.00880221 -0.00047747 -0.04419075
v -0.00880421 -0.00043902 -0.04419075
v -0.00876151 -0.00046058 -0.04422107
v -0.00892097 -0.00064351 -0.04403222
v -0.00889647 -0.00062655 -0.04407617
v -0.00889283 -0.00067626 -0.04407617
v -0.00883688 -0.00054308 -0.04415612
v -0.00871837 -0.00044373 -0.04424671
v -0.00891913 -0.00066845 -0.04403222
v -0.00879945 -0.00052592 -0.04419075
v -0.00891762 -0.00068837 -0.04403222
v -0.00888971 -0.00071606 -0.04407617
v -0.00867108 -0.00047447 -0.04426746
v -0.00891444 -0.00072831 -0.04403222
v -0.00886373 -0.00065885 -0.04411772
v -0.00883030 -0.00064125 -0.04415612
v -0.00882658 -0.00069069 -0.04415612
v -0.00886185 -0.00068367 -0.04411772
v -0.00891108 -0.00076842 -0.04403222
v -0.00866833 -0.00052222 -0.04426746
v -0.00886030 -0.00070350 -0.04411772
v -0.00892724 -0.00082085 -0.04398662
v -0.00870983 -0.00058793 -0.04424671
v -0.00885705 -0.00074328 -0.04411772
v -0.00878945 -0.00067267 -0.04419075
v -0.00874916 -0.00065457 -0.04422107
v -0.00874535 -0.00070366 -0.04422107
v -0.00878753 -0.00069734 -0.04419075
v -0.00890375 -0.00084907 -0.04403222
v -0.00870642 -0.00063646 -0.04424671
v -0.00878594 -0.00071704 -0.04419075
v -0.00874210 -0.00074296 -0.04422107
v -0.00889979 -0.00088962 -0.04403222
v -0.00887530 -0.00087675 -0.04407617
v -0.00870272 -0.00068523 -0.04424671
v -0.00889721 -0.00091513 -0.04403222
v -0.00887013 -0.00092764 -0.04407617
v -0.00870075 -0.00070970 -0.04424671
v -0.00884614 -0.00086349 -0.04411772
v -0.00884997 -0.00082327 -0.04411772
v -0.00881267 -0.00084990 -0.04415612
v -0.00869914 -0.00072925 -0.04424671
v -0.00884363 -0.00088880 -0.04411772
v -0.00889179 -0.00096633 -0.04403222
v -0.00877542 -0.00083605 -0.04419075
v -0.00877912 -0.00079623 -0.04419075
v -0.00873502 -0.00082199 -0.04422107
v -0.00869576 -0.00076846 -0.04424671
v -0.00877300 -0.00086109 -0.04419075
v -0.00873018 -0.00087186 -0.04422107
v -0.00880766 -0.00090032 -0.04415612
v -0.00888605 -0.00101776 -0.04403222
v -0.00869219 -0.00080782 -0.04424671
v -0.00889871 -0.00108736 -0.04398662
v -0.00888124 -0.00105893 -0.04403222
v -0.00885881 -0.00103011 -0.04407617
v -0.00868986 -0.00083258 -0.04424671
v -0.00868495 -0.00088227 -0.04424671
v -0.00882691 -0.00104184 -0.04411772
v -0.00879669 -0.00100186 -0.04415612
v -0.00879072 -0.00105298 -0.04415612
v -0.00887098 -0.00114170 -0.04403222
v -0.00882197 -0.00108286 -0.04411772
v -0.00867974 -0.00093219 -0.04424671
v -0.00875680 -0.00101260 -0.04419075
v -0.00886553 -0.00118330 -0.04403222
v -0.00875076 -0.00106356 -0.04419075
v -0.00885985 -0.00122505 -0.04403222
v -0.00883803 -0.00119540 -0.04407617
v -0.00883229 -0.00123708 -0.04407617
v -0.00885693 -0.00124599 -0.04403222
v -0.00874570 -0.00110435 -0.04419075
v -0.00870767 -0.00107365 -0.04422107
v -0.00862720 -0.00099206 -0.04426746
v -0.00885319 -0.00127229 -0.04403222
v -0.00882478 -0.00128958 -0.04407617
v -0.00880588 -0.00120678 -0.04411772
v -0.00881146 -0.00116533 -0.04411772
v -0.00880300 -0.00122756 -0.04411772
v -0.00876945 -0.00121749 -0.04415612
v -0.00862128 -0.00104223 -0.04426746
v -0.00866217 -0.00108331 -0.04424671
v -0.00884545 -0.00132507 -0.04403222
v -0.00879932 -0.00125368 -0.04411772
v -0.00873496 -0.00118636 -0.04419075
v -0.00869724 -0.00115509 -0.04422107
v -0.00869171 -0.00119603 -0.04422107
v -0.00885451 -0.00140254 -0.04398662
v -0.00865701 -0.00112381 -0.04424671
v -0.00873214 -0.00120695 -0.04419075
v -0.00883735 -0.00137808 -0.04403222
v -0.00876206 -0.00126956 -0.04415612
v -0.00872852 -0.00123283 -0.04419075
v -0.00868446 -0.00124758 -0.04422107
v -0.00884766 -0.00144512 -0.04398662
v -0.00865164 -0.00116445 -0.04424671
v -0.00864887 -0.00118483 -0.04424671
v -0.00864533 -0.00121043 -0.04424671
v -0.00874623 -0.00137437 -0.04415612
v -0.00873779 -0.00142710 -0.04415612
v -0.00877538 -0.00141157 -0.04411772
v -0.00881649 -0.00150575 -0.04403222
v -0.00863798 -0.00126182 -0.04424671
v -0.00876847 -0.00145386 -0.04411772
v -0.00880907 -0.00154859 -0.04403222
v -0.00870499 -0.00138929 -0.04419075
v -0.00863028 -0.00131342 -0.04424671
v -0.00880140 -0.00159157 -0.04403222
v -0.00878002 -0.00156554 -0.04407617
v -0.00877226 -0.00160846 -0.04407617
v -0.00873079 -0.00146930 -0.04415612
v -0.00869643 -0.00144188 -0.04419075
v -0.00879748 -0.00161310 -0.04403222
v -0.00879350 -0.00163468 -0.04403222
v -0.00876426 -0.00165152 -0.04407617
v -0.00874634 -0.00158157 -0.04411772
v -0.00857391 -0.00137870 -0.04426746
v -0.00878535 -0.00167793 -0.04403222
v -0.00871609 -0.00155410 -0.04415612
v -0.00870839 -0.00159671 -0.04415612
v -0.00874244 -0.00160297 -0.04411772
v -0.00879301 -0.00174712 -0.04398662
v -0.00873848 -0.00162441 -0.04411772
v -0.00877695 -0.00172131 -0.04403222
v -0.00856541 -0.00143055 -0.04426746
v -0.00860507 -0.00146953 -0.04424671
v -0.00867448 -0.00156854 -0.04419075
v -0.00863739 -0.00154003 -0.04422107
v -0.00862976 -0.00158226 -0.04422107
v -0.00878422 -0.00179081 -0.04398662
v -0.00867062 -0.00158977 -0.04419075
v -0.00870044 -0.00163945 -0.04415612
v -0.00859783 -0.00151134 -0.04424671
v -0.00866669 -0.00161103 -0.04419075
v -0.00862188 -0.00162461 -0.04422107
v -0.00859035 -0.00155329 -0.04424671
v -0.00858652 -0.00157431 -0.04424671
v -0.00875025 -0.00185228 -0.04403222
v -0.00868382 -0.00172535 -0.04415612
v -0.00867513 -0.00176849 -0.04415612
v -0.00871345 -0.00175375 -0.04411772
v -0.00858264 -0.00159537 -0.04424671
v -0.00870460 -0.00179714 -0.04411772
v -0.00873960 -0.00190187 -0.04403222
v -0.00857468 -0.00163758 -0.04424671
v -0.00864186 -0.00173931 -0.04419075
v -0.00856649 -0.00167993 -0.04424671
v -0.00866503 -0.00181737 -0.04415612
v -0.00872863 -0.00195163 -0.04403222
v -0.00870849 -0.00192403 -0.04407617
v -0.00869736 -0.00197373 -0.04407617
v -0.00863194 -0.00178789 -0.04419075
v -0.00872301 -0.00197658 -0.04403222
v -0.00871853 -0.00199624 -0.04403222
v -0.00868836 -0.00201299 -0.04407617
v -0.00851649 -0.00169770 -0.04426746
v -0.00867275 -0.00194504 -0.04411772
v -0.00870942 -0.00203565 -0.04403222
v -0.00864384 -0.00191561 -0.04415612
v -0.00863275 -0.00196497 -0.04415612
v -0.00866715 -0.00196984 -0.04411772
v -0.00850682 -0.00174550 -0.04426746
v -0.00870009 -0.00207516 -0.04403222
v -0.00866973 -0.00209179 -0.04407617
v -0.00866269 -0.00198939 -0.04411772
v -0.00853690 -0.00182432 -0.04424671
v -0.00860024 -0.00193464 -0.04419075
v -0.00856456 -0.00190385 -0.04422107
v -0.00855353 -0.00195279 -0.04422107
v -0.00865360 -0.00202857 -0.04411772
v -0.00859467 -0.00195924 -0.04419075
v -0.00852640 -0.00187278 -0.04424671
v -0.00868079 -0.00215447 -0.04403222
v -0.00865023 -0.00217099 -0.04407617
v -0.00859022 -0.00197864 -0.04419075
v -0.00854461 -0.00199143 -0.04422107
v -0.00867081 -0.00219427 -0.04403222
v -0.00863478 -0.00210722 -0.04411772
v -0.00851558 -0.00192140 -0.04424671
v -0.00851004 -0.00194578 -0.04424671
v -0.00862505 -0.00214669 -0.04411772
v -0.00859563 -0.00212149 -0.04415612
v -0.00865914 -0.00223989 -0.04403222
v -0.00857192 -0.00205647 -0.04419075
v -0.00852616 -0.00206901 -0.04422107
v -0.00850563 -0.00196499 -0.04424671
v -0.00856246 -0.00209554 -0.04419075
v -0.00861367 -0.00219192 -0.04411772
v -0.00849664 -0.00200350 -0.04424671
v -0.00864718 -0.00228563 -0.04403222
v -0.00862688 -0.00226199 -0.04407617
v -0.00861478 -0.00230768 -0.04407617
v -0.00864109 -0.00230855 -0.04403222
v -0.00848744 -0.00204210 -0.04424671
v -0.00863705 -0.00232360 -0.04403222
v -0.00860667 -0.00233772 -0.04407617
v -0.00855138 -0.00214031 -0.04419075
v -0.00862889 -0.00235374 -0.04403222
v -0.00847668 -0.00208634 -0.04424671
v -0.00859004 -0.00228277 -0.04411772
v -0.00862059 -0.00238394 -0.04403222
v -0.00859009 -0.00239795 -0.04407617
v -0.00858395 -0.00230556 -0.04411772
v -0.00854898 -0.00230229 -0.04415612
v -0.00857992 -0.00232053 -0.04411772
v -0.00842556 -0.00210305 -0.04426746
v -0.00857175 -0.00235050 -0.04411772
v -0.00860362 -0.00244448 -0.04403222
v -0.00857298 -0.00245839 -0.04407617
v -0.00845431 -0.00217521 -0.04424671
v -0.00851643 -0.00227537 -0.04419075
v -0.00848078 -0.00224782 -0.04422107
v -0.00846872 -0.00229282 -0.04422107
v -0.00852837 -0.00223023 -0.04419075
v -0.00859494 -0.00247483 -0.04403222
v -0.00851036 -0.00229799 -0.04419075
v -0.00858824 -0.00249799 -0.04403222
v -0.00855960 -0.00250459 -0.04407617
v -0.00850634 -0.00231284 -0.04419075
v -0.00846065 -0.00232241 -0.04422107
v -0.00855505 -0.00241060 -0.04411772
v -0.00844271 -0.00221982 -0.04424671
v -0.00854650 -0.00244073 -0.04411772
v -0.00851585 -0.00242196 -0.04415612
v -0.00857461 -0.00254440 -0.04403222
v -0.00843082 -0.00226455 -0.04424671
v -0.00853990 -0.00246373 -0.04411772
v -0.00848992 -0.00237239 -0.04419075
v -0.00844414 -0.00238175 -0.04422107
v -0.00842476 -0.00228697 -0.04424671
v -0.00856066 -0.00259092 -0.04403222
v -0.00842075 -0.00230169 -0.04424671
v -0.00848152 -0.00240224 -0.04419075
v -0.00847504 -0.00242502 -0.04419075
v -0.00843122 -0.00242710 -0.04422107
v -0.00855135 -0.00262150 -0.04403222
v -0.00853192 -0.00259732 -0.04407617
v -0.00851309 -0.00265840 -0.04407617
v -0.00841264 -0.00233117 -0.04424671
v -0.00840440 -0.00236069 -0.04424671
v -0.00846184 -0.00247066 -0.04419075
v -0.00839804 -0.00238323 -0.04424671
v -0.00853231 -0.00268281 -0.04403222
v -0.00849371 -0.00271966 -0.04407617
v -0.00849870 -0.00260228 -0.04411772
v -0.00851274 -0.00255598 -0.04411772
v -0.00852259 -0.00271353 -0.04403222
v -0.00838509 -0.00242839 -0.04424671
v -0.00848933 -0.00263271 -0.04411772
v -0.00846138 -0.00260589 -0.04415612
v -0.00851273 -0.00274430 -0.04403222
v -0.00848382 -0.00275037 -0.04407617
v -0.00850775 -0.00275971 -0.04403222
v -0.00837185 -0.00247366 -0.04424671
v -0.00850274 -0.00277512 -0.04403222
v -0.00847379 -0.00278111 -0.04407617
v -0.00847017 -0.00269372 -0.04411772
v -0.00842044 -0.00260828 -0.04419075
v -0.00843455 -0.00256230 -0.04419075
v -0.00849260 -0.00280598 -0.04403222
v -0.00845332 -0.00284274 -0.04407617
v -0.00846038 -0.00272429 -0.04411772
v -0.00841102 -0.00263850 -0.04419075
v -0.00837652 -0.00260962 -0.04422107
v -0.00835751 -0.00266988 -0.04422107
v -0.00845544 -0.00273959 -0.04411772
v -0.00842296 -0.00272751 -0.04415612
v -0.00848233 -0.00283688 -0.04403222
v -0.00845046 -0.00275491 -0.04411772
v -0.00847192 -0.00286783 -0.04403222
v -0.00843228 -0.00290454 -0.04407617
v -0.00831058 -0.00251934 -0.04426746
v -0.00834446 -0.00256453 -0.04424671
v -0.00839178 -0.00269909 -0.04419075
v -0.00834781 -0.00270007 -0.04422107
v -0.00833031 -0.00261013 -0.04424671
v -0.00838688 -0.00271427 -0.04419075
v -0.00843021 -0.00281628 -0.04411772
v -0.00838195 -0.00272946 -0.04419075
v -0.00833797 -0.00273031 -0.04422107
v -0.00845067 -0.00292985 -0.04403222
v -0.00832086 -0.00264011 -0.04424671
v -0.00841987 -0.00284703 -0.04411772
v -0.00837199 -0.00275986 -0.04419075
v -0.00831788 -0.00279092 -0.04422107
v -0.00831128 -0.00267013 -0.04424671
v -0.00840940 -0.00287782 -0.04411772
v -0.00838236 -0.00284984 -0.04415612
v -0.00843409 -0.00297723 -0.04403222
v -0.00830643 -0.00268515 -0.04424671
v -0.00830156 -0.00270019 -0.04424671
v -0.00835165 -0.00282080 -0.04419075
v -0.00839316 -0.00292483 -0.04411772
v -0.00841719 -0.00302470 -0.04403222
v -0.00839914 -0.00299905 -0.04407617
v -0.00838206 -0.00304644 -0.04407617
v -0.00829171 -0.00273029 -0.04424671
v -0.00840861 -0.00304847 -0.04403222
v -0.00840293 -0.00306408 -0.04403222
v -0.00837068 -0.00307759 -0.04407617
v -0.00828172 -0.00276045 -0.04424671
v -0.00833578 -0.00286736 -0.04419075
v -0.00839147 -0.00309532 -0.04403222
v -0.00826623 -0.00280648 -0.04424671
v -0.00835970 -0.00301914 -0.04411772
v -0.00837987 -0.00312661 -0.04403222
v -0.00834747 -0.00313999 -0.04407617
v -0.00835113 -0.00304278 -0.04411772
v -0.00831617 -0.00303759 -0.04415612
v -0.00834546 -0.00305829 -0.04411772
v -0.00821300 -0.00282125 -0.04426746
v -0.00835621 -0.00318929 -0.04403222
v -0.00832367 -0.00320254 -0.04407617
v -0.00833401 -0.00308936 -0.04411772
v -0.00823429 -0.00289884 -0.04424671
v -0.00828621 -0.00300760 -0.04419075
v -0.00830307 -0.00296076 -0.04419075
v -0.00825321 -0.00297670 -0.04422107
v -0.00823623 -0.00302338 -0.04422107
v -0.00834416 -0.00322068 -0.04403222
v -0.00827766 -0.00303105 -0.04419075
v -0.00833488 -0.00324463 -0.04403222
v -0.00830513 -0.00325031 -0.04407617
v -0.00831067 -0.00315161 -0.04411772
v -0.00827201 -0.00304645 -0.04419075
v -0.00822491 -0.00305405 -0.04422107
v -0.00821784 -0.00294516 -0.04424671
v -0.00829878 -0.00318278 -0.04411772
v -0.00826983 -0.00316155 -0.04415612
v -0.00831605 -0.00329259 -0.04403222
v -0.00820106 -0.00299157 -0.04424671
v -0.00828962 -0.00320657 -0.04411772
v -0.00824903 -0.00310814 -0.04419075
v -0.00820183 -0.00311550 -0.04422107
v -0.00819255 -0.00301481 -0.04424671
v -0.00829687 -0.00334063 -0.04403222
v -0.00823732 -0.00313905 -0.04419075
v -0.00818692 -0.00303007 -0.04424671
v -0.00822830 -0.00316262 -0.04419075
v -0.00818384 -0.00316243 -0.04422107
v -0.00828409 -0.00337219 -0.04403222
v -0.00826701 -0.00334608 -0.04407617
v -0.00824124 -0.00340908 -0.04407617
v -0.00817555 -0.00306061 -0.04424671
v -0.00816403 -0.00309119 -0.04424671
v -0.00821000 -0.00320983 -0.04419075
v -0.00815516 -0.00311452 -0.04424671
v -0.00825808 -0.00343540 -0.04403222
v -0.00821484 -0.00347220 -0.04407617
v -0.00823283 -0.00334969 -0.04411772
v -0.00825211 -0.00330191 -0.04411772
v -0.00824484 -0.00346705 -0.04403222
v -0.00813717 -0.00316124 -0.04424671
v -0.00821998 -0.00338108 -0.04411772
v -0.00819466 -0.00335158 -0.04415612
v -0.00823145 -0.00349873 -0.04403222
v -0.00820141 -0.00350380 -0.04407617
v -0.00822469 -0.00351458 -0.04403222
v -0.00821790 -0.00353044 -0.04403222
v -0.00818782 -0.00353544 -0.04407617
v -0.00811883 -0.00320804 -0.04424671
v -0.00819384 -0.00344396 -0.04411772
v -0.00820419 -0.00356218 -0.04403222
v -0.00816018 -0.00359879 -0.04407617
v -0.00815302 -0.00335192 -0.04419075
v -0.00817236 -0.00330448 -0.04419075
v -0.00818054 -0.00347544 -0.04411772
v -0.00819032 -0.00359395 -0.04403222
v -0.00817383 -0.00349119 -0.04411772
v -0.00814228 -0.00347689 -0.04415612
v -0.00814013 -0.00338308 -0.04419075
v -0.00810849 -0.00335093 -0.04422107
v -0.00808255 -0.00341302 -0.04422107
v -0.00816708 -0.00350695 -0.04411772
v -0.00817630 -0.00362574 -0.04403222
v -0.00813190 -0.00366224 -0.04407617
v -0.00805194 -0.00325255 -0.04426746
v -0.00808112 -0.00330187 -0.04424671
v -0.00811391 -0.00344549 -0.04419075
v -0.00806935 -0.00344411 -0.04422107
v -0.00813969 -0.00357006 -0.04411772
v -0.00810726 -0.00346112 -0.04419075
v -0.00806175 -0.00334889 -0.04424671
v -0.00814777 -0.00368940 -0.04403222
v -0.00810057 -0.00347674 -0.04419075
v -0.00805600 -0.00347523 -0.04422107
v -0.00812576 -0.00360165 -0.04411772
v -0.00804885 -0.00337978 -0.04424671
v -0.00808708 -0.00350802 -0.04419075
v -0.00802883 -0.00353755 -0.04422107
v -0.00812560 -0.00373798 -0.04403222
v -0.00811167 -0.00363327 -0.04411772
v -0.00808742 -0.00360266 -0.04415612
v -0.00803580 -0.00341070 -0.04424671
v -0.00802921 -0.00342617 -0.04424671
v -0.00802259 -0.00344165 -0.04424671
v -0.00810305 -0.00378661 -0.04403222
v -0.00808756 -0.00375914 -0.04407617
v -0.00806483 -0.00380766 -0.04407617
v -0.00808989 -0.00368150 -0.04411772
v -0.00805962 -0.00357066 -0.04419075
v -0.00800923 -0.00347262 -0.04424671
v -0.00809163 -0.00381095 -0.04403222
v -0.00808409 -0.00382692 -0.04403222
v -0.00804971 -0.00383952 -0.04407617
v -0.00803827 -0.00361846 -0.04419075
v -0.00799572 -0.00350362 -0.04424671
v -0.00806888 -0.00385888 -0.04403222
v -0.00804522 -0.00377814 -0.04411772
v -0.00797483 -0.00355092 -0.04424671
v -0.00805351 -0.00389086 -0.04403222
v -0.00801898 -0.00390331 -0.04407617
v -0.00803381 -0.00380233 -0.04411772
v -0.00799892 -0.00379510 -0.04415612
v -0.00802628 -0.00381821 -0.04411772
v -0.00802227 -0.00395487 -0.04403222
v -0.00798758 -0.00396716 -0.04407617
v -0.00801109 -0.00384998 -0.04411772
v -0.00791931 -0.00356333 -0.04426746
v -0.00797201 -0.00376220 -0.04419075
v -0.00794214 -0.00372810 -0.04422107
v -0.00791954 -0.00377587 -0.04422107
v -0.00799447 -0.00371423 -0.04419075
v -0.00793195 -0.00364569 -0.04424671
v -0.00800640 -0.00398691 -0.04403222
v -0.00796064 -0.00378619 -0.04419075
v -0.00799419 -0.00401133 -0.04403222
v -0.00796320 -0.00401587 -0.04407617
v -0.00798022 -0.00391357 -0.04411772
v -0.00795313 -0.00380195 -0.04419075
v -0.00790451 -0.00380723 -0.04422107
v -0.00790997 -0.00369315 -0.04424671
v -0.00796453 -0.00394539 -0.04411772
v -0.00793759 -0.00392178 -0.04415612
v -0.00796949 -0.00406019 -0.04403222
v -0.00795247 -0.00396966 -0.04411772
v -0.00788761 -0.00374066 -0.04424671
v -0.00792268 -0.00386500 -0.04419075
v -0.00787396 -0.00387002 -0.04422107
v -0.00787629 -0.00376444 -0.04424671
v -0.00794438 -0.00410909 -0.04403222
v -0.00790721 -0.00389655 -0.04419075
v -0.00786881 -0.00378004 -0.04424671
v -0.00789531 -0.00392061 -0.04419075
v -0.00785025 -0.00391790 -0.04422107
v -0.00785374 -0.00381126 -0.04424671
v -0.00791084 -0.00417330 -0.04403222
v -0.00791328 -0.00411337 -0.04407617
v -0.00787966 -0.00417740 -0.04407617
v -0.00783850 -0.00384250 -0.04424671
v -0.00787122 -0.00396875 -0.04419075
v -0.00789382 -0.00420542 -0.04403222
v -0.00782678 -0.00386631 -0.04424671
v -0.00787803 -0.00411540 -0.04411772
v -0.00790323 -0.00406679 -0.04411772
v -0.00787662 -0.00423754 -0.04403222
v -0.00784536 -0.00424147 -0.04407617
v -0.00786128 -0.00414731 -0.04411772
v -0.00783899 -0.00411532 -0.04415612
v -0.00780306 -0.00391398 -0.04424671
v -0.00785925 -0.00426968 -0.04403222
v -0.00782795 -0.00427352 -0.04407617
v -0.00785049 -0.00428575 -0.04403222
v -0.00784436 -0.00417922 -0.04411772
v -0.00784170 -0.00430182 -0.04403222
v -0.00781037 -0.00430557 -0.04407617
v -0.00777895 -0.00396167 -0.04424671
v -0.00782398 -0.00433397 -0.04403222
v -0.00779663 -0.00411335 -0.04419075
v -0.00782188 -0.00406512 -0.04419075
v -0.00781000 -0.00424308 -0.04411772
v -0.00780608 -0.00436612 -0.04403222
v -0.00777468 -0.00436969 -0.04407617
v -0.00780130 -0.00425905 -0.04411772
v -0.00777088 -0.00424252 -0.04415612
v -0.00779256 -0.00427502 -0.04411772
v -0.00776289 -0.00417667 -0.04419075
v -0.00775152 -0.00410978 -0.04422107
v -0.00771777 -0.00417281 -0.04422107
v -0.00770585 -0.00400409 -0.04426746
v -0.00772959 -0.00405715 -0.04424671
v -0.00777495 -0.00430697 -0.04411772
v -0.00776976 -0.00443043 -0.04403222
v -0.00773828 -0.00443382 -0.04407617
v -0.00774577 -0.00420834 -0.04419075
v -0.00770064 -0.00420433 -0.04422107
v -0.00773714 -0.00422418 -0.04419075
v -0.00770432 -0.00410492 -0.04424671
v -0.00775133 -0.00446259 -0.04403222
v -0.00772847 -0.00424002 -0.04419075
v -0.00768335 -0.00423586 -0.04422107
v -0.00773921 -0.00437087 -0.04411772
v -0.00768753 -0.00413628 -0.04424671
v -0.00772577 -0.00450671 -0.04403222
v -0.00768721 -0.00452180 -0.04407617
v -0.00772107 -0.00440283 -0.04411772
v -0.00770002 -0.00436983 -0.04415612
v -0.00767057 -0.00416764 -0.04424671
v -0.00769337 -0.00430339 -0.04419075
v -0.00764823 -0.00429894 -0.04422107
v -0.00766203 -0.00418333 -0.04424671
v -0.00765345 -0.00419901 -0.04424671
v -0.00769987 -0.00455082 -0.04403222
v -0.00766117 -0.00456578 -0.04407617
v -0.00769591 -0.00444667 -0.04411772
v -0.00767555 -0.00433508 -0.04419075
v -0.00768679 -0.00457287 -0.04403222
v -0.00763615 -0.00423039 -0.04424671
v -0.00767720 -0.00458895 -0.04403222
v -0.00764197 -0.00459784 -0.04407617
v -0.00765083 -0.00437856 -0.04419075
v -0.00759894 -0.00438549 -0.04422107
v -0.00761868 -0.00426177 -0.04424671
v -0.00765789 -0.00462110 -0.04403222
v -0.00764458 -0.00453434 -0.04411772
v -0.00763840 -0.00465325 -0.04403222
v -0.00760303 -0.00466195 -0.04407617
v -0.00759443 -0.00430482 -0.04424671
v -0.00763154 -0.00455626 -0.04411772
v -0.00759824 -0.00454449 -0.04415612
v -0.00762198 -0.00457224 -0.04411772
v -0.00760041 -0.00446552 -0.04419075
v -0.00754833 -0.00447203 -0.04422107
v -0.00760272 -0.00460418 -0.04411772
v -0.00759888 -0.00471751 -0.04403222
v -0.00756337 -0.00472602 -0.04407617
v -0.00757470 -0.00450899 -0.04419075
v -0.00752253 -0.00451530 -0.04422107
v -0.00754497 -0.00439094 -0.04424671
v -0.00757884 -0.00474964 -0.04403222
v -0.00756172 -0.00453073 -0.04419075
v -0.00755220 -0.00454657 -0.04419075
v -0.00750351 -0.00454683 -0.04422107
v -0.00756367 -0.00466806 -0.04411772
v -0.00755385 -0.00478928 -0.04403222
v -0.00751340 -0.00480507 -0.04407617
v -0.00751975 -0.00443399 -0.04424671
v -0.00754387 -0.00469999 -0.04411772
v -0.00752066 -0.00467175 -0.04415612
v -0.00752858 -0.00482891 -0.04403222
v -0.00748799 -0.00484457 -0.04407617
v -0.00749420 -0.00447704 -0.04424671
v -0.00751370 -0.00460993 -0.04419075
v -0.00746494 -0.00460988 -0.04422107
v -0.00751584 -0.00484871 -0.04403222
v -0.00751918 -0.00473939 -0.04411772
v -0.00748130 -0.00449857 -0.04424671
v -0.00747184 -0.00451425 -0.04424671
v -0.00749417 -0.00464160 -0.04419075
v -0.00749505 -0.00488079 -0.04403222
v -0.00744623 -0.00490851 -0.04407617
v -0.00745280 -0.00454563 -0.04424671
v -0.00746982 -0.00468068 -0.04419075
v -0.00741634 -0.00468768 -0.04422107
v -0.00746896 -0.00481814 -0.04411772
v -0.00743358 -0.00457699 -0.04424671
v -0.00745292 -0.00494489 -0.04403222
v -0.00740373 -0.00497238 -0.04407617
v -0.00745623 -0.00483782 -0.04411772
v -0.00742089 -0.00482866 -0.04415612
v -0.00740960 -0.00461571 -0.04424671
v -0.00743157 -0.00497691 -0.04403222
v -0.00743546 -0.00486968 -0.04411772
v -0.00742030 -0.00475881 -0.04419075
v -0.00736663 -0.00476541 -0.04422107
v -0.00741004 -0.00500892 -0.04403222
v -0.00738220 -0.00500429 -0.04407617
v -0.00739920 -0.00502491 -0.04403222
v -0.00739512 -0.00479785 -0.04419075
v -0.00734136 -0.00480425 -0.04422107
v -0.00738575 -0.00504465 -0.04403222
v -0.00735536 -0.00504365 -0.04407617
v -0.00739336 -0.00493337 -0.04411772
v -0.00738242 -0.00481736 -0.04419075
v -0.00736083 -0.00469309 -0.04424671
v -0.00737204 -0.00496518 -0.04411772
v -0.00735865 -0.00508411 -0.04403222
v -0.00730083 -0.00512228 -0.04407617
v -0.00736171 -0.00484895 -0.04419075
v -0.00729984 -0.00486711 -0.04422107
v -0.00736130 -0.00498108 -0.04411772
v -0.00733680 -0.00495550 -0.04415612
v -0.00733604 -0.00473176 -0.04424671
v -0.00734799 -0.00500070 -0.04411772
v -0.00733126 -0.00512353 -0.04403222
v -0.00731096 -0.00477041 -0.04424671
v -0.00731973 -0.00491208 -0.04419075
v -0.00727880 -0.00489851 -0.04422107
v -0.00729832 -0.00478972 -0.04424671
v -0.00730886 -0.00515544 -0.04403222
v -0.00725581 -0.00518586 -0.04407617
v -0.00730912 -0.00492786 -0.04419075
v -0.00729596 -0.00494732 -0.04419075
v -0.00725258 -0.00493726 -0.04422107
v -0.00727770 -0.00482100 -0.04424671
v -0.00729401 -0.00507911 -0.04411772
v -0.00725690 -0.00485226 -0.04424671
v -0.00726349 -0.00521916 -0.04403222
v -0.00721002 -0.00524932 -0.04407617
v -0.00726943 -0.00498623 -0.04419075
v -0.00719928 -0.00501465 -0.04422107
v -0.00726659 -0.00511826 -0.04411772
v -0.00724643 -0.00486788 -0.04424671
v -0.00724051 -0.00525099 -0.04403222
v -0.00723344 -0.00488716 -0.04424671
v -0.00724417 -0.00514994 -0.04411772
v -0.00722888 -0.00511165 -0.04415612
v -0.00721735 -0.00528278 -0.04403222
v -0.00718685 -0.00528101 -0.04407617
v -0.00720725 -0.00492570 -0.04424671
v -0.00720570 -0.00529866 -0.04403222
v -0.00721551 -0.00506395 -0.04419075
v -0.00714485 -0.00509190 -0.04422107
v -0.00719125 -0.00531826 -0.04403222
v -0.00715797 -0.00532009 -0.04407617
v -0.00719877 -0.00521322 -0.04411772
v -0.00718078 -0.00496421 -0.04424671
v -0.00718812 -0.00510275 -0.04419075
v -0.00716212 -0.00535742 -0.04403222
v -0.00709933 -0.00539808 -0.04407617
v -0.00717578 -0.00524482 -0.04411772
v -0.00716573 -0.00513415 -0.04419075
v -0.00709993 -0.00515435 -0.04422107
v -0.00716421 -0.00526061 -0.04411772
v -0.00713810 -0.00523767 -0.04415612
v -0.00714987 -0.00528009 -0.04411772
v -0.00713270 -0.00539653 -0.04403222
v -0.00712699 -0.00504112 -0.04424671
v -0.00712037 -0.00519686 -0.04419075
v -0.00707719 -0.00518554 -0.04422107
v -0.00709968 -0.00507952 -0.04424671
v -0.00710892 -0.00521252 -0.04419075
v -0.00708441 -0.00545976 -0.04403222
v -0.00705098 -0.00546110 -0.04407617
v -0.00709471 -0.00523184 -0.04419075
v -0.00704885 -0.00522399 -0.04422107
v -0.00709176 -0.00535788 -0.04411772
v -0.00707734 -0.00511059 -0.04424671
v -0.00705998 -0.00549132 -0.04403222
v -0.00706608 -0.00527045 -0.04419075
v -0.00699132 -0.00530075 -0.04422107
v -0.00706227 -0.00539669 -0.04411772
v -0.00705482 -0.00514164 -0.04424671
v -0.00703535 -0.00552284 -0.04403222
v -0.00700185 -0.00552395 -0.04407617
v -0.00704349 -0.00515715 -0.04424671
v -0.00703817 -0.00542809 -0.04411772
v -0.00702183 -0.00539255 -0.04415612
v -0.00702944 -0.00517628 -0.04424671
v -0.00701053 -0.00555432 -0.04403222
v -0.00697699 -0.00555531 -0.04407617
v -0.00699804 -0.00557004 -0.04403222
v -0.00701387 -0.00545945 -0.04411772
v -0.00698551 -0.00558575 -0.04403222
v -0.00695194 -0.00558663 -0.04407617
v -0.00700112 -0.00521452 -0.04424671
v -0.00700794 -0.00534751 -0.04419075
v -0.00693262 -0.00537728 -0.04422107
v -0.00696029 -0.00561714 -0.04403222
v -0.00697252 -0.00525271 -0.04424671
v -0.00697844 -0.00538596 -0.04419075
v -0.00696470 -0.00552204 -0.04411772
v -0.00693488 -0.00564848 -0.04403222
v -0.00690125 -0.00564913 -0.04407617
v -0.00695228 -0.00553766 -0.04411772
v -0.00692422 -0.00551732 -0.04415612
v -0.00693982 -0.00555327 -0.04411772
v -0.00693002 -0.00544811 -0.04419075
v -0.00688423 -0.00543910 -0.04422107
v -0.00691475 -0.00558446 -0.04411772
v -0.00691444 -0.00532893 -0.04424671
v -0.00688347 -0.00571102 -0.04403222
v -0.00684977 -0.00571143 -0.04407617
v -0.00690552 -0.00547913 -0.04419075
v -0.00685974 -0.00546995 -0.04422107
v -0.00689320 -0.00549462 -0.04419075
v -0.00688497 -0.00536695 -0.04424671
v -0.00685748 -0.00574221 -0.04403222
v -0.00688084 -0.00551010 -0.04419075
v -0.00683507 -0.00550075 -0.04422107
v -0.00686402 -0.00564670 -0.04411772
v -0.00686089 -0.00539770 -0.04424671
v -0.00682511 -0.00578065 -0.04403222
v -0.00678514 -0.00578807 -0.04407617
v -0.00683836 -0.00567774 -0.04411772
v -0.00682351 -0.00564139 -0.04415612
v -0.00683661 -0.00542842 -0.04424671
v -0.00683088 -0.00557191 -0.04419075
v -0.00678514 -0.00556222 -0.04422107
v -0.00682441 -0.00544376 -0.04424671
v -0.00679243 -0.00581900 -0.04403222
v -0.00675238 -0.00582626 -0.04407617
v -0.00680642 -0.00571600 -0.04411772
v -0.00681215 -0.00545908 -0.04424671
v -0.00677599 -0.00583815 -0.04403222
v -0.00680561 -0.00560274 -0.04419075
v -0.00676261 -0.00585364 -0.04403222
v -0.00672562 -0.00585713 -0.04407617
v -0.00678750 -0.00548971 -0.04424671
v -0.00677415 -0.00564074 -0.04419075
v -0.00672244 -0.00563784 -0.04422107
v -0.00673570 -0.00588458 -0.04403222
v -0.00676265 -0.00552029 -0.04424671
v -0.00674163 -0.00579227 -0.04411772
v -0.00670860 -0.00591546 -0.04403222
v -0.00667150 -0.00591869 -0.04407617
v -0.00672525 -0.00581128 -0.04411772
v -0.00669489 -0.00579345 -0.04415612
v -0.00673171 -0.00555797 -0.04424671
v -0.00671192 -0.00582667 -0.04411772
v -0.00671034 -0.00571651 -0.04419075
v -0.00665856 -0.00571314 -0.04422107
v -0.00668512 -0.00585739 -0.04411772
v -0.00665380 -0.00597703 -0.04403222
v -0.00661660 -0.00598001 -0.04407617
v -0.00667799 -0.00575426 -0.04419075
v -0.00662618 -0.00575067 -0.04422107
v -0.00662610 -0.00600772 -0.04403222
v -0.00666896 -0.00563312 -0.04424671
v -0.00666170 -0.00577311 -0.04419075
v -0.00664846 -0.00578836 -0.04419075
v -0.00659973 -0.00578100 -0.04422107
v -0.00663094 -0.00591867 -0.04411772
v -0.00659163 -0.00604553 -0.04403222
v -0.00654772 -0.00605535 -0.04407617
v -0.00663714 -0.00567057 -0.04424671
v -0.00660355 -0.00594921 -0.04411772
v -0.00658721 -0.00591561 -0.04415612
v -0.00655685 -0.00608322 -0.04403222
v -0.00651283 -0.00609286 -0.04407617
v -0.00660503 -0.00570794 -0.04424671
v -0.00659498 -0.00584922 -0.04419075
v -0.00654625 -0.00584149 -0.04422107
v -0.00653935 -0.00610203 -0.04403222
v -0.00656946 -0.00598683 -0.04411772
v -0.00658886 -0.00572660 -0.04424671
v -0.00657571 -0.00574169 -0.04424671
v -0.00656795 -0.00587955 -0.04419075
v -0.00651084 -0.00613245 -0.04403222
v -0.00645566 -0.00615340 -0.04407617
v -0.00654927 -0.00577183 -0.04424671
v -0.00653431 -0.00591692 -0.04419075
v -0.00647915 -0.00591583 -0.04422107
v -0.00650038 -0.00606177 -0.04411772
v -0.00652263 -0.00580192 -0.04424671
v -0.00645322 -0.00619306 -0.04403222
v -0.00639769 -0.00621365 -0.04407617
v -0.00648292 -0.00608043 -0.04411772
v -0.00644992 -0.00606500 -0.04415612
v -0.00648948 -0.00583897 -0.04424671
v -0.00642411 -0.00622325 -0.04403222
v -0.00645448 -0.00611062 -0.04411772
v -0.00646613 -0.00599135 -0.04419075
v -0.00641086 -0.00598976 -0.04422107
v -0.00639480 -0.00625336 -0.04403222
v -0.00636841 -0.00624365 -0.04407617
v -0.00638007 -0.00626839 -0.04403222
v -0.00643159 -0.00602841 -0.04419075
v -0.00637627 -0.00602657 -0.04422107
v -0.00636181 -0.00628691 -0.04403222
v -0.00633199 -0.00628059 -0.04407617
v -0.00639700 -0.00617077 -0.04411772
v -0.00641421 -0.00604690 -0.04419075
v -0.00642229 -0.00591279 -0.04424671
v -0.00636796 -0.00620073 -0.04411772
v -0.00638589 -0.00607680 -0.04419075
v -0.00631960 -0.00608597 -0.04422107
v -0.00632508 -0.00632387 -0.04403222
v -0.00625823 -0.00635409 -0.04407617
v -0.00638826 -0.00594955 -0.04424671
v -0.00635337 -0.00621568 -0.04411772
v -0.00633519 -0.00618474 -0.04415612
v -0.00633528 -0.00623411 -0.04411772
v -0.00628803 -0.00636071 -0.04403222
v -0.00635392 -0.00598621 -0.04424671
v -0.00632867 -0.00613637 -0.04419075
v -0.00629098 -0.00611556 -0.04422107
v -0.00633664 -0.00600450 -0.04424671
v -0.00625781 -0.00639044 -0.04403222
v -0.00619760 -0.00641324 -0.04407617
v -0.00631424 -0.00615122 -0.04419075
v -0.00629636 -0.00616952 -0.04419075
v -0.00625536 -0.00615198 -0.04422107
v -0.00630849 -0.00603406 -0.04424671
v -0.00626219 -0.00630753 -0.04411772
v -0.00628015 -0.00606356 -0.04424671
v -0.00619676 -0.00644966 -0.04403222
v -0.00613617 -0.00647204 -0.04407617
v -0.00626037 -0.00620603 -0.04419075
v -0.00618324 -0.00622447 -0.04422107
v -0.00626591 -0.00607828 -0.04424671
v -0.00622519 -0.00634405 -0.04411772
v -0.00624825 -0.00609642 -0.04424671
v -0.00616593 -0.00647914 -0.04403222
v -0.00619500 -0.00637354 -0.04411772
v -0.00618919 -0.00633085 -0.04415612
v -0.00613491 -0.00650852 -0.04403222
v -0.00610515 -0.00650131 -0.04407617
v -0.00621272 -0.00613263 -0.04424671
v -0.00618750 -0.00627869 -0.04419075
v -0.00610992 -0.00629645 -0.04422107
v -0.00611932 -0.00652318 -0.04403222
v -0.00610001 -0.00654124 -0.04403222
v -0.00606659 -0.00653731 -0.04407617
v -0.00613402 -0.00643225 -0.04411772
v -0.00617690 -0.00616871 -0.04424671
v -0.00615061 -0.00631483 -0.04419075
v -0.00606116 -0.00657726 -0.04403222
v -0.00598856 -0.00660886 -0.04407617
v -0.00610323 -0.00646147 -0.04411772
v -0.00612051 -0.00634401 -0.04419075
v -0.00604966 -0.00635437 -0.04422107
v -0.00608776 -0.00647604 -0.04411772
v -0.00606739 -0.00644767 -0.04415612
v -0.00606860 -0.00649401 -0.04411772
v -0.00602200 -0.00661313 -0.04403222
v -0.00610435 -0.00624051 -0.04424671
v -0.00605973 -0.00640210 -0.04419075
v -0.00601923 -0.00638320 -0.04422107
v -0.00606763 -0.00627621 -0.04424671
v -0.00604441 -0.00641656 -0.04419075
v -0.00595793 -0.00667091 -0.04403222
v -0.00592447 -0.00666638 -0.04407617
v -0.00602543 -0.00643439 -0.04419075
v -0.00598140 -0.00641866 -0.04422107
v -0.00599118 -0.00656549 -0.04411772
v -0.00603767 -0.00630504 -0.04424671
v -0.00592559 -0.00669965 -0.04403222
v -0.00598724 -0.00646994 -0.04419075
v -0.00590485 -0.00648916 -0.04422107
v -0.00600752 -0.00633378 -0.04424671
v -0.00595202 -0.00660101 -0.04411772
v -0.00599237 -0.00634811 -0.04424671
v -0.00589306 -0.00672829 -0.04403222
v -0.00585958 -0.00672348 -0.04407617
v -0.00592008 -0.00662967 -0.04411772
v -0.00591268 -0.00658984 -0.04415612
v -0.00597360 -0.00636578 -0.04424671
v -0.00586033 -0.00675682 -0.04403222
v -0.00582684 -0.00675187 -0.04407617
v -0.00584389 -0.00677104 -0.04403222
v -0.00575647 -0.00678614 -0.04410418
v -0.00588795 -0.00665823 -0.04411772
v -0.00593584 -0.00640101 -0.04424671
v -0.00590997 -0.00654060 -0.04419075
v -0.00582710 -0.00655906 -0.04422107
v -0.00589778 -0.00643609 -0.04424671
v -0.00587089 -0.00657570 -0.04419075
v -0.00582308 -0.00671503 -0.04411772
v -0.00580675 -0.00672917 -0.04411772
v -0.00578384 -0.00670320 -0.04415612
v -0.00580694 -0.00663224 -0.04419075
v -0.00576326 -0.00661523 -0.04422107
v -0.00582077 -0.00650582 -0.04424671
v -0.00577467 -0.00666035 -0.04419075
v -0.00573104 -0.00664316 -0.04422107
v -0.00575847 -0.00667437 -0.04419075
v -0.00563558 -0.00676084 -0.04420135
v -0.00570515 -0.00684251 -0.04409033
v -0.00568450 -0.00681833 -0.04413090
v -0.00561104 -0.00684850 -0.04415612
v -0.00558102 -0.00693115 -0.04410418
v -0.00578182 -0.00654046 -0.04424671
v -0.00575006 -0.00656840 -0.04424671
v -0.00571810 -0.00659624 -0.04424671
v -0.00570205 -0.00661012 -0.04424671
v -0.00566118 -0.00679096 -0.04416811
v -0.00559938 -0.00695334 -0.04406175
v -0.00560813 -0.00672848 -0.04423015
v -0.00555988 -0.00690550 -0.04414371
v -0.00553624 -0.00687675 -0.04417966
v -0.00548946 -0.00706143 -0.04403222
v -0.00547341 -0.00704143 -0.04407617
v -0.00545438 -0.00708856 -0.04403222
v -0.00541876 -0.00710576 -0.04404709
v -0.00551050 -0.00684539 -0.04421146
v -0.00545450 -0.00701772 -0.04411772
v -0.00510032 -0.00737268 -0.04398662
v -0.00515474 -0.00725378 -0.04410418
v -0.00504714 -0.00738406 -0.04403222
v -0.00502639 -0.00739820 -0.04403222
v -0.00500081 -0.00738456 -0.04407617
v -0.00498470 -0.00742636 -0.04403222
v -0.00491733 -0.00744042 -0.04407617
v -0.00503457 -0.00732483 -0.04411772
v -0.00501400 -0.00733893 -0.04411772
v -0.00494278 -0.00745432 -0.04403222
v -0.00490486 -0.00747933 -0.04403222
v -0.00484141 -0.00749004 -0.04407617
v -0.00501201 -0.00725168 -0.04419075
v -0.00499166 -0.00726571 -0.04419075
v -0.00495721 -0.00723896 -0.04422107
v -0.00493112 -0.00739486 -0.04411772
v -0.00482846 -0.00752887 -0.04403222
v -0.00476476 -0.00753903 -0.04407617
v -0.00495078 -0.00729362 -0.04419075
v -0.00487549 -0.00729424 -0.04422107
v -0.00488935 -0.00742255 -0.04411772
v -0.00498197 -0.00716847 -0.04424671
v -0.00496187 -0.00718240 -0.04424671
v -0.00478999 -0.00755341 -0.04403222
v -0.00485155 -0.00744731 -0.04411772
v -0.00485907 -0.00740103 -0.04415612
v -0.00475134 -0.00757778 -0.04403222
v -0.00472616 -0.00756329 -0.04407617
v -0.00492149 -0.00721013 -0.04424671
v -0.00486835 -0.00734890 -0.04419075
v -0.00479288 -0.00734879 -0.04422107
v -0.00473194 -0.00758991 -0.04403222
v -0.00471250 -0.00760200 -0.04403222
v -0.00468738 -0.00758738 -0.04407617
v -0.00477542 -0.00749636 -0.04411772
v -0.00488089 -0.00723768 -0.04424671
v -0.00482679 -0.00737626 -0.04419075
v -0.00467349 -0.00762604 -0.04403222
v -0.00473708 -0.00752064 -0.04411772
v -0.00478920 -0.00740073 -0.04419075
v -0.00471776 -0.00739724 -0.04422107
v -0.00471784 -0.00753273 -0.04411772
v -0.00470718 -0.00749855 -0.04415612
v -0.00463429 -0.00764993 -0.04403222
v -0.00459107 -0.00770012 -0.04398662
v -0.00469856 -0.00754477 -0.04411772
v -0.00479901 -0.00729222 -0.04424671
v -0.00471347 -0.00744918 -0.04419075
v -0.00467993 -0.00742123 -0.04422107
v -0.00475774 -0.00731922 -0.04424671
v -0.00469443 -0.00746120 -0.04419075
v -0.00462098 -0.00759253 -0.04411772
v -0.00467534 -0.00747318 -0.04419075
v -0.00464193 -0.00744506 -0.04422107
v -0.00472041 -0.00734335 -0.04424671
v -0.00458192 -0.00761617 -0.04411772
v -0.00463703 -0.00749701 -0.04419075
v -0.00456539 -0.00749224 -0.04422107
v -0.00468289 -0.00736733 -0.04424671
v -0.00466407 -0.00737926 -0.04424671
v -0.00464520 -0.00739115 -0.04424671
v -0.00455988 -0.00754418 -0.04419075
v -0.00460734 -0.00741482 -0.04424671
v -0.00452104 -0.00756752 -0.04419075
v -0.00456929 -0.00743832 -0.04424671
v -0.00443773 -0.00771331 -0.04410418
v -0.00438938 -0.00774093 -0.04410418
v -0.00449268 -0.00748485 -0.04424671
v -0.00445411 -0.00750786 -0.04424671
v -0.00413550 -0.00793068 -0.04403222
v -0.00428772 -0.00768663 -0.04420135
v -0.00409401 -0.00795218 -0.04403222
v -0.00408500 -0.00789385 -0.04411772
v -0.00397880 -0.00799195 -0.04406175
v -0.00396788 -0.00792806 -0.04414371
v -0.00386200 -0.00802831 -0.04409033
v -0.00394963 -0.00785019 -0.04421146
v -0.00375008 -0.00812003 -0.04403222
v -0.00372863 -0.00812991 -0.04403222
v -0.00370513 -0.00811246 -0.04407617
v -0.00384948 -0.00795913 -0.04416811
v -0.00368559 -0.00814950 -0.04403222
v -0.00361906 -0.00815122 -0.04407617
v -0.00374375 -0.00806129 -0.04411772
v -0.00364241 -0.00816890 -0.04403222
v -0.00372245 -0.00807114 -0.04411772
v -0.00383046 -0.00787726 -0.04423015
v -0.00359907 -0.00818808 -0.04403222
v -0.00353240 -0.00818915 -0.04407617
v -0.00372995 -0.00798716 -0.04419075
v -0.00363689 -0.00811006 -0.04411772
v -0.00370886 -0.00799697 -0.04419075
v -0.00367882 -0.00796510 -0.04422107
v -0.00351195 -0.00822583 -0.04403222
v -0.00344515 -0.00822623 -0.04407617
v -0.00359389 -0.00812921 -0.04411772
v -0.00366657 -0.00801645 -0.04419075
v -0.00359439 -0.00800355 -0.04422107
v -0.00346817 -0.00824438 -0.04403222
v -0.00371054 -0.00790183 -0.04424671
v -0.00355073 -0.00814815 -0.04411772
v -0.00356706 -0.00810320 -0.04415612
v -0.00368969 -0.00791159 -0.04424671
v -0.00342424 -0.00826272 -0.04403222
v -0.00358153 -0.00805480 -0.04419075
v -0.00350937 -0.00804119 -0.04422107
v -0.00340222 -0.00827181 -0.04403222
v -0.00364787 -0.00793096 -0.04424671
v -0.00346398 -0.00818540 -0.04411772
v -0.00353879 -0.00807367 -0.04419075
v -0.00360590 -0.00795013 -0.04424671
v -0.00342039 -0.00820372 -0.04411772
v -0.00349590 -0.00809233 -0.04419075
v -0.00342377 -0.00807801 -0.04422107
v -0.00339854 -0.00821279 -0.04411772
v -0.00352151 -0.00798787 -0.04424671
v -0.00326569 -0.00830887 -0.04406175
v -0.00340969 -0.00812903 -0.04419075
v -0.00347910 -0.00800643 -0.04424671
v -0.00338805 -0.00813808 -0.04419075
v -0.00343654 -0.00802479 -0.04424671
v -0.00326072 -0.00824414 -0.04414371
v -0.00339384 -0.00804294 -0.04424671
v -0.00337243 -0.00805194 -0.04424671
v -0.00312770 -0.00834184 -0.04409033
v -0.00324966 -0.00816485 -0.04421146
v -0.00312175 -0.00827169 -0.04416811
v -0.00311046 -0.00818832 -0.04423015
v -0.00279775 -0.00849533 -0.04403222
v -0.00298181 -0.00829554 -0.04419075
v -0.00275184 -0.00851031 -0.04403222
v -0.00297063 -0.00820868 -0.04424671
v -0.00275299 -0.00845110 -0.04411772
v -0.00292648 -0.00822452 -0.04424671
v -0.00260609 -0.00853875 -0.04406175
v -0.00260645 -0.00847376 -0.04414371
v -0.00245923 -0.00856277 -0.04409033
v -0.00260186 -0.00839377 -0.04421146
v -0.00230706 -0.00864150 -0.04403222
v -0.00245907 -0.00849230 -0.04416811
v -0.00228354 -0.00864774 -0.04403222
v -0.00226295 -0.00862664 -0.04407617
v -0.00223641 -0.00866005 -0.04403222
v -0.00216881 -0.00865079 -0.04407617
v -0.00231142 -0.00858239 -0.04411772
v -0.00218918 -0.00867211 -0.04403222
v -0.00245463 -0.00840824 -0.04423015
v -0.00228806 -0.00858865 -0.04411772
v -0.00214185 -0.00868392 -0.04403222
v -0.00207428 -0.00867395 -0.04407617
v -0.00231105 -0.00850684 -0.04419075
v -0.00219437 -0.00861306 -0.04411772
v -0.00228790 -0.00851309 -0.04419075
v -0.00226333 -0.00847666 -0.04422107
v -0.00204692 -0.00870679 -0.04403222
v -0.00197938 -0.00869609 -0.04407617
v -0.00214738 -0.00862489 -0.04411772
v -0.00224153 -0.00852542 -0.04419075
v -0.00217087 -0.00850081 -0.04422107
v -0.00199932 -0.00871784 -0.04403222
v -0.00230705 -0.00841930 -0.04424671
v -0.00210029 -0.00863648 -0.04411772
v -0.00212501 -0.00859477 -0.04415612
v -0.00228415 -0.00842554 -0.04424671
v -0.00195162 -0.00872864 -0.04403222
v -0.00214849 -0.00854934 -0.04419075
v -0.00207803 -0.00852398 -0.04422107
v -0.00192774 -0.00873395 -0.04403222
v -0.00223827 -0.00843785 -0.04424671
v -0.00200584 -0.00865891 -0.04411772
v -0.00210183 -0.00856093 -0.04419075
v -0.00219229 -0.00844991 -0.04424671
v -0.00195848 -0.00866974 -0.04411772
v -0.00205508 -0.00857227 -0.04419075
v -0.00198481 -0.00854617 -0.04422107
v -0.00193477 -0.00867506 -0.04411772
v -0.00210004 -0.00847331 -0.04424671
v -0.00180595 -0.00874303 -0.04406175
v -0.00196130 -0.00859421 -0.04419075
v -0.00205378 -0.00848464 -0.04424671
v -0.00193779 -0.00859954 -0.04419075
v -0.00200742 -0.00849572 -0.04424671
v -0.00181253 -0.00867830 -0.04414371
v -0.00196098 -0.00850657 -0.04424671
v -0.00193772 -0.00851189 -0.04424671
v -0.00168371 -0.00874836 -0.04409033
v -0.00181557 -0.00859818 -0.04421146
v -0.00169006 -0.00867813 -0.04416811
v -0.00169335 -0.00859396 -0.04423015
v -0.00156748 -0.00867469 -0.04419075
v -0.00157125 -0.00858710 -0.04424671
v -0.00127325 -0.00881746 -0.04409033
v -0.00152407 -0.00859560 -0.04424671
v -0.00135242 -0.00871081 -0.04419075
v -0.00115278 -0.00885286 -0.04406175
v -0.00123474 -0.00875452 -0.04416811
v -0.00103122 -0.00888452 -0.04403222
v -0.00135840 -0.00862333 -0.04424671
v -0.00098217 -0.00889007 -0.04403222
v -0.00091577 -0.00887138 -0.04407617
v -0.00131092 -0.00863068 -0.04424671
v -0.00111579 -0.00879507 -0.04414371
v -0.00088396 -0.00890037 -0.04403222
v -0.00081773 -0.00888095 -0.04407617
v -0.00119473 -0.00867734 -0.04423015
v -0.00099564 -0.00883226 -0.04411772
v -0.00083479 -0.00890512 -0.04403222
v -0.00094687 -0.00883762 -0.04411772
v -0.00107726 -0.00872150 -0.04421146
v -0.00078558 -0.00890960 -0.04403222
v -0.00076865 -0.00888533 -0.04407617
v -0.00076096 -0.00891173 -0.04403222
v -0.00073633 -0.00891380 -0.04403222
v -0.00071954 -0.00888944 -0.04407617
v -0.00084922 -0.00884753 -0.04411772
v -0.00095855 -0.00876290 -0.04419075
v -0.00068706 -0.00891773 -0.04403222
v -0.00062122 -0.00889686 -0.04407617
v -0.00080034 -0.00885209 -0.04411772
v -0.00091016 -0.00876806 -0.04419075
v -0.00084326 -0.00873301 -0.04422107
v -0.00077588 -0.00885427 -0.04411772
v -0.00078266 -0.00881891 -0.04415612
v -0.00063775 -0.00892140 -0.04403222
v -0.00075141 -0.00885638 -0.04411772
v -0.00058841 -0.00892479 -0.04403222
v -0.00052278 -0.00890318 -0.04407617
v -0.00081327 -0.00877757 -0.04419075
v -0.00079501 -0.00873753 -0.04422107
v -0.00092061 -0.00868099 -0.04424671
v -0.00078902 -0.00877979 -0.04419075
v -0.00065347 -0.00886414 -0.04411772
v -0.00076476 -0.00878193 -0.04419075
v -0.00074672 -0.00874179 -0.04422107
v -0.00087267 -0.00868594 -0.04424671
v -0.00048965 -0.00893075 -0.04403222
v -0.00042425 -0.00890842 -0.04407617
v -0.00060445 -0.00886762 -0.04411772
v -0.00071622 -0.00878603 -0.04419075
v -0.00065004 -0.00874951 -0.04422107
v -0.00082469 -0.00869063 -0.04424671
v -0.00044024 -0.00893332 -0.04403222
v -0.00080068 -0.00869287 -0.04424671
v -0.00055540 -0.00887083 -0.04411772
v -0.00058750 -0.00883406 -0.04415612
v -0.00077667 -0.00869505 -0.04424671
v -0.00039081 -0.00893562 -0.04403222
v -0.00061904 -0.00879341 -0.04419075
v -0.00055325 -0.00875616 -0.04422107
v -0.00036608 -0.00893667 -0.04403222
v -0.00072861 -0.00869921 -0.04424671
v -0.00045724 -0.00887643 -0.04411772
v -0.00057041 -0.00879669 -0.04419075
v -0.00068052 -0.00870310 -0.04424671
v -0.00040812 -0.00887882 -0.04411772
v -0.00052175 -0.00879972 -0.04419075
v -0.00045635 -0.00876175 -0.04422107
v -0.00038356 -0.00887992 -0.04411772
v -0.00058425 -0.00871009 -0.04424671
v -0.00042436 -0.00880495 -0.04419075
v -0.00053607 -0.00871319 -0.04424671
v -0.00040000 -0.00880609 -0.04419075
v -0.00048787 -0.00871602 -0.04424671
v -0.00043965 -0.00871859 -0.04424671
v -0.00041553 -0.00871977 -0.04424671
v -0.00014778 -0.00889758 -0.04410418
v -0.00024371 -0.00879826 -0.04420135
v -0.00035584 -0.00867677 -0.04426746
v 0.00036734 -0.00895739 -0.04398662
v 0.00024640 -0.00889539 -0.04410418
v 0.00014616 -0.00880042 -0.04420135
v 0.00042574 -0.00893402 -0.04403222
v 0.00045045 -0.00893281 -0.04403222
v 0.00046388 -0.00890645 -0.04407617
v 0.00049986 -0.00893018 -0.04403222
v 0.00056238 -0.00890077 -0.04407617
v 0.00040331 -0.00887904 -0.04411772
v 0.00054924 -0.00892728 -0.04403222
v 0.00042788 -0.00887789 -0.04411772
v 0.00059860 -0.00892411 -0.04403222
v 0.00066077 -0.00889401 -0.04407617
v 0.00038040 -0.00880696 -0.04419075
v 0.00052607 -0.00887261 -0.04411772
v 0.00040476 -0.00880587 -0.04419075
v 0.00041735 -0.00876369 -0.04422107
v 0.00069724 -0.00891694 -0.04403222
v 0.00075905 -0.00888616 -0.04407617
v 0.00057513 -0.00886957 -0.04411772
v 0.00045348 -0.00880350 -0.04419075
v 0.00051428 -0.00875854 -0.04422107
v 0.00074651 -0.00891295 -0.04403222
v 0.00035730 -0.00872235 -0.04424671
v 0.00062417 -0.00886625 -0.04411772
v 0.00058749 -0.00883406 -0.04415612
v 0.00038143 -0.00872133 -0.04424671
v 0.00079575 -0.00890869 -0.04403222
v 0.00080813 -0.00888183 -0.04407617
v 0.00055084 -0.00879794 -0.04419075
v 0.00061112 -0.00875232 -0.04422107
v 0.00082035 -0.00890646 -0.04403222
v 0.00042968 -0.00871909 -0.04424671
v 0.00084495 -0.00890416 -0.04403222
v 0.00085718 -0.00887723 -0.04407617
v 0.00072215 -0.00885881 -0.04411772
v 0.00059948 -0.00879476 -0.04419075
v 0.00047791 -0.00871658 -0.04424671
v 0.00089411 -0.00889936 -0.04403222
v 0.00077109 -0.00885469 -0.04411772
v 0.00064810 -0.00879131 -0.04419075
v 0.00070785 -0.00874502 -0.04422107
v 0.00079555 -0.00885252 -0.04411772
v 0.00078265 -0.00881891 -0.04415612
v 0.00094323 -0.00889429 -0.04403222
v 0.00082000 -0.00885029 -0.04411772
v 0.00057429 -0.00871076 -0.04424671
v 0.00074524 -0.00878361 -0.04419075
v 0.00075616 -0.00874098 -0.04422107
v 0.00062245 -0.00870745 -0.04424671
v 0.00076950 -0.00878152 -0.04419075
v 0.00091770 -0.00884069 -0.04411772
v 0.00079376 -0.00877936 -0.04419075
v 0.00080444 -0.00873667 -0.04422107
v 0.00067058 -0.00870387 -0.04424671
v 0.00096649 -0.00883549 -0.04411772
v 0.00084224 -0.00877484 -0.04419075
v 0.00090089 -0.00872725 -0.04422107
v 0.00071867 -0.00870003 -0.04424671
v 0.00074271 -0.00869802 -0.04424671
v 0.00076674 -0.00869593 -0.04424671
v 0.00109210 -0.00884172 -0.04409033
v 0.00093909 -0.00876501 -0.04419075
v 0.00081476 -0.00869156 -0.04424671
v 0.00098745 -0.00875969 -0.04419075
v 0.00121769 -0.00884416 -0.04406175
v 0.00086275 -0.00868693 -0.04424671
v 0.00111271 -0.00877086 -0.04416811
v 0.00134312 -0.00884274 -0.04403222
v 0.00095862 -0.00867687 -0.04424671
v 0.00139177 -0.00883521 -0.04403222
v 0.00100648 -0.00867145 -0.04424671
v 0.00123815 -0.00877868 -0.04414371
v 0.00113103 -0.00868587 -0.04423015
v 0.00136362 -0.00878297 -0.04411772
v 0.00156151 -0.00880680 -0.04403222
v 0.00125593 -0.00869757 -0.04421146
v 0.00160985 -0.00879809 -0.04403222
v 0.00158047 -0.00874655 -0.04411772
v 0.00172590 -0.00875918 -0.04406175
v 0.00169472 -0.00870208 -0.04414371
v 0.00184060 -0.00871671 -0.04409033
v 0.00166081 -0.00862941 -0.04421146
v 0.00198533 -0.00872104 -0.04403222
v 0.00200916 -0.00871558 -0.04403222
v 0.00201759 -0.00868731 -0.04407617
v 0.00180754 -0.00865442 -0.04416811
v 0.00205674 -0.00870447 -0.04403222
v 0.00211234 -0.00866475 -0.04407617
v 0.00195384 -0.00867079 -0.04411772
v 0.00210424 -0.00869311 -0.04403222
v 0.00197754 -0.00866541 -0.04411772
v 0.00177189 -0.00857811 -0.04423015
v 0.00215164 -0.00868150 -0.04403222
v 0.00220672 -0.00864120 -0.04407617
v 0.00191887 -0.00860379 -0.04419075
v 0.00207210 -0.00864329 -0.04411772
v 0.00194239 -0.00859851 -0.04419075
v 0.00194722 -0.00855481 -0.04422107
v 0.00224615 -0.00865753 -0.04403222
v 0.00230071 -0.00861665 -0.04407617
v 0.00211924 -0.00863185 -0.04411772
v 0.00198936 -0.00858776 -0.04419075
v 0.00204057 -0.00853303 -0.04422107
v 0.00229326 -0.00864517 -0.04403222
v 0.00188151 -0.00852449 -0.04424671
v 0.00216629 -0.00862016 -0.04411772
v 0.00212500 -0.00859477 -0.04415612
v 0.00190481 -0.00851932 -0.04424671
v 0.00234027 -0.00863256 -0.04403222
v 0.00208303 -0.00856552 -0.04419075
v 0.00213357 -0.00851025 -0.04422107
v 0.00236373 -0.00862617 -0.04403222
v 0.00195136 -0.00850877 -0.04424671
v 0.00226009 -0.00859605 -0.04411772
v 0.00212973 -0.00855403 -0.04419075
v 0.00199783 -0.00849799 -0.04424671
v 0.00230685 -0.00858362 -0.04411772
v 0.00217634 -0.00854229 -0.04419075
v 0.00222619 -0.00848649 -0.04422107
v 0.00233019 -0.00857731 -0.04411772
v 0.00209049 -0.00847567 -0.04424671
v 0.00226926 -0.00851808 -0.04419075
v 0.00250181 -0.00856989 -0.04406175
v 0.00213668 -0.00846414 -0.04424671
v 0.00229242 -0.00851187 -0.04419075
v 0.00218277 -0.00845237 -0.04424671
v 0.00222877 -0.00844036 -0.04424671
v 0.00246585 -0.00851574 -0.04414371
v 0.00225173 -0.00843426 -0.04424671
v 0.00263772 -0.00850948 -0.04409033
v 0.00242578 -0.00844634 -0.04421146
v 0.00259927 -0.00845044 -0.04416811
v 0.00255693 -0.00837769 -0.04423015
v 0.00299838 -0.00842661 -0.04403222
v 0.00273036 -0.00838166 -0.04419075
v 0.00304362 -0.00841037 -0.04403222
v 0.00268584 -0.00830622 -0.04424671
v 0.00300651 -0.00836426 -0.04411772
v 0.00273065 -0.00829160 -0.04424671
v 0.00317026 -0.00834575 -0.04406175
v 0.00313036 -0.00829452 -0.04414371
v 0.00329445 -0.00827740 -0.04409033
v 0.00308517 -0.00822841 -0.04421146
v 0.00345529 -0.00824979 -0.04403222
v 0.00347722 -0.00824057 -0.04403222
v 0.00348031 -0.00821142 -0.04407617
v 0.00325175 -0.00822145 -0.04416811
v 0.00352097 -0.00822197 -0.04403222
v 0.00356732 -0.00817399 -0.04407617
v 0.00341611 -0.00820550 -0.04411772
v 0.00356458 -0.00820316 -0.04403222
v 0.00343794 -0.00819638 -0.04411772
v 0.00320409 -0.00815214 -0.04423015
v 0.00360803 -0.00818414 -0.04403222
v 0.00365375 -0.00813573 -0.04407617
v 0.00337061 -0.00814532 -0.04419075
v 0.00352486 -0.00815937 -0.04411772
v 0.00339228 -0.00813631 -0.04419075
v 0.00338917 -0.00809259 -0.04422107
v 0.00369449 -0.00814547 -0.04403222
v 0.00373957 -0.00809664 -0.04407617
v 0.00356810 -0.00814055 -0.04411772
v 0.00343552 -0.00811815 -0.04419075
v 0.00347501 -0.00805610 -0.04422107
v 0.00373749 -0.00812583 -0.04403222
v 0.00332063 -0.00807344 -0.04424671
v 0.00361120 -0.00812153 -0.04411772
v 0.00356705 -0.00810320 -0.04415612
v 0.00334212 -0.00806457 -0.04424671
v 0.00378034 -0.00810598 -0.04403222
v 0.00352156 -0.00808120 -0.04419075
v 0.00356026 -0.00801879 -0.04422107
v 0.00380171 -0.00809599 -0.04403222
v 0.00338499 -0.00804667 -0.04424671
v 0.00369694 -0.00808286 -0.04411772
v 0.00356436 -0.00806241 -0.04419075
v 0.00342772 -0.00802856 -0.04424671
v 0.00373958 -0.00806322 -0.04411772
v 0.00360701 -0.00804342 -0.04419075
v 0.00364493 -0.00798066 -0.04422107
v 0.00376084 -0.00805332 -0.04411772
v 0.00351275 -0.00799172 -0.04424671
v 0.00390410 -0.00802870 -0.04406175
v 0.00369186 -0.00800483 -0.04419075
v 0.00355505 -0.00797300 -0.04424671
v 0.00371298 -0.00799506 -0.04419075
v 0.00359720 -0.00795407 -0.04424671
v 0.00386010 -0.00798109 -0.04414371
v 0.00363920 -0.00793494 -0.04424671
v 0.00366015 -0.00792530 -0.04424671
v 0.00400407 -0.00795840 -0.04409033
v 0.00380948 -0.00791915 -0.04421146
v 0.00395696 -0.00790624 -0.04416811
v 0.00390374 -0.00784120 -0.04423015
v 0.00405143 -0.00782899 -0.04419075
v 0.00399582 -0.00776147 -0.04424671
v 0.00433505 -0.00777149 -0.04410418
v 0.00403632 -0.00774049 -0.04424671
v 0.00456355 -0.00769233 -0.04403222
v 0.00460306 -0.00766875 -0.04403222
v 0.00464078 -0.00761597 -0.04407617
v 0.00434145 -0.00765640 -0.04420135
v 0.00438927 -0.00762909 -0.04420135
v 0.00468156 -0.00762109 -0.04403222
v 0.00471858 -0.00756801 -0.04407617
v 0.00455849 -0.00763021 -0.04411772
v 0.00472054 -0.00759701 -0.04403222
v 0.00459765 -0.00760668 -0.04411772
v 0.00475934 -0.00757276 -0.04403222
v 0.00475722 -0.00754379 -0.04407617
v 0.00477867 -0.00756058 -0.04403222
v 0.00479795 -0.00754835 -0.04403222
v 0.00479567 -0.00751940 -0.04407617
v 0.00467544 -0.00755911 -0.04411772
v 0.00454427 -0.00755359 -0.04419075
v 0.00483639 -0.00752378 -0.04403222
v 0.00487203 -0.00747016 -0.04407617
v 0.00471407 -0.00753509 -0.04411772
v 0.00458301 -0.00753015 -0.04419075
v 0.00461122 -0.00746412 -0.04422107
v 0.00473332 -0.00752301 -0.04411772
v 0.00470717 -0.00749855 -0.04415612
v 0.00487464 -0.00749906 -0.04403222
v 0.00475252 -0.00751090 -0.04411772
v 0.00491692 -0.00747140 -0.04403222
v 0.00495601 -0.00741471 -0.04407617
v 0.00465995 -0.00748278 -0.04419075
v 0.00464937 -0.00744041 -0.04422107
v 0.00444724 -0.00745889 -0.04426746
v 0.00452315 -0.00746647 -0.04424671
v 0.00467907 -0.00747084 -0.04419075
v 0.00482887 -0.00746204 -0.04411772
v 0.00469815 -0.00745885 -0.04419075
v 0.00468734 -0.00741655 -0.04422107
v 0.00456140 -0.00744316 -0.04424671
v 0.00486677 -0.00743737 -0.04411772
v 0.00500081 -0.00741551 -0.04403222
v 0.00503907 -0.00735851 -0.04407617
v 0.00473618 -0.00743477 -0.04419075
v 0.00476275 -0.00736835 -0.04422107
v 0.00459948 -0.00741969 -0.04424671
v 0.00461846 -0.00740789 -0.04424671
v 0.00490867 -0.00740978 -0.04411772
v 0.00485906 -0.00740103 -0.04415612
v 0.00504241 -0.00738729 -0.04403222
v 0.00463739 -0.00739606 -0.04424671
v 0.00481169 -0.00738612 -0.04419075
v 0.00483743 -0.00731954 -0.04422107
v 0.00467512 -0.00737227 -0.04424671
v 0.00508378 -0.00735888 -0.04403222
v 0.00510438 -0.00734461 -0.04403222
v 0.00484917 -0.00736157 -0.04419075
v 0.00499179 -0.00735405 -0.04411772
v 0.00471267 -0.00734832 -0.04424671
v 0.00489061 -0.00733411 -0.04419075
v 0.00491957 -0.00726459 -0.04422107
v 0.00503301 -0.00732590 -0.04411772
v 0.00505353 -0.00731176 -0.04411772
v 0.00478723 -0.00729996 -0.04424671
v 0.00482424 -0.00727556 -0.04424671
v 0.00497280 -0.00727863 -0.04419075
v 0.00499320 -0.00726464 -0.04419075
v 0.00486515 -0.00724826 -0.04424671
v 0.00490584 -0.00722079 -0.04424671
v 0.00492610 -0.00720698 -0.04424671
v 0.00509845 -0.00717458 -0.04420135
v 0.00494053 -0.00714171 -0.04426746
v 0.00540968 -0.00696006 -0.04419075
v 0.00538448 -0.00692703 -0.04422107
v 0.00552008 -0.00685547 -0.04420135
v 0.00558646 -0.00693975 -0.04409033
v 0.00556682 -0.00691473 -0.04413090
v 0.00561103 -0.00684850 -0.04415612
v 0.00569780 -0.00683548 -0.04410418
v 0.00530256 -0.00695340 -0.04423870
v 0.00532357 -0.00691857 -0.04424671
v 0.00535781 -0.00689209 -0.04424671
v 0.00554457 -0.00688649 -0.04416811
v 0.00571594 -0.00685784 -0.04406175
v 0.00549376 -0.00682218 -0.04423015
v 0.00567680 -0.00680970 -0.04414371
v 0.00565327 -0.00678088 -0.04417966
v 0.00569361 -0.00671204 -0.04420135
v 0.00578384 -0.00670320 -0.04415612
v 0.00584215 -0.00677253 -0.04403222
v 0.00582569 -0.00675287 -0.04407617
v 0.00585859 -0.00675831 -0.04403222
v 0.00585843 -0.00672448 -0.04407617
v 0.00589134 -0.00672979 -0.04403222
v 0.00592388 -0.00670116 -0.04403222
v 0.00592333 -0.00666738 -0.04407617
v 0.00562758 -0.00674947 -0.04421146
v 0.00580617 -0.00672966 -0.04411772
v 0.00582251 -0.00671553 -0.04411772
v 0.00596379 -0.00666567 -0.04403222
v 0.00600236 -0.00659633 -0.04407617
v 0.00585504 -0.00668718 -0.04411772
v 0.00575903 -0.00667388 -0.04419075
v 0.00573217 -0.00664218 -0.04422107
v 0.00577524 -0.00665986 -0.04419075
v 0.00576438 -0.00661425 -0.04422107
v 0.00591952 -0.00663017 -0.04411772
v 0.00604269 -0.00659423 -0.04403222
v 0.00608018 -0.00652467 -0.04407617
v 0.00595893 -0.00659478 -0.04411772
v 0.00591267 -0.00658984 -0.04415612
v 0.00608168 -0.00655828 -0.04403222
v 0.00583957 -0.00660353 -0.04419075
v 0.00582821 -0.00655808 -0.04422107
v 0.00570374 -0.00660866 -0.04424671
v 0.00571978 -0.00659478 -0.04424671
v 0.00612037 -0.00652219 -0.04403222
v 0.00611864 -0.00648862 -0.04407617
v 0.00587144 -0.00657520 -0.04419075
v 0.00575173 -0.00656693 -0.04424671
v 0.00613960 -0.00650409 -0.04403222
v 0.00590312 -0.00654678 -0.04419075
v 0.00589126 -0.00650149 -0.04422107
v 0.00615513 -0.00648940 -0.04403222
v 0.00614956 -0.00645931 -0.04407617
v 0.00603684 -0.00652354 -0.04411772
v 0.00578348 -0.00653898 -0.04424671
v 0.00618602 -0.00645996 -0.04403222
v 0.00621082 -0.00640043 -0.04407617
v 0.00594195 -0.00651155 -0.04419075
v 0.00596803 -0.00643110 -0.04422107
v 0.00607534 -0.00648769 -0.04411772
v 0.00581504 -0.00651093 -0.04424671
v 0.00609448 -0.00646972 -0.04411772
v 0.00606739 -0.00644767 -0.04415612
v 0.00621672 -0.00643042 -0.04403222
v 0.00610992 -0.00645513 -0.04411772
v 0.00625434 -0.00639384 -0.04403222
v 0.00628535 -0.00632726 -0.04407617
v 0.00587758 -0.00645454 -0.04424671
v 0.00601873 -0.00644065 -0.04419075
v 0.00600596 -0.00639569 -0.04422107
v 0.00603774 -0.00642284 -0.04419075
v 0.00617121 -0.00639656 -0.04411772
v 0.00605308 -0.00640838 -0.04419075
v 0.00603647 -0.00636690 -0.04422107
v 0.00591580 -0.00641953 -0.04424671
v 0.00620156 -0.00636715 -0.04411772
v 0.00632866 -0.00632028 -0.04403222
v 0.00635866 -0.00625358 -0.04407617
v 0.00608361 -0.00637940 -0.04419075
v 0.00609690 -0.00630905 -0.04422107
v 0.00595372 -0.00638437 -0.04424671
v 0.00597257 -0.00636674 -0.04424671
v 0.00623875 -0.00633071 -0.04411772
v 0.00618918 -0.00633085 -0.04415612
v 0.00636537 -0.00628331 -0.04403222
v 0.00598778 -0.00635244 -0.04424671
v 0.00614409 -0.00632117 -0.04419075
v 0.00615655 -0.00625086 -0.04422107
v 0.00601806 -0.00632376 -0.04424671
v 0.00640177 -0.00624622 -0.04403222
v 0.00639486 -0.00621655 -0.04407617
v 0.00617404 -0.00629193 -0.04419075
v 0.00641986 -0.00622762 -0.04403222
v 0.00631223 -0.00625745 -0.04411772
v 0.00604815 -0.00629499 -0.04424671
v 0.00643445 -0.00621254 -0.04403222
v 0.00642397 -0.00618648 -0.04407617
v 0.00621073 -0.00625571 -0.04419075
v 0.00622911 -0.00617855 -0.04422107
v 0.00646349 -0.00618232 -0.04403222
v 0.00648157 -0.00612610 -0.04407617
v 0.00634852 -0.00622063 -0.04411772
v 0.00636655 -0.00620218 -0.04411772
v 0.00633519 -0.00618474 -0.04415612
v 0.00610773 -0.00623719 -0.04424671
v 0.00649233 -0.00615203 -0.04403222
v 0.00638109 -0.00618721 -0.04411772
v 0.00651004 -0.00613329 -0.04403222
v 0.00651673 -0.00608868 -0.04407617
v 0.00613723 -0.00620817 -0.04424671
v 0.00628323 -0.00618289 -0.04419075
v 0.00626495 -0.00614222 -0.04422107
v 0.00630116 -0.00616461 -0.04419075
v 0.00654522 -0.00609574 -0.04403222
v 0.00617339 -0.00617222 -0.04424671
v 0.00643879 -0.00612714 -0.04411772
v 0.00631564 -0.00614978 -0.04419075
v 0.00629375 -0.00611270 -0.04422107
v 0.00658009 -0.00605808 -0.04403222
v 0.00658615 -0.00601352 -0.04407617
v 0.00646734 -0.00609700 -0.04411772
v 0.00634444 -0.00612007 -0.04419075
v 0.00635077 -0.00605343 -0.04422107
v 0.00620924 -0.00613614 -0.04424671
v 0.00648487 -0.00607835 -0.04411772
v 0.00644991 -0.00606500 -0.04415612
v 0.00622706 -0.00611806 -0.04424671
v 0.00624144 -0.00610340 -0.04424671
v 0.00651969 -0.00604098 -0.04411772
v 0.00640144 -0.00606041 -0.04419075
v 0.00640701 -0.00599387 -0.04422107
v 0.00627004 -0.00607400 -0.04424671
v 0.00664893 -0.00598244 -0.04403222
v 0.00665435 -0.00593796 -0.04407617
v 0.00642965 -0.00603048 -0.04419075
v 0.00629846 -0.00604454 -0.04424671
v 0.00668290 -0.00594448 -0.04403222
v 0.00644697 -0.00601196 -0.04419075
v 0.00644134 -0.00595697 -0.04422107
v 0.00658844 -0.00596594 -0.04411772
v 0.00671019 -0.00591365 -0.04403222
v 0.00670872 -0.00587647 -0.04407617
v 0.00635470 -0.00598538 -0.04424671
v 0.00662236 -0.00592826 -0.04411772
v 0.00658720 -0.00591561 -0.04415612
v 0.00673728 -0.00588277 -0.04403222
v 0.00673560 -0.00584564 -0.04407617
v 0.00675075 -0.00586730 -0.04403222
v 0.00651548 -0.00593764 -0.04419075
v 0.00650910 -0.00588285 -0.04422107
v 0.00638253 -0.00595570 -0.04424671
v 0.00664961 -0.00589767 -0.04411772
v 0.00676731 -0.00584819 -0.04403222
v 0.00676852 -0.00580749 -0.04407617
v 0.00639961 -0.00593734 -0.04424671
v 0.00654929 -0.00590033 -0.04419075
v 0.00680021 -0.00580990 -0.04403222
v 0.00643355 -0.00590055 -0.04424671
v 0.00657645 -0.00587004 -0.04419075
v 0.00656311 -0.00582253 -0.04422107
v 0.00670353 -0.00583632 -0.04411772
v 0.00671689 -0.00582094 -0.04411772
v 0.00669489 -0.00579345 -0.04415612
v 0.00683281 -0.00577153 -0.04403222
v 0.00683345 -0.00573094 -0.04407617
v 0.00646719 -0.00586365 -0.04424671
v 0.00673331 -0.00580194 -0.04411772
v 0.00649422 -0.00583369 -0.04424671
v 0.00663019 -0.00580927 -0.04419075
v 0.00661635 -0.00576197 -0.04422107
v 0.00676593 -0.00576386 -0.04411772
v 0.00665677 -0.00577879 -0.04419075
v 0.00664267 -0.00573160 -0.04422107
v 0.00689711 -0.00569454 -0.04403222
v 0.00689719 -0.00565407 -0.04407617
v 0.00666999 -0.00576353 -0.04419075
v 0.00654771 -0.00577360 -0.04424671
v 0.00668624 -0.00574467 -0.04419075
v 0.00667491 -0.00569403 -0.04422107
v 0.00692881 -0.00565592 -0.04403222
v 0.00657417 -0.00574346 -0.04424671
v 0.00683027 -0.00568747 -0.04411772
v 0.00695427 -0.00562459 -0.04403222
v 0.00694794 -0.00559159 -0.04407617
v 0.00660043 -0.00571326 -0.04424671
v 0.00686199 -0.00564916 -0.04411772
v 0.00682351 -0.00564139 -0.04415612
v 0.00661348 -0.00569814 -0.04424671
v 0.00697953 -0.00559322 -0.04403222
v 0.00697303 -0.00556028 -0.04407617
v 0.00675049 -0.00566903 -0.04419075
v 0.00673849 -0.00561864 -0.04422107
v 0.00662954 -0.00567945 -0.04424671
v 0.00699208 -0.00557751 -0.04403222
v 0.00688747 -0.00561807 -0.04411772
v 0.00700459 -0.00556180 -0.04403222
v 0.00699791 -0.00552892 -0.04407617
v 0.00678217 -0.00563109 -0.04419075
v 0.00666142 -0.00564202 -0.04424671
v 0.00702946 -0.00553033 -0.04403222
v 0.00680762 -0.00560030 -0.04419075
v 0.00678912 -0.00555735 -0.04422107
v 0.00693783 -0.00555575 -0.04411772
v 0.00669302 -0.00560450 -0.04424671
v 0.00705414 -0.00549882 -0.04403222
v 0.00704711 -0.00546608 -0.04407617
v 0.00695031 -0.00554014 -0.04411772
v 0.00692421 -0.00551732 -0.04415612
v 0.00696273 -0.00552452 -0.04411772
v 0.00671839 -0.00557406 -0.04424671
v 0.00708433 -0.00545987 -0.04403222
v 0.00710677 -0.00538828 -0.04407617
v 0.00685793 -0.00553858 -0.04419075
v 0.00683899 -0.00549587 -0.04422107
v 0.00698743 -0.00549325 -0.04411772
v 0.00688280 -0.00550765 -0.04419075
v 0.00686363 -0.00546506 -0.04422107
v 0.00689516 -0.00549216 -0.04419075
v 0.00676857 -0.00551302 -0.04424671
v 0.00690747 -0.00547667 -0.04419075
v 0.00688809 -0.00543421 -0.04422107
v 0.00703624 -0.00543058 -0.04411772
v 0.00714383 -0.00538178 -0.04403222
v 0.00716526 -0.00531026 -0.04407617
v 0.00679337 -0.00548243 -0.04424671
v 0.00706599 -0.00539181 -0.04411772
v 0.00702182 -0.00539255 -0.04415612
v 0.00717314 -0.00534265 -0.04403222
v 0.00681798 -0.00545180 -0.04424671
v 0.00695624 -0.00541459 -0.04419075
v 0.00693642 -0.00537237 -0.04422107
v 0.00683021 -0.00543646 -0.04424671
v 0.00684240 -0.00542112 -0.04424671
v 0.00720216 -0.00530347 -0.04403222
v 0.00719406 -0.00527117 -0.04407617
v 0.00698034 -0.00538349 -0.04419075
v 0.00721655 -0.00528386 -0.04403222
v 0.00686663 -0.00539040 -0.04424671
v 0.00722816 -0.00526797 -0.04403222
v 0.00721718 -0.00523948 -0.04407617
v 0.00700424 -0.00535235 -0.04419075
v 0.00698399 -0.00531038 -0.04422107
v 0.00712461 -0.00531411 -0.04411772
v 0.00689067 -0.00535963 -0.04424671
v 0.00725124 -0.00523616 -0.04403222
v 0.00726284 -0.00517599 -0.04407617
v 0.00703349 -0.00531385 -0.04419075
v 0.00704167 -0.00523366 -0.04422107
v 0.00715348 -0.00527519 -0.04411772
v 0.00691451 -0.00532883 -0.04424671
v 0.00716781 -0.00525570 -0.04411772
v 0.00713809 -0.00523767 -0.04415612
v 0.00727412 -0.00520433 -0.04403222
v 0.00717936 -0.00523991 -0.04411772
v 0.00730211 -0.00516499 -0.04403222
v 0.00731817 -0.00509747 -0.04407617
v 0.00696164 -0.00526711 -0.04424671
v 0.00709112 -0.00523670 -0.04419075
v 0.00707008 -0.00519521 -0.04422107
v 0.00710535 -0.00521738 -0.04419075
v 0.00722508 -0.00517668 -0.04411772
v 0.00711682 -0.00520173 -0.04419075
v 0.00709288 -0.00516404 -0.04422107
v 0.00699036 -0.00522894 -0.04424671
v 0.00724766 -0.00514502 -0.04411772
v 0.00735721 -0.00508619 -0.04403222
v 0.00737234 -0.00501880 -0.04407617
v 0.00713962 -0.00517039 -0.04419075
v 0.00713792 -0.00510161 -0.04422107
v 0.00701878 -0.00519072 -0.04424671
v 0.00727528 -0.00510590 -0.04411772
v 0.00722887 -0.00511165 -0.04415612
v 0.00703289 -0.00517159 -0.04424671
v 0.00738433 -0.00504673 -0.04403222
v 0.00704426 -0.00515609 -0.04424671
v 0.00718465 -0.00510763 -0.04419075
v 0.00718221 -0.00503906 -0.04422107
v 0.00741116 -0.00500724 -0.04403222
v 0.00739900 -0.00497941 -0.04407617
v 0.00706687 -0.00512506 -0.04424671
v 0.00742447 -0.00498749 -0.04403222
v 0.00720688 -0.00507620 -0.04419075
v 0.00732965 -0.00502754 -0.04411772
v 0.00708929 -0.00509400 -0.04424671
v 0.00743520 -0.00497148 -0.04403222
v 0.00742039 -0.00494749 -0.04407617
v 0.00723408 -0.00503738 -0.04419075
v 0.00723586 -0.00496171 -0.04422107
v 0.00745652 -0.00493945 -0.04403222
v 0.00746260 -0.00488359 -0.04407617
v 0.00735640 -0.00498831 -0.04411772
v 0.00736967 -0.00496868 -0.04411772
v 0.00733680 -0.00495550 -0.04415612
v 0.00713357 -0.00503180 -0.04424671
v 0.00747765 -0.00490741 -0.04403222
v 0.00738037 -0.00495278 -0.04411772
v 0.00749060 -0.00488762 -0.04403222
v 0.00748828 -0.00484411 -0.04407617
v 0.00715544 -0.00500066 -0.04424671
v 0.00728761 -0.00495961 -0.04419075
v 0.00726227 -0.00492299 -0.04422107
v 0.00751628 -0.00484802 -0.04403222
v 0.00730082 -0.00494015 -0.04419075
v 0.00742269 -0.00488912 -0.04411772
v 0.00718217 -0.00496219 -0.04424671
v 0.00731146 -0.00492438 -0.04419075
v 0.00728345 -0.00489160 -0.04422107
v 0.00754169 -0.00480841 -0.04403222
v 0.00753881 -0.00476509 -0.04407617
v 0.00744358 -0.00485726 -0.04411772
v 0.00733261 -0.00489283 -0.04419075
v 0.00732526 -0.00482876 -0.04422107
v 0.00720863 -0.00492368 -0.04424671
v 0.00745638 -0.00483759 -0.04411772
v 0.00742089 -0.00482866 -0.04415612
v 0.00722175 -0.00490441 -0.04424671
v 0.00723233 -0.00488880 -0.04424671
v 0.00748176 -0.00479823 -0.04411772
v 0.00737437 -0.00482967 -0.04419075
v 0.00736633 -0.00476586 -0.04422107
v 0.00725335 -0.00485756 -0.04424671
v 0.00759166 -0.00472912 -0.04403222
v 0.00758822 -0.00468601 -0.04407617
v 0.00739497 -0.00479807 -0.04419075
v 0.00727418 -0.00482630 -0.04424671
v 0.00761622 -0.00468945 -0.04403222
v 0.00740759 -0.00477856 -0.04419075
v 0.00739133 -0.00472701 -0.04422107
v 0.00753170 -0.00471946 -0.04411772
v 0.00763592 -0.00465732 -0.04403222
v 0.00762743 -0.00462192 -0.04407617
v 0.00731531 -0.00476374 -0.04424671
v 0.00755625 -0.00468005 -0.04411772
v 0.00752066 -0.00467175 -0.04415612
v 0.00765543 -0.00462517 -0.04403222
v 0.00764676 -0.00458986 -0.04407617
v 0.00766512 -0.00460910 -0.04403222
v 0.00745740 -0.00470045 -0.04419075
v 0.00744049 -0.00464924 -0.04422107
v 0.00733560 -0.00473243 -0.04424671
v 0.00757594 -0.00464812 -0.04411772
v 0.00767834 -0.00458705 -0.04403222
v 0.00767298 -0.00454588 -0.04407617
v 0.00734803 -0.00471310 -0.04424671
v 0.00748189 -0.00466137 -0.04419075
v 0.00770451 -0.00454294 -0.04403222
v 0.00737270 -0.00467443 -0.04424671
v 0.00750152 -0.00462970 -0.04419075
v 0.00747951 -0.00458621 -0.04422107
v 0.00761476 -0.00458423 -0.04411772
v 0.00762436 -0.00456826 -0.04411772
v 0.00759824 -0.00454449 -0.04415612
v 0.00739709 -0.00463573 -0.04424671
v 0.00773036 -0.00449883 -0.04403222
v 0.00772443 -0.00445791 -0.04407617
v 0.00763745 -0.00454634 -0.04411772
v 0.00741664 -0.00460438 -0.04424671
v 0.00754025 -0.00456635 -0.04419075
v 0.00751781 -0.00452314 -0.04422107
v 0.00766337 -0.00450251 -0.04411772
v 0.00755935 -0.00453467 -0.04419075
v 0.00753669 -0.00449161 -0.04422107
v 0.00756883 -0.00451882 -0.04419075
v 0.00778103 -0.00441060 -0.04403222
v 0.00777454 -0.00436994 -0.04407617
v 0.00745522 -0.00454165 -0.04424671
v 0.00758177 -0.00449709 -0.04419075
v 0.00756231 -0.00444834 -0.04422107
v 0.00747424 -0.00451028 -0.04424671
v 0.00780587 -0.00436649 -0.04403222
v 0.00771421 -0.00441483 -0.04411772
v 0.00749309 -0.00447890 -0.04424671
v 0.00782377 -0.00433433 -0.04403222
v 0.00781023 -0.00430582 -0.04407617
v 0.00750244 -0.00446321 -0.04424671
v 0.00773914 -0.00437100 -0.04411772
v 0.00770001 -0.00436983 -0.04415612
v 0.00763267 -0.00441014 -0.04419075
v 0.00761256 -0.00436179 -0.04422107
v 0.00751521 -0.00444168 -0.04424671
v 0.00784149 -0.00430219 -0.04403222
v 0.00782781 -0.00427377 -0.04407617
v 0.00785029 -0.00428612 -0.04403222
v 0.00775710 -0.00433904 -0.04411772
v 0.00785904 -0.00427005 -0.04403222
v 0.00784523 -0.00424172 -0.04407617
v 0.00765763 -0.00436666 -0.04419075
v 0.00754049 -0.00439863 -0.04424671
v 0.00787642 -0.00423791 -0.04403222
v 0.00767562 -0.00433496 -0.04419075
v 0.00764836 -0.00429870 -0.04422107
v 0.00779249 -0.00427515 -0.04411772
v 0.00756544 -0.00435557 -0.04424671
v 0.00789362 -0.00420578 -0.04403222
v 0.00787953 -0.00417765 -0.04407617
v 0.00780123 -0.00425917 -0.04411772
v 0.00777088 -0.00424252 -0.04415612
v 0.00780993 -0.00424321 -0.04411772
v 0.00758342 -0.00432418 -0.04424671
v 0.00771107 -0.00427158 -0.04419075
v 0.00768347 -0.00423562 -0.04422107
v 0.00795506 -0.00413359 -0.04398662
v 0.00791950 -0.00415683 -0.04403222
v 0.00782720 -0.00421127 -0.04411772
v 0.00772853 -0.00423990 -0.04419075
v 0.00770077 -0.00420409 -0.04422107
v 0.00773720 -0.00422406 -0.04419075
v 0.00761887 -0.00426141 -0.04424671
v 0.00774583 -0.00420822 -0.04419075
v 0.00771790 -0.00417257 -0.04422107
v 0.00786121 -0.00414743 -0.04411772
v 0.00763634 -0.00423003 -0.04424671
v 0.00797008 -0.00405901 -0.04403222
v 0.00765364 -0.00419866 -0.04424671
v 0.00788668 -0.00409880 -0.04411772
v 0.00783899 -0.00411532 -0.04415612
v 0.00777990 -0.00414489 -0.04419075
v 0.00775164 -0.00410954 -0.04422107
v 0.00766222 -0.00418297 -0.04424671
v 0.00767076 -0.00416728 -0.04424671
v 0.00799478 -0.00401014 -0.04403222
v 0.00779669 -0.00411323 -0.04419075
v 0.00768772 -0.00413592 -0.04424671
v 0.00781330 -0.00408159 -0.04419075
v 0.00778471 -0.00404655 -0.04422107
v 0.00801909 -0.00396131 -0.04403222
v 0.00797988 -0.00398261 -0.04407617
v 0.00800399 -0.00393393 -0.04407617
v 0.00770451 -0.00410456 -0.04424671
v 0.00803110 -0.00393691 -0.04403222
v 0.00783830 -0.00403337 -0.04419075
v 0.00772113 -0.00407322 -0.04424671
v 0.00804671 -0.00390490 -0.04403222
v 0.00803505 -0.00387011 -0.04407617
v 0.00796071 -0.00395309 -0.04411772
v 0.00793642 -0.00400163 -0.04411772
v 0.00806215 -0.00387292 -0.04403222
v 0.00805032 -0.00383823 -0.04407617
v 0.00797271 -0.00392883 -0.04411772
v 0.00793758 -0.00392178 -0.04415612
v 0.00775386 -0.00401055 -0.04424671
v 0.00806981 -0.00385693 -0.04403222
v 0.00798831 -0.00389702 -0.04411772
v 0.00808141 -0.00383257 -0.04403222
v 0.00807330 -0.00378967 -0.04407617
v 0.00788712 -0.00393704 -0.04419075
v 0.00783383 -0.00395062 -0.04422107
v 0.00785781 -0.00390271 -0.04422107
v 0.00777836 -0.00396282 -0.04424671
v 0.00789909 -0.00391298 -0.04419075
v 0.00810432 -0.00378389 -0.04403222
v 0.00801901 -0.00383344 -0.04411772
v 0.00791464 -0.00388142 -0.04419075
v 0.00788869 -0.00383989 -0.04422107
v 0.00780248 -0.00391513 -0.04424671
v 0.00802658 -0.00381756 -0.04411772
v 0.00799892 -0.00379510 -0.04415612
v 0.00781439 -0.00389129 -0.04424671
v 0.00812684 -0.00373526 -0.04403222
v 0.00803805 -0.00379336 -0.04411772
v 0.00817542 -0.00367857 -0.04398662
v 0.00794526 -0.00381834 -0.04419075
v 0.00791893 -0.00377715 -0.04422107
v 0.00782988 -0.00386003 -0.04424671
v 0.00806069 -0.00374500 -0.04411772
v 0.00796033 -0.00378684 -0.04419075
v 0.00793380 -0.00374580 -0.04422107
v 0.00796780 -0.00377109 -0.04419075
v 0.00786037 -0.00379755 -0.04424671
v 0.00817077 -0.00363817 -0.04403222
v 0.00797911 -0.00374710 -0.04419075
v 0.00795617 -0.00369806 -0.04422107
v 0.00787538 -0.00376634 -0.04424671
v 0.00819218 -0.00358971 -0.04403222
v 0.00816142 -0.00359597 -0.04407617
v 0.00818903 -0.00353262 -0.04407617
v 0.00789022 -0.00373515 -0.04424671
v 0.00789758 -0.00371956 -0.04424671
v 0.00820602 -0.00355794 -0.04403222
v 0.00812638 -0.00360024 -0.04411772
v 0.00810486 -0.00364844 -0.04411772
v 0.00808742 -0.00360266 -0.04415612
v 0.00790872 -0.00369581 -0.04424671
v 0.00821971 -0.00352621 -0.04403222
v 0.00820261 -0.00350099 -0.04407617
v 0.00822649 -0.00351035 -0.04403222
v 0.00823324 -0.00349450 -0.04403222
v 0.00821602 -0.00346939 -0.04407617
v 0.00804502 -0.00360341 -0.04419075
v 0.00802342 -0.00365126 -0.04419075
v 0.00799978 -0.00360274 -0.04422107
v 0.00802760 -0.00354032 -0.04422107
v 0.00793073 -0.00364834 -0.04424671
v 0.00815407 -0.00353709 -0.04411772
v 0.00824661 -0.00346282 -0.04403222
v 0.00824239 -0.00340627 -0.04407617
v 0.00805899 -0.00357206 -0.04419075
v 0.00816768 -0.00350555 -0.04411772
v 0.00795237 -0.00360092 -0.04424671
v 0.00825983 -0.00343118 -0.04403222
v 0.00817442 -0.00348979 -0.04411772
v 0.00814228 -0.00347689 -0.04415612
v 0.00807281 -0.00354072 -0.04419075
v 0.00805480 -0.00347800 -0.04422107
v 0.00818113 -0.00347404 -0.04411772
v 0.00831234 -0.00335774 -0.04398662
v 0.00827968 -0.00338300 -0.04403222
v 0.00798021 -0.00353879 -0.04424671
v 0.00809997 -0.00347814 -0.04419075
v 0.00806816 -0.00344688 -0.04422107
v 0.00820757 -0.00341111 -0.04411772
v 0.00810666 -0.00346251 -0.04419075
v 0.00799390 -0.00350776 -0.04424671
v 0.00811332 -0.00344688 -0.04419075
v 0.00808138 -0.00341579 -0.04422107
v 0.00822055 -0.00337968 -0.04411772
v 0.00800743 -0.00347676 -0.04424671
v 0.00812651 -0.00341566 -0.04419075
v 0.00810734 -0.00335369 -0.04422107
v 0.00831831 -0.00328687 -0.04403222
v 0.00802081 -0.00344578 -0.04424671
v 0.00824006 -0.00333185 -0.04411772
v 0.00819466 -0.00335158 -0.04415612
v 0.00802745 -0.00343030 -0.04424671
v 0.00803404 -0.00341483 -0.04424671
v 0.00815244 -0.00335330 -0.04419075
v 0.00813270 -0.00329172 -0.04422107
v 0.00833710 -0.00323892 -0.04403222
v 0.00804711 -0.00338391 -0.04424671
v 0.00816518 -0.00332217 -0.04419075
v 0.00806003 -0.00335301 -0.04424671
v 0.00835554 -0.00319105 -0.04403222
v 0.00831899 -0.00321466 -0.04407617
v 0.00833727 -0.00316696 -0.04407617
v 0.00836462 -0.00316715 -0.04403222
v 0.00818430 -0.00327478 -0.04419075
v 0.00837642 -0.00313581 -0.04403222
v 0.00836073 -0.00310449 -0.04407617
v 0.00808542 -0.00329132 -0.04424671
v 0.00829646 -0.00318882 -0.04411772
v 0.00827801 -0.00323642 -0.04411772
v 0.00838807 -0.00310452 -0.04403222
v 0.00837224 -0.00307331 -0.04407617
v 0.00830555 -0.00316505 -0.04411772
v 0.00826983 -0.00316155 -0.04415612
v 0.00809789 -0.00326051 -0.04424671
v 0.00839384 -0.00308889 -0.04403222
v 0.00831736 -0.00313389 -0.04411772
v 0.00822150 -0.00318022 -0.04419075
v 0.00817020 -0.00319751 -0.04422107
v 0.00818844 -0.00315051 -0.04422107
v 0.00840256 -0.00306508 -0.04403222
v 0.00838951 -0.00302586 -0.04407617
v 0.00811661 -0.00321363 -0.04424671
v 0.00823059 -0.00315663 -0.04419075
v 0.00841976 -0.00301753 -0.04403222
v 0.00834053 -0.00307169 -0.04411772
v 0.00824238 -0.00312571 -0.04419075
v 0.00821185 -0.00308898 -0.04422107
v 0.00813499 -0.00316682 -0.04424671
v 0.00834624 -0.00305616 -0.04411772
v 0.00831616 -0.00303759 -0.04415612
v 0.00814405 -0.00314345 -0.04424671
v 0.00835486 -0.00303252 -0.04411772
v 0.00843661 -0.00297007 -0.04403222
v 0.00826553 -0.00306398 -0.04419075
v 0.00823468 -0.00302759 -0.04422107
v 0.00815581 -0.00311280 -0.04424671
v 0.00847861 -0.00291249 -0.04398662
v 0.00837185 -0.00298529 -0.04411772
v 0.00827689 -0.00303317 -0.04419075
v 0.00824588 -0.00299695 -0.04422107
v 0.00828251 -0.00301778 -0.04419075
v 0.00817890 -0.00305163 -0.04424671
v 0.00829101 -0.00299433 -0.04419075
v 0.00826268 -0.00295032 -0.04422107
v 0.00846933 -0.00287544 -0.04403222
v 0.00819023 -0.00302109 -0.04424671
v 0.00848520 -0.00282827 -0.04403222
v 0.00845524 -0.00283701 -0.04407617
v 0.00847566 -0.00277540 -0.04407617
v 0.00820141 -0.00299060 -0.04424671
v 0.00820695 -0.00297536 -0.04424671
v 0.00849544 -0.00279738 -0.04403222
v 0.00821532 -0.00295216 -0.04424671
v 0.00842083 -0.00284417 -0.04411772
v 0.00840483 -0.00289111 -0.04411772
v 0.00838236 -0.00284984 -0.04415612
v 0.00850553 -0.00276653 -0.04403222
v 0.00848566 -0.00274466 -0.04407617
v 0.00851053 -0.00275113 -0.04403222
v 0.00823183 -0.00290583 -0.04424671
v 0.00834030 -0.00285417 -0.04419075
v 0.00829529 -0.00285735 -0.04422107
v 0.00831598 -0.00279655 -0.04422107
v 0.00832420 -0.00290080 -0.04419075
v 0.00851549 -0.00273573 -0.04403222
v 0.00849553 -0.00271397 -0.04407617
v 0.00844134 -0.00278272 -0.04411772
v 0.00835069 -0.00282363 -0.04419075
v 0.00852531 -0.00270497 -0.04403222
v 0.00851485 -0.00265272 -0.04407617
v 0.00824800 -0.00285959 -0.04424671
v 0.00845138 -0.00275207 -0.04411772
v 0.00836094 -0.00279314 -0.04419075
v 0.00833612 -0.00273593 -0.04422107
v 0.00845636 -0.00273675 -0.04411772
v 0.00842296 -0.00272751 -0.04415612
v 0.00853499 -0.00267426 -0.04403222
v 0.00846129 -0.00272145 -0.04411772
v 0.00857934 -0.00260082 -0.04398662
v 0.00826874 -0.00279905 -0.04424671
v 0.00854949 -0.00262755 -0.04403222
v 0.00838103 -0.00273227 -0.04419075
v 0.00834599 -0.00270568 -0.04422107
v 0.00827891 -0.00276885 -0.04424671
v 0.00838596 -0.00271709 -0.04419075
v 0.00848070 -0.00266036 -0.04411772
v 0.00839087 -0.00270191 -0.04419075
v 0.00835572 -0.00267548 -0.04422107
v 0.00828893 -0.00273868 -0.04424671
v 0.00849020 -0.00262988 -0.04411772
v 0.00840057 -0.00267159 -0.04419075
v 0.00837478 -0.00261521 -0.04422107
v 0.00829882 -0.00270857 -0.04424671
v 0.00857755 -0.00253444 -0.04403222
v 0.00830372 -0.00269352 -0.04424671
v 0.00850442 -0.00258352 -0.04411772
v 0.00846137 -0.00260589 -0.04415612
v 0.00830858 -0.00267849 -0.04424671
v 0.00841957 -0.00261108 -0.04419075
v 0.00839330 -0.00255512 -0.04422107
v 0.00859112 -0.00248806 -0.04403222
v 0.00831820 -0.00264846 -0.04424671
v 0.00842887 -0.00258090 -0.04419075
v 0.00832769 -0.00261847 -0.04424671
v 0.00860438 -0.00244179 -0.04403222
v 0.00857045 -0.00246718 -0.04407617
v 0.00858359 -0.00242108 -0.04407617
v 0.00861090 -0.00241870 -0.04403222
v 0.00844280 -0.00253498 -0.04419075
v 0.00861934 -0.00238844 -0.04403222
v 0.00860038 -0.00236076 -0.04407617
v 0.00834627 -0.00255863 -0.04424671
v 0.00854524 -0.00244511 -0.04411772
v 0.00853194 -0.00249113 -0.04411772
v 0.00855178 -0.00242214 -0.04411772
v 0.00851584 -0.00242196 -0.04415612
v 0.00862765 -0.00235824 -0.04403222
v 0.00860858 -0.00233068 -0.04407617
v 0.00835536 -0.00252878 -0.04424671
v 0.00863176 -0.00234316 -0.04403222
v 0.00856025 -0.00239204 -0.04411772
v 0.00846973 -0.00244348 -0.04419075
v 0.00842054 -0.00246390 -0.04422107
v 0.00843370 -0.00241845 -0.04422107
v 0.00863796 -0.00232020 -0.04403222
v 0.00862083 -0.00228494 -0.04407617
v 0.00836897 -0.00248338 -0.04424671
v 0.00847627 -0.00242068 -0.04419075
v 0.00865014 -0.00227436 -0.04403222
v 0.00848475 -0.00239080 -0.04419075
v 0.00845052 -0.00235900 -0.04422107
v 0.00857680 -0.00233200 -0.04411772
v 0.00838228 -0.00243808 -0.04424671
v 0.00858086 -0.00231703 -0.04411772
v 0.00854897 -0.00230229 -0.04415612
v 0.00838882 -0.00241548 -0.04424671
v 0.00858698 -0.00229422 -0.04411772
v 0.00866203 -0.00222865 -0.04403222
v 0.00839729 -0.00238586 -0.04424671
v 0.00850132 -0.00233119 -0.04419075
v 0.00846684 -0.00229974 -0.04422107
v 0.00869804 -0.00217106 -0.04398662
v 0.00859902 -0.00224870 -0.04411772
v 0.00850942 -0.00230146 -0.04419075
v 0.00847481 -0.00227018 -0.04422107
v 0.00851342 -0.00228662 -0.04419075
v 0.00841385 -0.00232677 -0.04424671
v 0.00851946 -0.00226402 -0.04419075
v 0.00848672 -0.00222524 -0.04422107
v 0.00868495 -0.00213761 -0.04403222
v 0.00842195 -0.00229730 -0.04424671
v 0.00842992 -0.00226788 -0.04424671
v 0.00869598 -0.00209227 -0.04403222
v 0.00866696 -0.00210318 -0.04407617
v 0.00843386 -0.00225318 -0.04424671
v 0.00843980 -0.00223082 -0.04424671
v 0.00870540 -0.00205272 -0.04403222
v 0.00868572 -0.00202432 -0.04407617
v 0.00863339 -0.00211290 -0.04411772
v 0.00862221 -0.00215804 -0.04411772
v 0.00859562 -0.00212149 -0.04415612
v 0.00871461 -0.00201327 -0.04403222
v 0.00869478 -0.00198504 -0.04407617
v 0.00864293 -0.00207351 -0.04411772
v 0.00845148 -0.00218617 -0.04424671
v 0.00855418 -0.00212905 -0.04419075
v 0.00854289 -0.00217391 -0.04419075
v 0.00850970 -0.00213572 -0.04422107
v 0.00871914 -0.00199358 -0.04403222
v 0.00872481 -0.00196861 -0.04403222
v 0.00870599 -0.00193529 -0.04407617
v 0.00856383 -0.00208990 -0.04419075
v 0.00852887 -0.00205781 -0.04422107
v 0.00846287 -0.00214165 -0.04424671
v 0.00866138 -0.00199503 -0.04411772
v 0.00847260 -0.00210280 -0.04424671
v 0.00873590 -0.00191880 -0.04403222
v 0.00866587 -0.00197547 -0.04411772
v 0.00863275 -0.00196497 -0.04415612
v 0.00858249 -0.00201190 -0.04419075
v 0.00854720 -0.00198028 -0.04422107
v 0.00867148 -0.00195067 -0.04411772
v 0.00874666 -0.00186915 -0.04403222
v 0.00859151 -0.00197304 -0.04419075
v 0.00855606 -0.00194167 -0.04422107
v 0.00849144 -0.00202539 -0.04424671
v 0.00878193 -0.00180195 -0.04398662
v 0.00859594 -0.00195366 -0.04419075
v 0.00864384 -0.00191561 -0.04415612
v 0.00850055 -0.00198683 -0.04424671
v 0.00860149 -0.00192906 -0.04419075
v 0.00856701 -0.00189277 -0.04422107
v 0.00879191 -0.00175260 -0.04398662
v 0.00850944 -0.00194837 -0.04424671
v 0.00851382 -0.00192918 -0.04424671
v 0.00851930 -0.00190483 -0.04424671
v 0.00866502 -0.00181737 -0.04415612
v 0.00867513 -0.00176849 -0.04415612
v 0.00870345 -0.00180270 -0.04411772
v 0.00877697 -0.00172120 -0.04403222
v 0.00871345 -0.00175372 -0.04411772
v 0.00878537 -0.00167782 -0.04403222
v 0.00853001 -0.00185626 -0.04424671
v 0.00863308 -0.00178237 -0.04419075
v 0.00879351 -0.00163457 -0.04403222
v 0.00876427 -0.00165144 -0.04407617
v 0.00877227 -0.00160839 -0.04407617
v 0.00868381 -0.00172535 -0.04415612
v 0.00854040 -0.00180786 -0.04424671
v 0.00864185 -0.00173935 -0.04419075
v 0.00879750 -0.00161299 -0.04403222
v 0.00880142 -0.00159145 -0.04403222
v 0.00878003 -0.00156547 -0.04407617
v 0.00873848 -0.00162438 -0.04411772
v 0.00880908 -0.00154848 -0.04403222
v 0.00870044 -0.00163945 -0.04415612
v 0.00870838 -0.00159671 -0.04415612
v 0.00874244 -0.00160294 -0.04411772
v 0.00850902 -0.00173471 -0.04426746
v 0.00874634 -0.00158153 -0.04411772
v 0.00884242 -0.00147682 -0.04398662
v 0.00881650 -0.00150564 -0.04403222
v 0.00866668 -0.00161107 -0.04419075
v 0.00862187 -0.00162469 -0.04422107
v 0.00862974 -0.00158233 -0.04422107
v 0.00851754 -0.00169239 -0.04426746
v 0.00856646 -0.00168004 -0.04424671
v 0.00867061 -0.00158980 -0.04419075
v 0.00871609 -0.00155410 -0.04415612
v 0.00857466 -0.00163769 -0.04424671
v 0.00885119 -0.00142328 -0.04398662
v 0.00867447 -0.00156857 -0.04419075
v 0.00863737 -0.00154011 -0.04422107
v 0.00858261 -0.00159548 -0.04424671
v 0.00858650 -0.00157442 -0.04424671
v 0.00873078 -0.00146930 -0.04415612
v 0.00873778 -0.00142710 -0.04415612
v 0.00876847 -0.00145383 -0.04411772
v 0.00859033 -0.00155340 -0.04424671
v 0.00884233 -0.00134569 -0.04403222
v 0.00877710 -0.00140080 -0.04411772
v 0.00859781 -0.00151145 -0.04424671
v 0.00869642 -0.00144192 -0.04419075
v 0.00885021 -0.00129282 -0.04403222
v 0.00860505 -0.00146964 -0.04424671
v 0.00874623 -0.00137437 -0.04415612
v 0.00870327 -0.00139997 -0.04419075
v 0.00885775 -0.00124017 -0.04403222
v 0.00882787 -0.00126818 -0.04407617
v 0.00883524 -0.00121578 -0.04407617
v 0.00886138 -0.00121394 -0.04403222
v 0.00886421 -0.00119306 -0.04403222
v 0.00884087 -0.00117416 -0.04407617
v 0.00857048 -0.00139985 -0.04426746
v 0.00880083 -0.00124304 -0.04411772
v 0.00876206 -0.00126956 -0.04415612
v 0.00876944 -0.00121749 -0.04415612
v 0.00880447 -0.00121695 -0.04411772
v 0.00886972 -0.00115142 -0.04403222
v 0.00857712 -0.00135860 -0.04426746
v 0.00862541 -0.00134503 -0.04424671
v 0.00880732 -0.00119619 -0.04411772
v 0.00872702 -0.00124338 -0.04419075
v 0.00868140 -0.00126863 -0.04422107
v 0.00868879 -0.00121698 -0.04422107
v 0.00863332 -0.00129330 -0.04424671
v 0.00887501 -0.00110993 -0.04403222
v 0.00890009 -0.00107594 -0.04398662
v 0.00873067 -0.00121748 -0.04419075
v 0.00873352 -0.00119687 -0.04419075
v 0.00869444 -0.00117597 -0.04422107
v 0.00864088 -0.00124178 -0.04424671
v 0.00890620 -0.00102414 -0.04398662
v 0.00864453 -0.00121611 -0.04424671
v 0.00873906 -0.00115576 -0.04419075
v 0.00864738 -0.00119568 -0.04424671
v 0.00882325 -0.00107237 -0.04411772
v 0.00885147 -0.00109138 -0.04407617
v 0.00881815 -0.00111350 -0.04411772
v 0.00865291 -0.00115493 -0.04424671
v 0.00882934 -0.00102099 -0.04411772
v 0.00879071 -0.00105298 -0.04415612
v 0.00889300 -0.00095509 -0.04403222
v 0.00865824 -0.00111432 -0.04424671
v 0.00875438 -0.00103328 -0.04419075
v 0.00874948 -0.00107396 -0.04419075
v 0.00879669 -0.00100186 -0.04415612
v 0.00889835 -0.00090395 -0.04403222
v 0.00890337 -0.00085303 -0.04403222
v 0.00887435 -0.00088626 -0.04407617
v 0.00887927 -0.00083556 -0.04407617
v 0.00861993 -0.00105329 -0.04426746
v 0.00866825 -0.00103353 -0.04424671
v 0.00890576 -0.00082767 -0.04403222
v 0.00867295 -0.00099335 -0.04424671
v 0.00871488 -0.00101337 -0.04422107
v 0.00884567 -0.00086823 -0.04411772
v 0.00880766 -0.00090032 -0.04415612
v 0.00881266 -0.00084990 -0.04415612
v 0.00890942 -0.00078734 -0.04403222
v 0.00884811 -0.00084297 -0.04411772
v 0.00867855 -0.00094316 -0.04424671
v 0.00877096 -0.00088150 -0.04419075
v 0.00872602 -0.00091257 -0.04422107
v 0.00873111 -0.00086251 -0.04422107
v 0.00891288 -0.00074717 -0.04403222
v 0.00888646 -0.00075523 -0.04407617
v 0.00888977 -0.00071528 -0.04407617
v 0.00885184 -0.00080283 -0.04411772
v 0.00877345 -0.00085640 -0.04419075
v 0.00891453 -0.00072714 -0.04403222
v 0.00868383 -0.00089319 -0.04424671
v 0.00891654 -0.00070207 -0.04403222
v 0.00889364 -0.00066539 -0.04407617
v 0.00877725 -0.00081651 -0.04419075
v 0.00868636 -0.00086829 -0.04424671
v 0.00885872 -0.00072298 -0.04411772
v 0.00892034 -0.00065210 -0.04403222
v 0.00869022 -0.00082871 -0.04424671
v 0.00886032 -0.00070311 -0.04411772
v 0.00882657 -0.00069069 -0.04415612
v 0.00886226 -0.00067824 -0.04411772
v 0.00892383 -0.00060238 -0.04403222
v 0.00864757 -0.00079514 -0.04426746
v 0.00878749 -0.00069772 -0.04419075
v 0.00874528 -0.00070443 -0.04422107
v 0.00874835 -0.00066528 -0.04422107
v 0.00878427 -0.00073717 -0.04419075
v 0.00894867 -0.00053911 -0.04398662
v 0.00869737 -0.00074999 -0.04424671
v 0.00878903 -0.00067805 -0.04419075
v 0.00883030 -0.00064125 -0.04415612
v 0.00879090 -0.00065343 -0.04419075
v 0.00875193 -0.00061637 -0.04422107
v 0.00870066 -0.00071085 -0.04424671
v 0.00895150 -0.00048982 -0.04398662
v 0.00870375 -0.00067186 -0.04424671
v 0.00870523 -0.00065242 -0.04424671
v 0.00893258 -0.00045463 -0.04403222
v 0.00883688 -0.00054308 -0.04415612
v 0.00883974 -0.00049435 -0.04415612
v 0.00887234 -0.00053027 -0.04411772
v 0.00870702 -0.00062808 -0.04424671
v 0.00887513 -0.00048143 -0.04411772
v 0.00893447 -0.00041573 -0.04403222
v 0.00871039 -0.00057959 -0.04424671
v 0.00880056 -0.00050696 -0.04419075
v 0.00887715 -0.00044266 -0.04411772
v 0.00890620 -0.00046818 -0.04407617
v 0.00893619 -0.00037699 -0.04403222
v 0.00890994 -0.00039065 -0.04407617
v 0.00891154 -0.00035212 -0.04407617
v 0.00893699 -0.00035768 -0.04403222
v 0.00871346 -0.00053133 -0.04424671
v 0.00880270 -0.00046839 -0.04419075
v 0.00894007 -0.00031397 -0.04402941
v 0.00871571 -0.00049302 -0.04424671
v 0.00875822 -0.00051927 -0.04422107
v 0.00888065 -0.00036558 -0.04411772
v 0.00888142 -0.00034640 -0.04411772
v 0.00884700 -0.00034055 -0.04415612
v 0.00888504 -0.00030303 -0.04411521
v 0.00894292 -0.00027044 -0.04402659
v 0.00891802 -0.00026519 -0.04407079
v 0.00898690 -0.00016536 -0.04390954
v 0.00867148 -0.00046698 -0.04426746
v 0.00871969 -0.00041686 -0.04424671
v 0.00880805 -0.00035360 -0.04419075
v 0.00880644 -0.00039171 -0.04419075
v 0.00876595 -0.00036641 -0.04422107
v 0.00876745 -0.00032857 -0.04422107
v 0.00880879 -0.00033460 -0.04419075
v 0.00888841 -0.00025983 -0.04411268
v 0.00894790 -0.00018395 -0.04402094
v 0.00872141 -0.00037900 -0.04424671
v 0.00881282 -0.00029164 -0.04418870
v 0.00898938 -0.00007053 -0.04390372
v 0.00889156 -0.00021681 -0.04411015
v 0.00885445 -0.00025437 -0.04415152
v 0.00872297 -0.00034129 -0.04424671
v 0.00872369 -0.00032250 -0.04424671
v 0.00872796 -0.00028000 -0.04424525
v 0.00881662 -0.00024884 -0.04418664
v 0.00877557 -0.00024326 -0.04421753
v 0.00882020 -0.00020622 -0.04418457
v 0.00889447 -0.00017396 -0.04410760
v 0.00886098 -0.00016888 -0.04414685
v 0.00898963 -0.00002346 -0.04390372
v 0.00873201 -0.00023766 -0.04424377
v 0.00882355 -0.00016377 -0.04418247
v 0.00889963 -0.00008881 -0.04410247
v 0.00863633 -0.00026833 -0.04428242
v 0.00873585 -0.00019550 -0.04424227
v 0.00882668 -0.00012149 -0.04418037
v 0.00878281 -0.00015864 -0.04421391
v 0.00873947 -0.00015350 -0.04424075
v 0.00882960 -0.00007939 -0.04417824
v -0.00890873 -0.00011820 -0.04408945
v -0.00884103 -0.00012608 -0.04416737
v -0.00891083 -0.00020387 -0.04408417
v -0.00884410 -0.00021121 -0.04416292
v -0.00866269 -0.00007934 -0.04427523
v -0.00891201 -0.00029041 -0.04407885
v -0.00854986 -0.00003348 -0.04430007
v -0.00876281 -0.00021806 -0.04422624
v -0.00884627 -0.00029722 -0.04415840
v -0.00890902 -0.00041108 -0.04407617
v -0.00890715 -0.00044985 -0.04407617
v -0.00893200 -0.00046604 -0.04403222
v -0.00876567 -0.00030340 -0.04422281
v -0.00884545 -0.00037878 -0.04415612
v -0.00884372 -0.00041715 -0.04415612
v -0.00887760 -0.00043354 -0.04411772
v -0.00890510 -0.00048877 -0.04407617
v -0.00880604 -0.00040072 -0.04419075
v -0.00884182 -0.00045567 -0.04415612
v -0.00876344 -0.00042237 -0.04422107
v -0.00887203 -0.00053562 -0.04411772
v -0.00887051 -0.00056015 -0.04411772
v -0.00883374 -0.00059204 -0.04415612
v -0.00886727 -0.00060938 -0.04411772
v -0.00871712 -0.00046761 -0.04424671
v -0.00879796 -0.00055023 -0.04419075
v -0.00886553 -0.00063408 -0.04411772
v -0.00871580 -0.00049156 -0.04424671
v -0.00879641 -0.00057460 -0.04419075
v -0.00875590 -0.00055711 -0.04422107
v -0.00871296 -0.00053963 -0.04424671
v -0.00879307 -0.00062352 -0.04419075
v -0.00888640 -0.00075601 -0.04407617
v -0.00888290 -0.00079611 -0.04407617
v -0.00879130 -0.00064806 -0.04419075
v -0.00890751 -0.00080867 -0.04403222
v -0.00882339 -0.00073027 -0.04415612
v -0.00882001 -0.00077000 -0.04415612
v -0.00885361 -0.00078320 -0.04411772
v -0.00887920 -0.00083635 -0.04407617
v -0.00878263 -0.00075656 -0.04419075
v -0.00881644 -0.00080988 -0.04415612
v -0.00873865 -0.00078240 -0.04422107
v -0.00884104 -0.00091416 -0.04411772
v -0.00883838 -0.00093958 -0.04411772
v -0.00880234 -0.00095098 -0.04415612
v -0.00877049 -0.00088620 -0.04419075
v -0.00876792 -0.00091136 -0.04419075
v -0.00883281 -0.00099060 -0.04411772
v -0.00882990 -0.00101619 -0.04411772
v -0.00887622 -0.00110024 -0.04403222
v -0.00884885 -0.00111246 -0.04407617
v -0.00885394 -0.00107121 -0.04407617
v -0.00876252 -0.00096187 -0.04419075
v -0.00875970 -0.00098721 -0.04419075
v -0.00871957 -0.00097230 -0.04422107
v -0.00884355 -0.00115386 -0.04407617
v -0.00881682 -0.00112402 -0.04411772
v -0.00878051 -0.00113495 -0.04415612
v -0.00878572 -0.00109389 -0.04415612
v -0.00867420 -0.00098234 -0.04424671
v -0.00866835 -0.00103271 -0.04424671
v -0.00877509 -0.00117615 -0.04415612
v -0.00866530 -0.00105798 -0.04424671
v -0.00874044 -0.00114528 -0.04419075
v -0.00870256 -0.00111430 -0.04422107
v -0.00879555 -0.00127986 -0.04411772
v -0.00879170 -0.00130609 -0.04411772
v -0.00875432 -0.00132185 -0.04415612
v -0.00883401 -0.00139927 -0.04403222
v -0.00880869 -0.00139524 -0.04407617
v -0.00883063 -0.00142050 -0.04403222
v -0.00872482 -0.00125877 -0.04419075
v -0.00878372 -0.00135872 -0.04411772
v -0.00872103 -0.00128476 -0.04419075
v -0.00882368 -0.00146305 -0.04403222
v -0.00879483 -0.00148011 -0.04407617
v -0.00877959 -0.00138512 -0.04411772
v -0.00871319 -0.00133692 -0.04419075
v -0.00870913 -0.00136307 -0.04419075
v -0.00866892 -0.00135135 -0.04422107
v -0.00876493 -0.00147506 -0.04411772
v -0.00876133 -0.00149629 -0.04411772
v -0.00872356 -0.00151163 -0.04415612
v -0.00862224 -0.00136524 -0.04424671
v -0.00875395 -0.00153886 -0.04411772
v -0.00869292 -0.00146291 -0.04419075
v -0.00865195 -0.00145599 -0.04422107
v -0.00875018 -0.00156020 -0.04411772
v -0.00868935 -0.00148396 -0.04419075
v -0.00861384 -0.00141728 -0.04424671
v -0.00868203 -0.00152618 -0.04419075
v -0.00860950 -0.00144338 -0.04424671
v -0.00867829 -0.00154734 -0.04419075
v -0.00873446 -0.00164588 -0.04411772
v -0.00877266 -0.00174306 -0.04403222
v -0.00874751 -0.00173804 -0.04407617
v -0.00873038 -0.00166739 -0.04411772
v -0.00869225 -0.00168233 -0.04415612
v -0.00876830 -0.00176484 -0.04403222
v -0.00872204 -0.00171051 -0.04411772
v -0.00866271 -0.00163233 -0.04419075
v -0.00875940 -0.00180849 -0.04403222
v -0.00872976 -0.00182510 -0.04407617
v -0.00871777 -0.00173211 -0.04411772
v -0.00865866 -0.00165366 -0.04419075
v -0.00865038 -0.00169642 -0.04419075
v -0.00864615 -0.00171785 -0.04419075
v -0.00860541 -0.00170973 -0.04422107
v -0.00869950 -0.00182168 -0.04411772
v -0.00869431 -0.00184627 -0.04411772
v -0.00865460 -0.00186640 -0.04415612
v -0.00856175 -0.00170389 -0.04424671
v -0.00868370 -0.00189558 -0.04411772
v -0.00862686 -0.00181225 -0.04419075
v -0.00855694 -0.00172789 -0.04424671
v -0.00867826 -0.00192029 -0.04411772
v -0.00862170 -0.00183665 -0.04419075
v -0.00858562 -0.00180646 -0.04422107
v -0.00854708 -0.00177602 -0.04424671
v -0.00861113 -0.00188556 -0.04419075
v -0.00860573 -0.00191008 -0.04419075
v -0.00870779 -0.00216718 -0.04396344
v -0.00862379 -0.00200395 -0.04415612
v -0.00861461 -0.00204303 -0.04415612
v -0.00860523 -0.00208221 -0.04415612
v -0.00863870 -0.00221643 -0.04407617
v -0.00858439 -0.00216650 -0.04415612
v -0.00857287 -0.00221164 -0.04415612
v -0.00860200 -0.00223728 -0.04411772
v -0.00851524 -0.00211353 -0.04422107
v -0.00850403 -0.00215817 -0.04422107
v -0.00854001 -0.00218521 -0.04419075
v -0.00863210 -0.00245135 -0.04396344
v -0.00856107 -0.00225690 -0.04415612
v -0.00846563 -0.00213071 -0.04424671
v -0.00849255 -0.00220293 -0.04422107
v -0.00854089 -0.00233213 -0.04415612
v -0.00853267 -0.00236202 -0.04415612
v -0.00852432 -0.00239197 -0.04415612
v -0.00858103 -0.00262454 -0.04396344
v -0.00854592 -0.00255090 -0.04407617
v -0.00852647 -0.00250980 -0.04411772
v -0.00848922 -0.00251370 -0.04415612
v -0.00850268 -0.00246777 -0.04415612
v -0.00847545 -0.00255974 -0.04415612
v -0.00844835 -0.00251643 -0.04419075
v -0.00840448 -0.00251814 -0.04422107
v -0.00841800 -0.00247256 -0.04422107
v -0.00845197 -0.00263622 -0.04415612
v -0.00850154 -0.00287161 -0.04396344
v -0.00839065 -0.00256383 -0.04422107
v -0.00844244 -0.00266660 -0.04415612
v -0.00835831 -0.00251904 -0.04424671
v -0.00843277 -0.00269703 -0.04415612
v -0.00841302 -0.00275803 -0.04415612
v -0.00840294 -0.00278859 -0.04415612
v -0.00839272 -0.00281920 -0.04415612
v -0.00841588 -0.00295174 -0.04407617
v -0.00836630 -0.00289664 -0.04415612
v -0.00834992 -0.00294353 -0.04415612
v -0.00837660 -0.00297194 -0.04411772
v -0.00830220 -0.00283722 -0.04422107
v -0.00828619 -0.00288362 -0.04422107
v -0.00831959 -0.00291401 -0.04419075
v -0.00838444 -0.00319741 -0.04396344
v -0.00833321 -0.00299051 -0.04415612
v -0.00825042 -0.00285261 -0.04424671
v -0.00826987 -0.00293012 -0.04422107
v -0.00830480 -0.00306852 -0.04415612
v -0.00829329 -0.00309950 -0.04415612
v -0.00828164 -0.00313051 -0.04415612
v -0.00831399 -0.00337636 -0.04396344
v -0.00828625 -0.00329816 -0.04407617
v -0.00827104 -0.00325420 -0.04411772
v -0.00823294 -0.00325641 -0.04415612
v -0.00825156 -0.00320894 -0.04415612
v -0.00821398 -0.00330395 -0.04415612
v -0.00819135 -0.00325711 -0.04419075
v -0.00814686 -0.00325653 -0.04422107
v -0.00816552 -0.00320944 -0.04422107
v -0.00818180 -0.00338286 -0.04415612
v -0.00820612 -0.00363069 -0.04396344
v -0.00816878 -0.00341418 -0.04415612
v -0.00812785 -0.00330370 -0.04422107
v -0.00810015 -0.00325492 -0.04424671
v -0.00815561 -0.00344552 -0.04415612
v -0.00812880 -0.00350829 -0.04415612
v -0.00811517 -0.00353972 -0.04415612
v -0.00810137 -0.00357118 -0.04415612
v -0.00810992 -0.00371066 -0.04407617
v -0.00806586 -0.00365069 -0.04415612
v -0.00804392 -0.00369878 -0.04415612
v -0.00806774 -0.00372980 -0.04411772
v -0.00800771 -0.00358510 -0.04422107
v -0.00798622 -0.00363272 -0.04422107
v -0.00801655 -0.00366632 -0.04419075
v -0.00805026 -0.00396429 -0.04396344
v -0.00802161 -0.00374692 -0.04415612
v -0.00795357 -0.00359828 -0.04424671
v -0.00796436 -0.00368038 -0.04422107
v -0.00798384 -0.00382674 -0.04415612
v -0.00796858 -0.00385840 -0.04415612
v -0.00795317 -0.00389008 -0.04415612
v -0.00793844 -0.00406460 -0.04407617
v -0.00793253 -0.00419492 -0.04396344
v -0.00792805 -0.00401821 -0.04411772
v -0.00788907 -0.00401849 -0.04415612
v -0.00791352 -0.00397011 -0.04415612
v -0.00786422 -0.00406689 -0.04415612
v -0.00784674 -0.00401692 -0.04419075
v -0.00780166 -0.00401379 -0.04422107
v -0.00782614 -0.00396583 -0.04422107
v -0.00782222 -0.00414711 -0.04415612
v -0.00780528 -0.00417890 -0.04415612
v -0.00777678 -0.00406177 -0.04422107
v -0.00775446 -0.00400939 -0.04424671
v -0.00779064 -0.00445290 -0.04396344
v -0.00778817 -0.00421071 -0.04415612
v -0.00775343 -0.00427434 -0.04415612
v -0.00773580 -0.00430617 -0.04415612
v -0.00771799 -0.00433799 -0.04415612
v -0.00767507 -0.00441349 -0.04415612
v -0.00764979 -0.00445716 -0.04415612
v -0.00762438 -0.00473193 -0.04396344
v -0.00762418 -0.00450083 -0.04415612
v -0.00753569 -0.00426900 -0.04427598
v -0.00757912 -0.00457631 -0.04415612
v -0.00755981 -0.00460813 -0.04415612
v -0.00754033 -0.00463994 -0.04415612
v -0.00751869 -0.00489812 -0.04396344
v -0.00749614 -0.00471100 -0.04415612
v -0.00747134 -0.00475024 -0.04415612
v -0.00744625 -0.00478946 -0.04415612
v -0.00740015 -0.00486039 -0.04415612
v -0.00734834 -0.00458398 -0.04427598
v -0.00737922 -0.00489211 -0.04415612
v -0.00732425 -0.00462237 -0.04427598
v -0.00733579 -0.00516804 -0.04396344
v -0.00735810 -0.00492382 -0.04415612
v -0.00731025 -0.00499459 -0.04415612
v -0.00728341 -0.00503364 -0.04415612
v -0.00725629 -0.00507267 -0.04415612
v -0.00720647 -0.00514320 -0.04415612
v -0.00718387 -0.00517472 -0.04415612
v -0.00716108 -0.00520621 -0.04415612
v -0.00710294 -0.00548367 -0.04396344
v -0.00710947 -0.00527647 -0.04415612
v -0.00707049 -0.00500191 -0.04427598
v -0.00708054 -0.00531522 -0.04415612
v -0.00705133 -0.00535391 -0.04415612
v -0.00699771 -0.00542380 -0.04415612
v -0.00697341 -0.00545502 -0.04415612
v -0.00690105 -0.00573567 -0.04396344
v -0.00694891 -0.00548619 -0.04415612
v -0.00689933 -0.00554841 -0.04415612
v -0.00687425 -0.00557945 -0.04415612
v -0.00685544 -0.00529282 -0.04427598
v -0.00684898 -0.00561045 -0.04415612
v -0.00679180 -0.00567953 -0.04415612
v -0.00675980 -0.00571759 -0.04415612
v -0.00667517 -0.00599704 -0.04396344
v -0.00672749 -0.00575556 -0.04415612
v -0.00668051 -0.00551197 -0.04427598
v -0.00666826 -0.00582408 -0.04415612
v -0.00664144 -0.00585465 -0.04415612
v -0.00661442 -0.00588516 -0.04415612
v -0.00652960 -0.00615522 -0.04396344
v -0.00655333 -0.00595311 -0.04415612
v -0.00651916 -0.00599051 -0.04415612
v -0.00648469 -0.00602781 -0.04415612
v -0.00642153 -0.00609505 -0.04415612
v -0.00643561 -0.00579603 -0.04427598
v -0.00639295 -0.00612502 -0.04415612
v -0.00628094 -0.00640876 -0.04396344
v -0.00636417 -0.00615492 -0.04415612
v -0.00629914 -0.00622145 -0.04415612
v -0.00626279 -0.00625805 -0.04415612
v -0.00622614 -0.00629451 -0.04415612
v -0.00615904 -0.00636019 -0.04415612
v -0.00612869 -0.00638944 -0.04415612
v -0.00609814 -0.00641860 -0.04415612
v -0.00596976 -0.00669958 -0.04396344
v -0.00602917 -0.00648343 -0.04415612
v -0.00605714 -0.00619048 -0.04427598
v -0.00599064 -0.00651905 -0.04415612
v -0.00595181 -0.00655452 -0.04415612
v -0.00588076 -0.00661833 -0.04415612
v -0.00584865 -0.00664673 -0.04415612
v -0.00581634 -0.00667502 -0.04415612
v -0.00577036 -0.00645863 -0.04427598
v -0.00491894 -0.00750510 -0.04396344
v -0.00498342 -0.00731788 -0.04415612
v -0.00494219 -0.00734578 -0.04415612
v -0.00490074 -0.00737350 -0.04415612
v -0.00482137 -0.00742564 -0.04415612
v -0.00478348 -0.00745010 -0.04415612
v -0.00474542 -0.00747440 -0.04415612
v -0.00466875 -0.00752253 -0.04415612
v -0.00476515 -0.00723218 -0.04427598
v -0.00463015 -0.00754635 -0.04415612
v -0.00459137 -0.00757001 -0.04415612
v -0.00445926 -0.00742469 -0.04427598
v -0.00360860 -0.00821587 -0.04396344
v -0.00369525 -0.00804555 -0.04415612
v -0.00365267 -0.00806497 -0.04415612
v -0.00360994 -0.00808419 -0.04415612
v -0.00352402 -0.00812201 -0.04415612
v -0.00348085 -0.00814061 -0.04415612
v -0.00343752 -0.00815899 -0.04415612
v -0.00349594 -0.00792398 -0.04427598
v -0.00214641 -0.00871295 -0.04396344
v -0.00226522 -0.00855889 -0.04415612
v -0.00221858 -0.00857109 -0.04415612
v -0.00217184 -0.00858306 -0.04415612
v -0.00207808 -0.00860624 -0.04415612
v -0.00203105 -0.00861746 -0.04415612
v -0.00198394 -0.00862843 -0.04415612
v -0.00208587 -0.00840596 -0.04427598
v -0.00098285 -0.00891945 -0.04396344
v -0.00092866 -0.00880474 -0.04415612
v -0.00088003 -0.00880973 -0.04415612
v -0.00058778 -0.00895416 -0.04396344
v -0.00083136 -0.00881445 -0.04415612
v -0.00073392 -0.00882310 -0.04415612
v -0.00068514 -0.00882702 -0.04415612
v -0.00063633 -0.00883068 -0.04415612
v -0.00053863 -0.00883717 -0.04415612
v -0.00048975 -0.00884002 -0.04415612
v -0.00044084 -0.00884259 -0.04415612
v -0.00058212 -0.00864131 -0.04427598
v 0.00060312 -0.00895314 -0.04396344
v 0.00044083 -0.00884259 -0.04415612
v 0.00048974 -0.00884002 -0.04415612
v 0.00053863 -0.00883717 -0.04415612
v 0.00063633 -0.00883068 -0.04415612
v 0.00068514 -0.00882702 -0.04415612
v 0.00073391 -0.00882310 -0.04415612
v 0.00083136 -0.00881445 -0.04415612
v 0.00056730 -0.00864230 -0.04427598
v 0.00088003 -0.00880973 -0.04415612
v 0.00092866 -0.00880474 -0.04415612
v 0.00094861 -0.00860879 -0.04427598
v 0.00216113 -0.00870930 -0.04396344
v 0.00198393 -0.00862843 -0.04415612
v 0.00203105 -0.00861746 -0.04415612
v 0.00207807 -0.00860624 -0.04415612
v 0.00217184 -0.00858306 -0.04415612
v 0.00221858 -0.00857109 -0.04415612
v 0.00226522 -0.00855889 -0.04415612
v 0.00207165 -0.00840948 -0.04427598
v 0.00362209 -0.00820993 -0.04396344
v 0.00343752 -0.00815899 -0.04415612
v 0.00348084 -0.00814061 -0.04415612
v 0.00352402 -0.00812201 -0.04415612
v 0.00360993 -0.00808419 -0.04415612
v 0.00365267 -0.00806497 -0.04415612
v 0.00369525 -0.00804555 -0.04415612
v 0.00348291 -0.00792972 -0.04427598
v 0.00462017 -0.00769262 -0.04396344
v 0.00459137 -0.00757001 -0.04415612
v 0.00463015 -0.00754635 -0.04415612
v 0.00493710 -0.00749316 -0.04396344
v 0.00466875 -0.00752253 -0.04415612
v 0.00474542 -0.00747440 -0.04415612
v 0.00478348 -0.00745010 -0.04415612
v 0.00482136 -0.00742564 -0.04415612
v 0.00490074 -0.00737350 -0.04415612
v 0.00494219 -0.00734578 -0.04415612
v 0.00498341 -0.00731788 -0.04415612
v 0.00474761 -0.00724370 -0.04427598
v 0.00597859 -0.00669170 -0.04396344
v 0.00581634 -0.00667502 -0.04415612
v 0.00584865 -0.00664673 -0.04415612
v 0.00588076 -0.00661833 -0.04415612
v 0.00595180 -0.00655452 -0.04415612
v 0.00599063 -0.00651905 -0.04415612
v 0.00627572 -0.00641387 -0.04396344
v 0.00602916 -0.00648343 -0.04415612
v 0.00576183 -0.00646624 -0.04427598
v 0.00609813 -0.00641860 -0.04415612
v 0.00612868 -0.00638944 -0.04415612
v 0.00615903 -0.00636019 -0.04415612
v 0.00622614 -0.00629451 -0.04415612
v 0.00626279 -0.00625805 -0.04415612
v 0.00629914 -0.00622145 -0.04415612
v 0.00636416 -0.00615492 -0.04415612
v 0.00606218 -0.00618555 -0.04427598
v 0.00639295 -0.00612502 -0.04415612
v 0.00666784 -0.00600518 -0.04396344
v 0.00642153 -0.00609505 -0.04415612
v 0.00648469 -0.00602781 -0.04415612
v 0.00651916 -0.00599051 -0.04415612
v 0.00655333 -0.00595311 -0.04415612
v 0.00630218 -0.00594084 -0.04427598
v 0.00661442 -0.00588516 -0.04415612
v 0.00664144 -0.00585465 -0.04415612
v 0.00666826 -0.00582408 -0.04415612
v 0.00692158 -0.00571088 -0.04396344
v 0.00672749 -0.00575556 -0.04415612
v 0.00644267 -0.00578817 -0.04427598
v 0.00675979 -0.00571759 -0.04415612
v 0.00679180 -0.00567953 -0.04415612
v 0.00684898 -0.00561045 -0.04415612
v 0.00710282 -0.00548382 -0.04396344
v 0.00687425 -0.00557945 -0.04415612
v 0.00689933 -0.00554841 -0.04415612
v 0.00694891 -0.00548619 -0.04415612
v 0.00666068 -0.00553590 -0.04427598
v 0.00697340 -0.00545502 -0.04415612
v 0.00699771 -0.00542380 -0.04415612
v 0.00705133 -0.00535391 -0.04415612
v 0.00708054 -0.00531522 -0.04415612
v 0.00732564 -0.00518241 -0.04396344
v 0.00710946 -0.00527647 -0.04415612
v 0.00685555 -0.00529268 -0.04427598
v 0.00716107 -0.00520621 -0.04415612
v 0.00718386 -0.00517472 -0.04415612
v 0.00720646 -0.00514320 -0.04415612
v 0.00725628 -0.00507267 -0.04415612
v 0.00728341 -0.00503364 -0.04415612
v 0.00731024 -0.00499459 -0.04415612
v 0.00735810 -0.00492382 -0.04415612
v 0.00708028 -0.00498804 -0.04427598
v 0.00758855 -0.00478918 -0.04396344
v 0.00737921 -0.00489211 -0.04415612
v 0.00761351 -0.00474940 -0.04396344
v 0.00740014 -0.00486039 -0.04415612
v 0.00744625 -0.00478946 -0.04415612
v 0.00747133 -0.00475024 -0.04415612
v 0.00749613 -0.00471100 -0.04415612
v 0.00725682 -0.00472752 -0.04427598
v 0.00754032 -0.00463994 -0.04415612
v 0.00755981 -0.00460813 -0.04415612
v 0.00757911 -0.00457631 -0.04415612
v 0.00780762 -0.00442305 -0.04396344
v 0.00762418 -0.00450083 -0.04415612
v 0.00735882 -0.00456712 -0.04427598
v 0.00764979 -0.00445716 -0.04415612
v 0.00767507 -0.00441349 -0.04415612
v 0.00771799 -0.00433799 -0.04415612
v 0.00773579 -0.00430617 -0.04415612
v 0.00775342 -0.00427434 -0.04415612
v 0.00778816 -0.00421071 -0.04415612
v 0.00751929 -0.00429781 -0.04427598
v 0.00794499 -0.00410791 -0.04403222
v 0.00793049 -0.00408007 -0.04407617
v 0.00790521 -0.00412885 -0.04407617
v 0.00780527 -0.00417890 -0.04415612
v 0.00782222 -0.00414711 -0.04415612
v 0.00795539 -0.00403132 -0.04407617
v 0.00791174 -0.00405020 -0.04411772
v 0.00788906 -0.00401849 -0.04415612
v 0.00786422 -0.00406689 -0.04415612
v 0.00791352 -0.00397011 -0.04415612
v 0.00786290 -0.00398519 -0.04419075
v 0.00765624 -0.00404881 -0.04427598
v 0.00780946 -0.00399857 -0.04422107
v 0.00795316 -0.00389008 -0.04415612
v 0.00796858 -0.00385840 -0.04415612
v 0.00798383 -0.00382674 -0.04415612
v 0.00809589 -0.00374116 -0.04407617
v 0.00811810 -0.00369271 -0.04407617
v 0.00814899 -0.00368669 -0.04403222
v 0.00802160 -0.00374692 -0.04415612
v 0.00804391 -0.00369878 -0.04415612
v 0.00776987 -0.00382622 -0.04427598
v 0.00808296 -0.00369670 -0.04411772
v 0.00813995 -0.00364431 -0.04407617
v 0.00800145 -0.00369915 -0.04419075
v 0.00806585 -0.00365069 -0.04415612
v 0.00797816 -0.00365038 -0.04422107
v 0.00810137 -0.00357118 -0.04415612
v 0.00811516 -0.00353972 -0.04415612
v 0.00812880 -0.00350829 -0.04415612
v 0.00815561 -0.00344552 -0.04415612
v 0.00829917 -0.00333489 -0.04403222
v 0.00828140 -0.00331031 -0.04407617
v 0.00826207 -0.00335825 -0.04407617
v 0.00816878 -0.00341418 -0.04415612
v 0.00792030 -0.00350424 -0.04427598
v 0.00818179 -0.00338286 -0.04415612
v 0.00830037 -0.00326245 -0.04407617
v 0.00825921 -0.00328410 -0.04411772
v 0.00823294 -0.00325641 -0.04415612
v 0.00821398 -0.00330395 -0.04415612
v 0.00825156 -0.00320894 -0.04415612
v 0.00820308 -0.00322746 -0.04419075
v 0.00815162 -0.00324457 -0.04422107
v 0.00802442 -0.00325877 -0.04427598
v 0.00828163 -0.00313051 -0.04415612
v 0.00829329 -0.00309950 -0.04415612
v 0.00830480 -0.00306852 -0.04415612
v 0.00840644 -0.00297851 -0.04407617
v 0.00842303 -0.00293124 -0.04407617
v 0.00845314 -0.00292270 -0.04403222
v 0.00833321 -0.00299051 -0.04415612
v 0.00834992 -0.00294353 -0.04415612
v 0.00809241 -0.00308605 -0.04427598
v 0.00838851 -0.00293815 -0.04411772
v 0.00843930 -0.00288408 -0.04407617
v 0.00830777 -0.00294752 -0.04419075
v 0.00836630 -0.00289664 -0.04415612
v 0.00827914 -0.00290379 -0.04422107
v 0.00839271 -0.00281920 -0.04415612
v 0.00840293 -0.00278859 -0.04415612
v 0.00841301 -0.00275803 -0.04415612
v 0.00843276 -0.00269703 -0.04415612
v 0.00856367 -0.00258094 -0.04403222
v 0.00854327 -0.00255973 -0.04407617
v 0.00844243 -0.00266660 -0.04415612
v 0.00852922 -0.00260617 -0.04407617
v 0.00820543 -0.00277159 -0.04427598
v 0.00845197 -0.00263622 -0.04415612
v 0.00855701 -0.00251340 -0.04407617
v 0.00851833 -0.00253727 -0.04411772
v 0.00848922 -0.00251370 -0.04415612
v 0.00847545 -0.00255974 -0.04415612
v 0.00850268 -0.00246777 -0.04415612
v 0.00845641 -0.00248917 -0.04419075
v 0.00840707 -0.00250945 -0.04422107
v 0.00828215 -0.00253313 -0.04427598
v 0.00852432 -0.00239197 -0.04415612
v 0.00853266 -0.00236202 -0.04415612
v 0.00854088 -0.00233213 -0.04415612
v 0.00863279 -0.00223931 -0.04407617
v 0.00864447 -0.00219381 -0.04407617
v 0.00867364 -0.00218307 -0.04403222
v 0.00856107 -0.00225690 -0.04415612
v 0.00857287 -0.00221164 -0.04415612
v 0.00833145 -0.00236597 -0.04427598
v 0.00861076 -0.00220331 -0.04411772
v 0.00865586 -0.00214843 -0.04407617
v 0.00853132 -0.00221890 -0.04419075
v 0.00858439 -0.00216650 -0.04415612
v 0.00849835 -0.00218042 -0.04422107
v 0.00860522 -0.00208221 -0.04415612
v 0.00861461 -0.00204303 -0.04415612
v 0.00862378 -0.00200395 -0.04415612
v 0.00840450 -0.00209170 -0.04427598
v 0.00867702 -0.00192591 -0.04411772
v 0.00868247 -0.00190118 -0.04411772
v 0.00865459 -0.00186640 -0.04415612
v 0.00875708 -0.00181966 -0.04403222
v 0.00872741 -0.00183630 -0.04407617
v 0.00869312 -0.00185186 -0.04411772
v 0.00860696 -0.00190451 -0.04419075
v 0.00876719 -0.00177035 -0.04403222
v 0.00869832 -0.00182726 -0.04411772
v 0.00861234 -0.00188000 -0.04419075
v 0.00877212 -0.00174575 -0.04403222
v 0.00874752 -0.00173797 -0.04407617
v 0.00862287 -0.00183111 -0.04419075
v 0.00862802 -0.00180672 -0.04419075
v 0.00858793 -0.00179545 -0.04422107
v 0.00871778 -0.00173208 -0.04411772
v 0.00872204 -0.00171047 -0.04411772
v 0.00869225 -0.00168233 -0.04415612
v 0.00873039 -0.00166736 -0.04411772
v 0.00864614 -0.00171788 -0.04419075
v 0.00860539 -0.00170981 -0.04422107
v 0.00854933 -0.00176512 -0.04424671
v 0.00873447 -0.00164585 -0.04411772
v 0.00865037 -0.00169645 -0.04419075
v 0.00855802 -0.00172251 -0.04424671
v 0.00865865 -0.00165369 -0.04419075
v 0.00856227 -0.00170126 -0.04424671
v 0.00866269 -0.00163236 -0.04419075
v 0.00875018 -0.00156016 -0.04411772
v 0.00882104 -0.00147884 -0.04403222
v 0.00879483 -0.00148004 -0.04407617
v 0.00875395 -0.00153883 -0.04411772
v 0.00872355 -0.00151163 -0.04415612
v 0.00882548 -0.00145210 -0.04403222
v 0.00876133 -0.00149626 -0.04411772
v 0.00867828 -0.00154738 -0.04419075
v 0.00876493 -0.00147502 -0.04411772
v 0.00868202 -0.00152622 -0.04419075
v 0.00883409 -0.00139878 -0.04403222
v 0.00881208 -0.00137366 -0.04407617
v 0.00868934 -0.00148400 -0.04419075
v 0.00869291 -0.00146294 -0.04419075
v 0.00865194 -0.00145607 -0.04422107
v 0.00878128 -0.00137437 -0.04411772
v 0.00878536 -0.00134799 -0.04411772
v 0.00875432 -0.00132185 -0.04415612
v 0.00870745 -0.00137374 -0.04419075
v 0.00866558 -0.00137257 -0.04422107
v 0.00861207 -0.00142797 -0.04424671
v 0.00879327 -0.00129540 -0.04411772
v 0.00871154 -0.00134756 -0.04419075
v 0.00879709 -0.00126920 -0.04411772
v 0.00861885 -0.00138643 -0.04424671
v 0.00862216 -0.00136572 -0.04424671
v 0.00871946 -0.00129536 -0.04419075
v 0.00872328 -0.00126934 -0.04419075
v 0.00884628 -0.00113270 -0.04407617
v 0.00881284 -0.00115477 -0.04411772
v 0.00878051 -0.00113495 -0.04415612
v 0.00887821 -0.00108398 -0.04403222
v 0.00877508 -0.00117615 -0.04415612
v 0.00888134 -0.00105809 -0.04403222
v 0.00888733 -0.00100647 -0.04403222
v 0.00886356 -0.00098835 -0.04407617
v 0.00878572 -0.00109389 -0.04415612
v 0.00874438 -0.00111479 -0.04419075
v 0.00870508 -0.00109439 -0.04422107
v 0.00869987 -0.00113511 -0.04422107
v 0.00883226 -0.00099538 -0.04411772
v 0.00883511 -0.00096984 -0.04411772
v 0.00880233 -0.00095098 -0.04415612
v 0.00871009 -0.00105381 -0.04422107
v 0.00866335 -0.00107386 -0.04424671
v 0.00875735 -0.00100784 -0.04419075
v 0.00876023 -0.00098246 -0.04419075
v 0.00884055 -0.00091892 -0.04411772
v 0.00884315 -0.00089354 -0.04411772
v 0.00876576 -0.00093186 -0.04419075
v 0.00876840 -0.00090665 -0.04419075
v 0.00888297 -0.00079532 -0.04407617
v 0.00881643 -0.00080988 -0.04415612
v 0.00882001 -0.00077000 -0.04415612
v 0.00885538 -0.00076283 -0.04411772
v 0.00873494 -0.00082276 -0.04422107
v 0.00873858 -0.00078317 -0.04422107
v 0.00878086 -0.00077676 -0.04419075
v 0.00882338 -0.00073027 -0.04415612
v 0.00869389 -0.00078928 -0.04424671
v 0.00886412 -0.00065343 -0.04411772
v 0.00874203 -0.00074373 -0.04422107
v 0.00886591 -0.00062868 -0.04411772
v 0.00883374 -0.00059204 -0.04415612
v 0.00892704 -0.00055289 -0.04403222
v 0.00890050 -0.00056631 -0.04407617
v 0.00886927 -0.00057936 -0.04411772
v 0.00892995 -0.00050364 -0.04403222
v 0.00879269 -0.00062887 -0.04419075
v 0.00887084 -0.00055479 -0.04411772
v 0.00893130 -0.00047910 -0.04403222
v 0.00879441 -0.00060437 -0.04419075
v 0.00879762 -0.00055555 -0.04419075
v 0.00879913 -0.00053122 -0.04419075
v 0.00890816 -0.00042934 -0.04407617
v 0.00884182 -0.00045567 -0.04415612
v 0.00884372 -0.00041715 -0.04415612
v 0.00887899 -0.00040404 -0.04411772
v 0.00876042 -0.00048083 -0.04422107
v 0.00876244 -0.00044254 -0.04422107
v 0.00880466 -0.00042998 -0.04419075
v 0.00884545 -0.00037878 -0.04415612
v 0.00891490 -0.00030856 -0.04407349
v 0.00871779 -0.00045487 -0.04424671
v 0.00876428 -0.00040440 -0.04422107
v 0.00885084 -0.00029738 -0.04415383
v 0.00892091 -0.00022200 -0.04406809
v 0.00899743 -0.00003524 -0.04385249
v 0.00877162 -0.00028583 -0.04421930
v 0.00897229 -0.00008218 -0.04396562
v 0.00885782 -0.00021154 -0.04414919
v 0.00877930 -0.00020087 -0.04421573
v 0.00886390 -0.00012640 -0.04414450
v 0.00878611 -0.00011657 -0.04421208
v -0.00890137 -0.00055243 -0.04407617
v -0.00889981 -0.00057708 -0.04407617
v -0.00889818 -0.00060179 -0.04407617
v -0.00876021 -0.00048462 -0.04422107
v -0.00875885 -0.00050873 -0.04422107
v -0.00875741 -0.00053289 -0.04422107
v -0.00875432 -0.00058139 -0.04422107
v -0.00875267 -0.00060572 -0.04422107
v -0.00875095 -0.00063012 -0.04422107
v -0.00886742 -0.00095317 -0.04407617
v -0.00886463 -0.00097876 -0.04407617
v -0.00886176 -0.00100440 -0.04407617
v -0.00872765 -0.00089689 -0.04422107
v -0.00872503 -0.00092197 -0.04422107
v -0.00872234 -0.00094710 -0.04422107
v -0.00871671 -0.00099755 -0.04422107
v -0.00871378 -0.00102286 -0.04422107
v -0.00871077 -0.00104823 -0.04422107
v -0.00882089 -0.00131591 -0.04407617
v -0.00881691 -0.00134230 -0.04407617
v -0.00881285 -0.00136874 -0.04407617
v -0.00880531 -0.00141641 -0.04407617
v -0.00880187 -0.00143761 -0.04407617
v -0.00868070 -0.00127344 -0.04422107
v -0.00879838 -0.00145884 -0.04407617
v -0.00867686 -0.00129935 -0.04422107
v -0.00867293 -0.00132532 -0.04422107
v -0.00879121 -0.00150142 -0.04407617
v -0.00878754 -0.00152276 -0.04407617
v -0.00878381 -0.00154413 -0.04407617
v -0.00866481 -0.00137743 -0.04422107
v -0.00866061 -0.00140356 -0.04422107
v -0.00865633 -0.00142975 -0.04422107
v -0.00864840 -0.00147695 -0.04422107
v -0.00864479 -0.00149794 -0.04422107
v -0.00876016 -0.00167310 -0.04407617
v -0.00864112 -0.00151897 -0.04422107
v -0.00875601 -0.00169471 -0.04407617
v -0.00875179 -0.00171636 -0.04407617
v -0.00874317 -0.00175976 -0.04407617
v -0.00873876 -0.00178150 -0.04407617
v -0.00873429 -0.00180329 -0.04407617
v -0.00861786 -0.00164584 -0.04422107
v -0.00861377 -0.00166711 -0.04422107
v -0.00872457 -0.00184977 -0.04407617
v -0.00860962 -0.00168840 -0.04422107
v -0.00871929 -0.00187448 -0.04407617
v -0.00871393 -0.00189923 -0.04407617
v -0.00860058 -0.00173385 -0.04422107
v -0.00859568 -0.00175801 -0.04422107
v -0.00859069 -0.00178222 -0.04422107
v -0.00858048 -0.00183075 -0.04422107
v -0.00857525 -0.00185508 -0.04422107
v -0.00856994 -0.00187944 -0.04422107
v 0.00871147 -0.00191048 -0.04407617
v 0.00871686 -0.00188571 -0.04407617
v 0.00872218 -0.00186098 -0.04407617
v 0.00873256 -0.00181165 -0.04407617
v 0.00873763 -0.00178705 -0.04407617
v 0.00874261 -0.00176248 -0.04407617
v 0.00857236 -0.00186838 -0.04422107
v 0.00857763 -0.00184403 -0.04422107
v 0.00875180 -0.00171628 -0.04407617
v 0.00858282 -0.00181972 -0.04422107
v 0.00875602 -0.00169464 -0.04407617
v 0.00876017 -0.00167302 -0.04407617
v 0.00859239 -0.00177399 -0.04422107
v 0.00859678 -0.00175256 -0.04422107
v 0.00860112 -0.00173117 -0.04422107
v 0.00860960 -0.00168848 -0.04422107
v 0.00861375 -0.00166718 -0.04422107
v 0.00878382 -0.00154406 -0.04407617
v 0.00861784 -0.00164592 -0.04422107
v 0.00878755 -0.00152268 -0.04407617
v 0.00879122 -0.00150134 -0.04407617
v 0.00879928 -0.00145336 -0.04407617
v 0.00880364 -0.00142674 -0.04407617
v 0.00880790 -0.00140017 -0.04407617
v 0.00864110 -0.00151904 -0.04422107
v 0.00864477 -0.00149802 -0.04422107
v 0.00864839 -0.00147702 -0.04422107
v 0.00881616 -0.00134721 -0.04407617
v 0.00882015 -0.00132081 -0.04407617
v 0.00865543 -0.00143514 -0.04422107
v 0.00882406 -0.00129447 -0.04407617
v 0.00865887 -0.00141425 -0.04422107
v 0.00866225 -0.00139340 -0.04422107
v 0.00866966 -0.00134651 -0.04422107
v 0.00867367 -0.00132049 -0.04422107
v 0.00867758 -0.00129453 -0.04422107
v 0.00885462 -0.00106554 -0.04407617
v 0.00885768 -0.00103975 -0.04407617
v 0.00886066 -0.00101402 -0.04407617
v 0.00886638 -0.00096274 -0.04407617
v 0.00886912 -0.00093719 -0.04407617
v 0.00887178 -0.00091170 -0.04407617
v 0.00871779 -0.00098809 -0.04422107
v 0.00872061 -0.00096286 -0.04422107
v 0.00872335 -0.00093768 -0.04422107
v 0.00889547 -0.00064053 -0.04407617
v 0.00889722 -0.00061573 -0.04407617
v 0.00889889 -0.00059099 -0.04407617
v 0.00890203 -0.00054169 -0.04407617
v 0.00890349 -0.00051713 -0.04407617
v 0.00890488 -0.00049263 -0.04407617
v 0.00875361 -0.00059201 -0.04422107
v 0.00875522 -0.00056771 -0.04422107
v 0.00875676 -0.00054346 -0.04422107
v 0.00817698 -0.00109525 0.05281743
v 0.00822140 -0.00068630 0.05281743
v 0.00824539 -0.00027564 0.05281743
v 0.00824888 0.00013570 0.05281743
v 0.00823186 0.00054671 0.05281743
v 0.00819438 0.00095635 0.05281743
v 0.00813652 0.00136362 0.05281743
v 0.00805843 0.00176750 0.05281743
v 0.00796031 0.00216698 0.05281743
v 0.00784240 0.00256107 0.05281743
v 0.00770499 0.00294880 0.05281743
v 0.00754843 0.00332920 0.05281743
v 0.00737310 0.00370132 0.05281743
v 0.00717944 0.00406424 0.05281743
v 0.00696792 0.00441705 0.05281743
v 0.00673909 0.00475888 0.05281743
v 0.00649350 0.00508888 0.05281743
v 0.00623177 0.00540623 0.05281743
v 0.00595454 0.00571014 0.05281743
v 0.00566251 0.00599985 0.05281743
v 0.00535640 0.00627464 0.05281743
v 0.00503698 0.00653384 0.05281743
v 0.00470503 0.00677679 0.05281743
v 0.00436139 0.00700289 0.05281743
v 0.00400690 0.00721158 0.05281743
v 0.00364245 0.00740235 0.05281743
v 0.00326895 0.00757471 0.05281743
v 0.00288731 0.00772823 0.05281743
v 0.00249850 0.00786255 0.05281743
v 0.00210348 0.00797731 0.05281743
v 0.00170323 0.00807225 0.05281743
v 0.00129874 0.00814711 0.05281743
v 0.00089103 0.00820172 0.05281743
v 0.00048109 0.00823594 0.05281743
v 0.00006997 0.00824968 0.05281743
v -0.00034133 0.00824292 0.05281743
v -0.00075179 0.00821566 0.05281743
v -0.00116037 0.00816797 0.05281743
v -0.00156607 0.00809998 0.05281743
v -0.00196787 0.00801185 0.05281743
v -0.00236478 0.00790380 0.05281743
v -0.00275582 0.00777610 0.05281743
v -0.00314000 0.00762906 0.05281743
v -0.00351637 0.00746307 0.05281743
v -0.00388401 0.00727851 0.05281743
v -0.00424198 0.00707586 0.05281743
v -0.00458941 0.00685562 0.05281743
v -0.00492543 0.00661833 0.05281743
v -0.00524921 0.00636459 0.05281743
v -0.00555993 0.00609503 0.05281743
v -0.00585684 0.00581031 0.05281743
v -0.00613918 0.00551115 0.05281743
v -0.00640625 0.00519829 0.05281743
v -0.00665741 0.00487250 0.05281743
v -0.00689200 0.00453460 0.05281743
v -0.00710947 0.00418543 0.05281743
v -0.00730926 0.00382585 0.05281743
v -0.00749088 0.00345675 0.05281743
v -0.00765387 0.00307907 0.05281743
v -0.00779784 0.00269373 0.05281743
v -0.00792242 0.00230169 0.05281743
v -0.00802730 0.00190393 0.05281743
v -0.00811222 0.00150143 0.05281743
v -0.00817698 0.00109521 0.05281743
v -0.00816713 0.00109389 0.05322224
v -0.00822141 0.00068626 0.05281743
v -0.00824540 0.00027560 0.05281743
v -0.00813761 0.00108993 0.05362608
v 0.00816713 -0.00109393 0.05322224
v 0.00802729 -0.00190397 0.05281743
v 0.00811222 -0.00150147 0.05281743
v -0.00813242 0.00067883 0.05402796
v -0.00801986 0.00107416 0.05442693
v -0.00808848 0.00108335 0.05402796
v -0.00815615 0.00027262 0.05402796
v -0.00815960 -0.00013427 0.05402796
v -0.00824889 -0.00013574 0.05281743
v -0.00814277 -0.00054083 0.05402796
v -0.00823187 -0.00054675 0.05281743
v -0.00810569 -0.00094604 0.05402796
v -0.00819438 -0.00095639 0.05281743
v -0.00804846 -0.00134890 0.05402796
v -0.00813652 -0.00136366 0.05281743
v -0.00786740 0.00065670 0.05521228
v -0.00769899 0.00103118 0.05559677
v -0.00782488 0.00104805 0.05521228
v -0.00793193 0.00106238 0.05482202
v -0.00797122 -0.00174840 0.05402796
v -0.00805844 -0.00176754 0.05281743
v -0.00789035 0.00026373 0.05521228
v -0.00787416 -0.00214357 0.05402796
v -0.00796032 -0.00216702 0.05281743
v -0.00789369 -0.00012990 0.05521228
v -0.00775752 -0.00253339 0.05402796
v -0.00784241 -0.00256111 0.05281743
v -0.00770500 -0.00294884 0.05281743
v -0.00787741 -0.00052321 0.05521228
v -0.00762160 -0.00291693 0.05402796
v -0.00784153 -0.00091521 0.05521228
v -0.00746673 -0.00329320 0.05402796
v -0.00754843 -0.00332924 0.05281743
v -0.00737310 -0.00370136 0.05281743
v -0.00778617 -0.00130494 0.05521228
v -0.00743207 0.00062037 0.05634476
v -0.00721145 0.00096588 0.05670645
v -0.00739190 0.00099005 0.05634476
v -0.00755455 0.00101184 0.05597457
v -0.00729330 -0.00366130 0.05402796
v -0.00771144 -0.00169143 0.05521228
v -0.00745375 0.00024914 0.05634476
v -0.00701363 0.00093939 0.05705878
v -0.00710173 -0.00402029 0.05402796
v -0.00717944 -0.00406428 0.05281743
v -0.00761755 -0.00207371 0.05521228
v -0.00745690 -0.00012271 0.05634476
v -0.00689251 -0.00436928 0.05402796
v -0.00696793 -0.00441709 0.05281743
v -0.00673909 -0.00475892 0.05281743
v -0.00750471 -0.00245083 0.05521228
v -0.00744152 -0.00049426 0.05634476
v -0.00666615 -0.00470741 0.05402796
v -0.00737322 -0.00282187 0.05521228
v -0.00740763 -0.00086457 0.05634476
v -0.00642322 -0.00503384 0.05402796
v -0.00649351 -0.00508892 0.05281743
v -0.00722340 -0.00318588 0.05521228
v -0.00735533 -0.00123274 0.05634476
v -0.00683585 0.00057060 0.05740089
v -0.00656781 0.00087967 0.05773195
v -0.00679891 0.00091063 0.05740089
v -0.00616432 -0.00534776 0.05402796
v -0.00623177 -0.00540627 0.05281743
v -0.00705562 -0.00354198 0.05521228
v -0.00728474 -0.00159784 0.05634476
v -0.00685580 0.00022915 0.05740089
v -0.00589010 -0.00564837 0.05402796
v -0.00595455 -0.00571018 0.05281743
v -0.00687030 -0.00388927 0.05521228
v -0.00719604 -0.00195896 0.05634476
v -0.00685870 -0.00011287 0.05740089
v -0.00560123 -0.00593495 0.05402796
v -0.00566252 -0.00599989 0.05281743
v -0.00535641 -0.00627468 0.05281743
v -0.00666789 -0.00422689 0.05521228
v -0.00708945 -0.00231522 0.05634476
v -0.00684455 -0.00045461 0.05740089
v -0.00529843 -0.00620677 0.05402796
v -0.00644891 -0.00455400 0.05521228
v -0.00696524 -0.00266572 0.05634476
v -0.00681338 -0.00079521 0.05740089
v -0.00498247 -0.00646316 0.05402796
v -0.00503698 -0.00653388 0.05281743
v -0.00621390 -0.00486979 0.05521228
v -0.00682370 -0.00300960 0.05634476
v -0.00676527 -0.00113385 0.05740089
v -0.00609166 0.00050848 0.05835780
v -0.00578200 0.00077442 0.05865106
v -0.00605874 0.00081149 0.05835780
v -0.00632089 0.00084660 0.05805118
v -0.00465411 -0.00670348 0.05402796
v -0.00470504 -0.00677683 0.05281743
v -0.00436139 -0.00700293 0.05281743
v -0.00596343 -0.00517348 0.05521228
v -0.00666521 -0.00334599 0.05634476
v -0.00670035 -0.00146966 0.05740089
v -0.00610944 0.00020420 0.05835780
v -0.00431419 -0.00692714 0.05402796
v -0.00569815 -0.00546430 0.05521228
v -0.00649014 -0.00367406 0.05634476
v -0.00661876 -0.00180181 0.05740089
v -0.00611202 -0.00010058 0.05835780
v -0.00396354 -0.00713357 0.05402796
v -0.00400690 -0.00721162 0.05281743
v -0.00541869 -0.00574154 0.05521228
v -0.00629893 -0.00399300 0.05634476
v -0.00652072 -0.00212949 0.05740089
v -0.00609941 -0.00040512 0.05835780
v -0.00360303 -0.00732227 0.05402796
v -0.00364246 -0.00740239 0.05281743
v -0.00512576 -0.00600450 0.05521228
v -0.00609207 -0.00430202 0.05634476
v -0.00640647 -0.00245188 0.05740089
v -0.00607164 -0.00070864 0.05835780
v -0.00323357 -0.00749276 0.05402796
v -0.00326895 -0.00757475 0.05281743
v -0.00482009 -0.00625253 0.05521228
v -0.00587006 -0.00460033 0.05634476
v -0.00627629 -0.00276816 0.05740089
v -0.00602877 -0.00101041 0.05835780
v -0.00521561 0.00043535 0.05919476
v -0.00487102 0.00065241 0.05944389
v -0.00518742 0.00069478 0.05919476
v -0.00549133 0.00073549 0.05893028
v -0.00285607 -0.00764463 0.05402796
v -0.00288732 -0.00772827 0.05281743
v -0.00450244 -0.00648502 0.05521228
v -0.00563346 -0.00488721 0.05634476
v -0.00613051 -0.00307757 0.05740089
v -0.00597091 -0.00130966 0.05835780
v -0.00523082 0.00017483 0.05919476
v -0.00454289 0.00060845 0.05967706
v -0.00247146 -0.00777749 0.05402796
v -0.00249851 -0.00786259 0.05281743
v -0.00210348 -0.00797735 0.05281743
v -0.00417359 -0.00670139 0.05521228
v -0.00538285 -0.00516194 0.05634476
v -0.00596949 -0.00337933 0.05740089
v -0.00589821 -0.00160566 0.05835780
v -0.00523304 -0.00008612 0.05919476
v -0.00208072 -0.00789101 0.05402796
v -0.00383437 -0.00690109 0.05521228
v -0.00511886 -0.00542384 0.05634476
v -0.00579362 -0.00367268 0.05740089
v -0.00581084 -0.00189767 0.05835780
v -0.00522224 -0.00034686 0.05919476
v -0.00168480 -0.00798492 0.05402796
v -0.00170323 -0.00807229 0.05281743
v -0.00348561 -0.00708364 0.05521228
v -0.00484214 -0.00567225 0.05634476
v -0.00560335 -0.00395690 0.05740089
v -0.00570903 -0.00218495 0.05835780
v -0.00519846 -0.00060674 0.05919476
v -0.00128469 -0.00805897 0.05402796
v -0.00129874 -0.00814715 0.05281743
v -0.00312819 -0.00724858 0.05521228
v -0.00455338 -0.00590656 0.05634476
v -0.00539915 -0.00423129 0.05740089
v -0.00559302 -0.00246681 0.05835780
v -0.00516176 -0.00086510 0.05919476
v -0.00088139 -0.00811299 0.05402796
v -0.00089103 -0.00820176 0.05281743
v -0.00422665 0.00035280 0.05989369
v -0.00385460 0.00051626 0.06009329
v -0.00420381 0.00056304 0.05989369
v -0.00276299 -0.00739550 0.05521228
v -0.00425330 -0.00612618 0.05634476
v -0.00518153 -0.00449515 0.05740089
v -0.00546311 -0.00274253 0.05835780
v -0.00511222 -0.00112132 0.05919476
v -0.00047589 -0.00814684 0.05402796
v -0.00048110 -0.00823598 0.05281743
v -0.00006997 -0.00824972 0.05281743
v -0.00423898 0.00014168 0.05989369
v -0.00239092 -0.00752403 0.05521228
v -0.00394265 -0.00633058 0.05634476
v -0.00495103 -0.00474784 0.05740089
v -0.00531961 -0.00301144 0.05835780
v -0.00504997 -0.00137475 0.05919476
v -0.00006921 -0.00816043 0.05402796
v -0.00424078 -0.00006979 0.05989369
v -0.00201291 -0.00763385 0.05521228
v -0.00362220 -0.00651923 0.05634476
v -0.00470821 -0.00498873 0.05740089
v -0.00516290 -0.00327285 0.05835780
v -0.00497517 -0.00162476 0.05919476
v 0.00033763 -0.00815374 0.05402796
v 0.00034133 -0.00824296 0.05281743
v -0.00423203 -0.00028109 0.05989369
v -0.00162989 -0.00772470 0.05521228
v -0.00329274 -0.00669168 0.05634476
v -0.00445369 -0.00521721 0.05740089
v -0.00499334 -0.00352613 0.05835780
v -0.00488800 -0.00187073 0.05919476
v 0.00074364 -0.00812677 0.05402796
v 0.00075178 -0.00821570 0.05281743
v -0.00421276 -0.00049169 0.05989369
v -0.00124282 -0.00779634 0.05521228
v -0.00295510 -0.00684749 0.05634476
v -0.00418810 -0.00543273 0.05740089
v -0.00481137 -0.00377065 0.05835780
v -0.00478868 -0.00211205 0.05919476
v 0.00114780 -0.00807960 0.05402796
v 0.00116036 -0.00816801 0.05281743
v -0.00418301 -0.00070107 0.05989369
v -0.00085266 -0.00784860 0.05521228
v -0.00314620 0.00026261 0.06043944
v -0.00275474 0.00036895 0.06058517
v -0.00312920 0.00041910 0.06043944
v -0.00349611 0.00046825 0.06027535
v -0.00261010 -0.00698628 0.05634476
v -0.00391210 -0.00563473 0.05740089
v -0.00461744 -0.00400579 0.05835780
v -0.00467745 -0.00234812 0.05919476
v 0.00154911 -0.00801235 0.05402796
v 0.00156606 -0.00810002 0.05281743
v 0.00196787 -0.00801189 0.05281743
v -0.00414287 -0.00090871 0.05989369
v -0.00046038 -0.00788134 0.05521228
v -0.00315538 0.00010545 0.06043944
v -0.00225862 -0.00710770 0.05634476
v -0.00362637 -0.00582273 0.05740089
v -0.00441203 -0.00423097 0.05835780
v -0.00455459 -0.00257836 0.05919476
v 0.00194657 -0.00792517 0.05402796
v -0.00409242 -0.00111408 0.05989369
v -0.00006696 -0.00789449 0.05521228
v -0.00315671 -0.00005196 0.06043944
v -0.00190153 -0.00721144 0.05634476
v -0.00333162 -0.00599625 0.05740089
v -0.00419565 -0.00444563 0.05835780
v -0.00442041 -0.00280218 0.05919476
v 0.00233918 -0.00781829 0.05402796
v 0.00236478 -0.00790384 0.05281743
v -0.00403180 -0.00131669 0.05989369
v 0.00032663 -0.00788802 0.05521228
v -0.00315020 -0.00020924 0.06043944
v -0.00153970 -0.00729726 0.05634476
v -0.00302859 -0.00615486 0.05740089
v -0.00396884 -0.00464924 0.05835780
v -0.00427524 -0.00301903 0.05919476
v 0.00272598 -0.00769197 0.05402796
v 0.00275581 -0.00777614 0.05281743
v 0.00313999 -0.00762910 0.05281743
v -0.00396116 -0.00151602 0.05989369
v 0.00071941 -0.00786193 0.05521228
v -0.00313586 -0.00036601 0.06043944
v -0.00117405 -0.00736494 0.05634476
v -0.00271803 -0.00629817 0.05740089
v -0.00373216 -0.00484129 0.05835780
v -0.00411944 -0.00322839 0.05919476
v 0.00310601 -0.00754653 0.05402796
v 0.00351637 -0.00746310 0.05281743
v -0.00388067 -0.00171158 0.05989369
v 0.00111040 -0.00781630 0.05521228
v -0.00311371 -0.00052186 0.06043944
v -0.00080548 -0.00741431 0.05634476
v -0.00199764 0.00016673 0.06082019
v -0.00159525 0.00021365 0.06090891
v -0.00198685 0.00026610 0.06082019
v -0.00237365 0.00031791 0.06071219
v -0.00240072 -0.00642583 0.05740089
v -0.00348620 -0.00502130 0.05835780
v -0.00395340 -0.00342971 0.05919476
v 0.00347831 -0.00738233 0.05402796
v -0.00379053 -0.00190289 0.05989369
v 0.00149863 -0.00775123 0.05521228
v -0.00308383 -0.00067642 0.06043944
v -0.00043491 -0.00744524 0.05634476
v -0.00200347 0.00006695 0.06082019
v -0.00207743 -0.00653751 0.05740089
v -0.00323158 -0.00518884 0.05835780
v -0.00377753 -0.00362251 0.05919476
v 0.00384196 -0.00719977 0.05402796
v 0.00388400 -0.00727855 0.05281743
v 0.00424198 -0.00707590 0.05281743
v -0.00369097 -0.00208947 0.05989369
v 0.00188313 -0.00766690 0.05521228
v -0.00304628 -0.00082930 0.06043944
v -0.00006325 -0.00745766 0.05634476
v -0.00200432 -0.00003300 0.06082019
v -0.00174898 -0.00663293 0.05740089
v -0.00296892 -0.00534347 0.05835780
v -0.00359226 -0.00380630 0.05919476
v 0.00419607 -0.00699932 0.05402796
v -0.00358223 -0.00227085 0.05989369
v 0.00226295 -0.00756350 0.05521228
v -0.00300116 -0.00098011 0.06043944
v 0.00030856 -0.00745155 0.05634476
v -0.00200018 -0.00013286 0.06082019
v -0.00141619 -0.00671187 0.05740089
v -0.00269888 -0.00548481 0.05835780
v -0.00339807 -0.00398062 0.05919476
v 0.00453974 -0.00678146 0.05402796
v 0.00458941 -0.00685566 0.05281743
v -0.00346459 -0.00244658 0.05989369
v 0.00263715 -0.00744130 0.05521228
v -0.00294858 -0.00112849 0.06043944
v 0.00067960 -0.00742690 0.05634476
v -0.00199107 -0.00023240 0.06082019
v -0.00107987 -0.00677411 0.05740089
v -0.00242213 -0.00561252 0.05835780
v -0.00319543 -0.00414506 0.05919476
v 0.00487212 -0.00654674 0.05402796
v 0.00492543 -0.00661837 0.05281743
v -0.00333833 -0.00261624 0.05989369
v 0.00300479 -0.00730060 0.05521228
v -0.00288866 -0.00127406 0.06043944
v 0.00104896 -0.00738379 0.05634476
v -0.00197702 -0.00033136 0.06082019
v -0.00074086 -0.00681952 0.05740089
v -0.00080584 0.00006725 0.06102770
v -0.00040123 0.00005372 0.06105750
v -0.00080149 0.00010733 0.06102770
v -0.00119981 0.00016068 0.06097814
v -0.00213936 -0.00572628 0.05835780
v -0.00298484 -0.00429918 0.05919476
v 0.00519239 -0.00629575 0.05402796
v 0.00524921 -0.00636464 0.05281743
v -0.00320377 -0.00277939 0.05989369
v 0.00336496 -0.00714175 0.05521228
v -0.00282157 -0.00141646 0.06043944
v 0.00141570 -0.00732233 0.05634476
v -0.00195804 -0.00042949 0.06082019
v -0.00040002 -0.00684797 0.05740089
v -0.00080819 0.00002700 0.06102770
v -0.00185127 -0.00582580 0.05835780
v -0.00276684 -0.00444262 0.05919476
v 0.00549975 -0.00602910 0.05402796
v 0.00555993 -0.00609507 0.05281743
v -0.00306125 -0.00293563 0.05989369
v 0.00371676 -0.00696514 0.05521228
v -0.00274745 -0.00155534 0.06043944
v 0.00177893 -0.00724266 0.05634476
v -0.00193420 -0.00052656 0.06082019
v -0.00005818 -0.00685940 0.05740089
v -0.00080853 -0.00001332 0.06102770
v -0.00155858 -0.00591084 0.05835780
v -0.00254195 -0.00457501 0.05919476
v 0.00579344 -0.00574747 0.05402796
v 0.00585683 -0.00581036 0.05281743
v -0.00291112 -0.00308457 0.05989369
v 0.00405932 -0.00677122 0.05521228
v -0.00266651 -0.00169036 0.06043944
v 0.00213773 -0.00714499 0.05634476
v -0.00190555 -0.00062232 0.06082019
v 0.00028380 -0.00685377 0.05740089
v -0.00080687 -0.00005361 0.06102770
v -0.00126201 -0.00598118 0.05835780
v -0.00231075 -0.00469603 0.05919476
v 0.00607272 -0.00545154 0.05402796
v 0.00613917 -0.00551119 0.05281743
v -0.00275375 -0.00322584 0.05989369
v 0.00439179 -0.00656046 0.05521228
v -0.00257894 -0.00182117 0.06043944
v 0.00249122 -0.00702955 0.05634476
v -0.00187216 -0.00071653 0.06082019
v 0.00062508 -0.00683110 0.05740089
v -0.00080319 -0.00009376 0.06102770
v -0.00096231 -0.00603665 0.05835780
v -0.00207380 -0.00480538 0.05919476
v 0.00633691 -0.00514207 0.05402796
v 0.00640625 -0.00519833 0.05281743
v 0.00665740 -0.00487254 0.05281743
v -0.00258953 -0.00335910 0.05989369
v 0.00471334 -0.00633339 0.05521228
v -0.00248496 -0.00194746 0.06043944
v 0.00283852 -0.00689663 0.05634476
v -0.00183412 -0.00080895 0.06082019
v 0.00096481 -0.00679146 0.05740089
v -0.00079752 -0.00013368 0.06102770
v -0.00066021 -0.00607711 0.05835780
v -0.00183170 -0.00490277 0.05919476
v 0.00658534 -0.00481981 0.05402796
v -0.00241887 -0.00348400 0.05989369
v 0.00502318 -0.00609058 0.05521228
v -0.00238480 -0.00206890 0.06043944
v 0.00317876 -0.00674657 0.05634476
v -0.00179152 -0.00089937 0.06082019
v 0.00130213 -0.00673492 0.05740089
v -0.00078987 -0.00017327 0.06102770
v -0.00035647 -0.00610246 0.05835780
v -0.00158504 -0.00498798 0.05919476
v 0.00681741 -0.00448556 0.05402796
v 0.00689200 -0.00453464 0.05281743
v -0.00224220 -0.00360024 0.05989369
v 0.00532052 -0.00583262 0.05521228
v -0.00227871 -0.00218520 0.06043944
v 0.00351110 -0.00657973 0.05634476
v -0.00174446 -0.00098755 0.06082019
v 0.00163622 -0.00666164 0.05740089
v -0.00078025 -0.00021242 0.06102770
v -0.00005185 -0.00611265 0.05835780
v -0.00133444 -0.00506079 0.05919476
v 0.00703252 -0.00414017 0.05402796
v 0.00710947 -0.00418547 0.05281743
v -0.00205996 -0.00370753 0.05989369
v 0.00560464 -0.00556016 0.05521228
v -0.00216695 -0.00229607 0.06043944
v 0.00383470 -0.00639654 0.05634476
v -0.00169307 -0.00107328 0.06082019
v 0.00196624 -0.00657180 0.05740089
v -0.00076869 -0.00025105 0.06102770
v 0.00025291 -0.00610763 0.05835780
v -0.00108052 -0.00512101 0.05919476
v 0.00723014 -0.00378448 0.05402796
v 0.00730926 -0.00382589 0.05281743
v -0.00187260 -0.00380560 0.05989369
v 0.00587482 -0.00527388 0.05521228
v -0.00204981 -0.00240123 0.06043944
v 0.00414878 -0.00619745 0.05634476
v -0.00163747 -0.00115634 0.06082019
v 0.00229137 -0.00646562 0.05740089
v -0.00075522 -0.00028906 0.06102770
v 0.00055703 -0.00608743 0.05835780
v -0.00082392 -0.00516851 0.05919476
v 0.00740980 -0.00341938 0.05402796
v 0.00749087 -0.00345679 0.05281743
v -0.00168058 -0.00389421 0.05989369
v 0.00613040 -0.00497449 0.05521228
v -0.00192757 -0.00250042 0.06043944
v 0.00445254 -0.00598294 0.05634476
v -0.00157779 -0.00123652 0.06082019
v 0.00261081 -0.00634337 0.05740089
v -0.00073988 -0.00032634 0.06102770
v 0.00085977 -0.00605210 0.05835780
v -0.00056526 -0.00520315 0.05919476
v 0.00757103 -0.00304578 0.05402796
v 0.00765387 -0.00307911 0.05281743
v -0.00148438 -0.00397314 0.05989369
v 0.00637074 -0.00466273 0.05521228
v -0.00180054 -0.00259339 0.06043944
v 0.00474522 -0.00575356 0.05634476
v -0.00151420 -0.00131363 0.06082019
v 0.00292375 -0.00620535 0.05740089
v -0.00072269 -0.00036282 0.06102770
v 0.00116038 -0.00600172 0.05835780
v -0.00030521 -0.00522486 0.05919476
v 0.00771343 -0.00266461 0.05402796
v 0.00779783 -0.00269377 0.05281743
v -0.00128449 -0.00404219 0.05989369
v 0.00659523 -0.00433938 0.05521228
v -0.00166903 -0.00267992 0.06043944
v 0.00502612 -0.00550988 0.05634476
v -0.00144684 -0.00138748 0.06082019
v 0.00322943 -0.00605190 0.05740089
v -0.00070371 -0.00039839 0.06102770
v 0.00145809 -0.00593642 0.05835780
v -0.00004439 -0.00523358 0.05919476
v 0.00783666 -0.00227682 0.05402796
v 0.00792241 -0.00230173 0.05281743
v -0.00108141 -0.00410119 0.05989369
v 0.00680333 -0.00400524 0.05521228
v -0.00153338 -0.00275978 0.06043944
v 0.00529451 -0.00525250 0.05634476
v -0.00137588 -0.00145787 0.06082019
v 0.00352708 -0.00588340 0.05740089
v -0.00068298 -0.00043297 0.06102770
v 0.00175219 -0.00585636 0.05835780
v 0.00021654 -0.00522928 0.05919476
v 0.00794041 -0.00188336 0.05402796
v 0.00813760 -0.00108997 0.05362608
v -0.00087564 -0.00414999 0.05989369
v 0.00699452 -0.00366115 0.05521228
v -0.00139391 -0.00283278 0.06043944
v 0.00554975 -0.00498206 0.05634476
v -0.00130150 -0.00152464 0.06082019
v 0.00381595 -0.00570028 0.05740089
v -0.00066055 -0.00046647 0.06102770
v 0.00204192 -0.00576174 0.05835780
v 0.00047692 -0.00521199 0.05919476
v 0.00802442 -0.00148522 0.05402796
v 0.00808847 -0.00108339 0.05402796
v 0.00801986 -0.00107420 0.05442693
v -0.00066769 -0.00418848 0.05989369
v 0.00716832 -0.00330795 0.05521228
v -0.00125097 -0.00289874 0.06043944
v 0.00579118 -0.00469924 0.05634476
v -0.00122389 -0.00158762 0.06082019
v 0.00409534 -0.00550298 0.05740089
v -0.00063648 -0.00049882 0.06102770
v 0.00232658 -0.00565280 0.05835780
v 0.00073613 -0.00518174 0.05919476
v -0.00045808 -0.00421656 0.05989369
v 0.00732429 -0.00294652 0.05521228
v -0.00110493 -0.00295750 0.06043944
v 0.00601822 -0.00440473 0.05634476
v -0.00114323 -0.00164665 0.06082019
v 0.00436455 -0.00529200 0.05740089
v -0.00061082 -0.00052993 0.06102770
v 0.00260546 -0.00552980 0.05835780
v 0.00099350 -0.00513860 0.05919476
v -0.00024734 -0.00423415 0.05989369
v 0.00746206 -0.00257778 0.05521228
v -0.00095614 -0.00300890 0.06043944
v 0.00623029 -0.00409927 0.05634476
v -0.00105973 -0.00170159 0.06082019
v 0.00462291 -0.00506787 0.05740089
v -0.00058365 -0.00055971 0.06102770
v 0.00287786 -0.00539306 0.05835780
v 0.00124840 -0.00508269 0.05919476
v -0.00003597 -0.00424121 0.05989369
v 0.00758127 -0.00220262 0.05521228
v -0.00080497 -0.00305281 0.06043944
v 0.00642688 -0.00378362 0.05634476
v -0.00097360 -0.00175230 0.06082019
v 0.00486978 -0.00483114 0.05740089
v -0.00055503 -0.00058811 0.06102770
v 0.00314310 -0.00524290 0.05835780
v 0.00150020 -0.00501415 0.05919476
v 0.00017548 -0.00423774 0.05989369
v 0.00768164 -0.00182198 0.05521228
v 0.00793192 -0.00106242 0.05482202
v -0.00065180 -0.00308914 0.06043944
v 0.00660749 -0.00345856 0.05634476
v -0.00088505 -0.00179865 0.06082019
v 0.00510453 -0.00458239 0.05740089
v -0.00052502 -0.00061504 0.06102770
v 0.00340053 -0.00507971 0.05835780
v 0.00174827 -0.00493314 0.05919476
v 0.00038649 -0.00422372 0.05989369
v 0.00776291 -0.00143682 0.05521228
v 0.00782488 -0.00104809 0.05521228
v 0.00769898 -0.00103122 0.05559677
v -0.00049701 -0.00311779 0.06043944
v 0.00677167 -0.00312491 0.05634476
v -0.00079429 -0.00184053 0.06082019
v 0.00532660 -0.00432226 0.05740089
v -0.00049371 -0.00064045 0.06102770
v 0.00364950 -0.00490390 0.05835780
v 0.00199199 -0.00483986 0.05919476
v 0.00059655 -0.00419921 0.05989369
v -0.00034098 -0.00313869 0.06043944
v 0.00691901 -0.00278348 0.05634476
v -0.00070156 -0.00187783 0.06082019
v 0.00553543 -0.00405138 0.05740089
v -0.00046118 -0.00066426 0.06102770
v 0.00388940 -0.00471589 0.05835780
v 0.00223076 -0.00473455 0.05919476
v 0.00080512 -0.00416425 0.05989369
v -0.00018411 -0.00315179 0.06043944
v 0.00704916 -0.00243514 0.05634476
v -0.00060709 -0.00191047 0.06082019
v 0.00573049 -0.00377042 0.05740089
v -0.00042749 -0.00068643 0.06102770
v 0.00411964 -0.00451616 0.05835780
v 0.00246398 -0.00461747 0.05919476
v 0.00101168 -0.00411894 0.05989369
v -0.00002678 -0.00315704 0.06043944
v 0.00716178 -0.00208074 0.05634476
v -0.00051111 -0.00193835 0.06082019
v 0.00591130 -0.00348009 0.05740089
v -0.00039275 -0.00070688 0.06102770
v 0.00433963 -0.00430519 0.05835780
v 0.00269108 -0.00448891 0.05919476
v 0.00121574 -0.00406339 0.05989369
v 0.00013062 -0.00315445 0.06043944
v 0.00725659 -0.00172117 0.05634476
v 0.00755454 -0.00101188 0.05597457
v 0.00721145 -0.00096592 0.05670645
v 0.00701363 -0.00093943 0.05705878
v -0.00041385 -0.00196142 0.06082019
v 0.00607742 -0.00318111 0.05740089
v -0.00035702 -0.00072558 0.06102770
v 0.00454883 -0.00408353 0.05835780
v 0.00291149 -0.00434919 0.05919476
v 0.00141677 -0.00399774 0.05989369
v 0.00028769 -0.00314402 0.06043944
v 0.00733336 -0.00135732 0.05634476
v 0.00739190 -0.00099009 0.05634476
v -0.00031557 -0.00197961 0.06082019
v 0.00622843 -0.00287422 0.05740089
v -0.00032041 -0.00074247 0.06102770
v 0.00474672 -0.00385171 0.05835780
v 0.00312466 -0.00419866 0.05919476
v 0.00161428 -0.00392215 0.05989369
v 0.00044405 -0.00312577 0.06043944
v -0.00021650 -0.00199288 0.06082019
v 0.00636396 -0.00256019 0.05740089
v -0.00028301 -0.00075752 0.06102770
v 0.00493281 -0.00361032 0.05835780
v 0.00333006 -0.00403769 0.05919476
v 0.00180777 -0.00383681 0.05989369
v 0.00059930 -0.00309976 0.06043944
v -0.00011690 -0.00200120 0.06082019
v 0.00648366 -0.00223979 0.05740089
v -0.00024490 -0.00077069 0.06102770
v 0.00510664 -0.00335995 0.05835780
v 0.00352718 -0.00386668 0.05919476
v 0.00199678 -0.00374193 0.05989369
v 0.00075307 -0.00306603 0.06043944
v -0.00001700 -0.00200453 0.06082019
v 0.00658724 -0.00191382 0.05740089
v -0.00020618 -0.00078194 0.06102770
v 0.00526777 -0.00310123 0.05835780
v 0.00371553 -0.00368606 0.05919476
v 0.00218081 -0.00363775 0.05989369
v 0.00090496 -0.00302468 0.06043944
v 0.00008293 -0.00200289 0.06082019
v 0.00667445 -0.00158309 0.05740089
v -0.00016695 -0.00079124 0.06102770
v 0.00541580 -0.00283480 0.05835780
v 0.00389465 -0.00349627 0.05919476
v 0.00235943 -0.00352452 0.05989369
v 0.00105460 -0.00297581 0.06043944
v 0.00018267 -0.00199627 0.06082019
v 0.00674506 -0.00124843 0.05740089
v 0.00679891 -0.00091067 0.05740089
v 0.00656781 -0.00087971 0.05773195
v -0.00012730 -0.00079858 0.06102770
v 0.00555037 -0.00256132 0.05835780
v 0.00406408 -0.00329779 0.05919476
v 0.00253218 -0.00340253 0.05989369
v 0.00120162 -0.00291954 0.06043944
v 0.00028194 -0.00198468 0.06082019
v -0.00008734 -0.00080393 0.06102770
v 0.00567114 -0.00228147 0.05835780
v 0.00422341 -0.00309112 0.05919476
v 0.00269863 -0.00327209 0.05989369
v 0.00134565 -0.00285602 0.06043944
v 0.00038052 -0.00196816 0.06082019
v -0.00004716 -0.00080729 0.06102770
v 0.00577781 -0.00199596 0.05835780
v 0.00437224 -0.00287675 0.05919476
v 0.00285837 -0.00313350 0.05989369
v 0.00148634 -0.00278539 0.06043944
v 0.00047815 -0.00194674 0.06082019
v -0.00000686 -0.00080863 0.06102770
v 0.00587012 -0.00170547 0.05835780
v 0.00451020 -0.00265524 0.05919476
v 0.00301101 -0.00298713 0.05989369
v 0.00162333 -0.00270784 0.06043944
v 0.00057459 -0.00192049 0.06082019
v 0.00003345 -0.00080797 0.06102770
v 0.00594783 -0.00141075 0.05835780
v 0.00632089 -0.00084664 0.05805118
v 0.00463694 -0.00242713 0.05919476
v 0.00315616 -0.00283333 0.05989369
v 0.00175629 -0.00262356 0.06043944
v 0.00066961 -0.00188946 0.06082019
v 0.00007369 -0.00080530 0.06102770
v 0.00601076 -0.00111252 0.05835780
v 0.00605874 -0.00081153 0.05835780
v 0.00578199 -0.00077446 0.05865106
v 0.00475216 -0.00219298 0.05919476
v 0.00329347 -0.00267249 0.05989369
v 0.00188488 -0.00253275 0.06043944
v 0.00076295 -0.00185374 0.06082019
v 0.00011373 -0.00080062 0.06102770
v 0.00485556 -0.00195337 0.05919476
v 0.00342259 -0.00250500 0.05989369
v 0.00200878 -0.00243565 0.06043944
v 0.00085441 -0.00181340 0.06082019
v 0.00015350 -0.00079396 0.06102770
v 0.00494689 -0.00170891 0.05919476
v 0.00354320 -0.00233128 0.05989369
v 0.00212769 -0.00233250 0.06043944
v 0.00094373 -0.00176856 0.06082019
v 0.00019288 -0.00078532 0.06102770
v 0.00502592 -0.00146021 0.05919476
v 0.00365499 -0.00215177 0.05989369
v 0.00224131 -0.00222354 0.06043944
v 0.00103072 -0.00171932 0.06082019
v 0.00023179 -0.00077473 0.06102770
v 0.00509246 -0.00120787 0.05919476
v 0.00549132 -0.00073553 0.05893028
v 0.00487102 -0.00065245 0.05944389
v 0.00454288 -0.00060849 0.05967706
v 0.00375771 -0.00196691 0.05989369
v 0.00234936 -0.00210906 0.06043944
v 0.00111513 -0.00166581 0.06082019
v 0.00027011 -0.00076221 0.06102770
v 0.00514634 -0.00095253 0.05919476
v 0.00518742 -0.00069482 0.05919476
v 0.00385108 -0.00177716 0.05989369
v 0.00245156 -0.00198933 0.06043944
v 0.00119678 -0.00160815 0.06082019
v 0.00030777 -0.00074780 0.06102770
v 0.00393487 -0.00158299 0.05989369
v 0.00254768 -0.00186465 0.06043944
v 0.00127545 -0.00154649 0.06082019
v 0.00034466 -0.00073153 0.06102770
v 0.00400889 -0.00138488 0.05989369
v 0.00263745 -0.00173535 0.06043944
v 0.00135095 -0.00148100 0.06082019
v 0.00038070 -0.00071344 0.06102770
v 0.00407293 -0.00118334 0.05989369
v 0.00272067 -0.00160172 0.06043944
v 0.00142309 -0.00141182 0.06082019
v 0.00041578 -0.00069358 0.06102770
v 0.00412685 -0.00097884 0.05989369
v 0.00279713 -0.00146412 0.06043944
v 0.00149170 -0.00133913 0.06082019
v 0.00044984 -0.00067199 0.06102770
v 0.00417051 -0.00077192 0.05989369
v 0.00420381 -0.00056308 0.05989369
v 0.00385460 -0.00051631 0.06009329
v 0.00286663 -0.00132287 0.06043944
v 0.00155659 -0.00126311 0.06082019
v 0.00048277 -0.00064873 0.06102770
v 0.00292901 -0.00117834 0.06043944
v 0.00161761 -0.00118395 0.06082019
v 0.00051451 -0.00062386 0.06102770
v 0.00298410 -0.00103087 0.06043944
v 0.00167462 -0.00110184 0.06082019
v 0.00054497 -0.00059744 0.06102770
v 0.00303177 -0.00088085 0.06043944
v 0.00172746 -0.00101700 0.06082019
v 0.00057407 -0.00056953 0.06102770
v 0.00307191 -0.00072863 0.06043944
v 0.00349611 -0.00046829 0.06027535
v 0.00177600 -0.00092963 0.06082019
v 0.00060174 -0.00054021 0.06102770
v 0.00310441 -0.00057460 0.06043944
v 0.00312919 -0.00041914 0.06043944
v 0.00275474 -0.00036899 0.06058517
v 0.00182013 -0.00083995 0.06082019
v 0.00062792 -0.00050954 0.06102770
v 0.00185974 -0.00074818 0.06082019
v 0.00065254 -0.00047761 0.06102770
v 0.00189472 -0.00065455 0.06082019
v 0.00067553 -0.00044449 0.06102770
v 0.00192499 -0.00055929 0.06082019
v 0.00069685 -0.00041027 0.06102770
v 0.00195047 -0.00046264 0.06082019
v 0.00237365 -0.00031795 0.06071219
v 0.00071643 -0.00037502 0.06102770
v 0.00197111 -0.00036484 0.06082019
v 0.00198684 -0.00026614 0.06082019
v 0.00159525 -0.00021369 0.06090891
v 0.00073423 -0.00033884 0.06102770
v 0.00075021 -0.00030182 0.06102770
v 0.00076432 -0.00026405 0.06102770
v 0.00077653 -0.00022563 0.06102770
v 0.00078681 -0.00018664 0.06102770
v 0.00119981 -0.00016072 0.06097814
v 0.00040122 -0.00005376 0.06105750
v 0.00079513 -0.00014719 0.06102770
v 0.00080148 -0.00010737 0.06102770
v 0.00816838 -0.00109409 0.05319554
v 0.00821991 -0.00070400 0.05281743
v 0.00824413 -0.00031115 0.05281743
v 0.00814262 -0.00109064 0.05357285
v 0.00824959 0.00008241 0.05281743
v -0.00816768 0.00109396 0.05321092
v -0.00795369 0.00219117 0.05281743
v -0.00804915 0.00180933 0.05281743
v -0.00812092 0.00145367 0.05281743
v -0.00813978 0.00109022 0.05360350
v -0.00000000 -0.00000002 0.06106743
v -0.00037476 0.00005018 0.06105876
v 0.00813584 -0.00069680 0.05399429
v 0.00803424 -0.00107613 0.05435219
v 0.00809765 -0.00108462 0.05396382
v 0.00815982 -0.00030797 0.05399429
v 0.00795254 -0.00106518 0.05473705
v 0.00816522 0.00008156 0.05399429
v 0.00815204 0.00047091 0.05399429
v 0.00823627 0.00047578 0.05281743
v 0.00812030 0.00085918 0.05399429
v 0.00820420 0.00086806 0.05281743
v 0.00807008 0.00124550 0.05399429
v 0.00815346 0.00125837 0.05281743
v 0.00808416 0.00164582 0.05281743
v 0.00788537 -0.00067535 0.05514710
v 0.00773508 -0.00103606 0.05549281
v 0.00785275 -0.00105182 0.05511755
v 0.00800149 0.00162899 0.05399429
v 0.00790861 -0.00029849 0.05514710
v 0.00759980 -0.00101794 0.05586199
v 0.00791469 0.00200876 0.05399429
v 0.00799646 0.00202952 0.05281743
v 0.00791384 0.00007905 0.05514710
v 0.00780987 0.00238396 0.05399429
v 0.00789057 0.00240860 0.05281743
v 0.00790106 0.00045641 0.05514710
v 0.00768728 0.00275374 0.05399429
v 0.00776671 0.00278219 0.05281743
v 0.00787030 0.00083273 0.05514710
v 0.00754719 0.00311725 0.05399429
v 0.00762517 0.00314946 0.05281743
v 0.00782163 0.00120716 0.05514710
v 0.00747361 -0.00064008 0.05625224
v 0.00727770 -0.00097480 0.05657872
v 0.00744723 -0.00099750 0.05622423
v 0.00738992 0.00347367 0.05399429
v 0.00746628 0.00350956 0.05281743
v 0.00729039 0.00386167 0.05281743
v 0.00775515 0.00157883 0.05514710
v 0.00749564 -0.00028290 0.05625224
v 0.00709162 -0.00094987 0.05692465
v 0.00721584 0.00382217 0.05399429
v 0.00709791 0.00420499 0.05281743
v 0.00767102 0.00194692 0.05514710
v 0.00750060 0.00007492 0.05625224
v 0.00702533 0.00416198 0.05399429
v 0.00756943 0.00231057 0.05514710
v 0.00748849 0.00043258 0.05625224
v 0.00681882 0.00449232 0.05399429
v 0.00688928 0.00453874 0.05281743
v 0.00666496 0.00486215 0.05281743
v 0.00745062 0.00266896 0.05514710
v 0.00745933 0.00078925 0.05625224
v 0.00659680 0.00481243 0.05399429
v 0.00731484 0.00302128 0.05514710
v 0.00741320 0.00114412 0.05625224
v 0.00690899 -0.00059173 0.05728713
v 0.00667148 -0.00089360 0.05758769
v 0.00688939 -0.00092279 0.05726123
v 0.00635977 0.00512158 0.05399429
v 0.00642548 0.00517450 0.05281743
v 0.00617137 0.00547508 0.05281743
v 0.00716241 0.00336672 0.05514710
v 0.00735019 0.00149639 0.05625224
v 0.00692935 -0.00026153 0.05728713
v 0.00643838 -0.00086238 0.05790330
v 0.00610825 0.00541908 0.05399429
v 0.00699369 0.00370450 0.05514710
v 0.00727046 0.00184525 0.05625224
v 0.00693394 0.00006926 0.05728713
v 0.00584284 0.00570425 0.05399429
v 0.00590321 0.00576319 0.05281743
v 0.00680904 0.00403385 0.05514710
v 0.00717417 0.00218992 0.05625224
v 0.00692274 0.00039989 0.05728713
v 0.00556413 0.00597643 0.05399429
v 0.00562162 0.00603818 0.05281743
v 0.00532723 0.00629943 0.05281743
v 0.00660890 0.00435402 0.05514710
v 0.00706156 0.00252960 0.05625224
v 0.00689579 0.00072962 0.05728713
v 0.00527275 0.00623501 0.05399429
v 0.00639371 0.00466427 0.05514710
v 0.00693287 0.00286352 0.05625224
v 0.00685314 0.00105768 0.05728713
v 0.00496937 0.00647940 0.05399429
v 0.00502071 0.00654635 0.05281743
v 0.00620305 -0.00053127 0.05823060
v 0.00592879 -0.00079412 0.05849910
v 0.00619063 -0.00082919 0.05820734
v 0.00616397 0.00496391 0.05514710
v 0.00678841 0.00319092 0.05625224
v 0.00679489 0.00138334 0.05728713
v 0.00465468 0.00670904 0.05399429
v 0.00470277 0.00677836 0.05281743
v 0.00622133 -0.00023481 0.05823060
v 0.00565345 -0.00075725 0.05877793
v 0.00592020 0.00525225 0.05514710
v 0.00662849 0.00351106 0.05625224
v 0.00672118 0.00170584 0.05728713
v 0.00432939 0.00692341 0.05399429
v 0.00437413 0.00699494 0.05281743
v 0.00622545 0.00006218 0.05823060
v 0.00566296 0.00552864 0.05514710
v 0.00645349 0.00382321 0.05625224
v 0.00663217 0.00202447 0.05728713
v 0.00399425 0.00712202 0.05399429
v 0.00403553 0.00719561 0.05281743
v 0.00621540 0.00035903 0.05823060
v 0.00539283 0.00579244 0.05514710
v 0.00626379 0.00412666 0.05625224
v 0.00652807 0.00233848 0.05728713
v 0.00365002 0.00730442 0.05399429
v 0.00368774 0.00737989 0.05281743
v 0.00619120 0.00065507 0.05823060
v 0.00511042 0.00604306 0.05514710
v 0.00605984 0.00442071 0.05625224
v 0.00640910 0.00264718 0.05728713
v 0.00329749 0.00747019 0.05399429
v 0.00333156 0.00754738 0.05281743
v 0.00615291 0.00094961 0.05823060
v 0.00481638 0.00627992 0.05514710
v 0.00537024 -0.00045994 0.05906335
v 0.00506484 -0.00067840 0.05929429
v 0.00536525 -0.00071864 0.05904320
v 0.00584210 0.00470470 0.05625224
v 0.00627555 0.00294985 0.05728713
v 0.00293744 0.00761896 0.05399429
v 0.00296780 0.00769769 0.05281743
v 0.00610062 0.00124199 0.05823060
v 0.00451138 0.00650249 0.05514710
v 0.00538607 -0.00020329 0.05906335
v 0.00475289 -0.00063662 0.05953064
v 0.00561106 0.00497799 0.05625224
v 0.00612772 0.00324580 0.05728713
v 0.00257071 0.00775039 0.05399429
v 0.00259728 0.00783047 0.05281743
v 0.00603444 0.00153154 0.05823060
v 0.00419611 0.00671026 0.05514710
v 0.00538963 0.00005383 0.05906335
v 0.00536725 0.00523994 0.05625224
v 0.00596593 0.00353437 0.05728713
v 0.00219813 0.00786418 0.05399429
v 0.00222085 0.00794544 0.05281743
v 0.00595452 0.00181761 0.05823060
v 0.00387129 0.00690275 0.05514710
v 0.00538093 0.00031083 0.05906335
v 0.00511122 0.00548997 0.05625224
v 0.00579057 0.00381489 0.05728713
v 0.00182055 0.00796007 0.05399429
v 0.00183936 0.00804232 0.05281743
v 0.00145369 0.00812090 0.05281743
v 0.00586105 0.00209955 0.05823060
v 0.00353765 0.00707954 0.05514710
v 0.00535998 0.00056711 0.05906335
v 0.00484356 0.00572750 0.05625224
v 0.00560203 0.00408673 0.05728713
v 0.00143882 0.00803784 0.05399429
v 0.00106471 0.00818099 0.05281743
v 0.00575424 0.00237670 0.05823060
v 0.00319597 0.00724021 0.05514710
v 0.00532683 0.00082211 0.05906335
v 0.00456488 0.00595199 0.05625224
v 0.00442759 -0.00037921 0.05976834
v 0.00409729 -0.00054881 0.05995701
v 0.00443013 -0.00059339 0.05975172
v 0.00540074 0.00434927 0.05728713
v 0.00105382 0.00809732 0.05399429
v 0.00563434 0.00264844 0.05823060
v 0.00284701 0.00738440 0.05514710
v 0.00528156 0.00107524 0.05906335
v 0.00427580 0.00616294 0.05625224
v 0.00444063 -0.00016761 0.05976834
v 0.00375512 -0.00050298 0.06014604
v 0.00518715 0.00460190 0.05728713
v 0.00066642 0.00813837 0.05399429
v 0.00067331 0.00822246 0.05281743
v 0.00028037 0.00824521 0.05281743
v 0.00550161 0.00291415 0.05823060
v 0.00249157 0.00751179 0.05514710
v 0.00522426 0.00132592 0.05906335
v 0.00397699 0.00635986 0.05625224
v 0.00444357 0.00004438 0.05976834
v 0.00496176 0.00484407 0.05728713
v 0.00027750 0.00816089 0.05399429
v 0.00535636 0.00317324 0.05823060
v 0.00213046 0.00762207 0.05514710
v 0.00515508 0.00157358 0.05906335
v 0.00366914 0.00654231 0.05625224
v 0.00443640 0.00025626 0.05976834
v 0.00472508 0.00507521 0.05728713
v -0.00011205 0.00816484 0.05399429
v -0.00011320 0.00824920 0.05281743
v 0.00519891 0.00342510 0.05823060
v 0.00176450 0.00771501 0.05514710
v 0.00507416 0.00181766 0.05906335
v 0.00335292 0.00670986 0.05625224
v 0.00441913 0.00046756 0.05976834
v 0.00447764 0.00529479 0.05728713
v -0.00050134 0.00815020 0.05399429
v -0.00050652 0.00823442 0.05281743
v -0.00089868 0.00820089 0.05281743
v 0.00502963 0.00366916 0.05823060
v 0.00139453 0.00779039 0.05514710
v 0.00498169 0.00205760 0.05906335
v 0.00302908 0.00686214 0.05625224
v 0.00439180 0.00067780 0.05976834
v 0.00422001 0.00550233 0.05728713
v 0.00339437 -0.00029072 0.06033117
v 0.00304594 -0.00040799 0.06047369
v 0.00340440 -0.00045601 0.06031841
v -0.00088949 0.00811702 0.05399429
v 0.00484891 0.00390487 0.05823060
v 0.00102138 0.00784803 0.05514710
v 0.00487788 0.00229286 0.05906335
v 0.00269835 0.00699880 0.05625224
v 0.00435447 0.00088650 0.05976834
v 0.00395277 0.00569734 0.05728713
v 0.00340437 -0.00012850 0.06033117
v 0.00268054 -0.00035905 0.06061155
v -0.00127562 0.00806536 0.05399429
v -0.00128880 0.00814869 0.05281743
v 0.00465715 0.00413170 0.05823060
v 0.00064590 0.00788782 0.05514710
v 0.00476297 0.00252290 0.05906335
v 0.00236147 0.00711953 0.05625224
v 0.00430723 0.00109317 0.05976834
v 0.00367654 0.00587938 0.05728713
v 0.00340663 0.00003402 0.06033117
v -0.00165885 0.00799534 0.05399429
v -0.00167599 0.00807795 0.05281743
v -0.00205936 0.00798882 0.05281743
v 0.00445479 0.00434912 0.05823060
v 0.00026896 0.00790965 0.05514710
v 0.00463722 0.00274720 0.05906335
v 0.00201921 0.00722406 0.05625224
v 0.00425019 0.00129736 0.05976834
v 0.00339194 0.00604804 0.05728713
v 0.00340113 0.00019646 0.06033117
v -0.00203830 0.00790712 0.05399429
v 0.00424229 0.00455664 0.05823060
v -0.00010860 0.00791347 0.05514710
v 0.00450091 0.00296525 0.05906335
v 0.00167236 0.00731215 0.05625224
v 0.00418347 0.00149860 0.05976834
v 0.00309962 0.00620294 0.05728713
v 0.00338789 0.00035845 0.06033117
v -0.00241311 0.00780090 0.05399429
v -0.00243804 0.00788151 0.05281743
v 0.00402013 0.00475379 0.05823060
v -0.00048591 0.00789929 0.05514710
v 0.00435436 0.00317654 0.05906335
v 0.00132171 0.00738359 0.05625224
v 0.00410724 0.00169642 0.05976834
v 0.00280024 0.00634371 0.05728713
v 0.00336693 0.00051963 0.06033117
v -0.00278242 0.00767693 0.05399429
v -0.00281117 0.00775626 0.05281743
v -0.00317791 0.00761335 0.05281743
v 0.00378882 0.00494012 0.05823060
v 0.00229173 -0.00019629 0.06074030
v 0.00193228 -0.00025883 0.06083378
v 0.00230904 -0.00030929 0.06073167
v -0.00086211 0.00786712 0.05514710
v 0.00419790 0.00338061 0.05906335
v 0.00096804 0.00743822 0.05625224
v 0.00402165 0.00189039 0.05976834
v 0.00249449 0.00647005 0.05728713
v 0.00333832 0.00067962 0.06033117
v -0.00314541 0.00753549 0.05399429
v 0.00354889 0.00511520 0.05823060
v 0.00229848 -0.00008676 0.06074030
v 0.00155113 -0.00020778 0.06091763
v -0.00123635 0.00781705 0.05514710
v 0.00403189 0.00357698 0.05906335
v 0.00061218 0.00747593 0.05625224
v 0.00392691 0.00208005 0.05976834
v 0.00218306 0.00658166 0.05728713
v 0.00330210 0.00083807 0.06033117
v -0.00350123 0.00737689 0.05399429
v -0.00353741 0.00745312 0.05281743
v 0.00330088 0.00527864 0.05823060
v 0.00230000 0.00002296 0.06074030
v -0.00160778 0.00774919 0.05514710
v 0.00385669 0.00376521 0.05906335
v 0.00025492 0.00749662 0.05625224
v 0.00382323 0.00226497 0.05976834
v 0.00186666 0.00667829 0.05728713
v 0.00325837 0.00099461 0.06033117
v -0.00384909 0.00720151 0.05399429
v -0.00388886 0.00727592 0.05281743
v 0.00304536 0.00543007 0.05823060
v 0.00229629 0.00013263 0.06074030
v -0.00197554 0.00766369 0.05514710
v 0.00367272 0.00394487 0.05906335
v -0.00010293 0.00750025 0.05625224
v 0.00371086 0.00244474 0.05976834
v 0.00154602 0.00675972 0.05728713
v 0.00320723 0.00114888 0.06033117
v -0.00418818 0.00700973 0.05399429
v -0.00423146 0.00708216 0.05281743
v 0.00278291 0.00556914 0.05823060
v 0.00228735 0.00024200 0.06074030
v -0.00233882 0.00756074 0.05514710
v 0.00348039 0.00411555 0.05906335
v -0.00046053 0.00748680 0.05625224
v 0.00359003 0.00261895 0.05976834
v 0.00122185 0.00682577 0.05728713
v 0.00314878 0.00130054 0.06033117
v -0.00451775 0.00680200 0.05399429
v -0.00456443 0.00687228 0.05281743
v 0.00251412 0.00569553 0.05823060
v 0.00227320 0.00035082 0.06074030
v -0.00269676 0.00744059 0.05514710
v 0.00328014 0.00427686 0.05906335
v 0.00114221 -0.00009784 0.06098740
v 0.00077911 -0.00010438 0.06102990
v 0.00116645 -0.00015625 0.06098306
v -0.00081709 0.00745632 0.05625224
v 0.00346103 0.00278720 0.05976834
v 0.00089491 0.00687627 0.05728713
v 0.00308316 0.00144924 0.06033117
v -0.00483703 0.00657879 0.05399429
v -0.00488701 0.00664676 0.05281743
v 0.00223961 0.00580896 0.05823060
v 0.00225388 0.00045884 0.06074030
v -0.00304857 0.00730350 0.05514710
v 0.00307242 0.00442844 0.05906335
v 0.00114558 -0.00004325 0.06098740
v 0.00039000 -0.00005226 0.06105805
v -0.00117179 0.00740886 0.05625224
v 0.00332416 0.00294910 0.05976834
v 0.00056593 0.00691113 0.05728713
v 0.00301053 0.00159465 0.06033117
v -0.00514530 0.00634060 0.05399429
v -0.00519846 0.00640611 0.05281743
v 0.00196000 0.00590917 0.05823060
v 0.00222943 0.00056582 0.06074030
v -0.00339344 0.00714979 0.05514710
v 0.00285771 0.00456994 0.05906335
v 0.00114633 0.00001143 0.06098740
v -0.00152382 0.00734454 0.05625224
v 0.00317972 0.00310429 0.05976834
v 0.00023566 0.00693026 0.05728713
v 0.00293105 0.00173642 0.06033117
v -0.00544186 0.00608798 0.05399429
v -0.00549808 0.00615088 0.05281743
v 0.00167593 0.00599592 0.05823060
v 0.00219991 0.00067151 0.06074030
v -0.00373059 0.00697980 0.05514710
v 0.00263649 0.00470104 0.05906335
v 0.00114448 0.00006609 0.06098740
v -0.00187239 0.00726350 0.05625224
v 0.00302804 0.00325241 0.05976834
v -0.00009515 0.00693361 0.05728713
v 0.00284490 0.00187424 0.06033117
v -0.00572603 0.00582150 0.05399429
v -0.00578519 0.00588165 0.05281743
v -0.00605914 0.00559903 0.05281743
v 0.00138805 0.00606904 0.05823060
v 0.00216538 0.00077567 0.06074030
v -0.00405925 0.00679393 0.05514710
v 0.00240928 0.00482143 0.05906335
v 0.00114003 0.00012061 0.06098740
v -0.00221669 0.00716593 0.05625224
v 0.00286947 0.00339313 0.05976834
v -0.00042574 0.00692118 0.05728713
v 0.00275227 0.00200779 0.06033117
v -0.00599717 0.00554177 0.05399429
v 0.00109701 0.00612833 0.05823060
v 0.00212591 0.00087806 0.06074030
v -0.00437866 0.00659259 0.05514710
v 0.00217658 0.00493086 0.05906335
v 0.00113298 0.00017484 0.06098740
v -0.00255594 0.00705205 0.05625224
v 0.00270437 0.00352613 0.05976834
v -0.00075536 0.00689300 0.05728713
v 0.00265337 0.00213678 0.06033117
v -0.00625466 0.00524943 0.05399429
v -0.00631929 0.00530367 0.05281743
v 0.00080347 0.00617368 0.05823060
v 0.00208162 0.00097846 0.06074030
v -0.00468811 0.00637625 0.05514710
v 0.00193892 0.00502906 0.05906335
v 0.00112335 0.00022868 0.06098740
v -0.00288938 0.00692212 0.05625224
v 0.00253311 0.00365110 0.05976834
v -0.00108326 0.00684913 0.05728713
v 0.00254844 0.00226090 0.06033117
v -0.00649791 0.00494514 0.05399429
v -0.00656505 0.00499624 0.05281743
v -0.00679588 0.00467743 0.05281743
v 0.00050810 0.00620497 0.05823060
v 0.00203258 0.00107663 0.06074030
v -0.00498689 0.00614539 0.05514710
v 0.00169686 0.00511581 0.05906335
v 0.00111116 0.00028200 0.06098740
v -0.00321624 0.00677644 0.05625224
v 0.00235609 0.00376776 0.05976834
v -0.00140870 0.00678967 0.05728713
v 0.00243770 0.00237987 0.06033117
v -0.00672638 0.00462960 0.05399429
v 0.00021158 0.00622215 0.05823060
v 0.00197891 0.00117235 0.06074030
v -0.00527432 0.00590055 0.05514710
v 0.00145093 0.00519092 0.05906335
v 0.00109645 0.00033467 0.06098740
v -0.00353579 0.00661533 0.05625224
v 0.00217370 0.00387585 0.05976834
v -0.00173093 0.00671475 0.05728713
v 0.00232142 0.00249343 0.06033117
v -0.00693953 0.00430352 0.05399429
v -0.00701123 0.00434798 0.05281743
v -0.00008543 0.00622516 0.05823060
v 0.00192075 0.00126540 0.06074030
v -0.00554975 0.00564228 0.05514710
v 0.00120169 0.00525421 0.05906335
v 0.00107924 0.00038659 0.06098740
v -0.00384728 0.00643916 0.05625224
v 0.00198637 0.00397511 0.05976834
v -0.00204922 0.00662456 0.05728713
v 0.00219985 0.00260131 0.06033117
v -0.00713689 0.00396764 0.05399429
v -0.00721063 0.00400864 0.05281743
v -0.00739362 0.00366016 0.05281743
v -0.00038224 0.00621400 0.05823060
v 0.00185821 0.00135556 0.06074030
v -0.00581254 0.00537116 0.05514710
v 0.00094973 0.00530555 0.05906335
v 0.00105957 0.00043762 0.06098740
v -0.00415002 0.00624834 0.05625224
v 0.00179452 0.00406533 0.05976834
v -0.00236285 0.00651928 0.05728713
v 0.00207328 0.00270327 0.06033117
v -0.00731800 0.00362273 0.05399429
v -0.00067818 0.00618870 0.05823060
v 0.00179144 0.00144265 0.06074030
v -0.00606210 0.00508782 0.05514710
v 0.00069560 0.00534481 0.05906335
v 0.00103749 0.00048766 0.06098740
v -0.00444331 0.00604329 0.05625224
v -0.00742207 0.00340444 0.05399429
v -0.00755978 0.00330336 0.05281743
v 0.00159858 0.00414629 0.05976834
v -0.00267109 0.00639917 0.05728713
v 0.00194199 0.00279908 0.06033117
v -0.00748246 0.00326958 0.05399429
v -0.00097258 0.00614931 0.05823060
v 0.00172059 0.00152645 0.06074030
v -0.00629787 0.00479290 0.05514710
v 0.00043989 0.00537190 0.05906335
v 0.00101305 0.00053659 0.06098740
v -0.00472649 0.00582449 0.05625224
v 0.00139900 0.00421781 0.05976834
v -0.00297326 0.00626449 0.05728713
v 0.00180627 0.00288852 0.06033117
v -0.00762989 0.00290898 0.05399429
v -0.00770873 0.00293904 0.05281743
v -0.00126476 0.00609592 0.05823060
v 0.00164583 0.00160678 0.06074030
v -0.00651930 0.00448707 0.05514710
v 0.00018317 0.00538677 0.05906335
v 0.00098630 0.00058429 0.06098740
v -0.00499891 0.00559243 0.05625224
v 0.00119624 0.00427974 0.05976834
v -0.00326866 0.00611555 0.05728713
v 0.00166645 0.00297138 0.06033117
v -0.00775995 0.00254176 0.05399429
v -0.00784013 0.00256803 0.05281743
v -0.00155407 0.00602866 0.05823060
v 0.00156732 0.00168345 0.06074030
v -0.00672589 0.00417103 0.05514710
v -0.00007396 0.00538937 0.05906335
v 0.00095731 0.00063067 0.06098740
v -0.00525995 0.00534765 0.05625224
v 0.00099076 0.00433192 0.05976834
v -0.00355662 0.00595269 0.05728713
v 0.00152283 0.00304748 0.06033117
v -0.00787235 0.00216876 0.05399429
v -0.00802851 0.00107532 0.05438242
v -0.00794539 0.00106419 0.05476698
v -0.00183984 0.00594768 0.05823060
v 0.00148524 0.00175628 0.06074030
v -0.00691717 0.00384549 0.05514710
v -0.00033092 0.00537971 0.05906335
v 0.00092614 0.00067561 0.06098740
v -0.00550902 0.00509069 0.05625224
v 0.00078302 0.00437425 0.05976834
v -0.00383649 0.00577628 0.05728713
v 0.00137575 0.00311664 0.06033117
v -0.00796683 0.00179082 0.05399429
v -0.00212142 0.00585316 0.05823060
v 0.00139979 0.00182512 0.06074030
v -0.00709271 0.00351120 0.05514710
v -0.00058713 0.00535781 0.05906335
v 0.00089286 0.00071902 0.06098740
v -0.00574555 0.00482214 0.05625224
v 0.00057350 0.00440662 0.05976834
v -0.00410762 0.00558673 0.05728713
v -0.00719357 0.00329963 0.05514710
v -0.00803787 0.00143881 0.05399429
v -0.00809336 0.00108400 0.05399429
v 0.00122554 0.00317871 0.06033117
v -0.00239817 0.00574532 0.05823060
v 0.00131114 0.00188981 0.06074030
v -0.00725211 0.00316892 0.05514710
v -0.00084200 0.00532371 0.05906335
v 0.00085755 0.00076078 0.06098740
v -0.00596900 0.00454262 0.05625224
v 0.00036267 0.00442895 0.05976834
v -0.00436941 0.00538446 0.05728713
v 0.00107253 0.00323355 0.06033117
v -0.00266946 0.00562440 0.05823060
v 0.00121952 0.00195019 0.06074030
v -0.00739499 0.00281942 0.05514710
v -0.00109496 0.00527749 0.05906335
v 0.00082029 0.00080082 0.06098740
v -0.00617887 0.00425276 0.05625224
v 0.00015102 0.00444121 0.05976834
v -0.00462125 0.00516993 0.05728713
v 0.00091709 0.00328102 0.06033117
v -0.00293468 0.00549068 0.05823060
v 0.00112511 0.00200614 0.06074030
v -0.00752105 0.00246351 0.05514710
v -0.00134542 0.00521926 0.05906335
v 0.00078116 0.00083903 0.06098740
v -0.00637468 0.00395322 0.05625224
v -0.00006098 0.00444336 0.05976834
v -0.00486257 0.00494364 0.05728713
v 0.00075955 0.00332103 0.06033117
v -0.00319322 0.00534446 0.05823060
v 0.00102815 0.00205752 0.06074030
v -0.00762999 0.00210199 0.05514710
v -0.00159282 0.00514915 0.05906335
v 0.00074025 0.00087533 0.06098740
v -0.00655597 0.00364468 0.05625224
v -0.00027283 0.00443539 0.05976834
v -0.00509282 0.00470609 0.05728713
v 0.00060029 0.00335347 0.06033117
v -0.00344449 0.00518608 0.05823060
v 0.00092885 0.00210421 0.06074030
v -0.00772156 0.00173569 0.05514710
v -0.00772513 0.00103469 0.05552191
v -0.00183660 0.00506732 0.05906335
v 0.00069766 0.00090964 0.06098740
v -0.00672234 0.00332785 0.05625224
v -0.00048407 0.00441733 0.05976834
v -0.00531148 0.00445784 0.05728713
v 0.00043967 0.00337829 0.06033117
v -0.00368792 0.00501589 0.05823060
v -0.00681794 0.00312733 0.05625224
v -0.00779041 0.00139451 0.05514710
v -0.00784419 0.00105063 0.05514710
v 0.00082743 0.00214612 0.06074030
v -0.00207620 0.00497396 0.05906335
v 0.00065348 0.00094188 0.06098740
v -0.00687342 0.00300344 0.05625224
v -0.00069420 0.00438922 0.05976834
v -0.00551805 0.00419943 0.05728713
v 0.00027804 0.00339542 0.06033117
v -0.00392296 0.00483429 0.05823060
v 0.00072413 0.00218314 0.06074030
v -0.00231107 0.00486927 0.05906335
v 0.00060781 0.00097198 0.06098740
v -0.00700884 0.00267220 0.05625224
v -0.00090276 0.00435111 0.05976834
v -0.00571207 0.00393147 0.05728713
v 0.00011578 0.00340481 0.06033117
v -0.00414906 0.00464168 0.05823060
v 0.00061918 0.00221519 0.06074030
v -0.00254068 0.00475351 0.05906335
v 0.00056076 0.00099986 0.06098740
v -0.00712832 0.00233487 0.05625224
v -0.00110926 0.00430311 0.05976834
v -0.00589308 0.00365456 0.05728713
v -0.00004675 0.00340646 0.06033117
v -0.00436573 0.00443851 0.05823060
v 0.00051282 0.00224220 0.06074030
v -0.00276450 0.00462692 0.05906335
v 0.00051243 0.00102547 0.06098740
v -0.00723157 0.00199223 0.05625224
v -0.00758850 0.00101638 0.05589057
v -0.00131323 0.00424530 0.05976834
v -0.00606068 0.00336933 0.05728713
v -0.00020917 0.00340035 0.06033117
v -0.00457245 0.00422524 0.05823060
v 0.00040529 0.00226411 0.06074030
v -0.00298204 0.00448980 0.05906335
v 0.00046294 0.00104874 0.06098740
v -0.00731836 0.00164505 0.05625224
v -0.00726375 0.00097289 0.05660609
v -0.00151422 0.00417784 0.05976834
v -0.00621448 0.00307643 0.05728713
v -0.00037111 0.00338651 0.06033117
v -0.00476877 0.00400235 0.05823060
v 0.00029684 0.00228087 0.06074030
v -0.00319279 0.00434247 0.05906335
v -0.00630285 0.00289106 0.05728713
v -0.00738361 0.00132169 0.05625224
v -0.00743458 0.00099577 0.05625224
v 0.00041239 0.00106963 0.06098740
v -0.00171176 0.00410086 0.05976834
v -0.00635414 0.00277654 0.05728713
v -0.00053221 0.00336495 0.06033117
v -0.00495424 0.00377035 0.05823060
v 0.00018772 0.00229243 0.06074030
v -0.00339627 0.00418524 0.05906335
v 0.00036091 0.00108808 0.06098740
v -0.00190540 0.00401455 0.05976834
v -0.00647933 0.00247032 0.05728713
v -0.00069209 0.00333574 0.06033117
v -0.00512843 0.00352976 0.05823060
v 0.00007817 0.00229877 0.06074030
v -0.00359202 0.00401850 0.05906335
v 0.00030860 0.00110406 0.06098740
v -0.00209470 0.00391911 0.05976834
v -0.00658978 0.00215847 0.05728713
v -0.00085040 0.00329894 0.06033117
v -0.00529094 0.00328115 0.05823060
v -0.00003156 0.00229988 0.06074030
v -0.00377959 0.00384260 0.05906335
v 0.00025559 0.00111752 0.06098740
v -0.00227924 0.00381474 0.05976834
v -0.00668523 0.00184172 0.05728713
v -0.00707638 0.00094779 0.05695131
v -0.00100678 0.00325462 0.06033117
v -0.00544142 0.00302506 0.05823060
v -0.00014122 0.00229576 0.06074030
v -0.00395856 0.00365796 0.05906335
v 0.00020200 0.00112844 0.06098740
v -0.00245859 0.00370169 0.05976834
v -0.00676547 0.00152077 0.05728713
v -0.00665379 0.00089119 0.05761277
v -0.00116086 0.00320290 0.06033117
v -0.00557951 0.00276209 0.05823060
v -0.00025056 0.00228641 0.06074030
v -0.00412853 0.00346500 0.05906335
v 0.00014795 0.00113679 0.06098740
v -0.00263235 0.00358022 0.05976834
v -0.00565885 0.00259566 0.05823060
v -0.00682579 0.00122184 0.05728713
v -0.00687291 0.00092054 0.05728713
v -0.00131230 0.00314389 0.06033117
v -0.00570489 0.00249284 0.05823060
v -0.00035932 0.00227186 0.06074030
v -0.00428909 0.00326414 0.05906335
v 0.00009356 0.00114255 0.06098740
v -0.00280011 0.00345059 0.05976834
v -0.00146076 0.00307772 0.06033117
v -0.00581730 0.00221791 0.05823060
v -0.00046727 0.00225214 0.06074030
v -0.00443989 0.00305586 0.05906335
v 0.00003896 0.00114571 0.06098740
v -0.00296150 0.00331311 0.05976834
v -0.00160589 0.00300455 0.06033117
v -0.00591646 0.00193793 0.05823060
v -0.00057416 0.00222729 0.06074030
v -0.00458059 0.00284062 0.05906335
v -0.00001573 0.00114627 0.06098740
v -0.00311615 0.00316810 0.05976834
v -0.00174736 0.00292453 0.06033117
v -0.00600216 0.00165354 0.05823060
v -0.00641953 0.00085981 0.05792750
v -0.00590774 0.00079126 0.05852137
v -0.00563138 0.00075425 0.05879916
v -0.00067973 0.00219737 0.06074030
v -0.00471086 0.00261892 0.05906335
v -0.00007039 0.00114421 0.06098740
v -0.00326371 0.00301587 0.05976834
v -0.00188486 0.00283786 0.06033117
v -0.00607419 0.00136538 0.05823060
v -0.00078376 0.00216245 0.06074030
v -0.00483041 0.00239126 0.05906335
v -0.00012488 0.00113955 0.06098740
v -0.00340383 0.00285677 0.05976834
v -0.00201807 0.00274474 0.06033117
v -0.00489910 0.00224717 0.05906335
v -0.00612835 0.00109699 0.05823060
v -0.00617066 0.00082648 0.05823060
v -0.00088601 0.00212261 0.06074030
v -0.00493896 0.00215815 0.05906335
v -0.00017909 0.00113230 0.06098740
v -0.00353621 0.00269118 0.05976834
v -0.00214668 0.00264536 0.06033117
v -0.00098624 0.00207793 0.06074030
v -0.00503628 0.00192013 0.05906335
v -0.00023289 0.00112247 0.06098740
v -0.00366055 0.00251945 0.05976834
v -0.00227041 0.00253997 0.06033117
v -0.00108423 0.00202853 0.06074030
v -0.00512213 0.00167774 0.05906335
v -0.00028616 0.00111008 0.06098740
v -0.00377655 0.00234200 0.05976834
v -0.00238897 0.00242879 0.06033117
v -0.00117974 0.00197451 0.06074030
v -0.00519632 0.00143153 0.05906335
v -0.00504086 0.00067515 0.05931331
v -0.00472804 0.00063325 0.05954849
v -0.00033878 0.00109517 0.06098740
v -0.00388395 0.00215921 0.05976834
v -0.00250209 0.00231208 0.06033117
v -0.00127257 0.00191599 0.06074030
v -0.00525868 0.00118207 0.05906335
v -0.00039063 0.00107777 0.06098740
v -0.00398251 0.00197151 0.05976834
v -0.00260952 0.00219012 0.06033117
v -0.00136251 0.00185312 0.06074030
v -0.00403915 0.00185271 0.05976834
v -0.00530557 0.00094971 0.05906335
v -0.00534220 0.00071551 0.05906335
v -0.00044159 0.00105791 0.06098740
v -0.00407201 0.00177932 0.05976834
v -0.00271101 0.00206316 0.06033117
v -0.00144935 0.00178602 0.06074030
v -0.00049155 0.00103564 0.06098740
v -0.00415225 0.00158308 0.05976834
v -0.00280633 0.00193151 0.06033117
v -0.00153288 0.00171487 0.06074030
v -0.00054039 0.00101102 0.06098740
v -0.00422303 0.00138324 0.05976834
v -0.00289526 0.00179547 0.06033117
v -0.00161293 0.00163980 0.06074030
v -0.00058799 0.00098410 0.06098740
v -0.00428419 0.00118025 0.05976834
v -0.00407087 0.00054523 0.05997238
v -0.00372800 0.00049931 0.06016013
v -0.00297760 0.00165534 0.06033117
v -0.00168930 0.00156101 0.06074030
v -0.00063426 0.00095493 0.06098740
v -0.00433561 0.00097457 0.05976834
v -0.00305316 0.00151144 0.06033117
v -0.00176183 0.00147866 0.06074030
v -0.00067908 0.00092360 0.06098740
v -0.00309658 0.00142036 0.06033117
v -0.00437427 0.00078300 0.05976834
v -0.00440447 0.00058992 0.05976834
v -0.00312178 0.00136410 0.06033117
v -0.00183035 0.00139295 0.06074030
v -0.00072236 0.00089016 0.06098740
v -0.00318328 0.00121365 0.06033117
v -0.00189471 0.00130407 0.06074030
v -0.00076400 0.00085469 0.06098740
v -0.00323755 0.00106044 0.06033117
v -0.00195475 0.00121221 0.06074030
v -0.00080389 0.00081728 0.06098740
v -0.00328444 0.00090482 0.06033117
v -0.00301761 0.00040416 0.06048510
v -0.00265171 0.00035515 0.06062158
v -0.00201034 0.00111760 0.06074030
v -0.00084196 0.00077801 0.06098740
v -0.00332386 0.00074714 0.06033117
v -0.00206136 0.00102045 0.06074030
v -0.00087811 0.00073696 0.06098740
v -0.00209067 0.00095896 0.06074030
v -0.00335350 0.00060028 0.06033117
v -0.00337665 0.00045225 0.06033117
v -0.00210769 0.00092097 0.06074030
v -0.00091226 0.00069425 0.06098740
v -0.00214921 0.00081940 0.06074030
v -0.00094434 0.00064994 0.06098740
v -0.00218585 0.00071596 0.06074030
v -0.00097426 0.00060416 0.06098740
v -0.00221751 0.00061089 0.06074030
v -0.00100197 0.00055701 0.06098740
v -0.00224412 0.00050443 0.06074030
v -0.00190263 0.00025482 0.06084100
v -0.00102740 0.00050859 0.06098740
v -0.00104201 0.00047794 0.06098740
v -0.00226413 0.00040527 0.06074030
v -0.00227976 0.00030533 0.06074030
v -0.00105048 0.00045901 0.06098740
v -0.00107118 0.00040838 0.06098740
v -0.00108944 0.00035683 0.06098740
v -0.00110522 0.00030446 0.06098740
v -0.00152117 0.00020372 0.06092342
v -0.00074874 0.00010027 0.06103277
v -0.00111849 0.00025140 0.06098740
v -0.00112846 0.00020198 0.06098740
v -0.00113625 0.00015217 0.06098740
f 11043 10985 11054
f 10723 5181 10730
f 7070 5582 7074
f 10985 11043 10971
f 1666 5160 5161
f 5517 5181 10723
f 10723 5183 5517
f 5185 10715 5187
f 5191 5511 10711
f 5189 10715 10711
f 10711 5511 5189
f 10693 5201 5503
f 5503 5199 10693
f 10693 5199 10694
f 5195 10699 10694
f 10735 10730 5179
f 5525 5675 5180
f 5184 5696 5186
f 5765 5539 5196
f 5765 5196 5536
f 5589 5259 11030
f 11030 5259 5591
f 5259 7122 5591
f 5293 5052 10601
f 3 5052 5293
f 11410 11128 10668
f 5277 5605 11107
f 7106 5589 5257
f 11054 10985 10996
f 10996 11007 11054
f 11019 5587 5257
f 11030 11029 11019
f 11019 11029 11018
f 11019 5589 11030
f 5257 5589 11019
f 11041 11051 11109
f 10985 10971 10986
f 10986 10996 10985
f 10997 10996 10986
f 5212 5214 10839
f 5251 5582 7070
f 7060 5582 6079
f 7060 6079 6078
f 5573 5239 10942
f 5573 5237 6005
f 10942 5239 5575
f 5239 5574 5575
f 11304 11262 11269
f 11018 11029 11076
f 11076 11007 11018
f 5599 11074 5269
f 11107 11095 11096
f 10675 5175 5213
f 5236 1666 5161
f 10723 10719 10716
f 10716 10719 10715
f 10716 5183 10723
f 10716 5515 5183
f 10716 10715 5185
f 5185 5515 10716
f 5185 5187 6358
f 5513 10715 5189
f 5513 5187 10715
f 5507 10699 5195
f 5507 5193 10699
f 5195 10694 5197
f 5197 6278 5195
f 5516 5517 5183
f 5183 6384 5516
f 5816 5825 5546
f 5824 5825 5816
f 5177 10735 5176
f 5176 6442 5177
f 5520 6442 5176
f 5519 10730 5181
f 5519 5179 10730
f 5181 5518 5519
f 6414 5519 5518
f 5179 5519 6414
f 5832 6721 5210
f 5182 5527 5674
f 5537 5536 5194
f 5194 5536 5196
f 5765 5536 6595
f 5190 5534 5535
f 25 5175 5216
f 10675 10673 10665
f 10665 5175 10675
f 10665 5216 5175
f 5234 10657 5161
f 5161 5160 5234
f 5228 11413 5230
f 5228 5230 1720
f 374 384 5128
f 325 5121 5120
f 10760 5188 5533
f 11409 5293 10601
f 11422 11409 10601
f 11422 11419 11410
f 11423 11128 11139
f 11139 11128 11410
f 5281 10668 11118
f 11107 5605 11118
f 3 5293 5631
f 5605 5277 7276
f 7085 5584 7089
f 5254 5584 7085
f 7085 5587 5254
f 7089 5584 7084
f 5951 5567 5229
f 5562 5926 5563
f 6004 5574 5239
f 5239 5573 6004
f 5225 5561 5915
f 5915 5562 5225
f 5225 5562 5563
f 5556 5219 5557
f 5907 5219 5556
f 5559 5907 5558
f 5219 5907 5559
f 5254 5587 11008
f 5587 11019 11008
f 11008 10996 10997
f 11007 10996 11008
f 11018 11007 11008
f 11008 11019 11018
f 10971 10962 10972
f 10972 10986 10971
f 5212 10839 5551
f 5551 5550 5212
f 5210 6721 5551
f 6721 5550 5551
f 10840 10839 5214
f 5215 5555 10840
f 10997 5251 5253
f 5253 11008 10997
f 5253 5251 7070
f 10997 10986 5583
f 5583 5251 10997
f 5583 10986 5249
f 5249 6079 5583
f 5582 5251 5583
f 5583 6079 5582
f 5245 5576 6057
f 6058 5247 5578
f 5579 10962 5245
f 5245 6057 5579
f 5579 10972 10962
f 5247 10972 5579
f 5578 5247 5579
f 5579 6057 5578
f 5235 5568 5983
f 5983 5571 5235
f 5245 10962 5577
f 10962 5243 5577
f 5577 5576 5245
f 10943 5243 10962
f 5241 5243 10943
f 10943 10952 10942
f 10962 10952 10943
f 10942 5575 10943
f 10943 5575 5241
f 11296 11327 11290
f 11284 11253 11290
f 11284 11290 11317
f 11304 11269 11278
f 11219 11269 11262
f 11087 11076 11029
f 11054 11007 11065
f 11007 11076 11065
f 5603 5277 11107
f 11107 11096 5603
f 5603 11096 5274
f 5274 11096 5601
f 5601 5600 5274
f 5601 7236 5600
f 11085 5599 5271
f 11074 5599 11085
f 11085 5601 11096
f 5269 11074 5597
f 11074 11063 5597
f 5597 11063 5267
f 5597 5596 5269
f 11163 11154 11109
f 11109 11051 11062
f 11051 11052 11062
f 11062 11052 11063
f 11143 11131 11084
f 11084 11096 11095
f 11084 11085 11096
f 11179 11128 11423
f 11179 11217 11170
f 11152 11084 11095
f 11143 11084 11152
f 11128 11179 11117
f 11117 11179 11170
f 11107 11118 11117
f 11117 10668 11128
f 11117 11118 10668
f 11457 11482 11227
f 5492 5493 5213
f 5108 241 247
f 241 248 247
f 5111 5299 1151
f 1151 5299 243
f 5112 278 282
f 5112 282 5294
f 5112 5295 281
f 1172 1168 4601
f 5109 11576 5301
f 5109 5301 5108
f 5108 243 5109
f 243 5299 5109
f 207 5307 5103
f 5113 5112 5294
f 5295 5112 5113
f 281 5295 5297
f 11457 11440 11462
f 11462 11443 11465
f 11462 11440 11443
f 11465 11443 11470
f 11550 11354 11327
f 283 1204 285
f 285 282 283
f 282 278 283
f 4610 1216 298
f 317 323 5120
f 329 325 5120
f 336 335 1293
f 1293 1301 336
f 10653 5244 5155
f 5242 1624 5157
f 1720 5230 5164
f 1680 5234 5160
f 1640 5159 5240
f 1720 5164 1727
f 5514 5515 5185
f 5185 6358 5514
f 6358 6369 5514
f 10700 10706 10699
f 10711 10706 10700
f 10699 5193 10700
f 5193 5509 10700
f 5191 10711 10700
f 10700 5509 5191
f 10712 10717 10743
f 10677 5493 5211
f 10675 5213 10677
f 5213 5493 10677
f 10687 5205 5499
f 5499 5203 10687
f 10710 10711 10715
f 10710 10706 10711
f 10696 10694 10699
f 10696 10692 10693
f 10693 10694 10696
f 10696 10717 10692
f 10731 10762 10752
f 5505 10694 5199
f 5505 5197 10694
f 5195 6278 5506
f 5506 5507 5195
f 5193 5507 6292
f 5507 5506 6292
f 5191 5509 6318
f 6196 5205 5207
f 5178 5523 6458
f 6409 6413 5518
f 5181 5517 6402
f 5517 5516 6402
f 6402 5518 5181
f 6402 6409 5518
f 6405 6402 6401
f 6401 6402 5516
f 5538 5539 5765
f 5538 5198 5539
f 5545 5202 5544
f 5544 5204 5545
f 10735 5179 5521
f 5521 5176 10735
f 5520 5176 5521
f 5179 6414 6430
f 5520 5521 6430
f 6430 5521 5179
f 6479 6482 5673
f 5526 5527 5180
f 5526 5674 5527
f 5180 5675 5526
f 5675 5673 5526
f 5765 6595 6602
f 6602 6595 10132
f 5535 5534 5732
f 5732 5192 5535
f 5745 5536 5537
f 5537 5192 5745
f 5192 5732 5745
f 5745 5743 5536
f 5745 5732 5743
f 6511 5695 5700
f 5186 5696 5530
f 5533 5188 5532
f 5532 5188 5720
f 5720 5530 6539
f 6351 10046 6350
f 6748 10151 6755
f 5217 5555 5554
f 6721 5832 6720
f 6714 10148 6720
f 5222 5220 10662
f 5174 10665 5218
f 5216 10665 5174
f 5218 10665 10664
f 10662 5220 10664
f 5234 1680 5163
f 5220 5222 1782
f 5168 5224 10661
f 5230 11886 5165
f 5165 11886 5232
f 5232 1706 5165
f 5165 5164 5230
f 1706 5164 5165
f 5248 10652 11808
f 11809 5244 10653
f 5262 5141 10646
f 5240 5159 10655
f 5255 5147 10649
f 11797 5250 10651
f 10651 11796 11797
f 11797 11796 10650
f 5147 5146 5252
f 362 371 5126
f 372 5126 371
f 5120 5121 5286
f 5286 317 5120
f 5288 317 5286
f 5531 10760 5186
f 5188 10760 5531
f 5186 5530 5531
f 5720 5188 5531
f 5531 5530 5720
f 10819 10853 10812
f 10861 10853 10819
f 10861 10819 10869
f 10869 10819 10826
f 12063 12100 12054
f 5876 5877 5875
f 6749 6755 10151
f 5614 11409 5291
f 5293 11409 5614
f 5614 5631 5293
f 5291 5613 5614
f 5613 5631 5614
f 5287 10599 5610
f 5289 10599 5287
f 7352 5289 5287
f 5289 5612 11408
f 11408 10599 5289
f 11408 11407 10599
f 11443 11425 11427
f 11427 10604 11429
f 11428 10604 11427
f 10601 5052 11411
f 11423 11139 11141
f 11419 11422 11141
f 5283 10668 5281
f 5283 5608 10668
f 5281 11118 5279
f 5279 11118 5605
f 587 5051 586
f 5609 5287 5610
f 7352 5287 5609
f 5274 5600 7250
f 7250 5603 5274
f 5586 7106 5257
f 5257 5587 5586
f 5587 7085 5586
f 7069 10200 7074
f 7069 5582 7060
f 7069 7074 5582
f 5563 5926 5227
f 5952 5227 5926
f 5569 5568 5235
f 5569 5233 5568
f 5572 5573 6005
f 5572 6004 5573
f 5906 5223 5221
f 5221 5559 5906
f 5906 5559 5558
f 5924 5562 5915
f 5926 5562 5924
f 5581 10972 5247
f 5247 6058 5581
f 5249 10986 5581
f 10986 10972 5581
f 10941 10932 10942
f 10942 10952 10941
f 10961 10962 10971
f 10961 10952 10962
f 6742 10151 6748
f 5208 10822 5547
f 5210 5551 10829
f 10829 5551 10839
f 5547 10822 10815
f 5545 5204 10815
f 5215 10840 5553
f 5553 10840 5214
f 5553 5552 5215
f 5214 5552 5553
f 10855 5555 5217
f 10855 10840 5555
f 5217 5557 10855
f 5254 11008 5585
f 11008 5253 5585
f 5585 5584 5254
f 7070 5584 5585
f 5585 5253 7070
f 5580 6078 6079
f 5580 6079 5249
f 5249 5581 5580
f 5580 5581 6058
f 5571 5983 5570
f 6005 5237 5570
f 5237 5571 5570
f 5982 5983 5568
f 11312 11342 11304
f 11304 11278 11312
f 11284 11317 11312
f 11312 11278 11284
f 11327 11354 11322
f 11322 11290 11327
f 11322 11317 11290
f 11209 11253 11201
f 11209 11217 11253
f 11201 11152 11209
f 11302 11309 11311
f 11311 11514 11302
f 11253 11217 11260
f 11217 11267 11260
f 11296 11290 11260
f 11260 11290 11253
f 11260 11302 11296
f 11267 11302 11260
f 11225 11267 11217
f 11217 11179 11225
f 11239 11278 11269
f 11284 11278 11239
f 11109 11154 11098
f 11098 11041 11109
f 11029 11041 11098
f 11098 11087 11029
f 5273 11085 5271
f 5601 11085 5273
f 7236 5601 5273
f 5271 5598 5273
f 5598 7236 5273
f 5267 11063 5595
f 11063 11052 5595
f 5595 11052 5264
f 5264 7154 5595
f 5264 11052 5593
f 5261 5263 11031
f 5263 5593 11031
f 11031 5593 11052
f 11030 5591 11031
f 11031 5591 5261
f 11031 11029 11030
f 11031 11041 11029
f 11051 11041 11031
f 11031 11052 11051
f 11109 11062 11120
f 11120 11062 11131
f 11131 11062 11073
f 11073 11084 11131
f 11073 11063 11074
f 11073 11062 11063
f 11074 11085 11073
f 11085 11084 11073
f 11189 11179 11423
f 11106 11095 11107
f 11107 11117 11106
f 11106 11152 11095
f 11436 11457 11191
f 11436 11440 11457
f 11422 11440 11436
f 11423 11141 11436
f 11436 11141 11422
f 11424 11440 11422
f 11424 11425 11443
f 11443 11440 11424
f 11424 11422 10601
f 10601 11411 11424
f 11191 11457 11437
f 11437 11189 11191
f 11179 11189 11437
f 11437 11225 11179
f 11437 11226 11236
f 11236 11225 11437
f 11457 11227 11450
f 11450 11437 11457
f 11226 11437 11450
f 5055 10604 11428
f 11428 5298 5055
f 5300 10604 5055
f 5310 10608 5063
f 5211 5493 6157
f 5493 5492 6157
f 5616 5175 25
f 5616 5213 5175
f 5114 282 285
f 290 5114 285
f 291 5114 290
f 1118 238 242
f 242 237 1118
f 241 237 242
f 253 1139 254
f 238 240 1127
f 1137 243 5108
f 5108 247 1137
f 1137 247 1144
f 4601 1169 1179
f 1169 3033 1179
f 1160 1169 4601
f 4601 1158 1160
f 1150 1137 1144
f 243 1137 1150
f 1150 1151 243
f 1158 1151 1150
f 1168 1151 1166
f 1166 1151 1158
f 4601 1168 1166
f 1166 1158 4601
f 5110 1151 1168
f 1168 1172 5110
f 5110 1172 281
f 281 5297 5110
f 5111 1151 5110
f 5110 5297 5111
f 5103 11561 5309
f 5309 5101 189
f 5103 5307 10628
f 10628 11561 5103
f 5102 207 5103
f 5103 5309 5102
f 5102 5309 189
f 11015 10980 12193
f 11476 11275 11274
f 11274 11228 11476
f 11482 11513 11276
f 11267 11274 11276
f 11492 11462 11465
f 11465 11470 11492
f 11470 11498 11492
f 11582 11364 11362
f 11598 11555 11562
f 11562 11555 11517
f 11532 11498 11538
f 11333 11514 11540
f 11600 11557 11564
f 11509 11544 11501
f 11446 11427 11429
f 11443 11427 11446
f 11446 11470 11443
f 11556 11599 11548
f 5128 384 393
f 393 1360 1364
f 284 283 278
f 1204 283 284
f 279 280 278
f 279 5112 281
f 278 5112 279
f 285 1204 292
f 292 290 285
f 298 290 292
f 324 323 326
f 5120 323 324
f 324 329 5120
f 1261 324 326
f 337 1290 335
f 1222 1216 4610
f 335 1290 1292
f 1292 1293 335
f 1290 1293 1292
f 370 371 362
f 370 1326 371
f 287 1188 1197
f 280 1188 287
f 3057 1188 1180
f 288 1197 300
f 286 287 288
f 288 287 1197
f 299 288 300
f 3348 487 496
f 468 5141 5262
f 5262 5138 468
f 1488 487 3348
f 3348 3350 1488
f 3357 3350 3348
f 5162 1706 5232
f 5232 5163 5162
f 5162 5163 1680
f 1705 1706 5162
f 5158 1665 1666
f 1666 5236 5158
f 5156 1640 5240
f 5156 5157 1624
f 5240 5157 5156
f 10773 10746 10779
f 10741 5525 5180
f 5178 5525 10741
f 10059 6369 6368
f 6368 6369 6358
f 6373 6369 10059
f 6373 5514 6369
f 6376 5514 6373
f 5515 5514 6370
f 5183 5515 6370
f 6370 6384 5183
f 6370 6383 6384
f 6380 6383 6370
f 6370 6376 6380
f 6370 5514 6376
f 10692 10717 10689
f 10717 10712 10689
f 10712 10707 10689
f 10693 10692 10689
f 10681 5209 5497
f 5497 5207 10681
f 5207 5205 10681
f 5205 10687 10681
f 10715 10719 10714
f 10714 10710 10715
f 10719 10746 10714
f 10731 10706 10736
f 10706 10710 10736
f 10736 10762 10731
f 10699 10706 10698
f 10698 10696 10699
f 10674 10673 10675
f 10675 10677 10674
f 10677 10676 10674
f 10731 10752 10724
f 10696 10698 10724
f 10724 10706 10731
f 10724 10698 10706
f 10717 10696 10720
f 10696 10724 10720
f 10796 10752 10762
f 10796 10805 10845
f 10676 10697 10695
f 10691 10674 10695
f 10695 10674 10676
f 10678 10697 10676
f 10678 10681 10680
f 10678 10680 10701
f 10701 10697 10678
f 10678 10676 10677
f 5510 5511 5191
f 5191 6318 5510
f 5508 5509 5193
f 5508 6318 5509
f 6317 6318 5508
f 6271 9994 9979
f 6328 10034 10026
f 7747 7746 7742
f 5496 5207 5497
f 5496 6196 5207
f 5497 5209 5496
f 5499 5205 5498
f 5205 6196 5498
f 5201 5501 6228
f 9951 6218 6217
f 5522 6458 5523
f 5522 5523 5177
f 5177 6442 5522
f 5522 6442 6452
f 5178 6458 5524
f 5524 5525 5178
f 5675 5525 5524
f 6458 6465 5524
f 6408 6402 6405
f 6409 6402 6408
f 6393 6401 5516
f 6384 6392 6393
f 6393 5516 6384
f 5546 5825 5826
f 5830 5837 5836
f 5546 5826 5817
f 5817 5826 5830
f 5817 5547 5546
f 5817 5208 5547
f 5772 5538 5763
f 5824 5816 5823
f 6730 10148 6729
f 5779 5542 5200
f 5198 5538 5764
f 5764 5538 5772
f 5764 5777 5540
f 5796 5544 5202
f 5204 5544 5818
f 5818 5816 5546
f 5818 6677 5816
f 5544 6677 5818
f 5772 5763 5771
f 6619 5775 5771
f 5844 10148 6714
f 6714 5836 5844
f 5844 5836 5837
f 6389 6392 6384
f 6384 6383 6389
f 5681 5529 5182
f 5182 5674 5681
f 5681 5674 5680
f 5680 5674 5678
f 5678 5679 5680
f 5734 5732 5534
f 5695 6511 6509
f 5696 5695 6509
f 6509 5530 5696
f 6521 5530 6509
f 5719 5532 5725
f 5534 5190 5719
f 5719 5190 5533
f 5533 5532 5719
f 6530 5530 6521
f 6530 6539 5530
f 5718 5532 5720
f 5720 6539 5718
f 5725 5532 5718
f 6458 5522 6461
f 6473 5524 6465
f 6800 5907 5556
f 10160 6786 5887
f 5870 6742 6748
f 5550 6742 5870
f 5212 5550 5870
f 5870 5214 5212
f 5870 5552 5214
f 6728 6736 6721
f 6721 6720 6728
f 6728 6720 10148
f 6728 10148 6730
f 6730 10151 6728
f 10151 6736 6728
f 4936 5616 25
f 25 512 24
f 24 4936 25
f 5218 10664 5172
f 5172 10664 5220
f 5172 1798 5218
f 5220 1798 5172
f 11875 5163 5232
f 10657 5234 11875
f 5234 5163 11875
f 5168 10661 11414
f 10673 10670 11416
f 11416 10665 10673
f 11416 10664 10665
f 11413 11896 10659
f 5230 11413 10659
f 10659 11886 5230
f 10651 5250 5151
f 5151 11808 10651
f 5248 11808 5151
f 5250 1552 5151
f 5151 5150 5248
f 5151 1552 5150
f 5246 10652 5248
f 5246 11809 10652
f 10650 11796 11786
f 5139 5138 5262
f 5242 5157 10654
f 11874 11864 10657
f 10657 11875 11874
f 5144 5255 5145
f 1515 5146 5147
f 5147 5255 1515
f 1515 5255 5144
f 1515 1527 5146
f 1536 5252 5146
f 5250 11797 5149
f 5252 1536 5149
f 5149 11797 10650
f 10650 5252 5149
f 1364 1360 1358
f 1360 393 1358
f 1376 1382 1383
f 1383 5130 1376
f 5130 1370 1376
f 5128 5275 5129
f 362 5126 5127
f 1326 370 369
f 379 372 380
f 384 374 379
f 374 5126 379
f 5126 372 379
f 371 1326 373
f 373 372 371
f 373 1326 375
f 5130 5272 5131
f 428 434 5134
f 5134 415 428
f 415 424 428
f 5133 5272 416
f 416 5130 1383
f 416 5272 5130
f 10633 5113 5294
f 5294 11610 10633
f 336 5123 5122
f 5122 335 336
f 5122 325 335
f 5282 5123 336
f 5282 10638 5123
f 5285 10637 5121
f 5121 325 5285
f 325 5122 5285
f 5285 5122 5123
f 5118 317 5119
f 5119 317 5288
f 5119 11619 5290
f 5115 11610 5294
f 5294 282 5115
f 282 5114 5115
f 5117 291 5116
f 5116 5290 5117
f 11192 11142 11151
f 10902 10893 10846
f 10846 10853 10902
f 10902 10853 10861
f 10861 10912 10902
f 10963 10973 11022
f 10820 10781 10787
f 10812 10853 10806
f 10806 10853 10846
f 10806 10797 10763
f 10846 10837 10806
f 10806 10837 10797
f 11623 11663 11614
f 11614 11578 11623
f 11745 11793 11732
f 11745 11699 11757
f 11770 11827 11759
f 5072 787 788
f 5072 5320 776
f 798 799 788
f 2967 1103 2962
f 4590 1103 1104
f 189 5101 5100
f 5101 175 5100
f 649 648 4401
f 648 647 4401
f 176 5098 5099
f 7138 5263 5261
f 5267 5595 7178
f 6739 10151 6730
f 6739 6749 10151
f 5878 5882 6774
f 8632 5887 5882
f 11407 11408 10667
f 10600 5612 5291
f 10600 11408 5612
f 5291 11409 10600
f 10600 11422 11410
f 11409 11422 10600
f 11410 10667 10600
f 10600 10667 11408
f 10603 11425 11426
f 10603 11427 11425
f 11428 11427 10603
f 10603 5298 11428
f 11129 11139 11410
f 11129 11421 11139
f 11410 11419 11129
f 11419 11421 11129
f 11420 11141 11139
f 11419 11141 11420
f 10668 5608 10669
f 5608 5284 10669
f 10599 11407 10669
f 5610 10599 10669
f 10669 5284 5610
f 11407 10667 10669
f 11410 10668 10669
f 10669 10667 11410
f 5056 625 626
f 5056 5300 610
f 2 5052 3
f 2 5296 5052
f 7352 7367 5611
f 5611 5289 7352
f 7352 5609 7355
f 5277 5603 5602
f 5603 7250 5602
f 5602 7276 5277
f 7275 7276 5602
f 5602 7268 7275
f 7060 6078 7064
f 7074 7076 10206
f 7089 7084 10206
f 7074 10200 7075
f 7075 7076 7074
f 5951 5229 5564
f 5227 5952 5565
f 5565 5564 5229
f 5952 5564 5565
f 10910 5231 5233
f 5567 5231 10910
f 5566 5567 5951
f 5566 5231 5567
f 6871 5952 5926
f 11100 11043 11054
f 11010 11067 11056
f 11010 10941 10952
f 10952 10961 11010
f 6738 6742 5550
f 6721 6736 6738
f 6738 5550 6721
f 6738 6736 10151
f 10151 6742 6738
f 10822 5208 5549
f 5549 10829 10822
f 5210 10829 5549
f 5549 5832 5210
f 5547 10815 5206
f 5206 10815 5204
f 5204 5818 5206
f 5546 5547 5206
f 5206 5818 5546
f 10802 5202 5545
f 5545 10815 10802
f 10863 5557 5219
f 10863 10855 5557
f 5219 5559 10863
f 6054 6058 5578
f 6940 5570 5983
f 11317 11322 11346
f 11342 11312 11346
f 11346 11312 11317
f 11304 11342 11336
f 11762 11704 11714
f 12056 12093 12048
f 12005 12014 12048
f 12048 12014 12056
f 11890 11831 11902
f 11269 11219 11230
f 11230 11239 11269
f 11246 11253 11284
f 11284 11239 11246
f 11201 11253 11246
f 11246 11239 11201
f 11211 11219 11262
f 11154 11163 11211
f 11211 11203 11154
f 11297 11262 11304
f 11152 11106 11161
f 11161 11209 11152
f 11161 11117 11170
f 11161 11106 11117
f 11170 11217 11161
f 11217 11209 11161
f 11432 11436 11191
f 11423 11436 11432
f 10602 11424 11411
f 10602 5296 11426
f 11426 11425 10602
f 11425 11424 10602
f 10602 11411 5052
f 5052 5296 10602
f 11476 11228 11474
f 11474 11275 11476
f 11482 11276 11474
f 11236 11227 11458
f 11458 11225 11236
f 11458 11474 11228
f 11267 11225 11458
f 11458 11227 11482
f 11482 11474 11458
f 11458 11274 11267
f 11228 11274 11458
f 610 5300 602
f 5300 5055 602
f 11429 10605 11435
f 11435 11456 11429
f 734 5068 5316
f 5316 722 734
f 5316 5067 722
f 722 5067 5066
f 6156 6140 7440
f 5492 6140 6156
f 6156 6157 5492
f 7468 6156 7440
f 5652 6140 5492
f 1821 1813 1814
f 1821 1824 512
f 1814 1813 1811
f 5218 1798 5173
f 5173 5174 5218
f 5173 1821 512
f 5173 1798 1813
f 1813 1821 5173
f 5220 1782 5171
f 5171 1798 5220
f 5171 1782 1797
f 1797 1804 5171
f 5171 1804 1798
f 291 290 1211
f 1216 1222 1211
f 5116 291 1211
f 1211 1222 5116
f 1214 298 1216
f 1214 290 298
f 1216 1211 1214
f 1214 1211 290
f 1129 248 241
f 241 242 1129
f 1149 253 254
f 1144 247 255
f 255 247 248
f 11736 11668 11681
f 11560 10628 11567
f 11561 10628 11560
f 11568 10628 5307
f 11567 10628 11568
f 229 5304 5305
f 4590 1104 234
f 12163 12143 12168
f 12168 12143 10877
f 12100 12130 12123
f 12123 12130 12155
f 12117 12144 12138
f 12138 12110 12117
f 12101 12093 12056
f 12111 12145 12139
f 12155 12175 12149
f 12149 12123 12155
f 12145 12123 12149
f 11506 11513 11311
f 11311 11309 11506
f 11309 11310 11506
f 11309 11302 11303
f 11577 11632 11622
f 11516 11544 11509
f 11490 11522 11516
f 11528 11522 11490
f 11532 11564 11526
f 11526 11498 11532
f 11526 11492 11498
f 11564 11557 11526
f 11487 11513 11482
f 11462 11492 11487
f 11492 11526 11487
f 11487 11482 11457
f 11457 11462 11487
f 11335 11550 11581
f 11581 11583 11335
f 11363 11583 11581
f 11363 11582 11362
f 11362 11583 11363
f 11333 11340 11332
f 11332 11514 11333
f 11332 11550 11327
f 11332 11302 11514
f 11332 11327 11296
f 11296 11302 11332
f 11547 11555 11598
f 11538 11547 11579
f 11532 11538 11579
f 11652 11704 11642
f 11642 11632 11596
f 11671 11632 11684
f 11622 11632 11671
f 11684 11739 11671
f 11622 11671 11613
f 11613 11671 11662
f 11613 11562 11570
f 11570 11577 11613
f 11613 11577 11622
f 11673 11624 11686
f 11646 11656 11383
f 11364 11600 11646
f 11646 11600 11656
f 11542 11340 11333
f 11333 11540 11542
f 11340 11542 11341
f 11341 11542 11540
f 11549 11540 11514
f 11549 11514 11311
f 11311 11513 11549
f 11513 11557 11549
f 11607 11600 11564
f 11656 11600 11607
f 11364 11582 11590
f 11590 11600 11364
f 11590 11363 11581
f 11582 11363 11590
f 11581 11550 11590
f 11497 11491 11464
f 11509 11501 11480
f 11480 11516 11509
f 11486 11491 11517
f 11464 11491 11486
f 11486 11461 11464
f 11486 11481 11456
f 11456 11461 11486
f 11473 11498 11470
f 11456 11481 11473
f 11470 11446 11473
f 11429 11456 11449
f 11449 11446 11429
f 11456 11473 11449
f 11449 11473 11446
f 11545 11553 11587
f 11511 10621 11512
f 11556 11548 11511
f 11578 11614 11571
f 11524 11530 11571
f 394 393 1364
f 1364 1370 394
f 394 1370 5130
f 5128 393 394
f 394 5275 5128
f 394 5131 5275
f 5130 5131 394
f 278 280 1196
f 1196 284 278
f 280 287 1196
f 286 284 1196
f 1196 287 286
f 1178 1172 4601
f 281 1172 1178
f 1178 279 281
f 4610 298 1215
f 298 3076 1215
f 298 292 293
f 293 3076 298
f 293 292 1204
f 333 337 335
f 335 325 333
f 325 329 333
f 329 324 330
f 324 1261 330
f 5118 316 321
f 321 317 5118
f 323 317 321
f 318 316 5118
f 318 5290 5116
f 5118 5119 318
f 318 5119 5290
f 5116 1222 1230
f 1230 318 5116
f 1230 1222 4610
f 1313 1308 368
f 1316 1308 1313
f 1316 5124 363
f 363 1308 1316
f 1301 1308 363
f 336 1301 363
f 363 5282 336
f 363 5124 5125
f 5125 5282 363
f 362 5124 361
f 361 370 362
f 361 5124 1316
f 361 369 370
f 368 369 361
f 361 1313 368
f 1316 1313 361
f 1197 1188 1189
f 1188 3057 1189
f 1180 1179 3054
f 3054 3057 1180
f 3054 1189 3057
f 1210 299 294
f 288 299 1210
f 286 288 1210
f 3017 1160 1159
f 430 5135 5134
f 5134 434 430
f 3347 1488 3350
f 487 1488 3347
f 3350 3357 3369
f 3369 3362 3350
f 5248 5150 1568
f 1568 5246 5248
f 1665 5158 1655
f 1719 1727 5164
f 4143 4148 1797
f 1797 1794 4143
f 4143 4880 4148
f 1793 1794 1797
f 1797 1782 1793
f 1793 1782 1791
f 10767 10796 10762
f 10805 10796 10767
f 10762 10736 10767
f 10765 10794 10758
f 10760 10765 10759
f 10759 10765 10758
f 10759 5529 5184
f 10759 5184 5186
f 5186 10760 10759
f 10053 6351 6354
f 10046 6351 10053
f 10732 10707 10712
f 10701 10707 10732
f 10687 10689 10686
f 10680 10681 10686
f 10686 10681 10687
f 10686 10689 10707
f 10701 10680 10686
f 10686 10707 10701
f 10693 10689 10690
f 10690 10689 10687
f 10690 5201 10693
f 10690 5501 5201
f 5203 5501 10690
f 10690 10687 5203
f 10710 10714 10742
f 10742 10736 10710
f 10742 10714 10746
f 10746 10773 10742
f 10773 10767 10742
f 10742 10767 10736
f 10743 10717 10747
f 10717 10720 10747
f 10747 10724 10752
f 10747 10720 10724
f 10743 10747 10780
f 10780 10747 10752
f 10780 10819 10812
f 10826 10819 10780
f 10748 10787 10781
f 10733 10708 10713
f 10713 10738 10733
f 10726 12042 10733
f 12042 10708 10733
f 10718 10697 10721
f 10718 10695 10697
f 10718 10738 10713
f 10718 10713 10691
f 10691 10695 10718
f 10721 10748 10718
f 10679 10678 10677
f 10681 10678 10679
f 5211 5495 10679
f 10679 10677 5211
f 10679 5495 5209
f 5209 10681 10679
f 5189 5511 6346
f 6331 5510 6318
f 5193 6292 6304
f 6304 5508 5193
f 6334 10034 6328
f 6291 5506 6278
f 6317 10026 6323
f 6323 6318 6317
f 6295 6301 10011
f 7849 6301 6295
f 6312 6304 6309
f 6312 6309 10011
f 10011 6311 6312
f 6312 6311 10026
f 6188 7554 6189
f 6177 6176 6178
f 5209 5495 6172
f 5500 5501 5203
f 5500 6228 5501
f 5502 5503 5201
f 6251 5502 6246
f 6231 5500 6227
f 6228 5500 6231
f 6227 9951 6231
f 6217 6216 7630
f 6196 5496 6195
f 5830 5826 5831
f 5830 5836 5548
f 5548 5817 5830
f 5208 5817 5548
f 5832 5549 5548
f 5548 5549 5208
f 6707 6720 5832
f 5832 5548 6707
f 6707 5548 5836
f 6714 6720 6707
f 6707 5836 6714
f 6610 6602 6607
f 6607 5763 6610
f 5765 6602 6610
f 6610 5538 5765
f 6610 5763 5538
f 5542 5779 5786
f 5773 5764 5772
f 5777 5764 5773
f 5783 6651 6652
f 5544 5796 6664
f 6634 5777 5778
f 5777 5773 5778
f 5770 6604 6619
f 6619 5771 5770
f 6607 6602 5770
f 5770 5763 6607
f 5770 5771 5763
f 10132 6604 5770
f 5770 6602 10132
f 10148 5844 6715
f 6715 6729 10148
f 5184 5529 5528
f 5529 5681 5528
f 5696 5184 5528
f 5528 5695 5696
f 5528 5686 5695
f 5528 5681 5686
f 5676 5526 5673
f 5674 5526 5676
f 5676 5678 5674
f 5743 6584 6586
f 5744 6584 5743
f 6521 6509 6514
f 6514 6509 6511
f 6514 6511 5700
f 5730 5734 5534
f 5534 5719 5730
f 6464 6465 6458
f 6458 6461 6464
f 6476 6482 6479
f 5524 6473 6476
f 5675 5524 6476
f 6476 5673 5675
f 6479 5673 6476
f 5686 6502 5697
f 5700 5695 5697
f 5695 5686 5697
f 5683 6502 5686
f 5683 5681 5680
f 5686 5681 5683
f 6457 5522 6452
f 6457 6461 5522
f 6413 6409 10082
f 5868 5867 5552
f 5868 5870 6748
f 5552 5870 5868
f 5872 6774 5874
f 6766 5876 5875
f 5552 5867 5871
f 5215 5552 5871
f 5867 5872 5871
f 5871 5555 5215
f 5871 5554 5555
f 5874 5554 5871
f 5871 5872 5874
f 6792 6800 5556
f 5556 6781 6792
f 6792 6781 6786
f 6792 6786 10160
f 10160 6800 6792
f 6813 6809 6816
f 5911 6813 6816
f 5558 5907 5905
f 5874 6774 5880
f 6774 5882 5880
f 5882 5887 5880
f 5879 5554 5874
f 5874 5880 5879
f 5879 5880 5887
f 5881 6781 5556
f 5217 5554 5881
f 5554 5879 5881
f 5881 5879 6781
f 5881 5557 5217
f 5556 5557 5881
f 5616 4936 5615
f 5615 5652 5616
f 5232 11886 10658
f 10658 11875 5232
f 10658 11874 11875
f 11999 10708 10702
f 11908 11896 10660
f 10660 11414 11908
f 10660 11896 11413
f 11413 5228 10660
f 5168 11414 5226
f 5228 1746 5226
f 5226 10660 5228
f 11414 10660 5226
f 11908 11416 11918
f 11908 11414 10663
f 10663 11416 11908
f 10663 11414 10661
f 10664 11416 10663
f 11990 11998 12041
f 5244 11809 5153
f 11809 5246 5153
f 11889 11829 11901
f 11855 11786 11796
f 11776 11786 10649
f 10650 11786 11776
f 10649 5147 11776
f 5147 5252 11776
f 11776 5252 10650
f 11822 11812 11763
f 5258 11764 5143
f 5143 5142 5258
f 11698 5272 5133
f 5133 10643 11698
f 5270 10643 5133
f 5133 415 5270
f 5270 415 5134
f 5134 5135 5270
f 11741 10646 11740
f 5262 10646 11741
f 11741 5139 5262
f 11842 10655 5159
f 11860 11864 11859
f 11859 10656 11860
f 10657 11864 11860
f 5161 10657 11860
f 11860 5236 5161
f 11860 10656 5236
f 5236 10656 5238
f 5238 5158 5236
f 5238 11842 5159
f 10656 11842 5238
f 5159 1640 5238
f 1640 5158 5238
f 11886 10659 11885
f 11885 10659 11896
f 11885 10658 11886
f 11874 10658 11885
f 5146 1527 1535
f 1535 1536 5146
f 1527 4668 1535
f 4630 1370 1364
f 1364 1358 4630
f 4630 1376 1370
f 362 5127 5280
f 5280 5124 362
f 5125 5124 5280
f 5280 10639 5125
f 5278 5126 374
f 5278 5127 5126
f 10640 5127 5278
f 380 372 1340
f 372 373 1340
f 1340 382 380
f 378 373 375
f 382 1340 378
f 378 1340 373
f 1383 1382 414
f 414 416 1383
f 5132 415 5133
f 5133 416 5132
f 416 414 5132
f 5295 5113 11595
f 5113 10633 11595
f 11595 5297 5295
f 11609 10633 11610
f 5288 5286 11639
f 5121 10637 11639
f 11639 5286 5121
f 11815 11872 11862
f 11666 5127 10640
f 11666 5280 5127
f 10639 5280 11666
f 5123 10638 11648
f 10637 5285 11648
f 11648 5285 5123
f 5125 10639 11649
f 11649 5282 5125
f 10638 5282 11649
f 11858 11916 11848
f 11848 11916 11906
f 11848 11836 11779
f 11756 11815 11744
f 11815 11756 11825
f 11825 11756 11767
f 11779 11836 11825
f 11825 11767 11779
f 11825 11872 11815
f 11825 11883 11872
f 11779 11767 11717
f 291 5117 5292
f 5292 5114 291
f 5292 5115 5114
f 5290 11619 10635
f 10635 5117 5290
f 10635 11619 11629
f 10989 11046 11036
f 11036 11046 11103
f 11039 10978 10992
f 11130 11142 11192
f 11072 11142 11130
f 11130 11119 11072
f 11072 11119 11061
f 11061 11119 11050
f 10973 10963 10908
f 10908 10963 10953
f 11132 11075 11086
f 11097 11086 11040
f 11040 11086 11028
f 10877 12143 10895
f 10904 12165 10895
f 10798 10807 12115
f 10820 10787 10827
f 10797 10837 10827
f 10827 10787 10797
f 10861 10869 10921
f 10921 10912 10861
f 10869 10881 10921
f 10836 10869 10826
f 10836 10881 10869
f 10836 10796 10845
f 10845 10891 10836
f 10891 10881 10836
f 11022 10973 11034
f 10973 11044 11034
f 12042 12058 12049
f 11599 11635 11589
f 11589 11548 11599
f 11645 11635 11599
f 11645 11699 11635
f 11635 11699 11688
f 11699 11745 11688
f 11682 11692 11749
f 11749 11737 11682
f 11682 11737 11724
f 11724 11669 11682
f 11606 11614 11663
f 11606 11571 11614
f 11606 11599 11556
f 11672 11663 11623
f 11783 11793 11851
f 11783 11828 11771
f 11732 11793 11783
f 11782 11827 11770
f 11782 11792 11850
f 11748 11805 11736
f 11748 11759 11805
f 11736 11681 11748
f 664 4401 4412
f 5062 5063 5308
f 799 798 4509
f 776 5320 5071
f 5071 762 776
f 788 5323 5322
f 5322 5072 788
f 10615 5077 5328
f 5077 832 5328
f 5070 5318 748
f 5070 766 762
f 5070 5071 5318
f 762 5071 5070
f 5330 10616 5079
f 1104 2975 1114
f 194 1082 206
f 206 1082 1085
f 207 5102 206
f 2508 2532 2536
f 2532 2537 2536
f 2526 2532 2508
f 2508 2502 2526
f 5311 5098 175
f 5311 5099 5098
f 5311 175 5101
f 176 5099 5314
f 5590 5591 7122
f 5261 5591 5590
f 5590 7138 5261
f 5588 7121 7122
f 5589 7106 5588
f 5588 7122 5259
f 5259 5589 5588
f 7094 7085 7089
f 5594 5595 7154
f 5594 7178 5595
f 5267 7178 7194
f 7194 5597 5267
f 5596 5597 7194
f 7161 7166 7154
f 5596 7205 7209
f 7206 7209 7205
f 10264 7206 7205
f 6755 6749 6750
f 6750 6758 6755
f 6785 6787 10160
f 10160 5887 6785
f 5887 8632 6785
f 5298 10603 5053
f 587 5298 5053
f 11426 5296 5053
f 5053 10603 11426
f 5053 5051 587
f 5053 5296 5051
f 11139 11421 11140
f 11140 11420 11139
f 11140 11421 11419
f 11419 11420 11140
f 646 641 2060
f 626 625 629
f 5051 5296 61
f 5296 2 61
f 580 582 592
f 7249 7250 5600
f 10200 7069 7065
f 7065 7069 7060
f 7060 7064 7065
f 6086 7063 10200
f 6086 7064 6078
f 6078 6080 6086
f 10200 7065 6086
f 6086 7065 7064
f 7081 10206 7084
f 7081 5584 7070
f 7081 7084 5584
f 10200 7063 7066
f 7066 7075 10200
f 6996 5243 5241
f 5576 5577 6996
f 6996 5577 5243
f 5235 5571 10911
f 10911 5569 5235
f 5233 5569 10911
f 10911 10910 5233
f 10954 10900 10909
f 10909 10964 10954
f 10882 10922 10870
f 5231 5566 5962
f 5568 5233 5962
f 5233 5231 5962
f 6004 5572 6012
f 5926 5924 6863
f 6863 6871 5926
f 6886 5564 5952
f 5560 5918 5915
f 5223 5906 5560
f 5915 5561 5560
f 5561 5223 5560
f 5914 6831 5913
f 5918 5560 5913
f 11111 11100 11054
f 11021 10961 10971
f 11021 11010 10961
f 10932 10941 10988
f 11150 11138 11093
f 10838 10829 10839
f 10838 10828 10829
f 10839 10840 10838
f 5202 10802 5543
f 5200 5542 5543
f 5543 5796 5202
f 5542 5796 5543
f 5200 5543 10801
f 10801 5543 10802
f 10871 5559 5221
f 10871 10863 5559
f 5221 5223 10871
f 10871 10882 10870
f 5578 6057 6055
f 6055 6054 5578
f 6056 6054 6055
f 6064 5580 6058
f 6078 5580 6064
f 6064 6080 6078
f 6995 6993 6992
f 5983 5982 6934
f 6934 6940 5983
f 11169 11208 11160
f 11160 11208 11151
f 11151 11105 11160
f 11160 11116 11169
f 11160 11105 11116
f 11192 11151 11200
f 11151 11208 11200
f 11390 11392 11397
f 11397 11392 11679
f 11299 11325 11293
f 11293 11257 11299
f 11839 11783 11851
f 11828 11783 11839
f 11714 11724 11785
f 12078 12040 12048
f 12072 12033 12078
f 12033 12040 12078
f 11865 11805 11876
f 11827 11887 11876
f 11951 11887 11899
f 11899 11961 11951
f 11909 11961 11899
f 11850 11909 11899
f 11899 11887 11827
f 11921 11961 11909
f 11921 11909 11850
f 11850 11862 11921
f 12005 12048 11996
f 12048 12040 11996
f 12014 11967 11978
f 11978 11967 11916
f 11772 11831 11820
f 11820 11761 11772
f 11784 11831 11772
f 11823 11765 11834
f 11834 11765 11777
f 11777 11787 11834
f 11879 11831 11890
f 11879 11820 11831
f 11853 11805 11865
f 11865 11876 11924
f 11924 11853 11865
f 11890 11902 11945
f 11172 11230 11219
f 11219 11211 11172
f 11172 11211 11163
f 11172 11120 11131
f 11172 11163 11109
f 11109 11120 11172
f 11203 11211 11248
f 11248 11241 11203
f 11285 11241 11248
f 11433 11432 11191
f 11190 11432 11433
f 11191 11189 11433
f 11189 11190 11433
f 11434 11432 11190
f 11434 11190 11189
f 11275 11474 11475
f 11475 11474 11276
f 11475 11274 11275
f 11475 11276 11274
f 11451 11450 11227
f 11451 11237 11450
f 11451 11227 11236
f 11236 11237 11451
f 11226 11450 11452
f 11450 11237 11452
f 11236 11226 11452
f 11452 11237 11236
f 5054 5055 5298
f 5054 602 5055
f 5054 5298 587
f 11429 10604 11430
f 11430 10605 11429
f 11430 10604 5300
f 10605 11430 5302
f 5302 5056 626
f 10605 5302 5303
f 5303 5302 626
f 626 5058 5303
f 5303 5058 5059
f 10606 11435 11431
f 11431 11435 10605
f 10605 5303 11431
f 11431 5059 10606
f 11431 5303 5059
f 10608 11441 11442
f 11441 10607 11442
f 11442 10607 5308
f 5308 5063 11442
f 11442 5063 10608
f 11438 10607 11441
f 11438 11435 10606
f 11438 11441 11464
f 11464 11461 11438
f 11438 11461 11456
f 11456 11435 11438
f 10606 5059 5306
f 11464 11441 11444
f 11444 11441 10608
f 5067 5316 10610
f 11468 5077 10615
f 6175 6176 6177
f 6175 6171 6176
f 6177 6172 6175
f 6176 6171 7508
f 6156 7468 6160
f 6135 6141 7440
f 5626 6141 6135
f 6136 6135 7440
f 5653 5652 5492
f 5616 5652 5653
f 5653 5492 5213
f 5213 5616 5653
f 516 514 1824
f 512 1824 513
f 1824 514 513
f 513 24 512
f 513 514 24
f 1806 1811 1810
f 1810 1804 1806
f 1798 1804 1810
f 4142 1794 4134
f 4142 4143 1794
f 1806 1804 1805
f 1797 4148 1805
f 1805 1804 1797
f 5216 5174 26
f 5174 5173 26
f 26 5173 512
f 25 5216 26
f 26 512 25
f 2963 2980 1111
f 2967 2962 2963
f 2962 2957 2963
f 245 253 248
f 248 1129 245
f 246 1139 245
f 1139 253 245
f 1158 1150 4598
f 4598 1150 1144
f 1144 255 4598
f 1159 1160 4598
f 4598 1160 1158
f 10638 11649 11657
f 11657 11649 10639
f 11772 11761 11703
f 11575 11621 11567
f 5305 11568 5105
f 5105 11568 5307
f 5305 5304 10629
f 10629 11568 5305
f 11567 11568 10629
f 10629 11575 11567
f 1106 234 227
f 229 227 5106
f 5106 5107 5304
f 5304 229 5106
f 10981 10979 12193
f 12196 10979 10981
f 10993 10979 12196
f 12193 10979 10993
f 12072 12078 12112
f 10926 12174 12183
f 12172 12168 10877
f 12163 12168 12164
f 12111 12077 12086
f 12077 12038 12086
f 12134 12130 12100
f 12100 12105 12134
f 12134 12105 12110
f 12110 12138 12134
f 12071 12077 12111
f 12031 12038 12071
f 12071 12038 12077
f 12162 12139 12145
f 12135 12139 12162
f 12029 11984 11992
f 11513 11506 11505
f 11505 11506 11310
f 11544 11596 11586
f 11586 11577 11544
f 11596 11632 11586
f 11632 11577 11586
f 11513 11487 11520
f 11520 11487 11526
f 11520 11557 11513
f 11520 11526 11557
f 11354 11550 11358
f 11550 11335 11358
f 11362 11364 11358
f 11358 11583 11362
f 11358 11335 11583
f 11517 11555 11510
f 11555 11547 11510
f 11510 11547 11538
f 11510 11473 11481
f 11510 11486 11517
f 11481 11486 11510
f 11624 11579 11588
f 11588 11547 11598
f 11588 11579 11547
f 11572 11564 11532
f 11532 11579 11572
f 11694 11642 11704
f 11684 11632 11694
f 11632 11642 11694
f 11694 11739 11684
f 11694 11751 11739
f 11704 11762 11694
f 11762 11751 11694
f 11716 11662 11726
f 11662 11671 11726
f 11726 11671 11739
f 11605 11613 11662
f 11598 11562 11605
f 11562 11613 11605
f 11706 11662 11716
f 11340 11341 11541
f 11541 11341 11540
f 11540 11549 11541
f 11656 11607 11615
f 11624 11673 11615
f 11615 11579 11624
f 11615 11572 11579
f 11615 11607 11564
f 11564 11572 11615
f 11491 11497 11529
f 11529 11497 11501
f 11570 11562 11529
f 11529 11577 11570
f 11472 11480 11501
f 11501 11497 11472
f 11490 11516 11485
f 11516 11480 11485
f 11597 11587 11553
f 11554 5311 5101
f 11545 11587 11536
f 11536 11587 11578
f 11578 11571 11536
f 11536 11571 11530
f 11518 11511 11512
f 11518 11524 11556
f 11556 11511 11518
f 11556 11524 11563
f 11524 11571 11563
f 11563 11606 11556
f 11571 11606 11563
f 280 279 1182
f 279 1178 1182
f 289 293 1204
f 289 284 286
f 1204 284 289
f 286 1210 289
f 294 293 289
f 289 1210 294
f 1271 333 329
f 329 330 1271
f 337 333 1271
f 1290 337 1289
f 4622 1308 1301
f 4622 1293 1290
f 1301 1293 4622
f 1290 1289 4622
f 322 321 316
f 316 318 1234
f 318 1230 1234
f 1238 316 1234
f 3043 1179 3033
f 3344 3354 496
f 3349 3354 3358
f 3349 3357 3348
f 3348 496 3349
f 496 3354 3349
f 488 474 1468
f 487 1483 488
f 1483 474 488
f 3010 1159 3006
f 1169 1160 3024
f 300 1197 3073
f 276 5455 1212
f 1420 4638 1422
f 1421 4638 1420
f 421 414 1382
f 1382 1376 421
f 1376 4630 421
f 1421 1420 3275
f 1425 430 434
f 1422 4638 1425
f 5265 5136 469
f 5138 5139 469
f 469 5139 5265
f 1445 5136 1443
f 1445 1443 4641
f 1445 469 5136
f 5137 5136 5265
f 489 476 490
f 490 1492 489
f 489 1492 1489
f 1481 476 489
f 473 1460 1468
f 1468 474 473
f 5144 5145 1500
f 1500 5145 5256
f 5256 5258 1500
f 1500 5258 5142
f 465 468 5138
f 493 5143 5260
f 493 5142 5143
f 1498 1492 490
f 1498 3362 3364
f 3364 3363 1498
f 3350 3362 3355
f 3355 3347 3350
f 3362 1498 3355
f 490 3347 3355
f 3355 1498 490
f 1485 1483 487
f 487 3347 1485
f 1485 3347 490
f 490 476 1485
f 476 1483 1485
f 3364 3362 3370
f 3362 3369 3370
f 3373 3364 3370
f 1630 1636 4714
f 1631 5156 1624
f 1584 5155 5244
f 1599 1607 1584
f 3385 3377 3391
f 4703 1607 1599
f 3674 3666 3684
f 1640 1647 1652
f 1705 5162 1698
f 1679 1680 5160
f 1679 1687 1680
f 1699 1698 1691
f 1699 3912 1705
f 1705 1698 1699
f 1705 3912 1711
f 1687 1679 1688
f 1665 1655 1656
f 1791 1782 1785
f 1739 1745 1738
f 1750 1752 1754
f 1754 1746 1750
f 1750 1746 1745
f 1745 1746 5166
f 1720 1738 5166
f 5166 1738 1745
f 5166 5228 1720
f 5166 1746 5228
f 5170 5224 1766
f 10766 10761 10729
f 10729 10761 10751
f 10723 10730 10729
f 10729 10730 10735
f 10740 10739 10735
f 10740 10735 5177
f 5177 5523 10740
f 10740 5523 5178
f 5178 10741 10740
f 10745 10740 10741
f 10739 10740 10745
f 10778 10772 10745
f 10772 10739 10745
f 10737 10712 10743
f 10737 10732 10712
f 10701 10732 10725
f 10725 10697 10701
f 10721 10697 10725
f 10725 10748 10721
f 10752 10796 10786
f 10786 10780 10752
f 10826 10780 10786
f 10786 10836 10826
f 10796 10836 10786
f 10738 10718 10744
f 10744 10718 10748
f 5511 5510 6332
f 6332 6346 5511
f 5512 5513 5189
f 5189 6346 5512
f 5512 6358 5187
f 5187 5513 5512
f 10046 10034 6335
f 10034 6334 6335
f 6293 6292 5506
f 5506 6291 6293
f 9994 6287 10001
f 10001 6293 6291
f 10011 6293 10001
f 6294 6295 10001
f 10001 6295 10011
f 6269 9979 6272
f 6272 9979 9994
f 6271 9979 6270
f 6294 10001 6288
f 6288 10001 6287
f 6326 6331 6318
f 6318 6323 6326
f 10034 6331 6326
f 6326 10026 10034
f 6326 6323 10026
f 7842 6295 6294
f 10011 6301 6310
f 6310 6311 10011
f 6328 10026 6327
f 6313 10026 6317
f 6313 6312 10026
f 6317 5508 6313
f 5508 6304 6313
f 6304 6312 6313
f 7526 7527 7525
f 7540 6178 7541
f 7561 7569 6189
f 6220 9951 6217
f 6220 7649 7659
f 6180 5496 5209
f 5209 6172 6180
f 5494 5495 5211
f 5494 6172 5495
f 5211 6157 5494
f 6157 6164 5494
f 5494 6164 6171
f 6171 6175 5494
f 5494 6175 6172
f 6212 5500 5203
f 6212 5203 5499
f 5499 5498 6212
f 5201 6228 6241
f 6241 5502 5201
f 6246 5502 6241
f 5199 5503 6252
f 5503 5502 6252
f 6263 9979 6269
f 6263 6260 9979
f 6263 6252 6260
f 5502 6251 6253
f 6253 6252 5502
f 7635 7639 6217
f 6217 7630 7635
f 5498 6211 6215
f 6218 6212 6215
f 6215 6212 5498
f 6215 6211 6216
f 6217 6218 6215
f 6215 6216 6217
f 6216 6211 7616
f 6208 6211 6207
f 6207 6201 6208
f 6205 6201 6207
f 6196 6205 6207
f 6207 5498 6196
f 6207 6211 5498
f 6199 6205 6196
f 6196 6195 6199
f 6199 6195 6200
f 6199 6201 6205
f 6200 6201 6199
f 7574 6195 6194
f 6189 7569 6194
f 6699 5837 5830
f 5830 5831 6699
f 5831 5833 6699
f 6688 5826 5825
f 6688 5831 5826
f 6688 5825 5824
f 6719 6715 6712
f 6712 5844 5837
f 6712 6715 5844
f 5782 5777 6634
f 5781 5779 5540
f 5781 5786 5779
f 5540 5777 5781
f 5777 5782 5781
f 5783 5786 5781
f 5781 5782 5783
f 6672 6677 5544
f 5544 6664 6672
f 10140 5823 6672
f 6672 6664 10140
f 6603 6604 10132
f 6588 6603 10132
f 6620 5771 5775
f 5772 5771 6620
f 6620 5773 5772
f 6620 5778 5773
f 5536 5743 6587
f 5743 6586 6587
f 6587 6595 5536
f 6587 6586 6584
f 10132 6595 6587
f 6587 6584 10132
f 5738 5744 5743
f 5743 5732 5738
f 5732 5734 5738
f 5734 5730 5735
f 5731 5730 5726
f 5726 5719 5725
f 5726 5730 5719
f 6537 5718 6539
f 6537 5723 5718
f 5725 5718 5724
f 5718 5723 5724
f 6461 6457 10103
f 10103 6457 6452
f 7748 7738 7730
f 6441 6442 5520
f 6425 10082 10090
f 6311 6310 7877
f 7933 6334 6328
f 6748 6755 6752
f 6752 5868 6748
f 5867 5868 5869
f 5869 6766 5867
f 5868 6752 5869
f 5869 6752 6755
f 6755 6758 5869
f 5869 6758 5876
f 5876 6766 5869
f 5873 6766 5875
f 5875 5878 5873
f 5873 5878 6774
f 6774 5872 5873
f 5873 5872 5867
f 5867 6766 5873
f 5907 6800 6804
f 6804 5905 5907
f 5910 5906 5558
f 5558 5905 5910
f 5910 5905 5911
f 6784 5887 6786
f 6784 5879 5887
f 6786 6781 6784
f 6781 5879 6784
f 5647 5615 5617
f 5652 5615 5647
f 4935 5615 4936
f 12041 11998 12007
f 12007 12049 12041
f 11898 10670 10673
f 11919 11918 10666
f 10666 11918 11416
f 10666 10670 11919
f 10666 11416 10670
f 5170 5222 11415
f 11415 5222 10662
f 11415 5224 5170
f 11415 10661 5224
f 11950 12007 11998
f 11959 12007 11950
f 11950 11896 11908
f 11908 11959 11950
f 11819 11829 11889
f 10652 11809 11819
f 11819 11809 10653
f 10653 11829 11819
f 11830 11829 10653
f 10654 11829 11830
f 10653 5155 11830
f 11830 5155 5242
f 5242 10654 11830
f 11841 10654 5157
f 11841 5157 5240
f 5240 10655 11841
f 11840 11901 11829
f 11840 11841 10655
f 11840 11829 10654
f 10654 11841 11840
f 11740 11812 11800
f 11858 11848 11800
f 11822 11763 11833
f 11984 12029 11976
f 11752 11812 11740
f 11752 11763 11812
f 11740 10646 11752
f 5256 5145 11775
f 11775 5255 10649
f 11775 5145 5255
f 10642 5131 5272
f 5272 11698 10642
f 11708 5270 5135
f 10643 5270 11708
f 5266 10644 5268
f 5135 430 5268
f 5276 5278 374
f 5276 374 5128
f 5128 5129 5276
f 5111 5297 10632
f 5297 11595 10632
f 11602 11595 10633
f 10633 11609 11602
f 11602 10632 11595
f 11629 11619 10636
f 11619 5119 10636
f 10636 5119 5288
f 5288 11639 10636
f 11815 11862 11803
f 11744 11815 11803
f 11803 11792 11744
f 11850 11792 11803
f 11803 11862 11850
f 11894 11848 11906
f 11836 11848 11894
f 11894 11825 11836
f 11883 11825 11894
f 11744 11674 11687
f 11767 11756 11697
f 11697 11756 11744
f 11744 11687 11697
f 11697 11698 10643
f 11697 10642 11698
f 11697 11687 10642
f 11610 5115 10634
f 5115 5292 10634
f 10634 11609 11610
f 10912 10921 10965
f 10955 10902 10965
f 10965 10902 10912
f 10953 10963 11011
f 11011 10963 11022
f 10980 11103 11114
f 11114 11418 10980
f 11125 11418 11114
f 10958 10915 10968
f 10915 10978 10968
f 10968 11039 11027
f 10978 11039 10968
f 10794 10765 10803
f 11116 11071 11127
f 11071 11138 11127
f 11116 11105 11049
f 11049 11105 11039
f 11049 11039 10992
f 11188 11138 11150
f 11188 11127 11138
f 11171 11162 11119
f 11153 11086 11097
f 11119 11162 11108
f 11050 11119 11108
f 11108 11153 11097
f 11162 11153 11108
f 11097 11040 11108
f 11108 11040 11050
f 11094 11105 11151
f 11039 11105 11094
f 11099 11042 11110
f 11022 11034 11079
f 11079 11011 11022
f 10852 10891 10845
f 10845 10805 10852
f 10860 10908 10852
f 10778 10745 10784
f 10751 10761 10785
f 10761 10795 10785
f 10779 10746 10785
f 10785 10746 10751
f 11088 11077 11032
f 10984 11042 11032
f 11032 11099 11088
f 11042 11099 11032
f 10868 10908 10860
f 10987 11044 10973
f 11017 11086 11075
f 11028 11086 11017
f 10995 11042 10984
f 12173 12172 10877
f 10887 12164 10874
f 10874 12173 10887
f 10877 10895 10887
f 10887 12173 10877
f 10904 10895 10856
f 10820 10864 10856
f 10841 12143 10831
f 10831 12143 12163
f 10769 10733 10738
f 10738 10744 10769
f 12041 12049 12088
f 10904 10856 10914
f 10914 10856 10864
f 10914 12165 10904
f 10914 10928 12165
f 10846 10893 10885
f 10885 10837 10846
f 10885 10827 10837
f 10923 10885 10935
f 11324 11329 11356
f 11356 11329 11337
f 11400 11404 11399
f 11399 11404 11398
f 11391 11404 11389
f 11389 11403 11391
f 11385 11404 11380
f 11385 11380 11366
f 10989 10921 10933
f 10933 10921 10881
f 10933 10881 10891
f 10709 12058 12042
f 10709 12059 12058
f 10709 12042 10726
f 10726 12059 10709
f 11635 11688 11677
f 11677 11732 11667
f 11677 11745 11732
f 11677 11688 11745
f 11660 11704 11652
f 11714 11704 11660
f 11660 11724 11714
f 11660 11669 11724
f 11655 11645 11599
f 11599 11606 11655
f 11655 11606 11663
f 11729 11672 11685
f 11663 11672 11729
f 11732 11783 11722
f 11667 11732 11722
f 11722 11771 11712
f 11722 11783 11771
f 11798 11738 11750
f 11761 11820 11750
f 11750 11703 11761
f 649 4401 657
f 694 5065 5310
f 805 4509 804
f 788 787 792
f 792 798 788
f 776 762 775
f 11460 5320 5073
f 5320 5072 5073
f 5072 5322 5073
f 11467 5322 5323
f 5323 5075 11467
f 11467 5075 10614
f 10615 5328 11478
f 5079 10616 11478
f 11478 5328 5079
f 10616 5330 11479
f 2944 2942 1077
f 1104 1114 1117
f 1117 234 1104
f 1110 1114 2975
f 1111 2985 1110
f 1110 2985 240
f 240 1114 1110
f 1110 2963 1111
f 2967 2963 1110
f 188 5100 175
f 4590 1082 1083
f 194 1079 1081
f 1081 1082 194
f 1079 1083 1081
f 1081 1083 1082
f 1089 1094 207
f 207 206 1089
f 1089 206 1085
f 1085 1082 1089
f 1089 1082 4590
f 4590 1094 1089
f 207 1094 5104
f 5307 207 5104
f 5104 5105 5307
f 5104 229 5305
f 5305 5105 5104
f 2956 2957 2962
f 2956 2962 1103
f 202 193 195
f 202 1079 194
f 194 193 202
f 1080 2944 1097
f 2942 2944 1080
f 2936 202 195
f 645 5058 641
f 645 641 646
f 646 647 645
f 645 647 648
f 649 657 5060
f 642 648 649
f 649 5060 642
f 642 645 648
f 5058 645 642
f 642 5060 5306
f 5059 5058 642
f 642 5306 5059
f 662 2113 663
f 663 4401 662
f 4412 4401 663
f 663 666 4412
f 662 4401 650
f 650 4401 647
f 662 650 2103
f 2103 650 2093
f 2074 647 646
f 4521 2537 2532
f 2532 2526 4521
f 2526 4520 4521
f 2514 2526 2502
f 2514 4520 2526
f 85 5327 5087
f 5327 10620 5087
f 11512 10621 5325
f 888 5331 5083
f 5331 10618 5083
f 5084 5331 888
f 5084 906 86
f 5085 86 5329
f 5085 5329 10619
f 5085 5084 86
f 5331 5084 5085
f 7137 5590 7122
f 7106 5586 7105
f 7091 7094 7089
f 8999 8996 9000
f 7082 10206 7076
f 7177 5594 7154
f 7193 7194 7178
f 5592 7161 7154
f 5263 7138 5592
f 5592 5593 5263
f 5592 7154 5264
f 5264 5593 5592
f 10255 7177 10253
f 7181 10255 7180
f 7180 10255 10253
f 7166 7161 7163
f 5596 7209 7210
f 5269 5596 7210
f 7209 7217 7210
f 7210 5599 5269
f 7210 5598 5271
f 5271 5599 7210
f 9302 7206 9293
f 7206 10264 7200
f 7107 10216 7103
f 5933 6866 5935
f 5945 6866 5941
f 5877 5889 5888
f 5566 5961 5968
f 5968 5962 5566
f 5963 5961 5960
f 5951 5959 5960
f 5960 5566 5951
f 5960 5961 5566
f 10160 6787 6801
f 6816 6809 8676
f 5637 5636 9823
f 641 638 2052
f 2052 2060 641
f 637 638 641
f 641 5058 637
f 637 5058 626
f 623 5056 610
f 625 5056 623
f 9816 10490 7433
f 9810 10482 9816
f 9818 555 10489
f 1883 1882 557
f 557 7433 1883
f 1904 592 598
f 7316 5283 5281
f 5605 7276 5604
f 5604 5279 5605
f 7289 7286 9510
f 7351 7355 5609
f 7363 7364 7367
f 7363 7367 7352
f 7375 9720 7376
f 7394 6102 6101
f 6101 5631 5613
f 3 5631 6101
f 7368 7383 5613
f 7368 5613 5291
f 5291 5612 7368
f 7368 5612 5289
f 5289 5611 7368
f 5613 7383 7391
f 7391 6101 5613
f 7394 6101 7391
f 7398 7394 7391
f 7374 5611 7367
f 7367 7375 7374
f 7374 7368 5611
f 7374 7375 7376
f 566 586 5051
f 7235 7236 5598
f 5598 7225 7235
f 10275 10279 9312
f 7037 6056 6062
f 7037 6054 6056
f 7051 6076 6080
f 6080 6064 7051
f 7059 7062 7063
f 6076 7062 7059
f 7063 6086 7059
f 6080 6076 7059
f 7059 6086 6080
f 7074 10206 7077
f 10206 7081 7077
f 7070 7074 7077
f 7077 7081 7070
f 8937 10204 10205
f 8932 8933 8940
f 10202 8934 8929
f 8932 8940 10202
f 6062 6056 7030
f 6056 7024 7030
f 7030 7038 6062
f 10942 10932 10920
f 10920 5573 10942
f 5237 5573 10920
f 10920 5571 5237
f 10920 10911 5571
f 10964 10909 10919
f 10919 10920 10932
f 10911 10920 10919
f 10910 10911 10919
f 10919 10909 10910
f 10913 10922 10966
f 10922 10882 10934
f 10934 10990 10922
f 6003 5572 6005
f 6003 6012 5572
f 5574 6004 6017
f 5952 6871 6878
f 6878 6886 5952
f 5564 6886 5950
f 5950 5959 5951
f 5951 5564 5950
f 5918 6841 5922
f 5922 5924 5915
f 5915 5918 5922
f 5919 6841 5918
f 5919 5913 6831
f 5918 5913 5919
f 5919 5923 6841
f 6841 5923 5925
f 5924 5922 5925
f 5925 5922 6841
f 11076 11087 11133
f 11100 11147 11089
f 11043 11100 11089
f 11067 11010 11078
f 11010 11021 11078
f 11021 11089 11078
f 11078 11135 11067
f 11078 11147 11135
f 11078 11089 11147
f 11100 11111 11156
f 11156 11147 11100
f 10956 10947 10894
f 10954 10964 11012
f 10974 11035 10964
f 10964 10919 10974
f 10932 10988 10974
f 10974 10919 10932
f 10999 11010 11056
f 11056 10988 10999
f 10941 11010 10999
f 10999 10988 10941
f 11045 10988 11056
f 11045 11102 11035
f 11035 10974 11045
f 11045 10974 10988
f 11067 11135 11124
f 11167 11158 11113
f 11158 11102 11113
f 11113 11124 11167
f 11113 11045 11056
f 11102 11045 11113
f 11056 11067 11113
f 11067 11124 11113
f 10947 10956 11014
f 10966 11025 11014
f 11014 10956 10966
f 10966 10922 10976
f 10922 10990 10976
f 11082 11138 11071
f 11082 11093 11138
f 11071 11014 11082
f 11082 11014 11025
f 11126 11168 11115
f 11058 11126 11115
f 11037 11082 11025
f 11093 11082 11037
f 11037 10976 10990
f 11037 11025 10966
f 10966 10976 11037
f 10855 10863 10854
f 10840 10855 10854
f 10828 10838 10873
f 10905 10915 10958
f 10958 10949 10905
f 10814 10815 10822
f 5200 10801 5541
f 5541 5779 5200
f 5540 5779 5541
f 5198 5764 5541
f 5541 5764 5540
f 5539 5198 10793
f 5198 5541 10793
f 10793 5541 10801
f 5563 5227 10884
f 5227 5565 10884
f 10884 10892 10882
f 7020 6055 6057
f 7023 7024 6056
f 6056 6055 7023
f 7023 7020 7024
f 6055 7020 7023
f 6058 6054 6059
f 6059 6064 6058
f 6054 6060 6059
f 6019 6995 6996
f 6019 6996 5241
f 5241 5575 6019
f 6019 5575 5574
f 6930 5982 6928
f 6928 6934 6930
f 6930 6934 5982
f 11258 11265 11300
f 11251 11215 11258
f 11215 11265 11258
f 11371 11637 11393
f 11395 11679 11392
f 11678 11393 11689
f 11689 11637 11700
f 11689 11393 11637
f 11351 11323 11355
f 11636 11382 11626
f 11383 11381 11627
f 11627 11381 11382
f 11627 11646 11383
f 11636 11646 11627
f 11627 11382 11636
f 11354 11371 11350
f 11350 11322 11354
f 11350 11346 11322
f 11342 11346 11365
f 11365 11336 11342
f 11365 11359 11336
f 11330 11325 11299
f 11299 11338 11330
f 11330 11357 11325
f 11344 11348 11370
f 11345 11315 11320
f 11272 11234 11281
f 11265 11234 11272
f 11325 11357 11353
f 11357 11747 11353
f 11299 11257 11264
f 11264 11271 11299
f 11257 11222 11264
f 11222 11271 11264
f 11347 11366 11343
f 11366 11337 11343
f 11771 11828 11760
f 11828 11818 11760
f 11760 11806 11749
f 11760 11818 11806
f 11749 11692 11760
f 11692 11702 11760
f 11712 11771 11760
f 11760 11702 11712
f 12087 12048 12093
f 12087 12078 12048
f 11817 11876 11805
f 11827 11876 11817
f 11805 11759 11817
f 11817 11759 11827
f 11850 11899 11838
f 11838 11899 11827
f 11838 11782 11850
f 11827 11782 11838
f 11972 11921 11980
f 11961 11921 11972
f 12005 11996 11948
f 11948 11894 11906
f 12024 11978 12031
f 12014 11978 12024
f 11986 11978 11937
f 12031 11978 11986
f 11986 12038 12031
f 11928 11978 11916
f 11937 11978 11928
f 11823 11882 11871
f 11893 11882 11823
f 11823 11834 11893
f 11938 11871 11882
f 11882 11893 11938
f 11754 11765 11823
f 11754 11685 11695
f 11837 11790 11849
f 11846 11834 11787
f 11798 11856 11846
f 11846 11787 11798
f 11868 11856 11798
f 11820 11879 11868
f 11843 11902 11831
f 11843 11853 11902
f 11831 11784 11843
f 11784 11853 11843
f 11805 11853 11794
f 11794 11853 11784
f 11736 11805 11794
f 11794 11784 11736
f 12051 12009 12060
f 11942 11887 11951
f 11912 11964 11902
f 11912 11924 11964
f 11902 11853 11912
f 11853 11924 11912
f 11902 11964 11954
f 11954 11945 11902
f 11936 11879 11890
f 11890 11945 11936
f 11945 11954 12002
f 12002 11954 11964
f 11239 11230 11193
f 11201 11239 11193
f 11193 11131 11143
f 11193 11152 11201
f 11143 11152 11193
f 11279 11241 11285
f 11279 11270 11241
f 11255 11211 11262
f 11255 11248 11211
f 11262 11297 11255
f 11285 11248 11255
f 11180 11189 11423
f 11180 11434 11189
f 11423 11432 11180
f 11432 11434 11180
f 5057 11430 5300
f 5057 5302 11430
f 5300 5056 5057
f 5056 5302 5057
f 11439 11438 10606
f 10607 11438 11439
f 10606 5306 11439
f 5308 10607 5061
f 5061 658 5308
f 10607 11439 5061
f 5061 11439 5306
f 5061 5060 658
f 5306 5060 5061
f 10609 5065 5312
f 5067 10610 11448
f 11448 10609 5312
f 5077 11468 5326
f 10614 5075 5326
f 5326 11468 10614
f 11490 11463 11496
f 11496 11528 11490
f 6165 6164 6161
f 6165 7508 6171
f 6171 6164 6165
f 6156 6160 6159
f 6157 6156 6159
f 6159 6160 6161
f 5621 4265 4264
f 5626 6135 5625
f 6135 5623 5625
f 1851 1849 1848
f 1848 1849 1850
f 5623 4264 1850
f 6138 6130 6134
f 5627 6130 6138
f 6138 6141 5627
f 5627 6141 5626
f 5626 1849 5627
f 1849 6130 5627
f 1853 6130 1849
f 1849 1851 1853
f 1853 1851 1845
f 1853 1852 5645
f 1846 1852 1853
f 7522 6176 7519
f 1866 4270 4269
f 4204 1821 1814
f 4933 1847 4238
f 4017 1745 1739
f 1712 1711 3932
f 6140 5652 6139
f 7440 6140 6139
f 6139 6136 7440
f 5621 6136 5620
f 5620 6136 5619
f 5620 4265 5621
f 5620 5619 4265
f 1824 1821 1828
f 1821 4204 1828
f 1812 1811 1813
f 1812 1810 1811
f 1813 1798 1812
f 1798 1810 1812
f 4880 4143 4878
f 4143 4142 4878
f 2977 2963 2957
f 2980 2963 2977
f 254 1139 2999
f 246 1127 250
f 244 1129 242
f 244 245 1129
f 244 242 238
f 246 245 244
f 244 1127 246
f 238 1127 244
f 253 1149 1142
f 248 253 1142
f 1142 255 248
f 1149 3004 1145
f 1145 1142 1149
f 1145 3004 3006
f 1145 4598 255
f 255 1142 1145
f 3006 1159 1145
f 1159 4598 1145
f 11638 11681 11629
f 11638 11639 10637
f 11629 10636 11638
f 11638 10636 11639
f 10640 11674 11665
f 11665 11666 10640
f 10639 11666 11665
f 11665 11657 10639
f 11695 11685 11633
f 11633 11643 11695
f 11633 11672 11623
f 11685 11672 11633
f 11623 11578 11633
f 11578 11587 11633
f 11587 11597 11633
f 11633 11597 11643
f 11661 11715 11705
f 11705 11754 11695
f 11765 11754 11705
f 11777 11765 11705
f 11705 11715 11777
f 11725 11787 11777
f 11777 11715 11725
f 11725 11738 11798
f 11798 11787 11725
f 11693 11750 11738
f 11703 11750 11693
f 11723 11668 11736
f 11736 11784 11723
f 5304 5107 11569
f 11569 10629 5304
f 11575 10629 11569
f 235 227 234
f 234 1117 235
f 228 237 241
f 228 5106 237
f 228 241 5108
f 5108 5301 228
f 5301 5107 228
f 5107 5106 228
f 12195 10981 12194
f 12196 10981 12195
f 12194 10982 12195
f 12195 10982 12196
f 12177 12193 12175
f 12177 12179 12193
f 12181 10981 12193
f 12193 12179 12181
f 12179 12166 12181
f 11015 12193 11004
f 12193 10993 11004
f 11004 12196 11015
f 11004 10993 12196
f 12051 12083 12043
f 12083 12035 12043
f 11991 11942 11951
f 12097 12060 12066
f 12051 12060 12097
f 10948 10957 10926
f 12187 10928 10948
f 10948 10928 10957
f 12169 12166 12144
f 12179 12177 12158
f 12158 12175 12155
f 12158 12177 12175
f 12158 12134 12138
f 12155 12130 12158
f 12130 12134 12158
f 12148 12144 12117
f 12148 12169 12144
f 12163 12164 12160
f 12168 12172 10876
f 10876 12164 12168
f 12172 12173 10876
f 10874 12164 10876
f 10876 12173 10874
f 12111 12086 12118
f 12118 12086 12123
f 12118 12145 12111
f 12118 12123 12145
f 12100 12123 12092
f 12123 12086 12092
f 12054 12100 12092
f 12092 12086 12054
f 12054 12086 12046
f 12046 12086 12038
f 12046 12003 12054
f 12046 12038 12003
f 12106 12071 12111
f 12101 12071 12106
f 12106 12139 12135
f 12111 12139 12106
f 12065 12101 12056
f 12065 12071 12101
f 12056 12014 12065
f 12014 12024 12065
f 12031 12071 12065
f 12065 12024 12031
f 10980 12150 12156
f 12167 12193 10980
f 10980 12162 12167
f 12167 12162 12145
f 12036 12029 11992
f 11946 11955 12003
f 11946 11986 11937
f 11507 11505 11310
f 11303 11505 11507
f 11507 11310 11309
f 11309 11303 11507
f 11483 11505 11303
f 11267 11276 11483
f 11483 11276 11513
f 11513 11505 11483
f 11483 11302 11267
f 11483 11303 11302
f 11616 11677 11667
f 11692 11682 11630
f 11580 11616 11573
f 11502 11538 11498
f 11502 11510 11538
f 11498 11473 11502
f 11473 11510 11502
f 11624 11588 11634
f 11686 11624 11634
f 11634 11644 11686
f 11598 11644 11634
f 11634 11588 11598
f 11654 11605 11662
f 11662 11706 11654
f 11654 11644 11598
f 11598 11605 11654
f 11686 11644 11696
f 11644 11654 11696
f 11696 11654 11706
f 11334 11541 11549
f 11334 11590 11550
f 11340 11541 11334
f 11334 11549 11557
f 11550 11332 11334
f 11334 11332 11340
f 11557 11600 11334
f 11600 11590 11334
f 11656 11615 11664
f 11664 11615 11673
f 11517 11491 11523
f 11491 11529 11523
f 11523 11562 11517
f 11523 11529 11562
f 11544 11577 11535
f 11577 11529 11535
f 11535 11501 11544
f 11535 11529 11501
f 11469 11497 11464
f 11469 11472 11497
f 11464 11444 11469
f 11444 11472 11469
f 11447 11472 11444
f 11453 11480 11447
f 11480 11472 11447
f 11447 10610 11453
f 11447 11448 10610
f 11444 10609 11447
f 10609 11448 11447
f 11459 11463 11490
f 11490 11485 11459
f 11453 10611 11459
f 11459 11480 11453
f 11459 11485 11480
f 11604 11560 11567
f 11553 11560 11604
f 11604 11597 11553
f 5101 5309 10627
f 10627 11554 5101
f 10627 5309 11561
f 11553 11554 10627
f 11561 11560 10627
f 10627 11560 11553
f 11504 10620 5327
f 11489 5083 10618
f 10617 5332 11489
f 11494 10618 5331
f 11494 5085 10619
f 5331 5085 11494
f 11495 11499 10619
f 10620 11499 11495
f 10619 5329 11495
f 5329 5087 11495
f 11495 5087 10620
f 280 1182 1185
f 1180 1188 1185
f 1185 1188 280
f 1185 1182 1178
f 1185 1178 4601
f 4601 1179 1185
f 1185 1179 1180
f 4610 1215 1217
f 337 1271 334
f 334 1271 330
f 1241 316 1238
f 1241 322 316
f 1241 1232 1239
f 1238 1234 1241
f 1241 1234 1230
f 1241 1230 4610
f 4610 1232 1241
f 323 321 1252
f 321 322 1252
f 326 323 1252
f 3049 3054 1179
f 1179 3043 3049
f 294 299 3077
f 486 3344 496
f 486 496 487
f 487 488 486
f 3358 3354 3346
f 3354 3344 3346
f 1363 412 3219
f 404 3215 1363
f 3215 408 1363
f 1363 408 1379
f 1379 412 1363
f 405 408 3215
f 408 405 409
f 1468 1461 1465
f 297 1219 295
f 3014 3017 1159
f 1159 3010 3014
f 3031 3025 3033
f 3031 3024 3025
f 3031 3033 1169
f 1169 3024 3031
f 3020 3024 1160
f 306 1227 304
f 1213 309 306
f 304 1227 3078
f 315 319 5452
f 315 5450 319
f 5452 319 314
f 314 313 5452
f 5452 313 303
f 5455 5453 302
f 1212 5455 302
f 319 5450 1251
f 1251 1288 319
f 510 5418 511
f 495 477 494
f 4637 418 1411
f 423 5132 414
f 423 424 415
f 415 5132 423
f 432 1420 435
f 435 1405 432
f 435 1420 1422
f 434 428 435
f 428 1405 435
f 1421 3275 3276
f 1433 4638 1421
f 1421 3276 1433
f 1422 1425 1423
f 1423 1425 434
f 1423 435 1422
f 434 435 1423
f 1432 1425 4638
f 430 1425 1426
f 1425 1432 1426
f 5266 5268 1426
f 1426 5268 430
f 1426 5137 5266
f 5136 5137 1426
f 1443 5136 1426
f 469 1445 1450
f 11728 5137 5265
f 11728 10644 5266
f 5266 5137 11728
f 492 475 1481
f 1481 489 492
f 492 489 1489
f 1489 497 492
f 472 1483 476
f 472 474 1483
f 472 473 474
f 1454 1452 1460
f 1453 1450 1454
f 1454 1445 4641
f 1454 1450 1445
f 4641 1444 1451
f 1451 1454 4641
f 1452 1454 1451
f 3321 1451 3313
f 1460 1452 3327
f 3327 1461 1468
f 1468 1460 3327
f 1519 1514 4656
f 1519 1515 5144
f 5144 1514 1519
f 4656 1514 1511
f 1511 1514 5144
f 5144 1500 1511
f 470 475 468
f 468 465 470
f 466 465 5138
f 5138 469 466
f 466 1450 1453
f 469 1450 466
f 1495 4650 1499
f 1495 497 4650
f 1495 1494 497
f 468 475 5140
f 5140 493 5260
f 5260 5141 5140
f 5141 468 5140
f 3286 3285 3281
f 3281 3294 3286
f 3301 3299 3293
f 1444 3299 3301
f 3313 1451 3301
f 3301 1451 1444
f 3288 3286 3289
f 3292 3289 3293
f 3293 3299 3292
f 3292 3288 3289
f 3292 3299 1444
f 3371 1496 3366
f 3367 3372 3371
f 3371 3366 3367
f 3367 3366 3364
f 3367 3364 3373
f 1492 1498 3361
f 3361 1498 3363
f 1630 4714 1629
f 1624 1623 1628
f 1628 1631 1624
f 1623 4714 1628
f 4714 1631 1628
f 1640 5156 1639
f 1639 1647 1640
f 5242 5155 1608
f 1608 1624 5242
f 1608 1623 1624
f 5244 5153 5152
f 5152 1584 5244
f 5152 5153 5246
f 5246 1568 5152
f 5152 1591 1584
f 3402 3401 3394
f 3384 3377 3385
f 3412 3401 3402
f 1501 1503 1509
f 3404 3394 3385
f 3411 3394 3404
f 1530 3411 3404
f 3377 3375 3387
f 3387 3391 3377
f 3387 1509 3391
f 3418 3411 1530
f 3402 3394 3418
f 3418 3394 3411
f 3443 1521 3439
f 1526 4668 1527
f 1526 1521 3443
f 5394 1693 1695
f 1607 4703 4705
f 1600 4703 1598
f 1680 1687 1690
f 1715 1714 1712
f 1715 1719 5164
f 1715 5164 1706
f 1706 1714 1715
f 1712 1714 1710
f 1710 1711 1712
f 1705 1711 1710
f 1710 1706 1705
f 1710 1714 1706
f 1653 1656 1655
f 5169 1785 1782
f 1781 1785 5169
f 5169 1766 1781
f 5170 1766 5169
f 5169 5222 5170
f 5169 1782 5222
f 1754 1752 1757
f 1757 1746 1754
f 1786 1785 1781
f 4075 4077 1770
f 1758 1752 4045
f 4058 4062 1758
f 1758 1757 1752
f 1765 1757 1758
f 1758 4062 1765
f 1734 1738 1720
f 1746 1757 5167
f 5167 1757 1765
f 5168 5226 5167
f 5167 5226 1746
f 5167 5224 5168
f 5167 1766 5224
f 10766 10729 10734
f 10734 10772 10766
f 10734 10739 10772
f 10735 10739 10734
f 10734 10729 10735
f 10722 10729 10751
f 10722 10746 10719
f 10751 10746 10722
f 10722 10719 10723
f 10723 10729 10722
f 10749 10745 10741
f 10749 10759 10758
f 10749 10784 10745
f 10758 10794 10749
f 10794 10784 10749
f 10743 10780 10774
f 10774 10737 10743
f 10812 10806 10774
f 10774 10780 10812
f 10748 10725 10753
f 10787 10748 10753
f 10753 10732 10763
f 10753 10725 10732
f 10763 10797 10753
f 10797 10787 10753
f 6337 10034 10046
f 6358 5512 6357
f 6353 5512 6346
f 6353 6357 5512
f 10053 6357 6353
f 10046 10053 6353
f 6350 10046 6338
f 10046 6335 6338
f 6338 6335 7954
f 10011 6309 6303
f 6303 6304 6292
f 6309 6304 6303
f 9979 6255 6261
f 6261 6270 9979
f 6261 6255 7746
f 6274 7798 6287
f 6274 9994 6271
f 6274 6287 9994
f 7808 6287 7806
f 6287 7798 7806
f 7816 6287 7808
f 7816 6288 6287
f 7816 7822 6288
f 7849 6295 7845
f 7845 7846 7849
f 10026 6311 6314
f 6314 6327 10026
f 7902 6327 6314
f 7529 7525 7527
f 9872 7523 7529
f 9872 7529 7537
f 7537 7529 7527
f 7522 7523 7530
f 7530 6176 7522
f 7530 6178 6176
f 7548 6188 7540
f 6189 7554 7557
f 7557 7561 6189
f 7561 7557 7556
f 7556 7557 7554
f 7574 9900 7581
f 7581 6195 7574
f 6200 6195 7581
f 6232 6220 7659
f 9951 6220 6232
f 7649 6220 7644
f 7659 7649 7650
f 7730 7738 7737
f 6255 6254 7737
f 7687 7682 7688
f 6247 9962 6236
f 6179 6172 6177
f 6179 6180 6172
f 7540 6188 6179
f 6177 6178 6179
f 6179 6178 7540
f 6193 6195 5496
f 5496 6180 6193
f 6189 6194 6193
f 6193 6194 6195
f 6219 6212 6218
f 6218 9951 6219
f 6219 9951 6227
f 6227 5500 6219
f 5500 6212 6219
f 5199 6252 6264
f 6264 5505 5199
f 6269 6272 6264
f 6264 6263 6269
f 6252 6263 6264
f 9979 6260 6256
f 6256 6253 9979
f 6260 6252 6256
f 6252 6253 6256
f 6248 6254 9969
f 9969 6247 6248
f 9962 6247 9969
f 9969 6251 6246
f 6246 9962 9969
f 9969 6253 6251
f 9979 6253 9969
f 9969 6255 9979
f 9969 6254 6255
f 6240 6241 6228
f 6234 6231 9951
f 9951 9962 6234
f 6228 6231 6234
f 6208 7610 7608
f 7608 6211 6208
f 7608 7616 6211
f 7577 6194 7569
f 7574 6194 7577
f 6719 6712 5842
f 5842 6712 5837
f 5783 5782 5791
f 10140 6652 6653
f 6653 6652 6651
f 6676 6672 5823
f 6677 6672 6676
f 6676 5823 5816
f 5816 6677 6676
f 6659 6664 5796
f 6659 6655 6652
f 6659 6652 10140
f 10140 6664 6659
f 6652 6655 5795
f 5795 5786 5783
f 5783 6652 5795
f 5542 5786 5795
f 5795 5796 5542
f 5795 6659 5796
f 6655 6659 5795
f 6584 5744 6583
f 10132 6584 6583
f 6556 5730 5731
f 6569 5738 5734
f 5744 5738 6569
f 6530 5723 6535
f 5723 6537 6535
f 6539 6530 6535
f 6535 6537 6539
f 6547 5726 5725
f 5725 5724 6547
f 7742 7738 7755
f 7688 7682 7693
f 7723 7717 9970
f 7743 7748 7730
f 6438 6441 5520
f 5520 6430 6438
f 6430 6434 6438
f 6442 6441 6445
f 6429 10090 6434
f 6429 6425 10090
f 6429 6434 6430
f 6429 6430 6414
f 6414 6425 6429
f 6413 10082 6419
f 5518 6413 6419
f 6419 6414 5518
f 7870 7877 6310
f 6328 6327 7921
f 7809 7816 7808
f 5911 5905 6811
f 6813 5911 6811
f 6809 6813 6811
f 6811 6804 6800
f 6811 6800 10160
f 6822 5910 5911
f 5618 5647 5617
f 5619 5647 5618
f 5619 6136 5656
f 5656 5647 5619
f 5656 5655 5647
f 6136 6139 5656
f 6139 5655 5656
f 4266 5618 5617
f 5617 5615 4266
f 5615 4935 4266
f 4265 5619 4266
f 5619 5618 4266
f 12042 12049 10703
f 12049 12007 10703
f 10703 12008 10702
f 10702 10708 10703
f 10703 10708 12042
f 10705 11999 10702
f 10702 12017 10705
f 10702 12008 10704
f 10704 12017 10702
f 10672 11918 11919
f 11919 10670 10672
f 11918 10672 11897
f 11897 10672 10670
f 10688 11898 10673
f 10673 10674 10688
f 10688 10674 10691
f 10708 11999 10688
f 10691 10713 10688
f 10713 10708 10688
f 10671 11959 11908
f 10671 11898 11959
f 11908 11918 10671
f 11918 11897 10671
f 10670 11898 10671
f 10671 11897 10670
f 11959 11898 11969
f 11969 11898 10685
f 10684 11960 11969
f 11412 10663 10661
f 10661 11415 11412
f 11412 11415 10662
f 10662 10664 11412
f 10664 10663 11412
f 11864 11874 11923
f 11859 11864 11923
f 11874 11885 11941
f 11941 11885 11896
f 11896 11950 11941
f 11998 11990 11941
f 11941 11950 11998
f 10651 11808 11807
f 11807 11796 10651
f 11807 11808 10652
f 10652 11819 11807
f 11867 11807 11819
f 11867 11855 11796
f 11796 11807 11867
f 11852 10656 11859
f 11852 11842 10656
f 10655 11842 11852
f 11852 11840 10655
f 11789 11848 11779
f 11789 11800 11848
f 11786 11855 11845
f 11845 11833 11786
f 11786 11833 11774
f 11774 11833 11763
f 10649 11786 11774
f 11774 11775 10649
f 12054 12003 12012
f 11965 11976 12012
f 12012 12063 12054
f 12003 11955 12012
f 12012 11955 11965
f 11889 11901 11944
f 11944 11935 11889
f 11992 11984 11944
f 11984 11935 11944
f 11764 11763 10647
f 11763 11752 10647
f 5260 5143 10647
f 5143 11764 10647
f 5275 5131 11676
f 5131 10642 11676
f 10642 11687 11676
f 11718 11708 5135
f 5135 5268 11718
f 11718 5268 10644
f 10644 11717 11718
f 11717 11708 11718
f 1536 1535 1539
f 1539 1535 4668
f 1359 1357 1355
f 1355 3220 1359
f 1365 4630 1359
f 1359 4630 1358
f 1358 1357 1359
f 1355 1357 381
f 381 1357 1358
f 381 379 380
f 384 379 381
f 381 393 384
f 381 1358 393
f 1354 3220 1355
f 382 378 3210
f 11594 5299 5111
f 5111 10632 11594
f 11703 11693 11641
f 11707 11717 11767
f 11767 11697 11707
f 11707 11708 11717
f 10643 11708 11707
f 11707 11697 10643
f 11609 10634 11617
f 11617 10635 11629
f 11629 11681 11617
f 11617 11681 11668
f 10975 10989 11036
f 10975 10921 10989
f 10975 10965 10921
f 11418 11204 11417
f 11060 11071 11116
f 11116 11049 11060
f 11060 11014 11071
f 11214 11222 11257
f 11167 11222 11214
f 11214 11158 11167
f 11207 11215 11251
f 11150 11159 11207
f 11168 11215 11207
f 11207 11159 11168
f 11127 11188 11178
f 11169 11116 11178
f 11116 11127 11178
f 11257 11293 11250
f 11223 11265 11215
f 11223 11234 11265
f 11223 11215 11168
f 11119 11130 11181
f 11181 11171 11119
f 11181 11130 11192
f 11132 11086 11144
f 11086 11153 11144
f 11083 11151 11142
f 11083 11094 11151
f 11083 11142 11072
f 11072 11027 11083
f 11027 11039 11083
f 11039 11094 11083
f 11110 11121 11173
f 11173 11121 11132
f 11418 11148 11157
f 11125 11079 11136
f 11136 11079 11148
f 11136 11418 11125
f 11136 11148 11418
f 11057 11000 11011
f 11046 10989 11057
f 10989 11000 11057
f 11125 11114 11057
f 11057 11103 11046
f 11057 11114 11103
f 11316 11273 11282
f 11282 11288 11316
f 11251 11288 11282
f 11252 11208 11259
f 10891 10852 10899
f 10899 10852 10908
f 10953 10891 10899
f 10899 10908 10953
f 10811 10818 10860
f 10860 10852 10811
f 10811 10852 10805
f 10805 10767 10811
f 10811 10767 10773
f 10811 10773 10779
f 10779 10818 10811
f 11020 11032 11077
f 11066 11009 11020
f 11020 11077 11066
f 10998 10940 11009
f 10998 11009 11066
f 11066 11055 10998
f 10998 11055 11044
f 11044 10987 10998
f 10931 10987 10973
f 10931 10998 10987
f 10940 10998 10931
f 10931 10868 10880
f 11064 10995 11006
f 11064 11017 11075
f 11006 11017 11064
f 11064 11121 11110
f 11064 11075 11132
f 11132 11121 11064
f 11016 11027 11072
f 11016 10949 10958
f 10958 10968 11016
f 11016 10968 11027
f 10969 11040 11028
f 11006 10995 10939
f 10939 10950 11006
f 10807 10856 10848
f 10841 12115 10848
f 10848 12115 10807
f 10848 12143 10841
f 10848 10895 12143
f 10848 10856 10895
f 10820 10856 10813
f 10813 10856 10807
f 10830 12153 10841
f 10841 10831 10830
f 10830 10831 12142
f 12152 12153 10832
f 10832 10830 12142
f 12153 10830 10832
f 12152 12115 10799
f 10799 12153 12152
f 10799 12115 10841
f 10841 12153 10799
f 12142 10831 12141
f 12141 10831 12163
f 10775 10769 10744
f 10775 10748 10781
f 10775 10744 10748
f 10775 10781 10820
f 10820 10813 10775
f 10807 10769 10775
f 10775 10813 10807
f 12041 12088 12079
f 10872 10885 10923
f 10872 10914 10864
f 10923 10914 10872
f 10827 10885 10872
f 10872 10864 10820
f 10820 10827 10872
f 11366 11380 11360
f 11360 11337 11366
f 11360 11356 11337
f 11370 11348 11352
f 11348 11324 11352
f 11324 11356 11352
f 11690 11403 11379
f 11690 11386 11397
f 11758 11403 11690
f 11361 11747 11357
f 11338 11344 11361
f 11361 11330 11338
f 11357 11330 11361
f 11380 11404 11376
f 11404 11747 11376
f 11376 11352 11356
f 11376 11360 11380
f 11356 11360 11376
f 11401 11404 11400
f 11734 11857 11404
f 11404 11401 11734
f 11734 11401 11402
f 11398 11404 11394
f 11404 11391 11394
f 11389 11404 11387
f 11404 11385 11387
f 11387 11385 11366
f 11971 11958 11907
f 12023 12064 12013
f 12013 12064 12055
f 11663 11729 11719
f 11719 11729 11790
f 2155 678 677
f 4412 666 677
f 4419 678 684
f 4419 676 4412
f 4429 683 4419
f 4412 677 4419
f 4419 677 678
f 685 691 4429
f 4429 4419 685
f 685 4419 684
f 684 2181 685
f 658 664 665
f 665 670 658
f 665 664 4412
f 4412 670 665
f 676 5062 671
f 658 670 671
f 5308 658 671
f 671 5062 5308
f 4401 664 661
f 661 657 4401
f 661 5060 657
f 661 664 658
f 658 5060 661
f 5064 707 708
f 708 5312 5064
f 703 707 5064
f 5312 5065 5064
f 5065 694 5064
f 5062 683 682
f 682 694 5310
f 5310 5063 682
f 5063 5062 682
f 702 699 4429
f 694 699 702
f 703 5064 702
f 702 5064 694
f 693 690 4429
f 4429 699 693
f 693 682 690
f 693 699 694
f 694 682 693
f 4429 690 686
f 686 683 4429
f 690 682 686
f 686 682 683
f 762 766 767
f 767 775 762
f 5322 11467 10613
f 11460 5073 10613
f 10613 5073 5322
f 10613 11463 11460
f 1097 2944 1095
f 1095 2944 1077
f 2957 2956 2951
f 1097 1095 2949
f 2959 2951 2949
f 2949 2948 1097
f 239 1117 1114
f 239 240 238
f 239 1114 240
f 239 235 1117
f 239 238 1118
f 1118 235 239
f 2967 1110 2972
f 2972 1110 2975
f 2972 2975 1104
f 2972 1103 2967
f 2972 1104 1103
f 184 188 175
f 190 184 1050
f 188 184 190
f 1050 185 190
f 189 5100 192
f 5100 188 192
f 192 193 194
f 192 188 193
f 4582 1015 1018
f 181 174 1037
f 2946 1083 1079
f 2948 1083 2946
f 1079 1080 2946
f 1097 2948 2946
f 2946 1080 1097
f 1102 5104 1094
f 1102 1094 4590
f 4590 234 1102
f 1102 234 1106
f 1107 227 229
f 229 5104 1107
f 5104 1102 1107
f 1106 227 1107
f 1107 1102 1106
f 1090 2956 1103
f 1090 1103 4590
f 4590 1083 1090
f 1078 1080 1079
f 2942 1080 1078
f 1079 202 1078
f 191 2936 195
f 191 190 185
f 2137 2126 2135
f 4413 2130 4408
f 4408 2130 2121
f 2050 2064 2062
f 2036 2029 4358
f 4358 2029 4357
f 4353 4357 4347
f 4357 2029 4347
f 2155 4420 2161
f 2161 678 2155
f 678 2161 2166
f 684 678 2166
f 2166 2173 684
f 2132 2131 2126
f 2132 2126 2137
f 2137 2151 2132
f 2107 2113 662
f 662 2103 2107
f 2084 650 647
f 646 2060 2068
f 2068 2074 646
f 2199 2186 2182
f 2182 2181 2174
f 2182 2186 2185
f 2185 2186 2190
f 2190 2186 2191
f 2190 685 2185
f 691 685 2190
f 2175 2176 4424
f 2148 4420 2155
f 4424 2176 4422
f 4422 4423 2171
f 2193 4428 2188
f 2188 4428 2180
f 4424 2189 2180
f 2180 2189 2188
f 2180 2175 4424
f 2180 4428 2179
f 2179 2175 2180
f 4522 2536 2537
f 5079 5328 5078
f 5078 5328 832
f 832 839 5078
f 843 5078 839
f 2507 2502 2508
f 2501 2502 2507
f 805 2501 2507
f 2507 811 805
f 2521 2520 2508
f 2508 2536 2521
f 4517 813 810
f 805 811 4517
f 810 806 4517
f 4517 4509 805
f 4546 4540 866
f 855 4540 859
f 2506 2503 4518
f 5093 5321 5092
f 5088 106 107
f 107 5325 5088
f 922 921 917
f 93 921 922
f 5324 5325 107
f 5324 5090 5091
f 107 5090 5324
f 11512 5325 5324
f 895 5084 888
f 86 906 84
f 10624 5095 5317
f 10624 11536 11530
f 156 5097 5317
f 5094 5095 5319
f 5590 7137 7143
f 7148 7138 7143
f 7138 5590 7143
f 7143 7137 10233
f 10233 7145 7143
f 8995 8996 8999
f 8995 8990 8996
f 8999 7091 8995
f 8977 8990 8989
f 8989 8984 8977
f 7090 8989 7091
f 8984 8989 7090
f 10206 7082 7090
f 7090 7082 8965
f 7089 10206 7090
f 7090 7091 7089
f 7076 7075 8944
f 7075 7066 8927
f 8927 8935 7075
f 8966 8956 8982
f 8993 8977 8966
f 8966 8982 8993
f 8965 8956 8966
f 8935 8927 8928
f 5594 7177 7179
f 7184 7178 7179
f 7178 5594 7179
f 7179 10255 7184
f 7177 10255 7179
f 10253 7177 7169
f 7169 7177 7154
f 7194 7193 7198
f 7198 7193 10264
f 10264 7193 7188
f 7184 10255 7188
f 7188 7178 7184
f 7188 7193 7178
f 7188 10255 7181
f 7181 7189 7188
f 7188 7189 10264
f 7161 5592 7153
f 7153 5592 7138
f 9133 7145 7144
f 7144 7145 10233
f 7170 7180 10253
f 7209 7206 9301
f 7206 9302 9301
f 7222 7210 7217
f 9269 9263 9264
f 9263 7189 9253
f 7199 7189 9263
f 9263 9269 7199
f 10264 7189 7199
f 7199 7200 10264
f 9015 9000 8996
f 9001 8990 8977
f 9001 9002 8990
f 9001 8977 8993
f 8972 8973 8978
f 7096 7091 8999
f 7116 5588 7106
f 7121 5588 7116
f 10233 7129 10227
f 7121 7116 10227
f 5415 7135 7130
f 7130 7124 5415
f 7136 7139 5415
f 5415 7139 7135
f 9185 9203 9189
f 10223 7114 10216
f 7113 7107 5413
f 7113 7118 10216
f 10216 7107 7113
f 6068 7061 6066
f 10199 7049 7050
f 7050 7033 10199
f 8915 8933 8932
f 10207 10205 8968
f 8968 8962 10207
f 8957 8968 10205
f 8957 10205 10204
f 10208 10216 7101
f 10208 7088 7079
f 8909 8908 6092
f 8912 7080 8924
f 8924 7080 8931
f 8933 8915 8931
f 8931 8915 8924
f 8942 8931 7080
f 7026 6051 7017
f 8891 7033 7050
f 7017 6051 6046
f 6029 6030 5395
f 6897 6904 6901
f 6901 8757 6897
f 6902 8757 6901
f 8724 8714 5948
f 8718 6867 8727
f 6767 5889 5877
f 5877 5876 6767
f 5876 6758 6767
f 6758 6759 6767
f 6758 6750 8613
f 8613 6759 6758
f 5948 8714 6868
f 5935 6855 6845
f 5929 6847 8708
f 8708 5927 5929
f 5973 5982 5568
f 5568 5962 5973
f 5962 5968 5973
f 6809 6811 6802
f 6802 8659 8663
f 6801 8659 6802
f 10160 6801 6802
f 6802 6811 10160
f 8670 8676 6809
f 6809 6802 8670
f 10446 9729 10439
f 9718 10439 10438
f 9693 9688 10429
f 9535 9523 9519
f 10279 10275 10280
f 7385 7370 7386
f 10341 7311 10350
f 10359 10368 7331
f 581 582 580
f 581 583 582
f 5635 5636 5632
f 5632 5636 576
f 7408 9823 9797
f 9797 9823 7423
f 7408 9797 9788
f 6125 9820 7427
f 583 581 4281
f 580 592 578
f 578 592 1904
f 1904 572 578
f 7425 5636 5635
f 7425 9823 5636
f 9823 7425 5634
f 5634 7425 5635
f 5635 5632 5634
f 5634 573 5633
f 5634 5632 573
f 7400 9823 7408
f 7400 7399 9823
f 7392 9755 7388
f 626 629 635
f 635 637 626
f 1912 590 586
f 594 5054 587
f 594 601 5054
f 587 593 594
f 595 601 594
f 594 591 595
f 594 593 591
f 602 5054 605
f 5054 601 605
f 601 606 605
f 7398 7391 9760
f 9783 9781 9782
f 1899 1905 4278
f 1917 4287 1916
f 1916 4287 1902
f 4278 1905 1885
f 1885 555 4278
f 555 1885 1875
f 10487 9825 9818
f 9818 9804 10487
f 4278 555 563
f 563 557 1893
f 563 1899 4278
f 1893 1899 563
f 1893 557 569
f 569 557 1882
f 1906 1893 569
f 9828 557 7431
f 9825 557 9828
f 9818 9825 9828
f 9828 555 9818
f 9828 7431 555
f 9816 7433 9821
f 7433 557 9821
f 9821 557 9825
f 9821 9810 9816
f 9821 10487 9810
f 9825 10487 9821
f 4291 1893 1906
f 4291 1899 1893
f 48 49 550
f 1950 612 1953
f 600 598 592
f 9510 7286 9512
f 10567 10407 10402
f 10372 9618 9614
f 5606 7316 5281
f 7285 7282 7286
f 7286 7289 7285
f 7285 5604 7276
f 7285 7289 5604
f 7298 7289 9510
f 9585 9589 9588
f 7352 7355 7361
f 7361 7363 7352
f 9725 9731 7376
f 7376 9720 9725
f 9725 10448 9731
f 10448 9725 9722
f 9722 9725 9720
f 9719 7375 9714
f 9720 7375 9719
f 9698 7364 9690
f 9704 7375 7367
f 9714 7375 9704
f 9672 10567 9669
f 10385 10387 10555
f 9638 9637 9645
f 9724 10441 9723
f 9750 10456 10452
f 9750 9755 10456
f 9750 7388 9755
f 9733 7388 9743
f 9730 9746 10449
f 9693 10429 10426
f 9684 9693 10426
f 9745 9739 9753
f 3 6101 5630
f 5630 6101 6102
f 7380 7374 7376
f 7368 7374 7380
f 586 566 1880
f 568 1912 1880
f 1880 1912 586
f 7249 7258 7257
f 7250 7249 7257
f 7275 7268 7269
f 7039 6060 6054
f 6054 7037 7039
f 7047 6059 6060
f 7047 7051 6064
f 6064 6059 7047
f 8938 10204 8937
f 8937 8934 8938
f 8916 8926 8925
f 6062 7038 6063
f 6927 6929 6928
f 6987 7005 8838
f 6974 8820 6971
f 8832 7009 8833
f 8831 7009 8832
f 8827 6968 6972
f 6989 6972 8824
f 6027 6037 6999
f 6999 8829 6027
f 6999 6987 8829
f 7005 6987 6999
f 6971 8820 6969
f 6969 6968 6971
f 6969 8820 8813
f 8824 6972 6965
f 6972 6968 6965
f 10882 10892 10945
f 10945 10934 10882
f 10945 10900 10954
f 10945 10892 10900
f 10990 10934 10945
f 10954 11012 10945
f 6005 5570 6953
f 6953 6003 6005
f 6964 6012 6011
f 6012 6003 6011
f 6011 6015 6964
f 6013 6012 6964
f 6004 6012 6013
f 6013 6017 6004
f 11154 11203 11145
f 11145 11133 11087
f 11145 11098 11154
f 11087 11098 11145
f 11043 11089 11033
f 11033 11089 11021
f 11033 10971 11043
f 11033 11021 10971
f 11165 11156 11111
f 11058 10990 11001
f 11001 11012 11058
f 10990 10945 11001
f 11001 10945 11012
f 11035 11102 11091
f 11091 11080 11035
f 11091 11102 11158
f 11035 11080 11023
f 11023 11080 11012
f 10964 11035 11023
f 11023 11012 10964
f 11069 11126 11058
f 11058 11012 11069
f 11012 11080 11069
f 11126 11069 11137
f 11137 11069 11080
f 11150 11093 11104
f 11104 11159 11150
f 11058 11115 11104
f 11168 11159 11104
f 11104 11115 11168
f 11093 11037 11104
f 10894 10838 10847
f 10847 10854 10894
f 10847 10838 10840
f 10840 10854 10847
f 10894 10854 10903
f 10903 10854 10913
f 10903 10956 10894
f 10903 10913 10966
f 10966 10956 10903
f 10913 10854 10862
f 10870 10922 10862
f 10922 10913 10862
f 10862 10854 10863
f 10862 10871 10870
f 10863 10871 10862
f 10894 10947 10886
f 10947 10936 10886
f 10886 10838 10894
f 10886 10873 10838
f 10924 10978 10915
f 10924 10886 10936
f 10873 10886 10924
f 10992 10978 10924
f 10924 10936 10992
f 10888 10842 10896
f 10896 10949 10888
f 10896 10905 10949
f 10821 10814 10822
f 10822 10829 10821
f 10829 10828 10821
f 10814 10821 10857
f 10783 5196 5539
f 5539 10793 10783
f 10783 5194 5196
f 5537 5194 10783
f 10883 5225 5563
f 5563 10884 10883
f 5561 5225 10883
f 10882 10871 10883
f 10883 10884 10882
f 10883 5223 5561
f 10883 10871 5223
f 10901 5565 5229
f 10901 10884 5565
f 10901 5229 5567
f 5567 10910 10901
f 10901 10909 10900
f 10910 10909 10901
f 10900 10892 10901
f 10892 10884 10901
f 7022 7030 7024
f 7024 7020 7015
f 7015 10191 7024
f 7015 6057 5576
f 7015 7020 6057
f 10188 6995 6992
f 6960 6948 8805
f 11294 11288 11251
f 11251 11258 11294
f 11294 11258 11300
f 11300 11331 11294
f 11331 11326 11294
f 11388 11390 11397
f 11397 11386 11388
f 11388 11393 11390
f 11386 11393 11388
f 11392 11390 11680
f 11390 11393 11680
f 11680 11395 11392
f 11680 11393 11678
f 11679 11395 11396
f 11678 11689 11396
f 11396 11680 11678
f 11395 11680 11396
f 11700 11679 11396
f 11396 11689 11700
f 11811 11751 11762
f 11762 11821 11811
f 11739 11751 11811
f 11773 11762 11714
f 11714 11785 11773
f 11355 11323 11328
f 11336 11359 11328
f 11359 11355 11328
f 11328 11323 11297
f 11304 11336 11328
f 11328 11297 11304
f 11379 11403 11375
f 11375 11359 11379
f 11375 11355 11359
f 11347 11351 11372
f 11372 11351 11355
f 11355 11375 11372
f 11372 11403 11389
f 11372 11375 11403
f 11368 11365 11346
f 11346 11350 11368
f 11368 11350 11371
f 11386 11365 11368
f 11371 11393 11368
f 11368 11393 11386
f 11374 11371 11354
f 11383 11637 11374
f 11374 11637 11371
f 11299 11271 11306
f 11306 11338 11299
f 11306 11344 11338
f 11319 11324 11348
f 11348 11344 11319
f 11287 11293 11325
f 11325 11320 11287
f 11287 11250 11293
f 11287 11315 11281
f 11287 11320 11315
f 11281 11315 11307
f 11307 11272 11281
f 11300 11265 11307
f 11265 11272 11307
f 11307 11331 11300
f 11307 11339 11331
f 11307 11315 11345
f 11345 11339 11307
f 11349 11320 11325
f 11325 11353 11349
f 11345 11320 11349
f 11349 11747 11345
f 11349 11353 11747
f 11324 11319 11292
f 11292 11319 11286
f 11263 11292 11256
f 11313 11337 11305
f 11313 11343 11337
f 11313 11279 11285
f 11305 11270 11313
f 11270 11279 11313
f 12026 11972 11980
f 12026 12033 12072
f 12072 12066 12026
f 12066 12060 12026
f 12019 12009 11961
f 11961 11972 12019
f 11972 12026 12019
f 12019 12060 12009
f 12019 12026 12060
f 11980 11921 11930
f 11930 11862 11872
f 11930 11921 11862
f 11980 11930 11939
f 11883 11894 11939
f 11894 11948 11939
f 11872 11883 11939
f 11939 11930 11872
f 11957 11948 11906
f 11906 11916 11957
f 11916 11967 11957
f 12005 11948 11957
f 11957 12014 12005
f 11957 11967 12014
f 11907 11849 11861
f 11849 11790 11861
f 11915 11966 11905
f 11905 11856 11915
f 11905 11846 11856
f 11905 11893 11834
f 11834 11846 11905
f 11987 11938 11947
f 11947 11938 11893
f 11893 11905 11947
f 11813 11754 11823
f 11823 11871 11813
f 11742 11729 11685
f 11685 11754 11742
f 11793 11745 11804
f 11873 11863 11804
f 11851 11793 11804
f 11804 11863 11851
f 11895 11849 11907
f 11895 11837 11849
f 11907 11958 11895
f 11958 11949 11895
f 11790 11837 11780
f 11780 11719 11790
f 11810 11868 11798
f 11820 11868 11810
f 11798 11750 11810
f 11810 11750 11820
f 11915 11856 11927
f 11856 11868 11927
f 11927 11868 11879
f 11879 11936 11927
f 11977 11966 11915
f 11915 11927 11977
f 12023 12013 11977
f 11977 12013 11966
f 11985 11936 11945
f 11985 11927 11936
f 11985 11977 11927
f 12023 11977 11985
f 12011 11964 12021
f 12011 12002 11964
f 11230 11172 11182
f 11182 11193 11230
f 11182 11172 11131
f 11131 11193 11182
f 11285 11255 11291
f 11291 11255 11297
f 11291 11323 11285
f 11297 11323 11291
f 11453 10610 11454
f 11454 10611 11453
f 11454 10610 5316
f 5318 10611 5069
f 748 5318 5069
f 5069 11454 5316
f 10611 11454 5069
f 5069 5068 748
f 5069 5316 5068
f 11445 11444 10608
f 11445 10609 11444
f 11445 10608 5310
f 5310 5065 11445
f 5065 10609 11445
f 5067 11448 5313
f 5313 11448 5312
f 5313 5312 708
f 708 5066 5313
f 5313 5066 5067
f 6161 6164 6163
f 6163 6159 6161
f 6163 6164 6157
f 6157 6159 6163
f 1847 529 525
f 524 4264 4252
f 4265 4266 4252
f 5621 4264 5622
f 5622 4264 5623
f 5622 5623 6135
f 5622 6136 5621
f 6135 6136 5622
f 5626 5625 5624
f 5624 5625 5623
f 5623 1850 5624
f 5624 1849 5626
f 5624 1850 1849
f 524 1828 1835
f 1835 1828 1834
f 1835 4264 524
f 1835 1850 4264
f 1848 1850 1835
f 6129 6134 6130
f 6129 1853 5645
f 6130 1853 6129
f 6162 6168 7460
f 10498 10497 7509
f 10497 10498 9857
f 4225 4220 4226
f 7451 6141 6138
f 7451 7452 6141
f 6141 7452 6142
f 6142 7468 7440
f 7440 6141 6142
f 7476 6160 7468
f 4933 4238 4231
f 1825 1828 4211
f 4211 1828 4204
f 1806 1805 4164
f 4164 4169 1806
f 4175 1811 1806
f 1806 4169 4175
f 1752 4032 4037
f 4037 4032 4033
f 4033 4038 4037
f 4013 4017 1739
f 1739 4004 4013
f 1739 1738 1731
f 1738 1734 1731
f 4029 4028 4025
f 4033 4032 4029
f 4032 4028 4029
f 4898 4175 4169
f 4880 4878 5033
f 4938 1851 1848
f 1845 1851 4938
f 1840 1845 1844
f 1844 1843 1840
f 1845 4938 1844
f 1844 4938 1843
f 1840 1843 1836
f 1836 1833 1840
f 1834 1828 1836
f 1828 1833 1836
f 1824 1828 1827
f 1827 1828 520
f 520 519 1827
f 1827 519 517
f 517 516 1827
f 1827 516 1824
f 521 1828 524
f 520 1828 521
f 2969 2977 2957
f 2957 2951 2969
f 4595 2977 2969
f 254 2999 3002
f 246 250 249
f 2993 1127 240
f 2993 250 1127
f 240 2985 2993
f 2995 2997 251
f 2106 2099 2116
f 4511 4510 2483
f 2537 4521 2542
f 2542 4521 4520
f 2854 2838 2827
f 979 981 4578
f 11731 11674 11744
f 11744 11792 11731
f 11731 11665 11674
f 11731 11721 11665
f 11792 11782 11731
f 11782 11721 11731
f 11738 11725 11670
f 11670 11661 11621
f 11670 11715 11661
f 11670 11725 11715
f 11668 11723 11713
f 11772 11703 11713
f 11713 11784 11772
f 11713 11723 11784
f 5301 11576 10630
f 10630 5107 5301
f 10630 11569 5107
f 11576 11585 10630
f 11585 11575 10630
f 11575 11569 10630
f 1118 237 236
f 236 235 1118
f 227 235 236
f 237 5106 236
f 236 5106 227
f 12189 12190 10981
f 12192 12190 12189
f 12191 12190 12192
f 12191 10982 12194
f 12191 12192 10982
f 12194 10981 12191
f 10981 12190 12191
f 12185 10981 12184
f 10981 12181 12184
f 10926 12192 12184
f 12184 12192 12185
f 12184 12169 10926
f 12184 12181 12166
f 12166 12169 12184
f 10982 12192 10991
f 10991 11002 10982
f 10923 10935 10991
f 10946 10991 10935
f 11002 10991 10946
f 10893 10902 10946
f 10946 10902 10955
f 10946 10885 10893
f 10946 10935 10885
f 12074 12035 12083
f 12074 12068 12035
f 12035 12068 12028
f 12000 12009 12051
f 12051 12043 12000
f 12000 11991 11951
f 12000 12043 12035
f 12035 11991 12000
f 11951 11961 12000
f 11961 12009 12000
f 11942 11991 11933
f 11933 11924 11876
f 11933 11876 11887
f 11887 11942 11933
f 12119 12112 12078
f 12078 12087 12119
f 12119 12087 12093
f 12093 12124 12119
f 12131 12106 12135
f 12101 12106 12131
f 12135 12156 12131
f 12093 12101 12131
f 12131 12124 12093
f 12150 12124 12131
f 12131 12156 12150
f 12089 12083 12051
f 12051 12097 12089
f 12121 12083 12089
f 12089 12097 12121
f 12112 12119 12146
f 12146 12150 10980
f 12146 12124 12150
f 12146 12119 12124
f 12128 11418 12121
f 12121 12097 12128
f 12102 12097 12066
f 12102 12128 12097
f 12102 12066 12072
f 12187 10925 10927
f 10927 10925 12183
f 12165 12180 12178
f 12178 10927 12183
f 12180 10927 12178
f 12182 10927 12180
f 12165 10928 12182
f 12182 12180 12165
f 10926 12183 10937
f 10937 10948 10926
f 12183 10925 10937
f 10937 10925 12187
f 12187 10948 10937
f 12171 12174 10926
f 10926 12169 12171
f 12171 12154 12174
f 12169 12148 12171
f 12161 12166 12179
f 12179 12158 12161
f 12161 12158 12138
f 12161 12138 12144
f 12144 12166 12161
f 10875 12160 12164
f 12164 10887 10875
f 12165 12178 10875
f 10875 10895 12165
f 10875 10887 10895
f 12159 12162 10980
f 10980 12156 12159
f 12135 12162 12159
f 12159 12156 12135
f 12175 12193 12170
f 12193 12167 12170
f 12170 12149 12175
f 12145 12149 12170
f 12170 12167 12145
f 11994 11946 12003
f 11986 11946 11994
f 12003 12038 11994
f 12038 11986 11994
f 11635 11677 11625
f 11677 11616 11625
f 11625 11616 11580
f 11580 11589 11625
f 11625 11589 11635
f 11650 11702 11692
f 11455 11459 10611
f 5318 5071 11455
f 11455 10611 5318
f 11621 11661 11612
f 11661 11604 11612
f 11567 11621 11612
f 11612 11604 11567
f 11643 11597 11653
f 11597 11604 11653
f 11653 11604 11661
f 11661 11705 11653
f 11695 11643 11653
f 11653 11705 11695
f 11503 11499 10620
f 10620 11504 11503
f 11503 11511 11548
f 10621 11511 11503
f 11503 11504 10621
f 11503 11533 11499
f 10615 11478 11477
f 11477 11478 10616
f 11539 11589 11580
f 11548 11589 11539
f 11580 11573 11539
f 11573 11533 11539
f 11539 11503 11548
f 11533 11503 11539
f 1231 1232 4610
f 4610 1217 1231
f 3103 1232 1231
f 1231 1217 3087
f 3087 3093 1231
f 3079 1215 3076
f 3079 3080 1215
f 3079 293 294
f 3076 293 3079
f 3079 294 1220
f 1220 3080 3079
f 331 330 1261
f 331 334 330
f 1286 1289 337
f 337 334 1286
f 1258 3138 3140
f 1243 1241 1239
f 322 1241 1243
f 3044 3049 3043
f 3054 3049 3044
f 1220 294 1226
f 1226 3081 1220
f 294 3077 1226
f 1226 3077 1221
f 3087 1217 3085
f 3088 3093 3087
f 495 494 1486
f 1486 494 3352
f 1476 484 486
f 1476 486 488
f 3368 3346 3356
f 1347 3215 404
f 1367 1366 3223
f 1369 3217 1367
f 1380 418 4637
f 4637 1411 1412
f 1412 1411 444
f 395 3215 3213
f 3215 1347 3213
f 395 1345 1344
f 1345 1336 1344
f 1344 1336 4629
f 1318 1322 365
f 401 3215 395
f 401 405 3215
f 3293 3319 3302
f 3313 3301 3302
f 3302 3301 3293
f 449 438 3271
f 270 273 5459
f 274 273 270
f 307 295 1219
f 307 309 1213
f 4609 1183 296
f 297 295 296
f 1160 3017 3019
f 3019 3020 1160
f 308 307 1213
f 295 307 308
f 3117 3106 3130
f 3130 3134 3117
f 3092 3113 3097
f 3097 3096 3092
f 3149 3152 1269
f 1269 3152 1268
f 3140 3138 1269
f 1269 1268 3140
f 3139 3142 3129
f 4618 1236 1240
f 3108 3113 3092
f 1227 3099 1228
f 1228 3108 3092
f 3092 3096 1233
f 304 3078 301
f 301 299 300
f 300 3073 301
f 5453 303 311
f 311 303 313
f 311 302 5453
f 313 1219 311
f 3147 3145 1276
f 310 1219 313
f 313 314 310
f 314 1229 310
f 310 1229 309
f 309 307 310
f 310 307 1219
f 4621 4618 1262
f 3122 3097 3113
f 3106 3097 3122
f 1235 1236 3099
f 1235 3099 1227
f 1240 1236 1235
f 340 3152 338
f 338 3152 350
f 3168 1315 3158
f 3158 338 350
f 3149 1269 1267
f 1267 3145 3147
f 351 350 345
f 342 1288 353
f 353 1288 5448
f 1288 1251 5448
f 1523 510 5416
f 510 511 5416
f 441 5430 440
f 1491 494 477
f 5420 507 506
f 506 507 508
f 509 5418 510
f 510 1516 509
f 509 507 5418
f 508 507 509
f 509 1516 505
f 505 508 509
f 444 1411 1410
f 1400 418 1391
f 1400 1411 418
f 424 423 1394
f 3280 1433 3276
f 4641 1443 1442
f 1442 1432 4641
f 1443 1426 1442
f 1442 1426 1432
f 5265 5139 10645
f 10645 11728 5265
f 5139 11741 10645
f 10645 11741 11740
f 4650 497 1493
f 1493 1496 4650
f 1493 497 1489
f 1489 1492 1493
f 1492 3361 1493
f 3363 1496 1493
f 1493 3361 3363
f 3326 3327 1452
f 1452 1451 3326
f 1451 3321 3326
f 3326 1465 1461
f 1461 3327 3326
f 1524 1519 1521
f 1515 1519 1524
f 1504 5142 1499
f 1504 1500 5142
f 1499 4650 1504
f 471 470 465
f 471 472 476
f 465 466 467
f 1453 1454 467
f 467 466 1453
f 1460 473 467
f 467 1454 1460
f 491 5140 475
f 493 5140 491
f 497 1494 491
f 475 492 491
f 491 492 497
f 3285 3286 3287
f 3286 3288 3287
f 3365 3363 3364
f 3364 3366 3365
f 3365 1496 3363
f 3365 3366 1496
f 3372 3367 3381
f 3381 3397 3372
f 3371 3372 3379
f 3372 3397 3380
f 3380 3388 3383
f 3380 3379 3372
f 3383 3379 3380
f 1520 1519 4656
f 1521 1519 1520
f 1520 3409 3420
f 3433 1521 1520
f 1579 4692 1583
f 4692 1591 1583
f 1591 5152 1583
f 1583 1568 1579
f 1583 5152 1568
f 1599 1584 1597
f 1597 4703 1599
f 1598 4703 1597
f 1593 1591 4692
f 1598 1597 1593
f 1593 3632 1598
f 5156 1631 1635
f 1635 1639 5156
f 1636 1639 1635
f 1635 4714 1636
f 1635 1631 4714
f 5155 1584 5154
f 5154 1608 5155
f 5154 1584 1607
f 1623 1608 1618
f 1618 4714 1623
f 3385 3394 3393
f 3393 3394 3401
f 3368 3375 3359
f 3359 3375 3377
f 3359 3346 3368
f 3358 3346 3359
f 3360 3349 3358
f 3357 3349 3360
f 3360 3369 3357
f 3360 3370 3369
f 3385 3391 3398
f 3398 3404 3385
f 3402 3418 3424
f 4657 3412 3406
f 3436 1521 3433
f 3436 3439 1521
f 3477 3476 3463
f 1613 1615 5403
f 1615 1613 1620
f 5414 510 1523
f 5414 1533 510
f 1517 1516 510
f 510 1522 1517
f 1611 1618 4705
f 3665 1600 3651
f 3640 1600 1598
f 1691 1698 1694
f 1694 1690 1691
f 1680 1690 1694
f 1694 5162 1680
f 1694 1698 5162
f 1666 1665 1670
f 1670 1674 1666
f 1670 1672 1674
f 1665 1656 3804
f 3849 1688 1679
f 3849 3863 1688
f 1674 1672 1675
f 1675 1679 5160
f 5160 1666 1675
f 1666 1674 1675
f 1654 1653 1655
f 1652 1653 1654
f 1654 1655 5158
f 1654 5158 1640
f 1640 1652 1654
f 1647 1639 1648
f 1769 1765 1770
f 1770 1771 1769
f 1769 1771 1772
f 1769 1772 1766
f 1769 5167 1765
f 1766 5167 1769
f 1774 4096 1781
f 4115 1786 4106
f 1781 4096 4106
f 4106 1786 1781
f 1787 1786 4123
f 4134 1794 1787
f 1787 4127 4134
f 1787 1793 1791
f 1794 1793 1787
f 1791 1785 1787
f 1785 1786 1787
f 1770 1765 4068
f 1765 4062 4068
f 4068 4075 1770
f 4068 4829 4075
f 4068 4062 4826
f 4826 4829 4068
f 4826 4062 4822
f 4822 4062 4058
f 4052 1758 4045
f 4058 1758 4052
f 1720 1727 1730
f 1730 1734 1720
f 1727 1729 1730
f 1729 1731 1730
f 1730 1731 1734
f 10750 10749 10741
f 10759 10749 10750
f 10750 5527 5182
f 5182 5529 10750
f 5529 10759 10750
f 5180 5527 10750
f 10750 10741 5180
f 10737 10774 10768
f 10763 10732 10768
f 10732 10737 10768
f 10768 10806 10763
f 10768 10774 10806
f 10046 6349 6345
f 6345 6337 10046
f 6332 6337 6345
f 6346 6332 6345
f 6345 6349 6346
f 10034 6337 6336
f 6336 6332 5510
f 6336 6337 6332
f 6362 6368 6358
f 6358 6357 6362
f 6362 6357 10053
f 10059 6368 6362
f 6362 10053 10059
f 6346 6349 6352
f 6352 6353 6346
f 6352 6349 10046
f 10046 6353 6352
f 10011 6303 6300
f 6300 6303 6292
f 6273 6272 9994
f 9994 6277 6273
f 6286 6291 6278
f 9994 10001 6286
f 6286 10001 6291
f 6270 7767 7775
f 7775 7780 6271
f 6271 6270 7775
f 7775 7781 7780
f 6270 6261 7756
f 7756 7767 6270
f 7757 7756 7747
f 7767 7756 7757
f 6288 7822 7827
f 7827 7834 6294
f 6294 6288 7827
f 7827 7822 7828
f 6295 7842 7844
f 7844 7845 6295
f 7834 7835 7838
f 7838 7835 7842
f 6294 7834 7838
f 7838 7842 6294
f 7829 7835 7834
f 7834 7827 7829
f 7829 7827 7828
f 7848 7835 7829
f 7606 7618 7609
f 9888 7547 7553
f 7493 9857 9851
f 7538 7541 6178
f 6178 7530 7538
f 10500 7530 7523
f 7540 7541 9879
f 9879 7548 7540
f 7554 6188 7552
f 6188 7548 7552
f 7520 7523 7522
f 7522 7519 7520
f 7525 7529 7520
f 7520 7529 7523
f 7502 9852 9851
f 7548 9879 9880
f 6200 7581 9904
f 9904 7581 9900
f 6233 7669 7676
f 6232 7669 6233
f 9951 6232 6233
f 6233 9962 9951
f 6236 9962 6233
f 6217 7639 7640
f 7640 6220 6217
f 7640 7644 6220
f 7649 7644 7641
f 7641 7650 7649
f 7644 7640 7641
f 7641 7651 7656
f 7656 7650 7641
f 7664 7650 7656
f 7733 7729 7730
f 7730 7737 7733
f 7733 6254 7729
f 7733 7737 6254
f 7741 7742 7746
f 7746 6255 7741
f 7741 7738 7742
f 7694 7687 7688
f 7688 7695 7694
f 7694 7695 7701
f 7701 6247 7694
f 6236 7687 7694
f 7694 6247 6236
f 7678 7682 7681
f 6236 6233 7681
f 9970 7717 7711
f 7711 7717 6248
f 6248 6247 7711
f 6248 7717 7722
f 7722 6254 6248
f 7729 6254 7722
f 7717 7723 7722
f 6180 6179 6187
f 6187 6179 6188
f 6187 6188 6189
f 6278 5197 5504
f 5504 6277 6278
f 5197 5505 5504
f 5505 6264 5504
f 5504 6273 6277
f 5504 6264 6272
f 6272 6273 5504
f 6246 6241 6243
f 6241 6240 6243
f 6243 9962 6246
f 6243 6240 9962
f 9962 6240 6235
f 6235 6234 9962
f 6235 6240 6228
f 6228 6234 6235
f 7594 6200 7591
f 7594 6201 6200
f 7591 7595 7594
f 10526 10528 7604
f 7604 10528 7610
f 7604 7610 6208
f 6208 6201 7604
f 6201 7600 7604
f 7616 7608 9928
f 9928 9931 7616
f 7624 7630 6216
f 6216 7616 7624
f 7616 9931 7624
f 6604 6603 8467
f 8488 6633 5776
f 5834 6699 5833
f 5833 5835 5834
f 5837 6699 5834
f 5834 5842 5837
f 6645 6646 8498
f 6634 5778 5780
f 10140 6653 6660
f 6648 6645 8498
f 6585 6588 10132
f 10132 6583 6585
f 6565 5735 5730
f 5730 6556 6565
f 5734 5735 6568
f 6568 6569 5734
f 5731 5726 6548
f 5726 6547 6548
f 5728 5731 6548
f 6548 6547 5728
f 5684 5683 5680
f 6502 5683 5684
f 5698 5697 6502
f 5700 5697 5698
f 6482 6476 10111
f 10111 6476 6473
f 10111 6486 6482
f 10111 6473 6465
f 10090 6426 6435
f 6435 6436 10090
f 6154 32 6155
f 7656 7651 9952
f 7738 7748 7752
f 7752 7755 7738
f 7793 7786 7800
f 9970 7711 7704
f 7713 7704 7695
f 7724 7743 7730
f 7730 7729 7724
f 7729 7722 7724
f 7724 7722 7723
f 6448 10103 6452
f 6448 6445 10103
f 6452 6442 6448
f 6442 6445 6448
f 10082 6425 6424
f 6424 6419 10082
f 6424 6425 6414
f 6414 6419 6424
f 6354 6351 7995
f 7995 8000 6354
f 5975 6887 5385
f 6900 6887 5975
f 7861 6310 6301
f 7861 7870 6310
f 7877 7870 10019
f 7942 6335 6334
f 7942 7947 6335
f 7954 6335 7951
f 7934 7933 7927
f 7927 7933 6328
f 6328 7921 7927
f 7913 7921 6327
f 7780 7781 7782
f 7808 7806 7799
f 7799 7809 7808
f 7799 7806 7798
f 7799 7798 7793
f 7816 7809 10002
f 7828 7822 10002
f 7822 7816 10002
f 5905 6804 6808
f 6808 6811 5905
f 6804 6811 6808
f 5912 6822 5914
f 5910 6822 5912
f 5914 5913 5912
f 5906 5910 5912
f 5912 5560 5906
f 5912 5913 5560
f 5654 6139 5652
f 5654 5655 6139
f 5652 5647 5654
f 5647 5655 5654
f 4934 4266 4935
f 4936 24 4934
f 4934 4935 4936
f 523 4252 518
f 518 4252 4266
f 517 519 518
f 518 519 520
f 520 523 518
f 12016 10705 12017
f 12017 10704 12016
f 12016 12007 11999
f 11999 10705 12016
f 12016 10704 12008
f 12008 10703 12016
f 12016 10703 12007
f 10685 11898 10682
f 11898 10688 10682
f 10682 11960 10684
f 10682 10688 11999
f 11970 11969 10685
f 10684 11969 11970
f 10685 10682 11970
f 11970 10682 10684
f 11968 11923 11974
f 11968 11974 12020
f 11932 11923 11874
f 11874 11941 11932
f 11982 11974 11932
f 11974 11923 11932
f 11932 11990 11982
f 11932 11941 11990
f 11878 11819 11889
f 11878 11867 11819
f 11889 11935 11878
f 11935 11867 11878
f 11963 11901 11911
f 11901 11840 11911
f 11840 11852 11911
f 11911 11852 11859
f 11911 11968 11963
f 11779 11717 11727
f 11727 11789 11779
f 11740 11800 11727
f 11800 11789 11727
f 11727 10645 11740
f 11728 10645 11727
f 11727 11717 10644
f 10644 11728 11727
f 11904 11845 11855
f 11833 11845 11904
f 11775 11774 10648
f 5256 11775 10648
f 10648 11763 11764
f 10648 11774 11763
f 10648 5258 5256
f 11764 5258 10648
f 12022 11976 12029
f 12022 12012 11976
f 12022 12029 12063
f 12063 12012 12022
f 11953 11901 11963
f 11953 11944 11901
f 11963 12001 11953
f 11992 11944 11953
f 11953 12001 11992
f 11753 11752 10646
f 11753 10647 11752
f 11753 10646 5141
f 11753 5141 5260
f 5260 10647 11753
f 10641 5129 5275
f 5275 11676 10641
f 10641 5276 5129
f 10641 11687 11674
f 10641 11676 11687
f 4677 1551 1546
f 1536 1546 5148
f 1546 1551 5148
f 5148 1551 1552
f 5148 5149 1536
f 5148 1552 5250
f 5250 5149 5148
f 1542 1546 1536
f 1536 1539 1542
f 4668 1546 1542
f 1542 1539 4668
f 1416 1420 432
f 432 433 1416
f 431 433 432
f 432 1405 431
f 1403 425 427
f 1403 431 425
f 433 431 1403
f 1378 421 4630
f 1365 1359 3224
f 3259 1387 1388
f 3225 3243 3231
f 3231 3230 3225
f 382 3210 385
f 385 1354 1355
f 380 382 385
f 385 381 380
f 1355 381 385
f 1351 1354 3212
f 3212 3210 1351
f 1354 385 3212
f 3212 385 3210
f 1369 1371 1353
f 1353 3217 1369
f 3214 3217 1353
f 1356 1354 1351
f 3220 1354 1356
f 5299 11594 10631
f 11576 5109 10631
f 10631 5109 5299
f 10631 11585 11576
f 10632 11602 11593
f 11593 11594 10632
f 11593 11641 11585
f 11602 11641 11593
f 11585 10631 11593
f 11593 10631 11594
f 11585 11641 11631
f 11621 11575 11631
f 11631 11575 11585
f 11631 11670 11621
f 11631 11641 11693
f 11651 11602 11609
f 11651 11641 11602
f 11703 11641 11651
f 10635 11617 11618
f 11618 11617 10634
f 5117 10635 11618
f 11618 5292 5117
f 11618 10634 5292
f 10989 10933 10944
f 10944 11000 10989
f 10944 10891 10953
f 10944 10933 10891
f 10953 11011 10944
f 11011 11000 10944
f 11254 11417 11247
f 11261 11417 11254
f 11048 11059 10980
f 10980 11038 11048
f 11048 11038 12196
f 12196 10982 11048
f 10982 11059 11048
f 11015 12196 11026
f 12196 11038 11026
f 11026 10980 11015
f 11026 11038 10980
f 10980 11059 11070
f 11070 11081 10980
f 11070 11059 10982
f 11036 11103 11092
f 11092 11081 11036
f 11092 11103 10980
f 10980 11081 11092
f 11036 11081 11024
f 10955 10965 11024
f 11024 10975 11036
f 10965 10975 11024
f 11003 11049 10992
f 11003 11060 11049
f 11014 11060 11003
f 10947 11014 11003
f 10992 10936 11003
f 11003 10936 10947
f 11199 11207 11251
f 11199 11188 11150
f 11150 11207 11199
f 11281 11234 11243
f 11243 11287 11281
f 11250 11287 11243
f 11243 11234 11198
f 11198 11250 11243
f 11206 11250 11198
f 11206 11198 11158
f 11158 11214 11206
f 11206 11214 11257
f 11257 11250 11206
f 11198 11234 11187
f 11234 11223 11187
f 11187 11137 11198
f 11155 11099 11110
f 11132 11144 11194
f 11220 11173 11231
f 11231 11417 11220
f 11166 11175 11418
f 11418 11157 11166
f 11011 11079 11068
f 11068 11057 11011
f 11068 11079 11125
f 11125 11057 11068
f 11316 11288 11321
f 11288 11294 11321
f 11321 11294 11326
f 11308 11273 11316
f 11252 11259 11289
f 11244 11199 11251
f 11251 11282 11244
f 11273 11266 11235
f 11266 11224 11235
f 11235 11282 11273
f 11235 11244 11282
f 11235 11178 11188
f 11235 11224 11178
f 11188 11199 11235
f 11199 11244 11235
f 11266 11259 11216
f 11216 11224 11266
f 11216 11259 11208
f 11216 11208 11169
f 11169 11178 11216
f 11178 11224 11216
f 11009 10940 10951
f 10951 11020 11009
f 10973 10908 10918
f 10918 10931 10973
f 10908 10868 10918
f 10868 10931 10918
f 11110 11042 11053
f 11053 11064 11110
f 11042 10995 11053
f 10995 11064 11053
f 10888 10949 10938
f 10938 10929 10888
f 10850 10809 10816
f 10850 10803 10809
f 11028 11017 10959
f 10959 10969 11028
f 10959 11017 11006
f 11006 10950 10959
f 11050 11040 10994
f 10994 10938 10949
f 10929 10938 10994
f 10930 10995 10984
f 10930 10939 10995
f 12160 10875 12157
f 12122 12148 12117
f 12160 12157 12137
f 12163 12160 12137
f 12137 12141 12163
f 12142 12141 12147
f 12152 10832 12147
f 12147 10832 12142
f 12147 12115 12152
f 12117 12110 12075
f 12075 12084 12117
f 12029 12036 12075
f 10733 10769 10764
f 10764 12080 10733
f 10798 12082 10764
f 10764 10807 10798
f 10764 10769 10807
f 12050 12049 12058
f 11982 11990 12027
f 12027 11974 11982
f 12020 11974 12027
f 12115 12147 10789
f 10789 12147 12141
f 10798 12115 10789
f 10790 12127 10788
f 10788 12114 10790
f 10798 10789 10788
f 10788 10789 12114
f 10791 10788 12127
f 10791 12082 10798
f 10798 10788 10791
f 12126 12127 10790
f 10790 12114 12126
f 12126 10791 12127
f 12082 10791 12126
f 11384 11690 11379
f 11386 11690 11384
f 11384 11365 11386
f 11379 11359 11384
f 11359 11365 11384
f 11758 11690 11769
f 11769 11690 11781
f 11367 11344 11370
f 11367 11361 11344
f 11370 11747 11367
f 11747 11361 11367
f 11373 11747 11370
f 11373 11376 11747
f 11370 11352 11373
f 11352 11376 11373
f 11403 11733 11735
f 11735 11401 11400
f 11402 11401 11735
f 11400 11399 11735
f 11735 11399 11398
f 11398 11394 11735
f 11735 11391 11403
f 11735 11394 11391
f 11746 11403 11758
f 11746 11733 11403
f 11405 11734 11402
f 11402 11735 11405
f 11405 11735 11733
f 12062 12091 12053
f 12062 12011 12021
f 12053 12011 12062
f 12021 12028 12062
f 12062 12028 12068
f 12030 12064 12023
f 12023 11985 12030
f 12030 11985 12037
f 12045 12037 12002
f 12045 12011 12053
f 12002 12011 12045
f 12076 12030 12037
f 11987 11947 11995
f 11995 11947 12004
f 12047 12013 12055
f 12004 12013 12047
f 11958 11971 12006
f 12006 11971 12018
f 12006 11949 11958
f 12006 11997 11949
f 11981 11747 11973
f 11979 11938 11987
f 11987 12032 11979
f 12032 12025 11979
f 12018 11971 11979
f 11979 12025 12018
f 11709 11655 11663
f 11663 11719 11709
f 11699 11645 11709
f 11645 11655 11709
f 11757 11699 11709
f 11719 11780 11709
f 676 4419 681
f 681 4419 683
f 681 5062 676
f 681 683 5062
f 684 2173 2177
f 2177 2181 684
f 2177 2173 2174
f 2174 2181 2177
f 676 671 673
f 673 671 670
f 4412 676 673
f 673 670 4412
f 4429 691 700
f 700 701 4429
f 700 2200 2211
f 691 2200 700
f 4444 707 703
f 4444 701 704
f 703 702 4444
f 4444 702 4429
f 4429 701 4444
f 721 5066 708
f 725 4451 724
f 799 4509 803
f 4509 4517 803
f 803 4517 806
f 800 806 810
f 810 813 800
f 800 813 814
f 800 5326 5075
f 800 814 5326
f 5076 832 5077
f 5077 5326 5076
f 5326 814 5076
f 2959 2949 2955
f 2955 1095 2952
f 2955 2949 1095
f 1143 1126 2994
f 1063 191 185
f 1077 2942 1076
f 2924 1045 2932
f 201 1063 2932
f 201 2932 1065
f 1065 2932 1045
f 193 188 1064
f 188 190 1064
f 195 193 1064
f 1064 191 195
f 190 191 1064
f 189 192 197
f 197 5102 189
f 197 206 5102
f 194 206 197
f 197 192 194
f 1040 5098 176
f 1040 174 5098
f 1037 174 1040
f 175 5098 183
f 5098 174 183
f 183 184 175
f 1050 184 183
f 2956 1090 2953
f 2953 2951 2956
f 202 2936 2938
f 2938 1078 202
f 4993 4397 4393
f 4968 4357 4353
f 4968 4969 4357
f 4968 2033 2037
f 2037 4969 4968
f 1997 1991 1995
f 2171 4423 2164
f 2137 2135 4416
f 2094 2103 2093
f 2100 2108 2094
f 2082 4993 4393
f 2065 2064 2059
f 4991 2076 4387
f 4353 4347 2022
f 2126 2131 2128
f 2128 2131 666
f 2113 2121 2120
f 2120 663 2113
f 2120 2123 663
f 2122 2121 2130
f 2122 2120 2121
f 2123 2120 2122
f 2130 2133 2122
f 2122 2135 2126
f 2122 2133 2135
f 2174 2173 2168
f 2173 2166 2168
f 2168 2187 2174
f 2179 2187 2168
f 2167 2161 4420
f 2167 2166 2161
f 2167 2168 2166
f 2167 4420 2176
f 2176 2175 2167
f 2167 2175 2179
f 2179 2168 2167
f 647 2074 2079
f 2093 650 2088
f 650 2084 2088
f 2060 2052 4378
f 2183 2182 2185
f 2181 2182 2183
f 2185 685 2183
f 2183 685 2181
f 2191 2200 2198
f 2198 2190 2191
f 2198 2200 691
f 691 2190 2198
f 2192 2187 4433
f 2174 2187 2192
f 2192 2182 2174
f 2131 2132 2138
f 666 2131 2138
f 2138 677 666
f 4425 2189 4424
f 4424 4422 4425
f 4425 4422 2171
f 4423 4422 4421
f 4421 2157 4423
f 4421 4422 2176
f 2148 2157 4421
f 2176 4420 4421
f 4420 2148 4421
f 4431 2204 4433
f 4431 2193 2204
f 4428 2193 4431
f 4433 2187 4431
f 2179 4428 4431
f 4431 2187 2179
f 2207 2205 2209
f 2204 2205 2207
f 2204 2193 2195
f 2195 2205 2204
f 5332 872 5333
f 5333 11489 5332
f 5083 11489 5333
f 888 5083 5082
f 5083 5333 5082
f 5082 5333 872
f 4546 4553 875
f 5078 843 849
f 2520 811 2515
f 811 2507 2515
f 2508 2520 2515
f 2515 2507 2508
f 822 814 819
f 814 813 819
f 819 4517 822
f 813 4517 819
f 2520 2521 2528
f 820 4517 811
f 820 2528 2534
f 2534 2538 820
f 820 811 2520
f 2520 2528 820
f 836 4525 824
f 2549 2557 824
f 2557 2549 2550
f 832 5076 831
f 4525 836 837
f 4546 866 876
f 865 866 4540
f 864 859 4540
f 4546 868 864
f 864 4540 4546
f 868 860 864
f 864 860 859
f 4511 2485 2476
f 2476 4510 4511
f 2468 4510 2476
f 805 804 2496
f 804 2492 2496
f 2425 2445 2434
f 794 804 4509
f 793 2465 794
f 4503 792 787
f 4503 794 4509
f 793 794 4503
f 4503 4509 798
f 798 792 4503
f 2425 2434 2433
f 775 767 4496
f 1015 4582 1013
f 130 5319 5093
f 5093 5092 130
f 130 5094 5319
f 131 5092 5321
f 131 5321 5091
f 5091 5090 131
f 5089 5088 5325
f 5089 5325 10621
f 10621 11504 5089
f 5089 11504 5327
f 107 106 939
f 939 5090 107
f 85 91 92
f 92 5327 85
f 92 5089 5327
f 5088 5089 92
f 907 908 4561
f 907 2764 908
f 917 921 2771
f 921 908 2771
f 912 906 4561
f 4561 906 903
f 903 895 4561
f 906 5084 903
f 5084 895 903
f 894 895 888
f 86 84 5086
f 5329 86 5086
f 85 5087 5086
f 5086 5087 5329
f 5317 5097 11537
f 11537 10624 5317
f 11537 5097 5315
f 11536 10624 11537
f 11525 5321 5093
f 10233 7137 7133
f 7133 7129 10233
f 7133 7137 7122
f 7122 7129 7133
f 7122 7121 7125
f 7125 7129 7122
f 7121 10227 7125
f 7125 10227 7129
f 8990 8995 8992
f 8992 8989 8990
f 8992 8995 7091
f 7091 8989 8992
f 8976 7090 8965
f 8984 7090 8976
f 8965 8966 8976
f 8977 8984 8976
f 8976 8966 8977
f 7075 8935 8939
f 8939 8944 7075
f 8955 7082 7076
f 8919 7066 7063
f 8919 8921 7066
f 7066 8921 8922
f 8922 8927 7066
f 10207 8962 8959
f 8962 8961 8959
f 10209 8978 10210
f 10209 8962 8972
f 8972 8978 10209
f 8945 8959 8961
f 8923 8934 8937
f 8937 8928 8923
f 8929 8934 8923
f 8923 8928 8927
f 8927 8922 8923
f 7154 7166 7167
f 7167 7169 7154
f 10253 7169 7167
f 7166 7163 7167
f 7201 10264 7205
f 7201 7198 10264
f 7194 7198 7201
f 7201 7205 5596
f 5596 7194 7201
f 7149 7138 7148
f 7149 7153 7138
f 7134 7144 10233
f 7168 7170 10253
f 10253 7167 7168
f 7168 7167 7163
f 7153 7149 10242
f 7161 7153 10242
f 10242 7149 7148
f 10242 7163 7161
f 10242 7162 7163
f 7148 7143 10242
f 10242 7143 7145
f 7218 9301 9312
f 7218 7217 7209
f 7209 9301 7218
f 9312 9301 10274
f 10274 9301 9302
f 10274 10275 9312
f 10274 9302 10276
f 10276 10275 10274
f 9272 9269 9264
f 9272 7199 9269
f 9280 7200 9272
f 7200 7199 9272
f 9294 9285 9303
f 9293 9285 9294
f 9294 9302 9293
f 10276 9302 9294
f 7206 7200 9284
f 9024 9028 9008
f 9008 9000 9024
f 9006 9015 8996
f 8996 8990 9006
f 8990 9002 9006
f 9021 9029 10217
f 9015 9006 10217
f 9051 9033 9043
f 7097 7096 10218
f 7097 10218 7105
f 7097 7105 5586
f 7097 5586 7085
f 7105 10218 7109
f 7106 7105 7109
f 6099 6100 5409
f 5409 7093 6099
f 5413 7107 5411
f 5411 7107 7103
f 5411 7103 6099
f 6099 7093 5411
f 5405 6091 6071
f 5407 6100 6099
f 9264 9263 9254
f 9263 9253 9254
f 9245 9253 7189
f 10256 9203 10254
f 7144 7134 9110
f 9173 7162 9165
f 7120 10223 7132
f 7114 10223 7120
f 7132 10223 10229
f 7135 7139 10229
f 7130 7135 10229
f 10229 10223 7130
f 7124 7123 7108
f 7108 7113 5413
f 7118 7113 7108
f 7128 7124 7130
f 7128 7123 7124
f 7130 10223 7128
f 10223 7123 7128
f 6087 8908 6081
f 6081 6066 7061
f 6066 6081 6082
f 7049 10199 8899
f 6067 8899 10199
f 6068 6066 6067
f 6066 8899 6067
f 6050 6046 6051
f 6051 7026 6050
f 7043 6067 6050
f 6050 6067 10199
f 8900 6075 6072
f 8998 9010 8997
f 8997 8987 8998
f 8991 8987 8997
f 8987 8991 8986
f 10210 8978 8986
f 8972 8962 8970
f 8962 8968 8970
f 8949 8957 10204
f 10204 8938 8949
f 8949 8938 8946
f 8949 8950 8957
f 7101 10216 7104
f 9014 8998 8987
f 8968 8957 8958
f 8957 8950 8958
f 8987 8986 8979
f 8979 8978 8973
f 8979 8986 8978
f 7103 10216 7102
f 10216 10208 7102
f 6099 7103 7102
f 7100 10208 7101
f 7088 10208 7100
f 7100 8960 7088
f 7073 6092 7078
f 7079 7073 7078
f 7078 10208 7079
f 6090 8908 6087
f 6090 6092 8908
f 6087 7067 6090
f 7080 8912 7072
f 7071 8942 7080
f 7071 7073 7079
f 7079 8942 7071
f 8909 6092 7071
f 7071 6092 7073
f 7071 7072 8909
f 7080 7072 7071
f 7079 7088 8947
f 6039 6031 5397
f 6071 6091 6089
f 7050 7049 8895
f 6040 8830 6034
f 6918 6904 8765
f 6914 5986 5984
f 5984 5986 5988
f 5393 6030 6955
f 6030 6029 6955
f 6884 8724 5948
f 8745 8730 6884
f 8752 6902 8760
f 8728 10175 8733
f 8733 8720 8728
f 8738 8720 8733
f 8599 8605 6749
f 8610 8613 6750
f 8610 6750 6749
f 6749 8605 8610
f 6759 8613 8610
f 5930 6855 5935
f 5930 8708 6855
f 5927 8708 5930
f 8714 5927 5930
f 5930 6868 8714
f 6850 6845 6846
f 6850 6846 10171
f 6850 10171 5934
f 5934 5933 6850
f 8703 6845 6837
f 6846 6845 8703
f 6838 8708 6847
f 8665 6802 8663
f 8665 8670 6802
f 6827 6828 6834
f 8676 8670 6819
f 6869 6872 8712
f 6869 6867 8718
f 8713 6873 6875
f 6857 8711 8713
f 8713 6875 6857
f 8706 8710 6843
f 6852 6836 6843
f 8712 6872 6853
f 6853 8710 8712
f 6853 6873 8713
f 6872 6873 6853
f 8713 8711 6853
f 6853 8711 6852
f 6854 5923 8709
f 5923 8707 8709
f 5914 6822 5917
f 5917 5911 6816
f 5917 6822 5911
f 8635 6785 8632
f 8635 8632 5882
f 9672 9669 9668
f 9734 9730 9729
f 10433 9717 9713
f 9713 9708 10433
f 10582 9708 9712
f 9708 9713 9712
f 9712 9713 9718
f 10427 10426 10429
f 9656 9654 9655
f 9670 9664 9656
f 9664 9663 9656
f 10561 10394 10392
f 10381 10552 10554
f 9630 9629 9632
f 9530 9523 9531
f 10349 9540 9531
f 9603 9599 9604
f 9597 9599 9603
f 9616 9615 9612
f 9598 9599 9597
f 10348 9540 10349
f 9554 10348 10349
f 9554 9555 9553
f 9553 10348 9554
f 9597 9603 9592
f 9310 9294 9303
f 10276 9294 9310
f 9264 9254 9270
f 5439 5441 7337
f 7393 7399 5447
f 5447 7399 7392
f 7385 7386 7387
f 7378 7370 7385
f 7370 7371 5445
f 7346 7350 9634
f 7347 10368 7346
f 7346 10368 7350
f 7303 5437 7311
f 7326 7325 7314
f 7332 10368 10359
f 7313 10350 7311
f 7311 5437 7313
f 7334 10368 7347
f 7334 7331 10368
f 9605 9596 7334
f 7334 9596 7331
f 7318 10350 10359
f 575 5632 576
f 573 5632 575
f 583 4281 575
f 5633 7428 7422
f 7422 5634 5633
f 7423 9823 7422
f 9823 5634 7422
f 9812 7428 7427
f 7427 7428 7426
f 7426 7428 5633
f 5633 573 7426
f 7426 573 572
f 10453 9746 10452
f 10452 10456 10453
f 7434 6125 7427
f 7427 7426 7434
f 7434 7426 572
f 571 572 1904
f 573 575 570
f 570 575 4281
f 572 573 570
f 570 578 572
f 579 4281 581
f 579 581 580
f 580 578 579
f 579 570 4281
f 578 570 579
f 7411 9823 7407
f 6117 7399 7393
f 7393 5643 6117
f 7411 7407 6117
f 4285 5643 7393
f 596 612 1950
f 596 592 582
f 596 600 592
f 7399 7400 7401
f 7401 9755 7392
f 7392 7399 7401
f 1952 601 595
f 1952 606 601
f 586 590 589
f 587 586 589
f 589 593 587
f 590 591 589
f 591 593 589
f 610 602 609
f 1992 618 1984
f 1984 609 608
f 618 609 1984
f 4316 4317 1954
f 4341 2010 2007
f 630 629 625
f 625 2025 630
f 619 618 1998
f 619 2013 624
f 624 623 619
f 625 623 624
f 7420 7417 10483
f 7417 9794 10483
f 9783 9804 10479
f 10479 9781 9783
f 9809 10479 9804
f 9795 10479 9809
f 9809 9804 9818
f 9818 10489 9809
f 7409 9794 7417
f 9781 10479 9784
f 9784 10479 9795
f 48 7418 7419
f 7419 49 48
f 10461 9760 9754
f 9776 9782 9781
f 10471 9782 9776
f 7376 9731 7381
f 7381 7380 7376
f 7384 7391 7383
f 7384 9760 7391
f 7383 7381 7384
f 7384 9749 9754
f 9754 9760 7384
f 7403 7405 7398
f 7410 7405 7403
f 9794 7409 7403
f 1907 1885 1905
f 1917 1916 1907
f 7431 557 556
f 557 563 556
f 555 7431 556
f 556 563 555
f 1995 1991 1990
f 1991 1997 4338
f 4955 4326 4325
f 4324 4326 4332
f 4332 1990 4324
f 1975 1971 4320
f 4320 4317 4316
f 4324 4323 1981
f 1981 4326 4324
f 1981 4325 4326
f 18 19 561
f 568 1880 567
f 561 19 567
f 567 1880 561
f 47 49 50
f 1950 1953 4309
f 1960 612 1965
f 1960 1953 612
f 632 627 628
f 4960 4342 2003
f 2003 1997 4960
f 598 1921 1915
f 1924 4291 1906
f 1938 600 1943
f 1943 596 1950
f 600 596 1943
f 9591 10361 10355
f 9510 9512 10337
f 9501 9512 9508
f 9508 9512 7286
f 9613 9594 9609
f 10545 10369 10370
f 10555 9633 9631
f 5607 5284 5608
f 5608 5283 5607
f 5283 7316 5607
f 7336 7351 5609
f 7336 7343 7351
f 5284 5607 7336
f 5610 5284 7336
f 7336 5609 5610
f 7324 7316 7320
f 9662 7351 9652
f 9652 10402 9662
f 9662 10402 10407
f 9690 7364 7357
f 7357 7361 7355
f 7364 7363 7357
f 7363 7361 7357
f 10379 10550 10380
f 10380 9631 10379
f 10380 10550 9632
f 10373 10547 10374
f 10548 10372 10373
f 9614 10547 10373
f 10373 10372 9614
f 10546 10547 9614
f 10545 10370 10546
f 10374 10547 10546
f 10546 10370 10374
f 9618 10372 10376
f 10376 10550 10379
f 7280 7276 7275
f 5606 7308 7315
f 7320 7316 7315
f 7316 5606 7315
f 7315 7309 9573
f 7308 7309 7315
f 7289 7298 7297
f 5604 7289 7297
f 7297 7298 7299
f 10355 10361 10356
f 7299 9541 7301
f 7301 7309 7308
f 9731 10448 9738
f 9738 10448 10451
f 9714 10432 10584
f 10584 10432 10438
f 10431 10430 10582
f 10431 10432 9714
f 9714 9704 10431
f 10431 9704 10430
f 9721 9722 9720
f 9721 9719 10586
f 9720 9719 9721
f 9698 9709 10428
f 9632 9629 9639
f 9629 9641 9639
f 10556 9633 10555
f 10556 9637 9633
f 10555 10387 10556
f 9633 9637 9636
f 9642 7341 9636
f 9636 7341 9633
f 9636 9638 9642
f 9636 9637 9638
f 9651 9638 9649
f 9638 9645 9649
f 9646 10562 10564
f 9743 7388 9747
f 7388 9750 9747
f 9729 9730 9728
f 9722 9721 9728
f 9763 9753 9752
f 10433 9708 9710
f 9710 10427 10433
f 10426 10427 9710
f 9708 9709 9710
f 10581 9708 10582
f 10581 9709 9708
f 10582 10430 10581
f 10430 10428 10581
f 10581 10428 9709
f 9681 9693 9684
f 9680 9686 9681
f 10573 10413 10418
f 10572 10413 10573
f 10568 10407 10567
f 10568 10567 9672
f 10420 9686 9680
f 10462 10592 10463
f 9754 10592 10462
f 10462 10461 9754
f 10590 9749 9745
f 9748 9738 10451
f 9739 9738 9748
f 9773 9775 10594
f 10474 9782 10471
f 7397 6105 7394
f 7397 7394 7398
f 6103 5630 6102
f 6103 6102 7394
f 7394 6105 6103
f 7383 7368 7382
f 7368 7380 7382
f 7382 7381 7383
f 7380 7381 7382
f 7250 7257 7260
f 7275 7269 9468
f 8934 10202 10203
f 10203 8938 8934
f 10203 10202 8940
f 10203 8940 8946
f 8946 8938 10203
f 8906 8903 7058
f 8906 8911 8903
f 8929 8926 10201
f 8926 8916 10201
f 10201 10202 8929
f 8932 10202 10201
f 10201 8916 8932
f 8930 8915 8932
f 8932 8916 8930
f 8890 7040 7035
f 7035 7034 8890
f 8890 7034 8889
f 8877 8870 8882
f 8849 8848 8845
f 8875 8849 8868
f 8858 8849 8875
f 8870 8858 8885
f 8885 7034 8870
f 8889 7034 8885
f 8858 8875 8885
f 8860 8866 8865
f 7040 8890 7041
f 7041 8890 8889
f 6085 7038 7035
f 6085 6063 7038
f 6085 7053 6063
f 7035 7040 7046
f 7046 6085 7035
f 6075 6085 7046
f 8904 8906 7058
f 8805 6948 8802
f 10180 6934 6928
f 6940 6934 10180
f 6928 6929 10180
f 6929 6935 10180
f 5970 5973 5968
f 5970 6927 6928
f 6928 5982 5970
f 5982 5973 5970
f 5974 6924 6925
f 6925 5970 5974
f 6927 5970 6925
f 6929 6927 6925
f 6925 8776 6929
f 6924 8776 6925
f 6926 8776 6924
f 8780 6935 6929
f 7008 6987 8838
f 7009 6987 7008
f 7008 8833 7009
f 6027 6974 6026
f 6026 6974 6971
f 6026 8827 6027
f 8813 8820 6958
f 8820 6974 6958
f 6958 6974 6976
f 6958 6957 8813
f 8847 7006 8851
f 8851 10189 8847
f 7005 6999 8834
f 8834 6999 6037
f 8834 6037 7011
f 6971 6968 8825
f 6968 8827 8825
f 8825 6026 6971
f 8827 6026 8825
f 6038 6989 6037
f 6038 6037 6027
f 6027 8827 6038
f 6985 8830 6041
f 6041 6989 6985
f 6015 6011 6963
f 6948 6960 6963
f 6963 6960 6015
f 6003 6953 6952
f 6992 6993 6024
f 6017 6975 6024
f 6018 6013 6964
f 6018 6975 6017
f 6017 6013 6018
f 6894 6880 8744
f 8768 6924 5974
f 6922 5972 5978
f 6922 6923 8772
f 5963 5964 5967
f 6909 5964 5966
f 5966 8762 6909
f 5972 5967 6909
f 6909 5967 5964
f 6878 6880 5957
f 5924 5925 6860
f 6856 5923 6854
f 6856 5925 5923
f 11195 11145 11203
f 11133 11145 11195
f 11203 11241 11195
f 11054 11065 11122
f 11122 11111 11054
f 11122 11065 11076
f 11076 11133 11122
f 11147 11156 11205
f 11156 11165 11205
f 11165 11213 11205
f 11221 11270 11263
f 11263 11256 11221
f 11221 11256 11213
f 11080 11091 11149
f 11149 11137 11080
f 11149 11091 11158
f 11158 11198 11149
f 11198 11137 11149
f 11058 11104 11047
f 11047 11104 11037
f 11047 10990 11058
f 11047 11037 10990
f 10849 10896 10842
f 10905 10896 10849
f 10849 10857 10905
f 10865 10857 10821
f 10828 10873 10865
f 10865 10821 10828
f 10865 10924 10915
f 10873 10924 10865
f 10915 10905 10865
f 10905 10857 10865
f 10777 5192 5537
f 5537 10783 10777
f 5535 5192 10777
f 7024 10191 7021
f 7021 7022 7024
f 8877 8882 7021
f 7021 8882 7022
f 6995 10188 7002
f 6996 6995 7002
f 8857 8849 8858
f 6991 8831 8832
f 10191 7002 7004
f 7004 7002 10188
f 6956 6960 8805
f 8805 8802 6956
f 6956 8793 6957
f 6027 8829 6025
f 6025 6974 6027
f 8829 6987 6986
f 6986 6025 8829
f 6022 6025 6986
f 11747 11943 11952
f 11799 11726 11739
f 11739 11811 11799
f 11799 11811 11857
f 11880 11891 11404
f 11880 11811 11821
f 11821 11891 11880
f 11806 11854 11795
f 11795 11854 11785
f 11749 11806 11795
f 11795 11737 11749
f 11724 11737 11795
f 11795 11785 11724
f 11806 11818 11866
f 11866 11854 11806
f 11913 11854 11866
f 11832 11821 11762
f 11762 11773 11832
f 11832 11891 11821
f 11832 11773 11785
f 11903 11854 11913
f 11903 11913 11404
f 11404 11891 11903
f 11389 11387 11369
f 11369 11372 11389
f 11369 11387 11366
f 11369 11366 11347
f 11347 11372 11369
f 11591 11374 11354
f 11378 11374 11591
f 11354 11358 11591
f 11591 11358 11364
f 11591 11646 11636
f 11364 11646 11591
f 11636 11626 11591
f 11626 11378 11591
f 11377 11374 11378
f 11377 11381 11383
f 11383 11374 11377
f 11344 11306 11314
f 11314 11319 11344
f 11314 11306 11271
f 11298 11329 11324
f 11324 11292 11298
f 11305 11337 11298
f 11337 11329 11298
f 11298 11292 11263
f 11263 11270 11298
f 11298 11270 11305
f 11286 11242 11249
f 11249 11292 11286
f 11249 11256 11292
f 11242 11205 11249
f 11213 11256 11249
f 11249 11205 11213
f 11233 11271 11222
f 11233 11242 11271
f 11285 11323 11318
f 11318 11313 11285
f 11318 11351 11347
f 11323 11351 11318
f 11347 11343 11318
f 11343 11313 11318
f 11988 11948 11996
f 11988 11939 11948
f 11980 11939 11988
f 12033 12026 11988
f 11988 12026 11980
f 11988 12040 12033
f 11988 11996 12040
f 11920 11861 11871
f 11907 11861 11920
f 11920 11971 11907
f 12004 11947 11956
f 11966 12013 11956
f 11956 12013 12004
f 11956 11905 11966
f 11956 11947 11905
f 11871 11861 11801
f 11801 11813 11871
f 11801 11861 11790
f 11790 11729 11801
f 11729 11742 11801
f 11754 11813 11801
f 11801 11742 11754
f 11826 11873 11816
f 11873 11804 11816
f 11757 11826 11816
f 11816 11745 11757
f 11816 11804 11745
f 11884 11873 11826
f 11826 11837 11884
f 11837 11895 11884
f 11884 11949 11940
f 11884 11895 11949
f 11768 11837 11826
f 11768 11780 11837
f 11768 11826 11757
f 11757 11709 11768
f 11768 11709 11780
f 11945 12002 11993
f 11993 11985 11945
f 12002 12037 11993
f 12037 11985 11993
f 1839 4238 1847
f 1847 525 1839
f 525 527 1839
f 1839 1833 4238
f 4263 4264 4265
f 4265 4252 4263
f 4263 4252 4264
f 1848 1835 1842
f 1842 1835 1834
f 1842 4938 1848
f 1843 4938 1842
f 1834 1836 1842
f 1842 1836 1843
f 7444 7435 1872
f 7463 9832 7444
f 548 7460 543
f 9860 10498 10499
f 9860 9857 10498
f 9851 9857 9860
f 9860 7502 9851
f 7474 7455 9841
f 9846 9843 9842
f 10495 9856 9859
f 7481 9841 7480
f 6138 6134 7446
f 9840 7476 7468
f 6161 6160 7485
f 9837 7450 7445
f 7457 7465 7464
f 1854 1866 4269
f 1854 4261 1866
f 4933 4261 1854
f 4269 1847 1854
f 1854 1847 4933
f 7435 1866 6131
f 1866 1873 6131
f 1872 7435 6131
f 6131 1873 1872
f 1872 1873 1867
f 1867 1873 1866
f 1866 4261 1867
f 1826 4231 4238
f 4238 1833 1826
f 4225 4231 1826
f 1826 1828 1825
f 1826 1833 1828
f 1825 4220 1826
f 1826 4220 4225
f 4158 1805 4148
f 4198 4204 1814
f 4044 4038 4045
f 4044 4037 4038
f 4045 1752 4044
f 1752 4037 4044
f 1751 4032 1752
f 1751 4028 4032
f 1752 1750 1751
f 1751 4017 4025
f 4025 4028 1751
f 1751 1750 1745
f 1745 4017 1751
f 4025 4017 4806
f 4017 4013 4806
f 4806 4013 4805
f 3992 3986 3993
f 3940 3944 1712
f 3927 3932 1711
f 1711 3922 3927
f 3920 3912 4774
f 3920 1711 3912
f 3920 3922 1711
f 3956 3952 3945
f 3945 3952 3944
f 5628 42 9835
f 42 46 9835
f 41 42 5628
f 1783 4818 1779
f 1783 1789 4101
f 1783 1788 1789
f 1779 5382 1783
f 5382 1788 1783
f 1703 4768 1701
f 1702 4768 1709
f 1704 5390 1717
f 1733 5388 1741
f 3996 3982 3990
f 3996 3986 3982
f 4811 4029 4025
f 4025 4806 4811
f 4811 4806 4805
f 4814 4024 4040
f 4033 4029 4039
f 4810 4018 4808
f 4126 1787 4123
f 4127 1787 4126
f 4134 4127 4128
f 4852 4106 4096
f 4058 4052 4998
f 522 523 520
f 520 521 522
f 524 4252 4240
f 4240 521 524
f 4240 522 521
f 4240 4252 523
f 523 522 4240
f 2980 2977 4596
f 4596 1123 2980
f 4596 2977 4595
f 1122 1123 2988
f 1126 2997 1122
f 1122 2997 2995
f 2964 2951 2959
f 2964 2969 2951
f 2970 2969 2964
f 4594 2969 2970
f 4595 2969 4594
f 4594 2981 4595
f 1148 2999 260
f 260 2999 1139
f 260 1139 246
f 246 249 260
f 1112 2985 1111
f 1112 2993 2985
f 2980 1123 2983
f 1123 2990 2983
f 2990 1112 2983
f 1111 2980 2983
f 2983 1112 1111
f 252 251 2997
f 252 3001 259
f 2997 3001 252
f 2995 251 1125
f 1125 1122 2995
f 1125 2990 1123
f 1123 1122 1125
f 173 165 5475
f 2099 2098 2109
f 830 4527 4516
f 4518 2503 4515
f 2503 2493 4515
f 4512 2485 4511
f 2536 4522 4523
f 4520 2514 4519
f 2760 2755 2777
f 2759 2755 2760
f 2843 2854 2827
f 2838 2854 2857
f 983 2857 2854
f 981 979 132
f 132 166 981
f 11647 11701 11638
f 11647 11648 10638
f 10638 11657 11647
f 10637 11648 11647
f 11647 11638 10637
f 11657 11665 11711
f 11665 11721 11711
f 11711 11647 11657
f 11701 11647 11711
f 11711 11782 11770
f 11711 11721 11782
f 11770 11759 11711
f 11759 11701 11711
f 11681 11638 11691
f 11638 11701 11691
f 11691 11748 11681
f 11759 11748 11691
f 11691 11701 11759
f 11683 11693 11738
f 11738 11670 11683
f 11683 11631 11693
f 11670 11631 11683
f 12185 12192 12188
f 12192 12189 12188
f 12188 10981 12185
f 12188 12189 10981
f 10926 10957 10967
f 10967 12192 10926
f 10957 10928 10967
f 10928 10914 10967
f 12068 12074 12104
f 12104 12062 12068
f 11418 11417 12104
f 11983 12028 12021
f 11983 11991 12035
f 12035 12028 11983
f 11924 11933 11983
f 11983 11933 11991
f 12140 12136 12112
f 12112 12146 12140
f 12140 12146 10980
f 10980 11418 12140
f 11418 12136 12140
f 12132 12136 11418
f 11418 12128 12132
f 12132 12102 12136
f 12128 12102 12132
f 12112 12136 12107
f 12136 12102 12107
f 12072 12112 12107
f 12107 12102 12072
f 12176 12183 12174
f 12176 12178 12183
f 12174 12154 12176
f 12154 12157 12176
f 12176 10875 12178
f 12176 12157 10875
f 12186 10928 12187
f 12186 12182 10928
f 12187 10927 12186
f 10927 12182 12186
f 11658 11722 11712
f 11667 11722 11658
f 11712 11702 11658
f 11702 11650 11658
f 11658 11616 11667
f 11608 11616 11658
f 11522 11528 11559
f 11528 11566 11559
f 11566 11611 11559
f 11558 11592 11551
f 11558 11515 11521
f 11558 11551 11515
f 10612 11455 5071
f 10612 5320 11460
f 10612 5071 5320
f 11460 11463 10612
f 11463 11459 10612
f 11459 11455 10612
f 11466 11496 11463
f 11466 11467 10614
f 11463 10613 11466
f 11466 10613 11467
f 10616 11479 11484
f 11484 11477 10616
f 11484 11479 10617
f 11521 11515 11484
f 11515 11508 11484
f 11484 11508 11477
f 3103 1231 3098
f 3098 1231 3093
f 1289 1286 1291
f 1294 4622 1291
f 1291 4622 1289
f 1297 3162 1299
f 341 338 1297
f 326 1252 328
f 328 1252 322
f 1193 3044 1191
f 1189 3054 1193
f 3054 3044 1193
f 3034 3044 3043
f 3033 3025 3034
f 3034 3043 3033
f 3082 3080 1220
f 1220 3081 3082
f 3082 3085 1217
f 3082 1217 1215
f 1215 3080 3082
f 3101 3100 3095
f 3083 3082 3081
f 3085 3082 3083
f 3087 3085 3083
f 3083 3088 3087
f 3083 3081 3090
f 3090 3095 3083
f 3083 3100 3088
f 3083 3095 3100
f 3114 1249 3120
f 3114 3120 1239
f 1239 1232 3114
f 1232 3109 3114
f 3107 1232 3103
f 3107 3109 1232
f 3103 3104 3107
f 3107 3104 3109
f 1266 1260 3141
f 1248 3137 1249
f 3342 1476 1470
f 484 1476 3342
f 495 1486 3342
f 3342 1486 484
f 1502 3353 1501
f 3345 3356 3346
f 3345 1502 3356
f 1510 3375 3368
f 3368 3356 1510
f 1510 1502 1501
f 3356 1502 1510
f 1348 1347 404
f 3209 1347 1348
f 1348 404 400
f 1348 1334 3209
f 3208 1334 3211
f 400 392 3211
f 3209 1334 3207
f 3219 1361 403
f 403 1363 3219
f 403 1361 1366
f 400 404 403
f 404 1363 403
f 399 1367 3217
f 1366 1367 399
f 399 3217 3214
f 3214 392 399
f 399 403 1366
f 399 392 400
f 400 403 399
f 1325 369 368
f 3208 3211 391
f 391 3211 392
f 1375 1380 1379
f 418 1380 1375
f 419 418 1375
f 1408 1409 4637
f 4637 1412 1408
f 1343 1344 4629
f 1343 4629 365
f 396 1344 1343
f 1317 367 5440
f 1322 1318 1317
f 5443 367 1317
f 395 1344 397
f 397 1344 396
f 397 401 395
f 3293 3289 3308
f 1466 488 1468
f 1468 1465 1466
f 1466 1476 488
f 1470 1476 1466
f 1466 3334 1470
f 1465 3326 3314
f 3314 3326 3321
f 3314 3321 3313
f 3313 3302 3314
f 1404 3264 1401
f 1388 3264 1404
f 3226 1371 1369
f 449 3271 1424
f 5459 273 269
f 272 1162 269
f 269 273 272
f 269 258 5459
f 266 258 269
f 275 1186 274
f 275 276 1212
f 5457 276 275
f 275 270 5457
f 274 270 275
f 277 1186 1183
f 274 1186 277
f 1194 275 1212
f 1148 260 1154
f 1154 252 259
f 1154 260 249
f 249 252 1154
f 3124 3134 3135
f 3124 3117 3134
f 3105 3106 3112
f 3105 3097 3106
f 3096 3097 3105
f 3112 3101 3105
f 3090 3081 3086
f 3086 1226 1221
f 3081 1226 3086
f 3112 3106 3116
f 3106 3117 3116
f 1277 3152 340
f 1268 3152 1277
f 350 3152 1285
f 345 350 1285
f 1268 1277 1270
f 1270 1277 340
f 340 338 1270
f 1270 338 341
f 3148 1264 339
f 339 3150 3148
f 341 3150 339
f 339 1270 341
f 1264 1270 339
f 3133 1269 3138
f 3133 3132 3129
f 3138 3132 3133
f 3129 3142 3133
f 3142 3145 3133
f 3133 1267 1269
f 3145 1267 3133
f 1236 4618 1245
f 1245 3122 3113
f 3113 3108 1245
f 1237 1228 3092
f 3092 1233 1237
f 1227 1228 1237
f 3102 1228 3099
f 3108 1228 3102
f 3099 1236 3102
f 1236 1245 3102
f 3102 1245 3108
f 1218 3077 299
f 299 301 1218
f 1218 301 3078
f 304 301 305
f 1213 306 305
f 305 306 304
f 3147 1276 1275
f 345 1285 1275
f 1275 1267 3147
f 1280 1276 4621
f 1280 1275 1276
f 3142 3139 1263
f 1263 3145 3142
f 1263 1276 3145
f 4621 1276 1263
f 1250 4618 1240
f 3130 3106 3125
f 3106 3122 3125
f 312 1235 1227
f 312 306 309
f 1227 306 312
f 309 1229 312
f 1240 1235 320
f 320 312 1229
f 1235 312 320
f 1298 3158 350
f 350 351 1298
f 348 3158 1295
f 338 3158 348
f 1295 1297 348
f 348 1297 338
f 5446 354 352
f 5446 342 353
f 352 342 5446
f 5444 5443 360
f 366 1318 365
f 365 1307 366
f 3352 494 498
f 498 501 3352
f 1501 3353 503
f 503 1503 1501
f 503 3353 3352
f 3352 501 503
f 501 498 1497
f 479 477 478
f 479 1491 477
f 478 477 3343
f 3343 4649 478
f 478 4649 461
f 450 442 5428
f 5428 453 450
f 5428 454 459
f 459 453 5428
f 480 1484 481
f 481 482 480
f 480 482 500
f 5420 506 502
f 502 482 5420
f 500 482 502
f 1407 1410 1411
f 1411 1400 1407
f 440 1410 1407
f 1407 1400 440
f 422 1394 423
f 414 421 422
f 422 423 414
f 3285 1433 3283
f 1433 3280 3283
f 3281 3285 3283
f 3283 3280 3281
f 1525 1526 1527
f 1527 1515 1525
f 1515 1524 1525
f 1521 1526 1525
f 1525 1524 1521
f 1507 1511 1500
f 1500 1504 1507
f 4656 1511 1507
f 1507 1504 4656
f 1477 476 1481
f 1477 471 476
f 470 471 1477
f 1481 475 1477
f 475 470 1477
f 465 467 1467
f 1467 467 473
f 473 472 1467
f 1494 1495 1490
f 1490 491 1494
f 493 491 1490
f 5142 493 1490
f 1499 5142 1490
f 1490 1495 1499
f 1434 3287 3288
f 1434 3292 1444
f 3288 3292 1434
f 1434 1444 4641
f 1434 1433 3285
f 3285 3287 1434
f 4638 1433 1434
f 4641 1432 1434
f 1434 1432 4638
f 4656 1504 1506
f 3410 3437 3421
f 3420 3409 3410
f 3410 3421 3420
f 3443 3439 3440
f 3428 3421 3433
f 3420 3421 3428
f 3433 1520 3428
f 3428 1520 3420
f 1584 1591 1596
f 1596 1597 1584
f 1591 1593 1596
f 1596 1593 1597
f 1592 4692 1580
f 1592 1593 4692
f 1557 3539 1564
f 1580 4692 1575
f 1573 1575 4692
f 1573 1568 5150
f 1607 4705 1609
f 1609 5154 1607
f 1608 5154 1609
f 3390 3384 3385
f 3385 3393 3390
f 3358 3359 3374
f 3374 3360 3358
f 3378 3367 3373
f 3378 3381 3367
f 3414 3406 3412
f 3416 3406 3414
f 3472 3463 3452
f 3422 3416 3417
f 4666 1534 1531
f 1530 4658 1531
f 1531 4658 4666
f 1531 3418 1530
f 1531 3424 3418
f 1531 3425 3424
f 1531 1534 3429
f 3429 3425 1531
f 3540 3549 3548
f 4676 3506 3504
f 3527 3526 3518
f 3529 3538 3518
f 3518 3538 3527
f 4668 1540 1541
f 1541 1546 4668
f 1547 4677 1541
f 1541 4677 1546
f 3452 3457 3451
f 4668 1526 1528
f 1528 1540 4668
f 1526 3451 1528
f 1528 3451 3457
f 3476 1540 1528
f 5394 1685 1678
f 1692 5394 1695
f 1692 1685 5394
f 1677 1664 5396
f 1533 5414 1537
f 1537 4666 1533
f 1529 1522 510
f 1518 4658 1530
f 1509 4658 1518
f 1530 3404 1518
f 3404 3398 1518
f 3391 1509 1518
f 1518 3398 3391
f 1513 1517 1522
f 1522 1529 1513
f 1513 1529 4658
f 1516 1517 1513
f 505 1516 1513
f 3693 3674 3684
f 3679 3674 3693
f 3693 3694 3679
f 1630 1629 3724
f 3707 3713 1629
f 3735 3717 3727
f 3698 3686 3703
f 3697 3686 3698
f 3698 3707 3697
f 3729 3738 3732
f 3652 3651 3641
f 3652 3666 3665
f 3665 3651 3652
f 3573 4689 4688
f 3549 3569 3555
f 3566 3555 3567
f 3598 1592 1580
f 3609 1592 3598
f 1593 1592 3621
f 3697 3707 1619
f 1619 3707 1629
f 1619 1629 4714
f 4714 1618 1619
f 1618 1611 1619
f 1610 1600 3665
f 1610 1611 4705
f 1610 4705 4703
f 4703 1600 1610
f 3645 3651 1600
f 1600 3640 3645
f 3641 3651 3645
f 3645 3640 3641
f 1665 3804 1671
f 1671 1670 1665
f 1672 1670 1671
f 1676 1675 1672
f 1676 3849 1679
f 1679 1675 1676
f 3745 1639 1636
f 3745 1648 1639
f 3746 3745 1636
f 1772 1771 1773
f 1771 1774 1773
f 1773 1774 1781
f 1781 1766 1773
f 1766 1772 1773
f 4080 4086 1771
f 1770 4077 4080
f 4080 1771 1770
f 1771 4086 4087
f 4090 1774 4087
f 4087 1774 1771
f 5510 6331 6333
f 6333 6336 5510
f 6333 6331 10034
f 10034 6336 6333
f 6292 6293 6296
f 6296 6300 6292
f 6296 6293 10011
f 10011 6300 6296
f 6278 6277 6283
f 6283 6286 6278
f 6283 6277 9994
f 9994 6286 6283
f 7754 6261 7746
f 7754 7756 6261
f 7754 7746 7747
f 7747 7756 7754
f 9987 7775 7767
f 7767 7757 9987
f 7781 7775 9987
f 7798 6274 7792
f 6274 7789 7792
f 7793 7798 7792
f 7792 7786 7793
f 7792 7789 7786
f 7842 7835 7843
f 7843 7844 7842
f 7846 7845 7843
f 7845 7844 7843
f 9902 9897 7585
f 7606 7602 7605
f 7578 7566 7579
f 7578 7570 7566
f 9887 9886 9888
f 7607 7602 7606
f 7606 7609 7607
f 9923 7609 7618
f 9877 9878 10502
f 7546 9877 9874
f 9878 9877 7546
f 9888 7553 7558
f 7558 9887 9888
f 9893 9887 7558
f 9844 9847 7483
f 9844 9843 9847
f 7483 9847 7484
f 9855 7502 7501
f 9852 7502 9855
f 9865 7510 7507
f 9881 9879 7541
f 9881 9880 9879
f 7555 7556 7554
f 7554 7552 7555
f 9896 9897 9902
f 9896 7578 9897
f 7591 6200 7588
f 6200 9904 7588
f 7588 9904 9905
f 9898 9900 7574
f 7574 7577 9898
f 7596 7607 7609
f 7596 7594 7595
f 7596 7595 7602
f 7602 7607 7596
f 7663 6232 7659
f 7663 7669 6232
f 7630 7624 10537
f 9939 9942 10537
f 6255 7737 7739
f 7739 7741 6255
f 7739 7737 7738
f 7738 7741 7739
f 7682 7687 7684
f 7684 7681 7682
f 7684 7687 6236
f 6236 7681 7684
f 7676 7678 7679
f 7678 7681 7679
f 7679 6233 7676
f 7679 7681 6233
f 6190 6193 6180
f 6180 6187 6190
f 6189 6193 6190
f 6190 6187 6189
f 7599 7600 6201
f 6201 7594 7599
f 7599 7596 7600
f 7594 7596 7599
f 9924 7608 7610
f 9924 9928 7608
f 6604 8467 8470
f 8470 8467 6613
f 8488 5776 8480
f 8480 5776 6613
f 6613 8467 8458
f 8458 8457 8452
f 8464 10136 10137
f 5785 5780 6633
f 6633 5780 5774
f 5775 5776 5774
f 5774 5776 6633
f 5774 6620 5775
f 5778 6620 5774
f 5774 5780 5778
f 8502 6653 6649
f 6649 6653 6651
f 5791 6648 6649
f 6649 6651 5783
f 5783 5791 6649
f 6650 6648 8498
f 8498 8500 6650
f 8502 6649 6650
f 6650 6649 6648
f 8498 6646 6647
f 6647 8500 8498
f 6646 6642 6647
f 6647 6642 8496
f 8448 6588 8445
f 6588 6585 8445
f 5744 6569 5739
f 6569 6568 5739
f 5739 6568 5735
f 5680 5679 6495
f 6495 5684 5680
f 5677 5682 5679
f 6482 6486 5677
f 5677 5673 6482
f 5677 5676 5673
f 5679 5678 5677
f 5678 5676 5677
f 6502 5684 5689
f 5689 5698 6502
f 10120 6514 5700
f 6521 6514 10120
f 10120 6530 6521
f 5704 6507 5688
f 8329 8309 8322
f 10103 6447 6453
f 10103 6445 10096
f 10096 6447 10103
f 10096 6445 6441
f 10090 6436 10096
f 6441 6438 10096
f 6434 10090 10096
f 10096 6438 6434
f 6146 32 6154
f 6146 27 32
f 34 6155 32
f 5661 6155 34
f 9897 7578 9903
f 7579 7566 7576
f 7566 7571 7576
f 7656 9952 9953
f 9953 7664 7656
f 9954 7664 9953
f 7646 7651 7647
f 7646 9952 7651
f 7647 7643 7646
f 7701 7695 7703
f 7695 7704 7703
f 7703 7704 7711
f 7703 6247 7701
f 7703 7711 6247
f 7688 7693 7707
f 7707 7695 7688
f 7732 7723 9970
f 7731 7723 7732
f 7691 7693 7682
f 7691 7682 7678
f 7678 7689 7691
f 7743 7724 7735
f 7735 7723 7731
f 7735 7724 7723
f 7954 7951 7952
f 10075 6393 6392
f 6392 6391 10075
f 6401 6393 10075
f 6405 6401 10075
f 10075 6408 6405
f 6409 6408 10075
f 10075 10082 6409
f 7690 7691 7689
f 6821 5377 6858
f 5942 5932 6858
f 6858 5377 5942
f 5375 6821 5908
f 5908 6821 6858
f 5934 10171 6832
f 6876 5945 5946
f 5946 5949 6876
f 5946 5945 5941
f 5946 5941 5943
f 5956 5385 6887
f 5976 5387 5975
f 5975 5385 5976
f 7854 6301 7849
f 7854 7861 6301
f 7861 7854 7850
f 7849 7846 7850
f 7850 7854 7849
f 6311 7877 7883
f 7902 6314 7897
f 6314 7894 7897
f 7897 7894 7891
f 6334 7933 7938
f 7938 7942 6334
f 6335 7947 7949
f 7949 7951 6335
f 7911 6327 7902
f 7911 7913 6327
f 7786 7789 7785
f 7785 7782 7786
f 7785 6274 6271
f 7785 7789 6274
f 10003 10002 7809
f 515 4934 24
f 4266 4934 515
f 515 518 4266
f 24 514 515
f 514 516 515
f 515 516 517
f 517 518 515
f 10683 10682 11999
f 11960 10682 10683
f 10683 12007 11959
f 11999 12007 10683
f 11959 11969 10683
f 10683 11969 11960
f 11859 11923 11917
f 11917 11911 11859
f 11923 11968 11917
f 11968 11911 11917
f 11855 11867 11914
f 11914 11904 11855
f 11914 11976 11965
f 11965 11955 11914
f 11955 11904 11914
f 11955 11946 11892
f 11892 11904 11955
f 11833 11904 11892
f 5276 10641 11675
f 10640 5278 11675
f 5278 5276 11675
f 11675 11674 10640
f 11675 10641 11674
f 1555 4677 1559
f 1551 4677 1555
f 1555 1559 1552
f 1552 1551 1555
f 1556 4677 1547
f 1557 4677 1556
f 1556 3526 1557
f 1418 3275 1420
f 1420 1416 1418
f 429 1394 425
f 425 431 429
f 429 431 1405
f 424 1394 429
f 429 428 424
f 429 1405 428
f 3267 1403 427
f 3267 3259 1388
f 427 3259 3267
f 1429 3273 438
f 1377 4630 1365
f 1377 1378 4630
f 1365 3230 1377
f 3225 3230 3227
f 3227 3224 3225
f 3227 3230 1365
f 1365 3224 3227
f 3221 1359 3220
f 3221 3224 1359
f 3230 3231 3236
f 3236 1377 3230
f 3257 3264 1388
f 1388 1387 3257
f 1387 3254 3257
f 3251 3231 3243
f 3251 4636 3254
f 3216 1356 1351
f 3220 1356 1373
f 1373 3221 3220
f 11659 11651 11609
f 11659 11617 11668
f 11609 11617 11659
f 11668 11713 11659
f 11659 11713 11703
f 11703 11651 11659
f 11277 11417 11268
f 11417 11261 11268
f 11081 11070 11013
f 11013 11024 11081
f 10982 11002 11013
f 11013 11070 10982
f 10955 11024 11013
f 11013 10946 10955
f 11002 10946 11013
f 11177 11223 11168
f 11177 11187 11223
f 11177 11168 11126
f 11126 11137 11177
f 11137 11187 11177
f 11110 11173 11164
f 11164 11155 11110
f 11173 11220 11164
f 11204 11155 11164
f 11088 11099 11146
f 11099 11155 11146
f 11146 11077 11088
f 11183 11173 11132
f 11132 11194 11183
f 11231 11173 11183
f 11183 11194 11231
f 11202 11144 11153
f 11202 11194 11144
f 11202 11153 11162
f 11231 11194 11240
f 11240 11417 11231
f 11240 11247 11417
f 11240 11202 11247
f 11194 11202 11240
f 11212 11417 11204
f 11212 11220 11417
f 11204 11164 11212
f 11212 11164 11220
f 11283 11417 11277
f 11283 11289 11417
f 11295 11259 11266
f 11295 11289 11259
f 11417 11289 11295
f 10984 11032 10970
f 10970 10930 10984
f 10794 10803 10834
f 10834 10784 10794
f 11040 10969 10983
f 10983 10994 11040
f 10983 10969 10929
f 10929 10994 10983
f 11005 11061 11050
f 11050 10994 11005
f 11072 11061 11005
f 11005 11016 11072
f 10949 11016 11005
f 11005 10994 10949
f 10898 10951 10940
f 12151 12129 12154
f 12148 12122 12151
f 12154 12171 12151
f 12151 12171 12148
f 12133 12137 12157
f 12154 12129 12133
f 12133 12157 12154
f 12103 12137 12133
f 12110 12105 12069
f 12069 12075 12110
f 12100 12063 12069
f 12069 12105 12100
f 12063 12029 12069
f 12029 12075 12069
f 12044 12075 12036
f 12084 12075 12044
f 12001 12052 12044
f 12044 12036 11992
f 11992 12001 12044
f 12010 12052 12001
f 12010 12001 11963
f 10727 12050 10726
f 10726 10733 10727
f 10733 12080 10727
f 12049 12050 10727
f 10727 12088 12049
f 10727 12080 12088
f 12058 12059 10728
f 10728 12050 12058
f 10728 12059 10726
f 10726 12050 10728
f 12088 12080 12095
f 12095 12081 12088
f 10755 10764 12082
f 12088 12081 10755
f 12113 10789 12141
f 12141 12137 12113
f 11406 11769 11781
f 11758 11769 11406
f 11406 11746 11758
f 11733 11746 11406
f 11406 11405 11733
f 11734 11405 11406
f 12085 12091 11417
f 11417 12076 12085
f 12053 12091 12085
f 12085 12045 12053
f 12037 12045 12085
f 12085 12076 12037
f 12064 12030 12070
f 12030 12076 12070
f 11417 12025 12032
f 12018 12025 11417
f 11417 12047 12055
f 11417 12006 12018
f 12055 12064 11417
f 11997 12006 11417
f 12064 12070 11417
f 11747 11997 11417
f 11417 12070 12076
f 11345 11747 11417
f 11417 11339 11345
f 11331 11339 11417
f 11417 11326 11331
f 11417 11321 11326
f 11316 11321 11417
f 11417 11308 11316
f 12039 12032 11987
f 11987 11995 12039
f 12039 11417 12032
f 12047 11417 12039
f 12039 11995 12004
f 12004 12047 12039
f 11989 11997 11747
f 11747 11981 11989
f 11940 11949 11989
f 11949 11997 11989
f 2211 2200 2201
f 2201 2200 2191
f 4451 4444 717
f 717 4444 704
f 723 721 4451
f 5066 721 723
f 722 5066 723
f 716 721 708
f 716 4444 4451
f 4451 721 716
f 722 730 733
f 734 722 733
f 733 739 734
f 739 733 4461
f 4461 733 730
f 4451 725 4461
f 4461 723 4451
f 5074 803 806
f 806 800 5074
f 799 803 5074
f 788 799 5074
f 5074 5323 788
f 5074 5075 5323
f 5074 800 5075
f 216 213 1088
f 2931 1070 1053
f 1088 213 1084
f 1143 2994 2996
f 2996 2994 1120
f 1120 2994 1119
f 1119 2994 1126
f 1119 1122 2988
f 1126 1122 1119
f 2970 2973 2978
f 2978 4594 2970
f 2981 4594 2978
f 2981 2978 2974
f 2973 2966 2974
f 2974 2978 2973
f 232 1113 233
f 187 1063 185
f 2924 2932 187
f 187 2932 1063
f 1077 1076 1072
f 196 1063 201
f 196 1076 2936
f 2936 191 196
f 191 1063 196
f 1044 1045 2924
f 1059 1065 1045
f 201 1065 1059
f 186 1049 1046
f 1046 187 186
f 186 187 185
f 186 185 1050
f 1046 1049 1034
f 1034 181 4582
f 1034 1049 181
f 2948 2949 2950
f 2950 2953 1090
f 2950 2949 2951
f 2951 2953 2950
f 2950 1083 2948
f 2950 1090 1083
f 2936 1076 1075
f 1075 2938 2936
f 1075 1076 2942
f 2942 1078 1075
f 1078 2938 1075
f 2002 1997 2003
f 2002 4338 1997
f 2154 2164 4423
f 2154 2151 4418
f 2154 2153 2151
f 4423 2157 2154
f 2157 2153 2154
f 2144 4413 4407
f 4407 4413 4408
f 2112 4406 2111
f 2112 2108 4404
f 2111 2108 2112
f 4406 2112 2127
f 2111 4406 2118
f 2118 4407 4408
f 4406 4407 2118
f 4417 2158 4418
f 2137 4416 4417
f 4417 2151 2137
f 4418 2151 4417
f 2141 4413 2144
f 4413 2141 2134
f 2130 4413 2134
f 2134 2133 2130
f 2134 4416 2135
f 2135 2133 2134
f 2087 2089 2090
f 2104 2107 2103
f 2103 2094 2104
f 2111 2118 2104
f 2104 2108 2111
f 2104 2094 2108
f 2087 2090 2091
f 2091 2090 2095
f 4368 2041 4365
f 4365 2041 2042
f 2042 4366 4365
f 4992 2076 4991
f 4992 2082 2076
f 4993 2082 4992
f 4384 4377 2062
f 4983 2071 2073
f 2062 4377 4376
f 4341 4343 2015
f 2015 2010 4341
f 2015 2020 2010
f 2010 2020 2023
f 2023 2022 2010
f 2126 2128 2125
f 2125 2122 2126
f 2123 2122 2125
f 663 2123 2125
f 666 663 2125
f 2125 2128 666
f 2083 2084 647
f 647 2079 2083
f 2080 2079 2074
f 2085 2088 2084
f 2085 2094 2093
f 2093 2088 2085
f 2085 2095 2100
f 2100 2094 2085
f 4381 2068 2060
f 2060 4378 4381
f 4381 4378 4983
f 4982 4378 4375
f 4983 4378 4982
f 4375 2071 4982
f 4982 2071 4983
f 2199 2182 2196
f 2182 2192 2196
f 2147 2148 2155
f 2155 677 2147
f 2139 2157 2148
f 2139 2153 2157
f 2139 2138 2132
f 2139 2132 2151
f 2151 2153 2139
f 2148 2147 2139
f 2189 4425 4426
f 2188 2189 4430
f 2189 4426 4430
f 2672 2658 2668
f 2673 2683 2672
f 5330 860 5081
f 5081 5332 10617
f 10617 11479 5081
f 5081 11479 5330
f 5080 872 5332
f 5332 5081 5080
f 5080 5081 860
f 5080 860 868
f 5078 849 844
f 855 859 844
f 859 860 844
f 844 860 5330
f 844 5330 5079
f 5079 5078 844
f 887 5082 882
f 882 5082 872
f 882 4553 887
f 871 868 4546
f 4546 875 871
f 871 5080 868
f 871 875 872
f 872 5080 871
f 855 844 854
f 854 844 849
f 4517 820 821
f 824 4525 821
f 821 4525 822
f 822 4517 821
f 2544 2549 821
f 821 2549 824
f 821 820 2538
f 2556 2555 4526
f 4526 4528 2556
f 835 831 4525
f 832 831 835
f 823 831 5076
f 823 814 822
f 823 5076 814
f 822 4525 823
f 4525 831 823
f 4532 849 843
f 4532 854 849
f 4532 843 839
f 4532 4540 855
f 855 854 4532
f 839 4525 4532
f 4532 837 840
f 4525 837 4532
f 856 865 4540
f 2690 2687 2686
f 4552 2692 2682
f 2692 2670 2682
f 2481 2493 2503
f 2490 2493 2489
f 2489 4512 2490
f 2485 4512 2489
f 2498 2501 805
f 805 2496 2498
f 804 794 2480
f 783 4503 787
f 783 4496 4503
f 787 5072 783
f 783 5072 776
f 2439 2440 2444
f 2439 2434 2440
f 1025 1017 4582
f 155 1013 1014
f 1014 154 155
f 4582 1017 1014
f 1014 1013 4582
f 141 130 137
f 5094 130 141
f 974 140 2851
f 2884 172 2894
f 1005 1006 2876
f 2876 1004 1005
f 1006 158 2878
f 5092 131 129
f 5090 939 951
f 957 2829 2830
f 956 2829 957
f 957 966 956
f 2806 120 935
f 2787 2786 2788
f 2806 935 2788
f 2797 2787 2788
f 2799 113 2806
f 2806 2788 2799
f 2799 2788 2786
f 106 5088 97
f 5088 92 97
f 89 91 85
f 908 2764 2769
f 2769 2771 908
f 916 908 921
f 4561 908 916
f 916 912 4561
f 909 84 906
f 906 912 909
f 909 912 84
f 2709 2704 2699
f 2699 2704 2698
f 2735 2718 2710
f 2710 2718 2717
f 2710 2709 2699
f 2717 2709 2710
f 2738 2733 2734
f 892 2709 2717
f 2734 2733 2728
f 2717 2718 2724
f 2724 892 2717
f 887 4553 891
f 891 5082 887
f 888 5082 891
f 891 894 888
f 5315 5314 10625
f 10625 11537 5315
f 11545 11536 10625
f 11536 11537 10625
f 11519 11518 11512
f 11512 5324 11519
f 11519 5324 5091
f 10623 11530 11524
f 11524 11525 10623
f 5093 5319 10623
f 10623 11525 5093
f 8951 8955 7076
f 8965 7082 8963
f 7082 8955 8963
f 8963 8956 8965
f 8963 8955 8956
f 7063 7062 8917
f 8917 8919 7063
f 8917 7062 7068
f 7068 8919 8917
f 8982 8956 8975
f 8956 8971 8975
f 8953 10205 10207
f 10207 8959 8953
f 8937 10205 8953
f 8953 8928 8937
f 8956 8955 8952
f 8952 8971 8956
f 8955 8951 8952
f 8952 8951 8945
f 8944 8939 8936
f 8936 8945 8944
f 8935 8928 8936
f 8936 8939 8935
f 8928 8953 8936
f 8959 8945 8936
f 8936 8953 8959
f 8920 8926 8929
f 8929 8923 8920
f 8920 8919 7068
f 8921 8919 8920
f 8920 8922 8921
f 8920 8923 8922
f 9201 7170 9196
f 7170 7168 9196
f 7163 9184 9188
f 9188 7168 7163
f 9188 9185 9189
f 9184 9185 9188
f 7150 10242 7145
f 7162 10242 7150
f 9360 7241 7235
f 7224 7225 5598
f 5598 7210 7224
f 7210 7222 7224
f 7225 7224 7223
f 7223 7224 7222
f 9280 9272 9273
f 9273 9272 9264
f 9293 7206 9288
f 7206 9284 9288
f 9288 9285 9293
f 9288 9284 9285
f 9000 9015 9020
f 9020 9024 9000
f 9025 9024 9020
f 9028 9024 10220
f 10220 9024 9025
f 9043 9033 9039
f 9039 9044 9043
f 10222 9044 9039
f 9029 9025 10219
f 10219 10217 9029
f 9015 10217 10219
f 10219 9020 9015
f 9025 9020 10219
f 9017 9021 9016
f 8993 8982 10213
f 8997 9010 10213
f 9002 9001 9003
f 9003 9006 9002
f 9060 9051 10225
f 9019 9039 9033
f 9008 9028 9019
f 9028 9039 9019
f 9007 9000 9008
f 9008 9013 9007
f 10218 7096 7098
f 7096 9007 7098
f 7098 9007 9013
f 7085 7094 7095
f 7095 7097 7085
f 7096 7097 7095
f 7094 7091 7095
f 7091 7096 7095
f 10218 7116 7112
f 7112 7109 10218
f 7112 7116 7106
f 7106 7109 7112
f 6098 5407 6099
f 6094 6097 6098
f 6096 5407 6098
f 6097 6096 6098
f 5419 7164 7152
f 7155 5417 7152
f 9241 7189 7181
f 9241 9245 7189
f 9230 9235 9234
f 9217 9228 9208
f 9201 9196 9197
f 9197 9196 9189
f 9197 9217 9208
f 9201 9197 9207
f 9207 9197 9208
f 9207 7170 9201
f 7144 9110 9122
f 9122 9110 9111
f 9123 9122 9111
f 9064 9081 9074
f 9070 9064 9053
f 9081 9064 9070
f 9104 9110 7134
f 9111 9110 9105
f 9105 9125 9111
f 9121 9125 9105
f 9110 9104 9105
f 9105 9104 9096
f 7163 7162 9177
f 7162 9173 9177
f 7118 7108 7119
f 7119 7108 7123
f 7119 7123 10223
f 10216 7118 7119
f 7119 10223 10216
f 6093 6097 6094
f 6094 7078 6093
f 6093 7078 6092
f 6092 6090 6093
f 6093 6090 7067
f 6091 5405 6095
f 6097 6093 6095
f 6095 6093 7067
f 6095 5405 6096
f 6095 6096 6097
f 7061 6091 6088
f 6088 7067 6087
f 6091 6095 6088
f 6088 6095 7067
f 6087 6081 6088
f 6088 6081 7061
f 6073 6074 6072
f 6072 6075 6073
f 6075 7046 6073
f 8924 8915 8902
f 8902 8912 8924
f 9010 8998 9011
f 9017 9016 9011
f 7114 9014 7115
f 10216 7114 7115
f 7115 7104 10216
f 8969 8973 8972
f 8972 8970 8969
f 8969 8970 8968
f 8968 8958 8969
f 8987 8979 9004
f 7104 7115 9004
f 8974 8958 8950
f 8974 7100 7101
f 8941 8960 8950
f 8933 8947 8941
f 8941 8940 8933
f 8946 8940 8941
f 8941 8949 8946
f 8950 8949 8941
f 10208 7078 7083
f 7083 7078 6094
f 8943 8942 7079
f 7079 8947 8943
f 8943 8947 8933
f 8933 8931 8943
f 8931 8942 8943
f 7088 8960 8954
f 8954 8947 7088
f 8960 8941 8954
f 8954 8941 8947
f 7054 5401 5404
f 5404 6070 7054
f 6048 5397 6043
f 7025 5401 7054
f 7025 7054 7043
f 6052 5399 7025
f 7026 6052 7025
f 6069 6070 6071
f 6071 6089 6069
f 7054 6070 6069
f 8751 6898 6897
f 8753 8743 8735
f 5944 5945 6876
f 6907 8753 6893
f 6950 10187 6962
f 8828 8830 6985
f 6985 6984 8828
f 8828 6984 8830
f 8892 8891 7050
f 7050 8895 8892
f 8892 8880 8891
f 7049 8899 8897
f 8897 8899 6066
f 6066 6082 8897
f 7028 6050 10199
f 7017 6046 6044
f 7010 6040 6034
f 8771 5984 5988
f 8771 5997 6933
f 6899 6898 8761
f 8761 6916 6899
f 8763 6904 6897
f 8763 8765 6904
f 6897 6898 8763
f 6898 6899 8763
f 8763 6899 8765
f 6034 8830 6035
f 8830 6984 6035
f 6981 6033 6982
f 6982 10187 6981
f 6978 10187 6982
f 6982 6033 6997
f 6997 6033 6980
f 6980 6033 6981
f 6870 6865 8714
f 6870 8727 6867
f 6867 6865 6870
f 6881 6884 5948
f 5948 6868 6881
f 6868 5944 6881
f 8724 6884 6885
f 6885 6884 8730
f 8714 8724 6885
f 6885 6870 8714
f 8727 6870 6885
f 8734 8730 8735
f 6867 5927 5938
f 5938 6865 6867
f 5938 5927 8714
f 8714 6865 5938
f 5936 5933 5935
f 5936 6850 5933
f 5935 6845 5936
f 6845 6850 5936
f 6855 8708 5937
f 8708 8705 5937
f 5937 8705 6837
f 6837 6845 5937
f 5937 6845 6855
f 6834 6828 8699
f 6839 8689 6837
f 6837 8705 6839
f 8694 8689 6839
f 6839 8705 8708
f 8708 6838 6839
f 5877 5888 6780
f 5888 8633 6780
f 5875 5877 6780
f 6780 5878 5875
f 5890 5888 5889
f 5931 5927 6867
f 5931 8710 8706
f 8706 5928 5931
f 8704 6827 6834
f 8704 5928 8706
f 6834 5928 8704
f 8670 8665 8666
f 8666 6819 8670
f 6835 8704 8706
f 6827 8704 6835
f 8676 6819 6817
f 6817 6819 8693
f 6872 6869 6874
f 10173 8723 6874
f 6874 6869 8718
f 8718 8727 6874
f 8717 8720 8719
f 8728 8720 8717
f 8717 8723 8728
f 8717 6875 6873
f 6873 8723 8717
f 6854 6857 8715
f 8715 6856 6854
f 6861 6856 8715
f 8715 6857 6875
f 6852 6843 6848
f 6848 6843 8710
f 6848 6853 6852
f 8710 6853 6848
f 8706 6843 6842
f 6842 6843 6836
f 6842 6835 8706
f 6836 6835 6842
f 6851 8709 8707
f 6852 8711 6851
f 6854 8709 6851
f 6851 6857 6854
f 8711 6857 6851
f 5916 6831 5914
f 5914 5917 5916
f 6787 6785 8638
f 10406 9664 10569
f 10569 10570 10406
f 9667 9668 9669
f 9674 9668 9667
f 9723 10441 9715
f 9726 9733 10588
f 10588 10587 9726
f 9729 10446 10447
f 10447 9734 9729
f 9746 9730 9741
f 9730 9734 9741
f 10452 9746 9741
f 9706 10427 10429
f 9678 9668 9674
f 10576 9674 10574
f 10576 9678 9674
f 10577 9678 10576
f 10437 9718 10438
f 10437 9712 9718
f 10438 10432 10437
f 10582 9712 10583
f 10583 10431 10582
f 10432 10431 10583
f 10583 10437 10432
f 9712 10437 10583
f 9634 10552 10551
f 10551 9623 9634
f 9616 9623 9622
f 9655 9654 10396
f 10396 10394 9655
f 9654 9656 9659
f 9659 9656 9663
f 10392 10389 10560
f 10560 10561 10392
f 9655 10394 10563
f 10394 10561 10563
f 10388 10389 10392
f 10388 9641 10389
f 10392 9639 10388
f 10388 9639 9641
f 10381 10554 10382
f 9629 9630 9628
f 10381 10382 9628
f 10548 9630 10549
f 10550 10376 10549
f 9632 10550 10549
f 10549 9630 9632
f 10549 10372 10548
f 10549 10376 10372
f 9604 9599 9607
f 9607 9599 9605
f 9607 7334 7347
f 9605 7334 9607
f 7331 9596 9587
f 9605 9599 10364
f 10364 9596 9605
f 10364 9598 10362
f 9599 9598 10364
f 7307 9511 7296
f 10341 7307 7296
f 10341 10350 7306
f 7306 7307 10341
f 9611 9615 10367
f 9611 9603 9604
f 9604 9612 9611
f 9611 9612 9615
f 9530 9531 9534
f 9534 9531 9540
f 9540 10348 10345
f 9576 9575 9572
f 9572 9575 9571
f 9583 9576 9572
f 9517 9501 9497
f 10340 9512 9501
f 10338 10337 10340
f 10340 10337 9512
f 9556 9557 9560
f 9560 7309 9556
f 7309 7301 9556
f 9577 9576 9579
f 9577 9575 9576
f 10283 9334 9335
f 10279 10280 9335
f 9335 9326 10279
f 9334 9326 9335
f 9339 9334 10283
f 9327 9326 9334
f 9325 9326 9327
f 9228 9217 10258
f 10256 10254 9218
f 9391 9416 9403
f 9403 9402 9391
f 10325 10330 10326
f 7337 5441 7345
f 7345 10368 7337
f 5442 7349 7338
f 7353 7349 5442
f 10368 7349 7353
f 7392 7388 7390
f 7388 7387 7390
f 7390 5447 7392
f 7386 5447 7390
f 7390 7387 7386
f 7389 9723 7385
f 7385 7387 7389
f 7389 7387 7388
f 7389 9724 9723
f 9726 9724 7389
f 7389 9733 9726
f 7388 9733 7389
f 7377 7371 7370
f 7370 7378 7377
f 7354 5445 7369
f 7369 5445 7371
f 7371 7372 7369
f 9676 10571 10570
f 9657 7353 7359
f 7233 5427 7234
f 7271 7273 10318
f 10318 10309 7271
f 7329 7325 7326
f 7326 7332 7329
f 10359 7325 7329
f 7329 7332 10359
f 7326 5439 7333
f 7333 7332 7326
f 7333 5439 7337
f 7337 10368 7333
f 10368 7332 7333
f 10359 10350 7317
f 10350 7313 7317
f 5437 7314 7317
f 7317 7313 5437
f 9555 9554 9564
f 7330 7331 9583
f 10359 7331 7330
f 7330 7318 10359
f 9813 9820 9802
f 7427 9820 9813
f 9813 9812 7427
f 9762 9752 9756
f 10480 9788 9797
f 9802 10485 9801
f 9801 10485 9799
f 9801 10481 9806
f 9801 9813 9802
f 10477 10472 9786
f 9777 7400 7408
f 9788 10480 10475
f 9786 9778 10475
f 10596 9777 10597
f 6128 7434 572
f 572 571 6128
f 6125 7434 6128
f 6128 571 6125
f 9814 10490 9816
f 9816 10482 9814
f 10482 9792 9814
f 9799 10485 9803
f 9803 10485 9815
f 9815 10488 9803
f 9823 7399 7402
f 7402 7407 9823
f 7399 6117 7402
f 7402 6117 7407
f 5454 604 83
f 83 4285 5454
f 5454 4285 23
f 628 627 5456
f 83 604 5456
f 5643 4285 4284
f 582 583 585
f 585 596 582
f 585 575 576
f 583 575 585
f 5643 21 79
f 621 615 83
f 83 5456 621
f 621 5456 627
f 10456 9755 9761
f 9755 7401 9761
f 9761 10453 10456
f 10458 10453 9761
f 606 1952 1959
f 602 605 607
f 607 609 602
f 608 609 607
f 607 606 608
f 607 605 606
f 610 609 617
f 617 609 618
f 617 618 619
f 4299 1937 4300
f 4299 1926 1937
f 1937 1926 1928
f 4297 1931 1928
f 1928 1940 1937
f 1928 1931 1940
f 1927 1926 4295
f 4297 1928 1927
f 1927 1928 1926
f 1897 4282 1909
f 1909 4282 1908
f 1896 1881 1897
f 1896 1903 568
f 568 567 1896
f 1920 4290 4295
f 1912 4290 1920
f 1920 1922 590
f 590 1912 1920
f 4295 4290 4289
f 4289 1927 4295
f 1903 4288 1911
f 568 1903 1911
f 4288 4289 1911
f 1911 4289 4290
f 1911 1912 568
f 1911 4290 1912
f 1951 1936 1948
f 4301 1946 4302
f 4300 1937 4301
f 4301 4302 4300
f 4301 4310 1946
f 1948 1936 1945
f 2010 2022 2014
f 2014 2006 2000
f 4300 4302 4944
f 4322 1981 4323
f 1991 4338 1993
f 638 637 631
f 637 635 631
f 631 2048 638
f 631 635 629
f 629 630 631
f 2005 2013 619
f 2006 2013 2005
f 2000 2006 2005
f 1996 618 1992
f 1996 1998 618
f 1992 4335 1996
f 2035 630 2032
f 2032 4971 2035
f 2032 630 2025
f 2018 4350 2025
f 2018 2025 625
f 625 624 2018
f 2021 624 2013
f 2021 2018 624
f 9795 9809 9817
f 7420 10483 9817
f 9817 10483 9795
f 9817 9809 10489
f 9817 553 7420
f 7410 7403 9805
f 9805 7403 7409
f 9805 7409 6115
f 7398 7405 7406
f 10464 10461 10594
f 9760 10461 10464
f 10471 9776 9770
f 9770 9780 10471
f 10467 9780 9770
f 9787 9784 9795
f 9781 9784 9787
f 9795 10483 9787
f 9787 10483 9794
f 1885 1907 4280
f 1902 1884 4280
f 4280 1916 1902
f 4280 1907 1916
f 1937 1940 4304
f 1955 1946 4313
f 1946 4310 4313
f 4313 4310 4951
f 1902 4287 1886
f 1886 1884 1902
f 558 553 1884
f 4337 4343 4341
f 4337 2002 4343
f 4338 2002 4337
f 1917 1907 1919
f 1980 1977 1987
f 1980 1988 4955
f 1987 1988 1980
f 4955 4325 1980
f 4321 1978 1983
f 1983 1977 4321
f 1987 1977 1983
f 1965 1957 1956
f 4951 1960 1956
f 1956 1960 1965
f 1956 1957 1955
f 1955 4313 1956
f 1956 4313 4951
f 1976 4319 4321
f 1976 1977 1975
f 4321 1977 1976
f 1975 4320 1976
f 4316 4319 1976
f 1976 4320 4316
f 4321 4319 1962
f 1957 1972 1962
f 1962 1961 1957
f 4319 1961 1962
f 1962 1978 4321
f 1962 1972 1978
f 1995 1990 4333
f 1990 4332 4333
f 4333 4958 1995
f 1971 1969 1970
f 1970 4320 1971
f 4317 4320 1970
f 1970 1969 4318
f 549 560 550
f 549 49 47
f 549 550 49
f 1887 560 1878
f 1897 1881 1887
f 1887 4282 1897
f 1878 4282 1887
f 20 567 19
f 20 19 48
f 48 550 20
f 550 560 564
f 564 20 550
f 567 20 564
f 564 1887 1881
f 560 1887 564
f 7417 6116 6114
f 6115 7409 6114
f 6114 7409 7417
f 6114 52 6115
f 53 52 6114
f 6114 6116 53
f 56 559 57
f 57 559 52
f 57 53 56
f 57 52 53
f 1950 4309 4306
f 4306 1943 1950
f 4308 4309 1953
f 634 2026 2019
f 627 632 633
f 633 632 634
f 634 2019 633
f 628 639 636
f 636 632 628
f 639 634 636
f 634 632 636
f 4958 4339 4959
f 1995 4958 4959
f 4959 1997 1995
f 4959 4960 1997
f 1930 600 1938
f 1930 1921 598
f 598 600 1930
f 9489 9497 9496
f 7259 7257 7258
f 7259 7260 7257
f 9574 9557 9568
f 9595 9589 9585
f 9525 7298 9510
f 9510 10337 9525
f 9532 7298 9525
f 9525 10337 10338
f 9496 9497 9500
f 9500 9508 7286
f 9497 9501 9500
f 9501 9508 9500
f 9500 7282 9496
f 7286 7282 9500
f 9320 7218 9312
f 9320 9325 7218
f 9320 9326 9325
f 9312 10279 9320
f 10279 9326 9320
f 10314 10313 10312
f 9390 9391 9388
f 9602 10369 10545
f 9602 9613 10369
f 9594 9613 9602
f 9602 9601 9594
f 9671 9662 10407
f 9671 10573 9675
f 10572 10573 9671
f 7356 9671 9675
f 9662 9671 7356
f 7356 7357 7355
f 7355 7351 7356
f 7351 9662 7356
f 10555 9631 10553
f 9631 10380 10553
f 10553 10385 10555
f 10553 10380 10385
f 10384 10380 9632
f 10385 10380 10384
f 9632 9639 10384
f 10384 9639 10385
f 7282 7285 7284
f 7284 7280 7282
f 7284 7285 7276
f 7276 7280 7284
f 7290 7308 5606
f 5604 7297 7290
f 5279 5604 7290
f 5281 5279 7290
f 7290 5606 5281
f 9573 10356 9581
f 9581 10361 9585
f 9581 10356 10361
f 9569 7309 9560
f 10355 10356 9569
f 9573 7309 9569
f 9569 10356 9573
f 9608 10546 9614
f 10545 10546 9608
f 9608 9602 10545
f 9601 9602 9608
f 9594 9601 9600
f 7300 7290 7297
f 7300 7297 7299
f 7299 7301 7300
f 9737 7381 9731
f 9737 9742 7381
f 9731 9738 9737
f 9737 9738 9739
f 9739 9742 9737
f 7381 9742 9744
f 9749 7384 9744
f 9744 7384 7381
f 9745 9749 9744
f 9744 9739 9745
f 9744 9742 9739
f 10585 10584 10438
f 9714 10584 10585
f 10586 9719 10585
f 10585 9719 9714
f 10430 9704 9699
f 9699 10428 10430
f 7367 7364 9699
f 9699 9704 7367
f 7364 9698 9699
f 9698 10428 9699
f 10391 9645 9637
f 10391 10556 10387
f 9637 10556 10391
f 10566 9669 10567
f 10566 10399 9669
f 10567 10402 10566
f 9644 9638 9651
f 10562 9646 9644
f 9653 9646 10564
f 9643 7341 9642
f 9643 9644 9646
f 9642 9638 9643
f 9638 9644 9643
f 10449 10450 9740
f 9740 10450 10451
f 10451 10448 9740
f 10448 9722 9740
f 10444 10585 10438
f 10586 10585 10444
f 10438 10439 10444
f 10439 9729 10444
f 10470 9771 10469
f 10470 9778 9771
f 9759 10450 10454
f 9746 10453 10454
f 10449 9746 10454
f 10454 10450 10449
f 10454 10453 10458
f 10458 9759 10454
f 9771 10463 10460
f 10469 9771 10460
f 9771 9778 9772
f 9772 10472 9775
f 9772 9778 9786
f 9786 10472 9772
f 9772 9773 9771
f 9775 9773 9772
f 10425 9710 9709
f 10425 9690 9684
f 9684 10426 10425
f 10426 9710 10425
f 10425 9698 9690
f 10425 9709 9698
f 9693 9681 9689
f 9689 9681 9686
f 9689 9688 9693
f 9689 9686 9688
f 9672 9668 9677
f 9668 9678 9677
f 10575 10573 10418
f 10418 10420 10575
f 10575 10420 9680
f 10575 9680 9675
f 9675 10573 10575
f 10407 10568 10408
f 10408 9671 10407
f 10572 9671 10408
f 10408 10413 10572
f 10594 10461 10593
f 10461 10462 10593
f 10593 9773 10594
f 10463 10592 10591
f 10591 10592 9754
f 9754 9749 10591
f 9749 10590 10591
f 10463 10591 10459
f 10459 10591 10590
f 10459 10460 10463
f 9763 10460 10459
f 9751 9753 9739
f 9739 9748 9751
f 9752 9753 9751
f 10455 10450 9759
f 9752 9751 10455
f 10455 9751 9748
f 10451 10450 10455
f 10455 9748 10451
f 10455 9756 9752
f 9759 9756 10455
f 10466 10462 10463
f 10466 10463 9771
f 9771 9773 10466
f 10466 10593 10462
f 9773 10593 10466
f 9779 10474 10471
f 10471 9780 9779
f 9779 9780 9775
f 9775 10472 9779
f 9793 9804 9783
f 9810 10487 9793
f 9793 10487 9804
f 10478 9792 10482
f 9799 9792 10478
f 4 2 3
f 4 1 2
f 3 5630 4
f 60 61 2
f 2 1 60
f 5051 61 60
f 60 566 5051
f 6106 7397 6108
f 6105 7397 6106
f 7281 9488 7282
f 9483 9488 7281
f 7275 9468 7281
f 7281 9468 9476
f 7281 7280 7275
f 7282 7280 7281
f 9405 7258 7249
f 7249 7246 9405
f 7053 7055 6065
f 6065 7047 6060
f 6076 7051 6065
f 7051 7047 6065
f 6062 6063 6061
f 6063 7053 6061
f 7053 6065 6061
f 6061 6065 6060
f 6060 7039 6061
f 6061 7037 6062
f 6061 7039 7037
f 7036 8882 8870
f 7031 8882 7036
f 7036 7034 7035
f 8870 7034 7036
f 7035 7038 7036
f 7038 7031 7036
f 8883 8882 7031
f 7038 7030 8883
f 8883 7031 7038
f 7030 7022 8883
f 7022 8882 8883
f 8838 7005 7007
f 7005 8847 7007
f 7007 8847 10189
f 8838 7007 8840
f 8840 7007 10189
f 8840 7008 8838
f 8833 7008 8840
f 8845 8842 8856
f 8891 8880 8872
f 8863 8860 8865
f 8859 8860 8863
f 8851 7006 7019
f 6084 8904 7058
f 7053 6085 6084
f 6084 7055 7053
f 7058 8903 6084
f 8903 7055 6084
f 8913 8916 8925
f 8925 8906 8913
f 8906 8904 8913
f 6075 8900 6083
f 8904 6084 6083
f 6083 6085 6075
f 6083 6084 6085
f 6948 10180 6947
f 6947 10180 6935
f 6947 8802 6948
f 5969 5970 5968
f 5969 5968 5961
f 5974 5970 5969
f 8810 6969 8813
f 8810 10186 6969
f 8813 6957 8810
f 6957 8793 8810
f 10185 8799 10184
f 10184 8811 10185
f 8781 8799 8787
f 6929 8776 8777
f 8777 8780 6929
f 8786 8781 8787
f 8786 6947 6935
f 8835 8847 7005
f 7005 8834 8835
f 7006 8847 8835
f 8835 7019 7006
f 6994 8827 6972
f 6994 6038 8827
f 6972 6989 6994
f 6989 6038 6994
f 7000 6041 8830
f 8830 6040 7000
f 6989 6041 7000
f 7000 6044 7011
f 6040 6044 7000
f 7011 6037 7000
f 6037 6989 7000
f 6969 10186 8816
f 8811 6965 8816
f 10185 8811 8816
f 8816 10186 10185
f 6946 6952 6953
f 5570 6940 6946
f 6946 6953 5570
f 6940 10180 6946
f 6010 6011 6003
f 6003 6952 6010
f 6948 6963 6010
f 6010 6963 6011
f 6952 6946 6010
f 6010 10180 6948
f 6010 6946 10180
f 6023 6024 6993
f 6017 6024 6023
f 5574 6017 6023
f 6023 6019 5574
f 6993 6995 6023
f 6995 6019 6023
f 6891 8752 8760
f 8776 6926 6943
f 6943 8777 8776
f 8764 6901 6904
f 8762 6891 6912
f 6924 8768 6921
f 8772 6926 6921
f 6921 6926 6924
f 6921 6922 8772
f 6919 6922 5978
f 6923 6922 6919
f 5974 5969 5971
f 6895 5957 6880
f 6880 6894 6895
f 5957 6895 5958
f 5959 5950 5958
f 5950 5957 5958
f 6886 6878 6883
f 6878 5957 6883
f 6883 5950 6886
f 6883 5957 5950
f 6862 6863 5924
f 5924 6860 6862
f 6862 6860 6863
f 6859 6856 6861
f 6859 6860 5925
f 5925 6856 6859
f 11174 11122 11133
f 11174 11165 11111
f 11111 11122 11174
f 11174 11213 11165
f 11174 11221 11213
f 11147 11205 11197
f 11197 11205 11242
f 11241 11270 11232
f 11270 11221 11232
f 11221 11174 11232
f 10771 5190 5535
f 5535 10777 10771
f 5533 5190 10771
f 10771 10760 5533
f 10816 10809 10770
f 10809 10803 10770
f 10770 10803 10765
f 10770 10765 10760
f 10760 10771 10770
f 10770 10771 10777
f 10776 10777 10783
f 10783 10782 10776
f 10776 10770 10777
f 10816 10770 10776
f 10776 10823 10816
f 10782 10823 10776
f 10800 10793 10801
f 10191 7015 7013
f 7013 7015 5576
f 5576 6996 7013
f 8869 8857 8858
f 8869 8870 8877
f 8869 8858 8870
f 8877 7021 8869
f 7021 8857 8869
f 8848 8849 8855
f 8849 8857 8855
f 6992 6024 6990
f 8831 6991 6990
f 6990 10188 6992
f 6990 6991 10188
f 10188 6991 7003
f 7003 7004 10188
f 7003 6991 8832
f 6960 6956 6016
f 6015 6960 6016
f 6973 6016 8823
f 8823 6958 6976
f 6028 6025 6022
f 6022 6973 6028
f 6973 8823 6028
f 6028 8823 6976
f 6976 6974 6028
f 6974 6025 6028
f 7009 8831 6988
f 6988 6987 7009
f 6988 6986 6987
f 8831 6990 6988
f 6988 6990 6986
f 11973 11747 11962
f 11747 11952 11962
f 11716 11726 11778
f 11857 11811 11869
f 11811 11880 11869
f 11404 11857 11869
f 11869 11880 11404
f 11888 11818 11828
f 11934 11747 11404
f 11934 11943 11747
f 11854 11903 11844
f 11785 11854 11844
f 11844 11832 11785
f 11891 11832 11844
f 11844 11903 11891
f 11381 11377 11628
f 11628 11377 11378
f 11382 11381 11628
f 11628 11626 11382
f 11628 11378 11626
f 11280 11314 11271
f 11271 11242 11280
f 11280 11242 11286
f 11286 11319 11280
f 11319 11314 11280
f 11938 11979 11929
f 11871 11938 11929
f 11929 11920 11871
f 11929 11979 11971
f 11971 11920 11929
f 4249 527 1846
f 4249 1839 527
f 1846 1853 4249
f 4249 1853 1845
f 4249 1845 1840
f 1840 1833 4249
f 1833 1839 4249
f 1869 1870 1868
f 1868 1870 4268
f 534 1869 1868
f 1872 6137 9830
f 9830 7444 1872
f 6137 7455 9830
f 544 543 6145
f 6145 543 7460
f 9863 9860 10499
f 7502 9860 9863
f 7442 9836 6143
f 7442 1869 534
f 7442 1870 1869
f 6143 1870 7442
f 6143 9836 7462
f 7480 9841 7462
f 7462 9836 7480
f 534 5657 6147
f 6147 7442 534
f 9836 7442 6147
f 5657 5658 6147
f 7463 7444 7461
f 7461 7474 7463
f 7455 7474 7461
f 7444 9830 7461
f 7461 9830 7455
f 7475 7474 9841
f 9841 7481 7475
f 9848 9846 7475
f 7463 7474 7475
f 10497 9857 9858
f 7509 10497 9858
f 9858 9859 7509
f 7487 7484 9847
f 7486 7494 9848
f 9848 7475 7486
f 7486 7475 7481
f 4939 4254 4268
f 4236 4258 4932
f 4932 4258 4260
f 4268 4254 4260
f 4260 4254 4932
f 4260 1868 4268
f 4239 4261 4933
f 4933 4231 4239
f 4253 4261 4239
f 4239 4929 4253
f 4921 4226 4220
f 4254 4939 4237
f 7441 7451 6138
f 6138 7446 7441
f 7452 7451 7441
f 7468 6142 7467
f 7467 9840 7468
f 6160 7476 7478
f 7478 7485 6160
f 7497 6165 6161
f 7437 1866 7435
f 7437 7443 1866
f 9832 7443 7437
f 7435 7444 7437
f 7437 7444 9832
f 7458 7443 9832
f 7445 7443 7458
f 7458 9837 7445
f 9837 7458 7472
f 7472 9832 7463
f 7472 7458 9832
f 7466 9837 9842
f 9842 7465 7466
f 7466 7465 7457
f 7457 7450 7466
f 7450 9837 7466
f 4941 4253 4262
f 4941 4262 1872
f 1872 1867 4941
f 4941 4261 4253
f 4941 1867 4261
f 4163 4164 1805
f 1805 4158 4163
f 4163 4165 4164
f 4148 4880 4881
f 4881 4158 4148
f 4882 4158 4881
f 1728 1729 1727
f 1728 3980 1729
f 1728 3976 3980
f 1727 1719 1728
f 1719 3954 1728
f 4787 3954 3956
f 4000 4004 1739
f 1739 1731 4000
f 3993 4001 4000
f 4000 4001 4004
f 3985 1731 1729
f 3985 3992 1731
f 3982 3986 3985
f 3986 3992 3985
f 3956 3954 1716
f 1716 3952 3956
f 1716 1715 1712
f 1712 3944 1716
f 3944 3952 1716
f 1716 3954 1719
f 1719 1715 1716
f 1687 1688 1689
f 1691 1690 1689
f 1689 1690 1687
f 1688 3863 3871
f 3895 1699 1691
f 3944 3940 3941
f 3941 3945 3944
f 4801 3996 3990
f 4778 3913 4776
f 3919 4780 3918
f 45 9835 46
f 45 46 42
f 4241 1838 4271
f 1817 1818 1815
f 1815 1816 1817
f 4800 4791 1741
f 1695 1693 1700
f 1693 1701 1700
f 3882 1702 1709
f 5392 1704 1703
f 5392 1701 1693
f 1703 1701 5392
f 1703 1704 1707
f 1707 4768 1703
f 1707 4777 4768
f 1717 5390 1721
f 1721 4777 1717
f 4791 1725 1732
f 1768 5382 1779
f 4809 4800 1747
f 1744 1747 5388
f 4809 4818 1761
f 1761 1760 4809
f 1780 1776 4818
f 4012 4009 4010
f 4012 4018 4001
f 3993 4009 4012
f 4012 4001 3993
f 4001 4018 4804
f 4805 4013 4804
f 4804 4810 4805
f 4804 4018 4810
f 4804 4013 4004
f 4004 4001 4804
f 3986 3996 4007
f 3993 3986 4007
f 4007 4009 3993
f 4010 4009 4007
f 3999 4006 4005
f 4805 4810 4035
f 4035 4811 4805
f 4054 4064 4057
f 4033 4039 4050
f 4817 4054 4050
f 4050 4038 4033
f 4816 4039 4815
f 4816 4050 4039
f 4817 4050 4816
f 4807 4808 4018
f 4807 4012 4010
f 4018 4012 4807
f 4042 4814 4043
f 5037 4163 4158
f 4175 4898 4182
f 4183 4189 4188
f 1814 1811 4188
f 542 1864 544
f 542 541 1864
f 4875 4142 4134
f 4134 4128 4875
f 4894 5037 4888
f 4880 5033 5034
f 5034 4881 4880
f 4152 5034 5033
f 4156 5034 4152
f 4157 4156 4152
f 4115 4106 4857
f 4106 4852 4857
f 4097 1774 4090
f 4096 1774 4097
f 4046 4038 4057
f 4045 4038 4046
f 4046 4052 4045
f 4091 4092 4089
f 4595 2981 2986
f 2986 4596 4595
f 2986 1119 2988
f 2981 1119 2986
f 2988 1123 2986
f 1123 4596 2986
f 3003 3001 1164
f 259 3001 3003
f 1147 3001 2997
f 1143 1165 1147
f 3006 3004 1155
f 1155 1161 3006
f 3002 1161 1155
f 1155 3004 1149
f 1155 1149 254
f 254 3002 1155
f 3007 3010 3006
f 3006 1161 3007
f 1128 1112 2990
f 251 252 1128
f 2990 1125 1128
f 1128 1125 251
f 1128 249 250
f 1128 252 249
f 164 166 5479
f 1002 166 163
f 1000 166 1002
f 5479 166 980
f 980 132 5482
f 166 132 980
f 5473 203 1041
f 2894 172 1038
f 1038 172 1035
f 1035 2907 1038
f 5465 1109 231
f 5463 5461 256
f 1109 5465 256
f 230 1109 1113
f 231 1109 230
f 1109 256 1124
f 1968 1957 1965
f 1968 1972 1957
f 5458 639 628
f 651 5460 644
f 2097 2098 2099
f 2097 2090 2089
f 2159 2158 2150
f 2150 2143 2162
f 4410 4409 4414
f 4410 2127 4409
f 2140 2152 4415
f 2140 4410 4414
f 4415 4410 2140
f 689 2152 2140
f 4415 2152 2142
f 2143 2141 2142
f 2144 4415 2142
f 2142 2141 2144
f 2156 2152 689
f 2143 2142 2156
f 2156 2142 2152
f 711 2212 2206
f 2206 2203 711
f 4397 4993 4398
f 4993 4992 4398
f 2110 2116 2099
f 2099 2109 2110
f 5486 869 858
f 829 4516 4527
f 4513 2493 2490
f 4513 4515 2493
f 4526 2555 2565
f 4515 4513 2509
f 2512 2506 4518
f 2512 2511 2506
f 2514 2511 2512
f 2512 4519 2514
f 2631 2639 2649
f 2747 2750 2731
f 2720 2731 2730
f 2720 2747 2731
f 2736 2747 2720
f 2731 2750 2757
f 2777 2755 2774
f 2652 2647 2667
f 2663 2672 2668
f 2673 2672 2663
f 2675 886 2680
f 2680 2694 2673
f 2673 2663 2680
f 2680 2663 2675
f 881 4542 4551
f 4551 886 881
f 2641 2630 2631
f 2673 2694 2684
f 2684 2683 2673
f 4552 2696 2706
f 2719 2720 2730
f 2836 957 2830
f 2838 2857 2862
f 2857 983 2862
f 982 983 4578
f 2866 2862 982
f 982 2862 983
f 4589 179 1067
f 1048 1036 4589
f 4589 1036 179
f 180 171 1030
f 220 219 218
f 162 1006 1005
f 1030 171 168
f 168 169 1030
f 168 171 1035
f 1003 1000 1002
f 970 979 4578
f 873 869 5486
f 873 4542 869
f 10977 10991 12192
f 12192 10967 10977
f 10923 10991 10977
f 10977 10914 10923
f 10977 10967 10914
f 12091 12062 12099
f 12062 12104 12099
f 11417 12091 12099
f 12099 12104 11417
f 12121 11418 12116
f 12116 12083 12121
f 11964 11924 11975
f 11924 11983 11975
f 12021 11964 11975
f 11975 11983 12021
f 11630 11592 11640
f 11692 11630 11640
f 11640 11650 11692
f 11620 11682 11669
f 11620 11630 11682
f 11669 11660 11620
f 11660 11611 11620
f 11652 11642 11603
f 11603 11642 11596
f 11603 11660 11652
f 11603 11611 11660
f 11603 11559 11611
f 11544 11516 11552
f 11552 11596 11544
f 11552 11516 11522
f 11522 11559 11552
f 11552 11603 11596
f 11559 11603 11552
f 11565 11616 11608
f 11565 11573 11616
f 11565 11533 11573
f 11565 11527 11533
f 11521 11527 11565
f 11565 11558 11521
f 11592 11558 11601
f 11601 11565 11608
f 11558 11565 11601
f 11608 11658 11601
f 11601 11658 11650
f 11650 11640 11601
f 11601 11640 11592
f 11574 11566 11528
f 11528 11534 11574
f 11630 11620 11574
f 11574 11611 11566
f 11574 11620 11611
f 11528 11496 11500
f 11500 11534 11528
f 11496 11466 11500
f 10617 11489 11488
f 11488 11484 10617
f 11488 11489 10618
f 11521 11484 11488
f 3141 1260 1247
f 3120 1249 1247
f 1247 3137 3141
f 1249 3137 1247
f 3162 1297 3171
f 1299 3156 349
f 349 1297 1299
f 341 1297 349
f 3154 3156 1283
f 3154 349 3156
f 3154 3150 341
f 341 349 3154
f 322 1243 1246
f 1246 328 322
f 1246 1243 1239
f 1239 3120 1246
f 327 331 1261
f 327 1261 326
f 326 328 327
f 3025 3039 3045
f 1191 3044 3059
f 3044 3034 3059
f 3088 3100 3111
f 4616 3111 4615
f 4615 3111 3100
f 3109 3104 3110
f 3110 3114 3109
f 1249 3114 3110
f 3110 3104 3121
f 1278 3154 1283
f 334 331 3151
f 3127 3110 3121
f 3127 1248 1249
f 1249 3110 3127
f 1248 3127 3131
f 3148 3150 1265
f 3137 1248 1265
f 3141 3137 1265
f 1265 1266 3141
f 1265 3150 1272
f 1272 1266 1265
f 3338 3342 1470
f 1472 3338 3337
f 3342 3338 1472
f 1487 3346 3344
f 1487 3345 3346
f 3345 1487 483
f 483 1487 3344
f 3344 486 483
f 486 484 483
f 1502 3345 3351
f 3352 3353 3351
f 3353 1502 3351
f 3386 3387 3375
f 3375 1510 3386
f 3386 1510 1501
f 1501 1509 3386
f 1509 3387 3386
f 1334 1348 1350
f 1350 3211 1334
f 1350 1348 400
f 400 3211 1350
f 3209 3207 1329
f 1329 1347 3209
f 1323 4629 1337
f 4629 1336 1337
f 1294 1291 3163
f 1283 1303 3157
f 3157 1303 1305
f 1305 1287 3157
f 1302 3156 1299
f 1283 3156 1302
f 1302 1303 1283
f 1310 1325 368
f 368 1308 1310
f 1308 4622 1310
f 1324 1325 1310
f 376 1325 1324
f 1324 377 376
f 376 377 375
f 369 1325 376
f 375 1326 376
f 1326 369 376
f 389 392 3214
f 389 391 392
f 3199 377 1324
f 3208 391 1333
f 419 1375 411
f 1379 408 411
f 411 1375 1379
f 1414 1408 1413
f 1413 1408 1412
f 1409 1408 3263
f 446 1413 1412
f 1414 1413 446
f 365 1322 1330
f 1330 1343 365
f 1322 1317 1330
f 5436 406 388
f 386 1317 5440
f 386 1330 1317
f 364 1318 360
f 364 1317 1318
f 360 5443 364
f 5443 1317 364
f 1362 406 409
f 1362 397 406
f 401 397 1362
f 1362 409 405
f 405 401 1362
f 413 5434 417
f 5432 441 1385
f 1385 441 440
f 440 1400 1385
f 417 5434 1385
f 1385 1400 1391
f 3312 3319 3293
f 3293 3308 3312
f 3300 3308 3289
f 3289 3286 3300
f 4644 3308 3300
f 3315 3323 4644
f 3337 4647 3331
f 3319 3312 3320
f 3319 4647 3329
f 3329 3302 3319
f 3329 3314 3302
f 1464 1466 1465
f 3334 1466 1464
f 1465 3314 1464
f 3314 3329 1464
f 438 3273 436
f 436 1404 438
f 436 1416 433
f 436 3273 1416
f 3223 1366 1368
f 1368 3232 3223
f 1368 1361 3219
f 1366 1361 1368
f 437 3271 438
f 437 3269 3271
f 1401 3269 437
f 437 1404 1401
f 438 1404 437
f 1401 3264 1399
f 3264 3257 1399
f 3254 4636 1399
f 1399 3257 3254
f 1402 1424 3271
f 1402 1395 3268
f 3258 3240 3253
f 3256 1397 1396
f 1396 1395 3256
f 3268 1395 1396
f 3270 3268 1396
f 1396 1397 3270
f 4643 3315 4644
f 4644 3300 4643
f 3295 3291 1436
f 1212 302 1209
f 297 296 1209
f 302 311 1209
f 1209 1219 297
f 1209 311 1219
f 1186 275 1190
f 275 1194 1190
f 1183 1186 1190
f 1190 1194 1183
f 1181 277 1183
f 1181 1183 4609
f 4616 4615 3123
f 3123 4615 3116
f 3123 3116 3117
f 3117 3124 3123
f 3123 3124 3126
f 4616 3123 3119
f 3119 3123 3126
f 4619 3132 3138
f 4619 3127 3121
f 3149 1267 347
f 347 3152 3149
f 347 1285 3152
f 1267 1275 347
f 347 1275 1285
f 3140 1268 3143
f 1268 1270 3143
f 3143 1270 1264
f 3143 1258 3140
f 3143 1264 1258
f 3077 1218 1223
f 3136 1263 3139
f 3136 3139 3129
f 3129 3124 3136
f 3136 3124 3135
f 3130 3125 1256
f 1256 1245 4618
f 3122 1245 1256
f 1256 3125 3122
f 4618 1250 1254
f 1254 1250 319
f 319 1288 1254
f 1240 320 1242
f 1242 314 319
f 1242 1229 314
f 1242 320 1229
f 365 4629 1312
f 1312 1307 365
f 1312 4629 1323
f 1312 1311 1307
f 357 5444 360
f 357 356 352
f 354 5444 357
f 352 354 357
f 1318 366 1306
f 360 1318 1306
f 1306 357 360
f 356 357 1306
f 352 356 1296
f 345 343 1296
f 1296 351 345
f 1296 356 351
f 1288 342 1279
f 1279 342 352
f 352 1296 1279
f 1279 1296 343
f 346 343 345
f 1280 343 346
f 345 1275 346
f 1275 1280 346
f 504 508 505
f 504 503 501
f 501 1497 504
f 504 506 508
f 504 1497 506
f 499 1497 498
f 494 1491 499
f 499 498 494
f 1491 502 499
f 506 1497 499
f 499 502 506
f 442 450 443
f 5430 442 443
f 440 5430 443
f 443 1410 440
f 460 459 454
f 454 5426 460
f 460 5426 463
f 481 1484 5422
f 1484 5424 5422
f 464 5424 1455
f 1455 5426 464
f 463 5426 1455
f 1455 5424 1484
f 1482 480 500
f 1491 479 1482
f 1482 479 478
f 500 502 1482
f 1482 502 1491
f 1484 480 1482
f 472 471 1469
f 1469 1467 472
f 1469 471 465
f 465 1467 1469
f 3396 3408 3415
f 3415 4661 3419
f 3389 3408 3396
f 3388 3380 3389
f 3403 3380 3397
f 3403 3389 3380
f 3403 3397 4657
f 4657 3406 3403
f 4664 3437 4663
f 4663 3454 4664
f 3421 3437 3445
f 3445 3437 4664
f 3399 1506 3395
f 3396 3399 3395
f 3395 3389 3396
f 1512 1506 3399
f 3409 1520 1512
f 1512 1520 4656
f 4656 1506 1512
f 1505 1504 4650
f 1505 1506 1504
f 4650 1496 1505
f 1505 1496 3371
f 3371 3379 1505
f 1505 3379 3383
f 3383 3388 1505
f 3388 1506 1505
f 3400 3410 3409
f 3400 3399 3396
f 3396 3415 3400
f 3400 3415 3419
f 3450 3440 3434
f 3421 3445 3434
f 3433 3421 3434
f 3434 3436 3433
f 3439 3436 3434
f 3434 3440 3439
f 1557 3526 3532
f 3532 3526 3527
f 3554 3566 1574
f 1574 1564 3554
f 3554 1564 3548
f 3554 3555 3566
f 3548 3549 3554
f 3549 3555 3554
f 1578 4692 1579
f 1578 1573 4692
f 1579 1568 1578
f 1568 1573 1578
f 1574 1575 4683
f 1575 1573 4683
f 4683 1564 1574
f 1559 4677 4683
f 4683 4677 1557
f 1557 1564 4683
f 1567 1573 5150
f 5150 1552 1567
f 1567 4683 1573
f 4705 1618 1614
f 1614 1609 4705
f 1614 1618 1608
f 1608 1609 1614
f 3384 3390 4653
f 3376 3374 3359
f 3377 3384 3376
f 3376 3359 3377
f 3360 3374 3376
f 3459 3440 3450
f 3422 3417 3423
f 3417 3438 3423
f 3429 3417 3413
f 3413 3425 3429
f 3402 3424 3413
f 3424 3425 3413
f 3413 3412 3402
f 3413 3414 3412
f 3416 3414 3413
f 3413 3417 3416
f 3533 3540 3539
f 3533 3532 3527
f 3549 3540 3558
f 3543 3540 3548
f 3539 3540 3543
f 3548 1564 3543
f 3543 1564 3539
f 3508 3514 3525
f 3529 3518 3525
f 3525 3518 3508
f 4675 4676 3504
f 4675 4674 3502
f 3608 3604 4697
f 4691 3590 3601
f 3661 3652 3641
f 4706 3647 4704
f 3703 3686 3699
f 3679 3694 3699
f 3699 3686 3679
f 4732 3774 4731
f 3507 3508 3517
f 3508 3518 3517
f 1547 3507 3517
f 3517 1556 1547
f 4660 3415 3408
f 4661 3415 4660
f 3500 3507 1547
f 3449 1526 3443
f 3449 3451 1526
f 3476 1528 3462
f 3462 1528 3457
f 3462 3463 3476
f 3452 3463 3462
f 3462 3457 3452
f 1681 1677 5396
f 5396 1678 1681
f 1681 4745 1677
f 1667 1664 1673
f 1664 1677 1673
f 1673 4745 1667
f 1677 4745 1673
f 5403 1615 1612
f 1612 1605 5403
f 1594 1582 5406
f 5412 1537 5414
f 5408 1576 1566
f 510 1533 1532
f 1532 1529 510
f 4658 1529 1532
f 1533 4666 1532
f 4666 4658 1532
f 1508 1513 4658
f 1508 1509 1503
f 1508 4658 1509
f 505 1513 1508
f 1503 503 1508
f 1508 504 505
f 503 504 1508
f 4730 4732 4731
f 3758 4732 4730
f 3717 3724 3716
f 1629 3713 3716
f 3716 3724 1629
f 3728 1636 1630
f 3728 3732 1636
f 3728 3729 3732
f 3714 3698 3703
f 3708 3727 3717
f 3719 3727 3708
f 3707 3698 3708
f 3708 3714 3719
f 3698 3714 3708
f 3713 3707 3708
f 3717 3716 3708
f 3708 3716 3713
f 3725 3724 3717
f 3725 3717 3735
f 3729 3728 3725
f 3738 3729 3747
f 3747 3754 3738
f 3633 3629 3647
f 3641 3640 3633
f 3632 3629 3633
f 3647 3629 3639
f 4704 3647 3639
f 3639 4701 4704
f 3566 3567 3571
f 1574 3566 3571
f 3578 3583 3582
f 3567 3592 3578
f 3596 3598 1580
f 3610 3609 3599
f 3609 3598 3599
f 3599 3626 3610
f 3599 3614 3626
f 3632 1593 3628
f 3628 3629 3632
f 3617 3609 3610
f 3610 3621 3617
f 3617 1592 3609
f 3617 3621 1592
f 3622 3621 3610
f 3622 3639 3629
f 3629 3628 3622
f 3697 1619 3689
f 3689 3686 3697
f 3669 1610 3665
f 3665 3666 3669
f 1611 1610 3673
f 1610 3669 3673
f 3666 3674 3673
f 3673 3669 3666
f 3849 1676 3850
f 3850 1676 3843
f 3732 3738 3737
f 3738 3746 3737
f 1636 3732 3737
f 3737 3746 1636
f 9891 7571 7566
f 9893 7571 9891
f 9891 9887 9893
f 9873 7523 9872
f 9873 10500 7523
f 9874 9877 9873
f 9872 7537 9873
f 9873 7537 9874
f 10501 9877 10502
f 7530 10500 10501
f 10500 9873 10501
f 10501 9873 9877
f 10502 7538 10501
f 10501 7538 7530
f 7470 9844 9838
f 7470 7465 9842
f 9842 9843 7470
f 9843 9844 7470
f 7483 7484 7482
f 7482 7484 7493
f 7493 9849 7482
f 9851 9852 9850
f 9850 7493 9851
f 9850 9849 7493
f 10502 9878 7542
f 7542 9881 7541
f 7542 7538 10502
f 7541 7538 7542
f 9886 9880 7549
f 9880 9881 7549
f 9888 9886 7549
f 7549 7547 9888
f 9885 9880 9886
f 7548 9880 9885
f 9885 7552 7548
f 9885 7555 7552
f 7556 7555 7563
f 7563 9891 7566
f 9902 10511 10510
f 10510 9896 9902
f 10510 7577 7569
f 10510 10511 7577
f 7570 7578 9895
f 7578 9896 9895
f 7601 9923 10526
f 7600 7596 7601
f 7609 9923 7601
f 7601 7596 7609
f 10526 7604 7601
f 7601 7604 7600
f 7669 7663 9955
f 7636 7635 7630
f 9945 7643 7636
f 7636 9942 9945
f 9931 9928 10531
f 6619 6604 6616
f 6604 8470 6616
f 6616 8470 6613
f 6613 5776 6616
f 6616 5775 6619
f 6616 5776 5775
f 8448 8445 8446
f 8446 8445 8443
f 8446 8464 8452
f 8451 6588 8448
f 8452 8457 8451
f 6603 6588 8451
f 8451 8457 6603
f 8448 8446 8451
f 8451 8446 8452
f 6614 8480 6613
f 6613 8458 6614
f 8462 8458 8467
f 8457 8458 8462
f 8462 8467 6603
f 6603 8457 8462
f 8472 8458 8452
f 8452 8464 8472
f 8472 8464 10137
f 8499 6647 8496
f 6719 5842 5843
f 5842 5834 5843
f 5838 5835 5839
f 6724 5838 5841
f 6646 6645 8492
f 8492 5785 6646
f 5780 5785 8492
f 6695 8546 6693
f 8502 6650 6667
f 6667 6650 8500
f 8506 6660 6653
f 8513 8512 8507
f 8507 8506 8505
f 6580 5739 8435
f 8435 5739 8433
f 6581 5739 6580
f 6581 6585 6583
f 6581 6583 5744
f 5744 5739 6581
f 6581 8441 6585
f 6580 8441 6581
f 5735 6565 5736
f 5736 5739 5735
f 5736 6565 6556
f 8433 5739 5736
f 5682 5677 6491
f 6491 5677 6486
f 5684 6495 5687
f 5687 5689 5684
f 5688 6507 5687
f 6507 5689 5687
f 6512 10120 5700
f 6478 6477 8320
f 8327 6491 6478
f 6478 6491 6486
f 6486 10111 6478
f 10111 6477 6478
f 8321 8309 8329
f 8320 8309 8321
f 8210 6435 8204
f 6436 6435 8210
f 8210 8215 6436
f 8220 8225 6436
f 6436 8215 8220
f 6446 10096 6436
f 6447 10096 6446
f 6436 8225 6446
f 6446 8241 6447
f 8260 6453 8254
f 8254 6453 6447
f 6162 7460 6148
f 6148 7460 548
f 548 6144 6148
f 6144 6149 6148
f 6144 6146 9833
f 9833 6149 6144
f 5661 34 5662
f 5662 34 7469
f 5662 7469 5663
f 31 27 30
f 32 27 31
f 31 34 32
f 5663 7469 7456
f 7469 34 7456
f 40 37 38
f 9918 7597 9915
f 7597 7598 9915
f 9897 9903 9907
f 9907 7585 9897
f 9908 7585 9907
f 9901 7578 7579
f 9901 9903 7578
f 7645 7643 9945
f 7645 7646 7643
f 9945 9942 7645
f 7709 7713 7695
f 7695 7707 7709
f 9970 7704 9971
f 9971 7732 9970
f 7704 7713 9971
f 9972 7732 9971
f 7947 7942 7943
f 6354 8011 6363
f 6363 10053 6354
f 8037 8027 8049
f 5336 5693 6503
f 6503 5693 5338
f 7877 10019 7884
f 7884 7883 7877
f 7888 7893 7872
f 7686 7690 7689
f 7686 7689 7678
f 7693 7691 9966
f 7691 7690 9966
f 7592 7585 9908
f 10101 6455 6459
f 6444 6449 5339
f 6412 6411 5343
f 6366 6365 6356
f 6359 5349 6356
f 6356 6365 6359
f 5943 5941 5379
f 5941 5932 5379
f 5932 5942 5379
f 6858 5932 6849
f 6849 5933 5934
f 6849 5932 5941
f 5941 6866 6849
f 6866 5933 6849
f 8600 8610 8605
f 8605 8599 8600
f 5975 5387 5987
f 5387 5977 5987
f 5987 5977 5989
f 6876 5949 6888
f 5949 5953 6888
f 6888 5953 6887
f 5384 5953 5949
f 6887 5953 5384
f 5384 5956 6887
f 5985 5986 6914
f 6914 6913 5985
f 5985 5989 5986
f 5985 5987 5989
f 10179 6913 6914
f 6914 6906 10179
f 10179 6906 6907
f 6907 6893 10179
f 6911 5985 6913
f 5975 5987 6911
f 5987 5985 6911
f 7870 7861 7862
f 7861 7850 7862
f 7862 10019 7870
f 7891 7894 7890
f 7890 6314 6311
f 7890 7894 6314
f 7948 7952 7951
f 7951 7949 7948
f 7948 7949 7947
f 7947 7943 7948
f 7780 7782 7784
f 7782 7785 7784
f 6271 7780 7784
f 7784 7785 6271
f 7809 7799 7818
f 7818 10003 7809
f 11926 11867 11935
f 11926 11914 11867
f 11976 11914 11926
f 11984 11976 11926
f 11926 11935 11984
f 11822 11833 11881
f 11833 11892 11881
f 11881 11946 11937
f 11881 11892 11946
f 3290 4642 3294
f 3290 3294 3281
f 3273 1429 1417
f 1416 3273 1417
f 1417 1418 1416
f 1378 1390 1393
f 421 1378 1393
f 1393 422 421
f 3249 1390 1378
f 4635 3251 3243
f 4636 3251 4635
f 3231 3251 3237
f 3237 3236 3231
f 3237 3254 1387
f 3237 3251 3254
f 3218 1353 1371
f 3218 3216 1353
f 1371 1373 3218
f 1356 3216 3218
f 3218 1373 1356
f 3225 3224 3222
f 3222 3233 3225
f 3224 3221 3222
f 3221 1373 3222
f 3222 1373 1371
f 11066 11077 11123
f 11123 11055 11066
f 11418 11175 11185
f 11196 11155 11204
f 11196 11146 11155
f 11196 11185 11146
f 11196 11204 11418
f 11418 11185 11196
f 11162 11171 11210
f 11210 11202 11162
f 11210 11261 11254
f 11254 11247 11210
f 11247 11202 11210
f 11301 11295 11266
f 11301 11266 11273
f 11273 11308 11301
f 11301 11417 11295
f 11308 11417 11301
f 10878 10842 10888
f 10888 10929 10878
f 10929 10866 10878
f 10866 10823 10878
f 10803 10850 10843
f 10843 10834 10803
f 10784 10834 10824
f 10906 10897 10850
f 10969 10959 10906
f 10906 10959 10950
f 10950 10897 10906
f 10890 10898 10940
f 10890 10931 10880
f 10940 10931 10890
f 10951 10898 10907
f 12125 12094 12129
f 12122 12094 12125
f 12129 12151 12125
f 12125 12151 12122
f 12090 12094 12122
f 12117 12084 12090
f 12090 12122 12117
f 12052 12094 12090
f 12084 12044 12090
f 12090 12044 12052
f 12129 12094 12098
f 12103 12133 12098
f 12098 12133 12129
f 12098 12067 12103
f 12034 11990 12041
f 12034 12027 11990
f 11963 11968 12015
f 12015 12010 11963
f 12015 11968 12020
f 12052 12010 12015
f 10764 10755 10754
f 10754 10755 12081
f 10757 12095 12080
f 10757 12096 12095
f 10757 10754 12096
f 12080 10764 10757
f 10764 10754 10757
f 12120 12126 12114
f 12114 10789 12120
f 10789 12113 12120
f 12082 12126 12120
f 12120 10755 12082
f 12088 10755 12120
f 12120 12079 12088
f 12120 12113 12079
f 12108 12137 12103
f 12108 12113 12137
f 2286 725 724
f 724 2282 2286
f 2279 2286 2282
f 726 730 722
f 722 723 726
f 726 4461 730
f 723 4461 726
f 707 4444 713
f 4444 716 713
f 708 707 713
f 713 716 708
f 743 5068 734
f 761 5070 748
f 2379 2377 2378
f 2201 2223 4437
f 2211 2201 4437
f 4434 4435 2199
f 2214 2222 4435
f 2214 4434 2209
f 4435 4434 2214
f 4436 2222 2218
f 4435 2222 4436
f 2218 2213 4436
f 2965 2966 2973
f 199 1059 1057
f 201 1059 199
f 213 216 214
f 210 208 1068
f 1068 4589 1067
f 1088 1084 1092
f 1092 2947 1088
f 2958 2947 1092
f 1108 2958 1092
f 2945 1084 213
f 2945 1092 1084
f 1073 215 213
f 213 214 1073
f 1143 2996 1141
f 1121 2996 1120
f 1121 1141 2996
f 2984 2974 2966
f 1120 1119 2982
f 2982 1119 2981
f 2981 2974 2982
f 2982 1121 1120
f 1140 1121 2992
f 2998 1141 1140
f 1141 1121 1140
f 1077 1072 2940
f 198 1072 1076
f 1076 196 198
f 198 196 201
f 198 2940 1072
f 201 199 198
f 1008 148 151
f 1021 2897 2888
f 2929 1059 1045
f 1057 1059 2929
f 1057 1055 2934
f 2937 199 2934
f 2934 199 1057
f 2934 1058 2937
f 1055 1058 2934
f 181 1049 182
f 1049 186 182
f 182 186 1050
f 1050 183 182
f 174 181 182
f 182 183 174
f 2164 2154 2163
f 2163 2158 2159
f 2159 2164 2163
f 4418 2158 2163
f 2163 2154 4418
f 4409 2127 2117
f 2117 2127 2112
f 4404 2114 2117
f 2117 2112 4404
f 2144 4407 4411
f 2127 4410 4411
f 4411 4407 4406
f 4406 2127 4411
f 4411 4415 2144
f 4411 4410 4415
f 2158 4417 2149
f 2149 4417 4416
f 2149 2150 2158
f 4416 2134 2149
f 2143 2150 2149
f 4403 2114 4404
f 4404 2108 4403
f 4403 2108 2100
f 2100 2095 4402
f 2095 2090 4402
f 4402 4403 2100
f 4405 2104 2118
f 4408 2121 4405
f 4405 2118 4408
f 4405 2121 2113
f 2113 2107 4405
f 2107 2104 4405
f 2061 2064 2050
f 2050 2057 2061
f 2059 2064 2061
f 2061 2057 2059
f 4974 2042 2036
f 4986 4384 4985
f 2075 4986 4985
f 4985 2065 2075
f 4380 2062 2064
f 4380 4384 2062
f 2064 2065 4380
f 2065 4985 4380
f 4380 4985 4384
f 4385 4384 4986
f 4986 4988 4385
f 4385 4988 4387
f 2069 4377 4385
f 4377 4384 4385
f 2089 4392 4390
f 4390 4392 4389
f 4362 2041 4368
f 4368 4370 4362
f 4364 4362 2049
f 2049 2057 2050
f 4372 2057 2049
f 2049 4370 4372
f 2049 4362 4370
f 2041 4362 4361
f 4361 4362 4364
f 4361 4364 4971
f 4379 4377 2069
f 4379 4376 4377
f 2020 2015 2017
f 2017 2023 2020
f 4353 2022 4351
f 2022 2023 4351
f 2087 2080 4395
f 4395 2080 4392
f 4395 2089 2087
f 4395 4392 2089
f 4987 4388 4389
f 2084 2083 2081
f 2081 2085 2084
f 2081 2083 2079
f 2079 2080 2081
f 2087 2091 2081
f 2081 2080 2087
f 2081 2091 2095
f 2095 2085 2081
f 638 2048 2054
f 2054 2052 638
f 2138 2139 2145
f 2145 2139 2147
f 677 2138 2145
f 2145 2147 677
f 2184 4426 4427
f 4427 4425 2171
f 4427 4426 4425
f 4432 4426 2184
f 2203 4430 4432
f 4432 4430 4426
f 2640 2638 4543
f 2668 2658 4545
f 4539 2641 4541
f 4538 2630 4539
f 2630 2641 4539
f 872 875 878
f 878 882 872
f 878 875 4553
f 4553 882 878
f 2544 821 2541
f 2541 821 2538
f 2539 2541 2538
f 2544 2541 2539
f 2567 2556 4528
f 2536 4523 2546
f 2546 4523 4524
f 2546 2521 2536
f 838 839 832
f 832 835 838
f 838 4525 839
f 838 835 4525
f 4540 4532 851
f 851 856 4540
f 851 2627 856
f 2585 2593 2589
f 2589 2593 840
f 840 2593 2602
f 2557 2550 2563
f 2550 2564 2563
f 824 2557 2563
f 2563 836 824
f 2574 837 836
f 2595 2581 2592
f 2618 2609 2610
f 4537 2618 2626
f 2644 2648 865
f 2644 856 2635
f 865 856 2644
f 2645 2648 2644
f 2745 2756 2734
f 2734 2728 2745
f 2677 2670 2692
f 2677 2676 2670
f 2691 2715 2699
f 2699 2698 2691
f 2691 2703 2715
f 2686 2703 2691
f 2690 2686 2691
f 2691 2698 2690
f 2674 4549 2679
f 4544 4545 2653
f 2653 2657 2645
f 2658 2657 2653
f 2653 4545 2658
f 4548 4549 2674
f 4548 2672 2683
f 2683 4549 4548
f 2660 2655 2674
f 2660 2682 2670
f 2659 2655 2660
f 2674 2655 2665
f 2665 4548 2674
f 2645 2657 2665
f 2665 2655 2645
f 2654 2655 2659
f 865 2648 2654
f 2654 2648 2645
f 2645 2655 2654
f 866 865 2654
f 2654 2659 866
f 2466 2476 2485
f 2488 2496 2492
f 2503 2506 2488
f 2488 2481 2503
f 2493 2481 2471
f 2471 2489 2493
f 2481 2480 2471
f 2485 2489 2471
f 2471 2466 2485
f 2451 2454 2440
f 2440 2434 2451
f 2451 4506 2454
f 2403 2413 2402
f 2444 2440 2446
f 2475 2480 794
f 2475 2471 2480
f 2487 2480 2481
f 2487 2488 2492
f 2481 2488 2487
f 2487 2492 804
f 804 2480 2487
f 776 775 779
f 775 4496 779
f 2437 2433 2434
f 2434 2439 2437
f 2391 764 2386
f 757 2357 2365
f 2377 764 758
f 758 757 2365
f 4476 757 758
f 765 764 2391
f 1037 1040 1032
f 1032 1025 4582
f 1032 1040 176
f 176 1025 1032
f 1032 181 1037
f 4582 181 1032
f 1017 1025 5096
f 156 154 5096
f 5096 154 1017
f 5096 1025 176
f 176 5314 5096
f 5096 5314 5315
f 5315 5097 5096
f 5097 156 5096
f 143 154 156
f 143 156 5317
f 5317 5095 143
f 5095 5094 143
f 1011 1013 155
f 155 150 1011
f 1015 1013 1011
f 147 986 144
f 1017 154 1016
f 1016 1014 1017
f 154 1014 1016
f 2873 140 976
f 140 974 976
f 997 152 2874
f 2873 991 2874
f 2874 991 997
f 2874 140 2873
f 985 139 140
f 140 2874 985
f 985 2874 152
f 151 152 153
f 153 152 997
f 997 2878 153
f 153 2878 158
f 153 158 1021
f 1021 160 153
f 1024 1019 2884
f 1024 2897 1021
f 1021 1019 1024
f 159 158 1006
f 159 2884 158
f 1006 162 159
f 1006 988 989
f 989 2876 1006
f 994 1004 2875
f 1004 2876 2875
f 2875 989 988
f 2876 989 2875
f 2848 2862 2866
f 2838 2862 2848
f 990 988 1006
f 1006 2878 990
f 991 2871 990
f 997 991 990
f 990 2878 997
f 144 986 142
f 142 139 144
f 142 978 139
f 137 978 142
f 142 141 137
f 986 141 142
f 5092 129 136
f 137 130 136
f 136 130 5092
f 969 129 131
f 969 131 5090
f 965 967 969
f 967 129 969
f 960 951 4570
f 965 969 960
f 5090 951 960
f 960 969 5090
f 945 961 4570
f 2782 2778 2776
f 2776 2783 2782
f 2766 2773 2753
f 2753 2762 2766
f 2790 2772 2780
f 119 120 118
f 118 117 119
f 119 117 2807
f 2807 2800 119
f 94 92 91
f 94 97 92
f 2764 907 2758
f 907 2752 2758
f 2758 2753 2764
f 2752 2753 2758
f 88 921 93
f 88 916 921
f 912 916 88
f 84 912 88
f 877 4553 4546
f 4546 876 877
f 2690 2698 877
f 877 2687 2690
f 2735 2710 2725
f 2725 2710 2699
f 2725 4559 2735
f 2704 2709 883
f 2709 892 883
f 883 2698 2704
f 883 877 2698
f 883 892 4553
f 4553 877 883
f 4561 895 893
f 895 894 893
f 4553 892 893
f 893 891 4553
f 894 891 893
f 2733 2738 893
f 11545 10625 11546
f 11546 5314 5099
f 11546 10625 5314
f 11518 11519 10622
f 11524 11518 10622
f 10622 11525 11524
f 5321 11525 10622
f 5091 5321 10622
f 10622 11519 5091
f 11531 10624 11530
f 11530 10623 11531
f 5095 10624 11531
f 5319 5095 11531
f 11531 10623 5319
f 8944 8945 8948
f 8945 8951 8948
f 7076 8944 8948
f 8948 8951 7076
f 8964 8945 8961
f 8964 8952 8945
f 8971 8952 8964
f 8964 8961 8962
f 8962 10209 8964
f 10210 8971 8964
f 8964 10209 10210
f 8925 8926 8918
f 8926 8920 8918
f 8918 8906 8925
f 8911 8906 8918
f 7068 8911 8918
f 8918 8920 7068
f 10218 7098 7110
f 9194 9196 7168
f 7168 9188 9194
f 9189 9196 9194
f 9194 9188 9189
f 7226 7223 9343
f 7225 7223 7226
f 7226 7235 7225
f 7226 9360 7235
f 9332 7223 7219
f 7218 9325 7219
f 7217 7218 7219
f 7219 7222 7217
f 7219 7223 7222
f 9280 9273 9281
f 9285 9284 9281
f 9028 10220 10221
f 10221 9039 9028
f 10222 9039 10221
f 10225 9051 10224
f 10224 9051 9043
f 9043 9044 10224
f 8982 8975 8983
f 8983 8986 8991
f 10215 10217 9006
f 9006 9003 10215
f 9021 10217 10215
f 10215 9016 9021
f 10215 9003 9016
f 10214 9001 8993
f 10214 9003 9001
f 8993 10213 10214
f 10214 10213 9010
f 9010 9003 10214
f 9012 9003 9010
f 9016 9003 9012
f 9010 9011 9012
f 9012 9011 9016
f 9033 9051 9041
f 9051 9060 9041
f 8999 9000 9005
f 9000 9007 9005
f 9005 7096 8999
f 9005 9007 7096
f 9089 9096 9095
f 7127 7134 10233
f 9095 7134 7127
f 10233 10227 7127
f 10227 7126 7127
f 5421 7175 7165
f 7171 5419 7165
f 7164 5419 7171
f 7152 7164 7159
f 5417 7155 7151
f 7181 9234 9236
f 9236 9241 7181
f 9234 9235 9236
f 9235 9241 9236
f 9217 9197 9213
f 9213 9197 9189
f 7150 9152 9154
f 9165 7162 9154
f 7162 7150 9154
f 9133 9123 9134
f 9139 9138 9134
f 9134 9123 9148
f 9127 9123 9133
f 9122 9123 9127
f 9133 7144 9127
f 7144 9122 9127
f 9166 9173 9165
f 9166 9177 9173
f 9074 9081 9085
f 9085 9094 9074
f 9066 9070 9053
f 9099 7134 9095
f 9099 9104 7134
f 9095 9096 9099
f 9096 9104 9099
f 9111 9125 9142
f 9148 9123 9142
f 9142 9123 9111
f 9180 9184 7163
f 7163 9177 9180
f 9022 9021 9017
f 9022 9029 9021
f 10226 9060 10225
f 9094 9085 10232
f 10222 10221 9048
f 9141 9147 9146
f 7140 7141 10229
f 7132 10229 7131
f 10229 7141 7131
f 8907 6074 8908
f 8907 8908 8909
f 8909 7072 8907
f 6074 6073 7056
f 7056 6082 6081
f 7056 6081 8908
f 8908 6074 7056
f 7045 6082 8898
f 8898 7042 7045
f 6082 7056 8898
f 8898 7056 6073
f 8898 7046 7040
f 8898 6073 7046
f 10196 8887 10197
f 10197 8875 10196
f 10197 8885 8875
f 7040 7041 8894
f 8894 8898 7040
f 7042 8898 8894
f 8888 8887 8880
f 7045 7042 8888
f 8915 8930 8914
f 8914 8902 8915
f 8914 8930 8916
f 9023 9014 7114
f 7114 9026 9023
f 8998 9014 9023
f 9023 9011 8998
f 9023 9026 9011
f 9027 9031 9017
f 9017 9011 9027
f 9011 9026 9027
f 9027 9026 7114
f 9027 7120 9031
f 7114 7120 9027
f 8994 9004 8979
f 8973 8988 8994
f 8994 8979 8973
f 8988 7104 8994
f 7104 9004 8994
f 9009 7115 9014
f 9009 9004 7115
f 9009 9014 8987
f 8987 9004 9009
f 8950 8960 8967
f 8967 8974 8950
f 8960 7100 8967
f 7100 8974 8967
f 7086 7083 6094
f 6094 6098 7086
f 7086 6098 6099
f 6049 6048 6043
f 6043 5399 6049
f 6049 5399 6052
f 6049 6052 7026
f 6049 7026 7017
f 7017 6048 6049
f 6039 5397 6042
f 5397 6048 6042
f 5401 7025 6053
f 6053 7025 5399
f 7032 7025 7043
f 7043 6050 7032
f 7054 6069 7052
f 7052 6069 6089
f 6068 6067 7052
f 7052 7061 6068
f 7052 6091 7061
f 7052 6089 6091
f 6907 6906 8758
f 8758 8751 8743
f 5940 5930 5935
f 5945 5944 5940
f 6868 5930 5940
f 5940 5944 6868
f 5935 6866 5940
f 6866 5945 5940
f 5947 5944 6876
f 6877 6881 5947
f 5947 6881 5944
f 6914 5984 6915
f 6915 6906 6914
f 6915 5984 6916
f 6915 6916 8761
f 8761 6906 6915
f 8745 6893 8748
f 8748 6893 8753
f 8748 8753 8735
f 8735 8730 8748
f 8748 8730 8745
f 6979 10187 6978
f 6979 6962 10187
f 8814 6962 6979
f 6978 8819 6979
f 6967 6984 6985
f 8896 8895 7049
f 7049 8897 8896
f 8861 8862 6046
f 8861 7028 8862
f 6046 6050 8861
f 6050 7028 8861
f 7027 10199 7033
f 7027 7028 10199
f 8862 7028 8867
f 7018 8862 8867
f 7028 7027 8867
f 6040 7010 6045
f 6045 6044 6040
f 6045 6042 6048
f 7010 6042 6045
f 6034 6035 6036
f 6039 6042 6036
f 6917 6899 6916
f 8765 6899 6917
f 6918 8765 6917
f 5993 8771 6933
f 6918 6917 5993
f 5993 6917 8771
f 5994 8771 5988
f 5997 8771 5994
f 6978 6982 6983
f 6983 6982 6035
f 6983 6984 6978
f 6983 6035 6984
f 6032 6980 6029
f 6032 6031 6039
f 6039 6997 6032
f 6997 6980 6032
f 5395 6031 6032
f 6032 6029 5395
f 6970 6955 6029
f 5393 6955 6009
f 6955 5391 6009
f 8739 8747 10176
f 8739 8733 10175
f 8739 10176 8738
f 8738 8733 8739
f 10176 8747 8750
f 8743 8751 8750
f 8750 8747 8743
f 6884 6881 8737
f 6882 6881 6877
f 6882 10179 6893
f 10173 8734 10174
f 10174 10175 8728
f 8728 8723 10174
f 10174 8723 10173
f 8729 8734 10173
f 8729 6874 8727
f 10173 6874 8729
f 8730 8734 8729
f 8727 6885 8729
f 8729 6885 8730
f 8742 8739 10175
f 8747 8739 8742
f 10175 10174 8742
f 8742 10174 8734
f 8742 8734 8735
f 8735 8743 8742
f 8743 8747 8742
f 8738 10176 10177
f 10177 8746 8738
f 10177 10178 8746
f 10176 8750 10177
f 8580 6739 6730
f 6729 6715 8562
f 8562 8566 6729
f 6846 8703 8701
f 8701 8703 6837
f 6837 8689 8701
f 8689 8698 8701
f 6838 8699 8696
f 8694 6839 8696
f 8696 6839 6838
f 8696 6828 8694
f 8696 8699 6828
f 6840 6838 6847
f 6840 8699 6838
f 6840 6847 5929
f 6840 5928 6834
f 6834 8699 6840
f 6840 5931 5928
f 5929 5927 6840
f 5927 5931 6840
f 6796 8633 6791
f 5883 8635 5882
f 5882 5878 5883
f 5878 6780 5883
f 5883 8633 6796
f 5883 6780 8633
f 8690 8673 8686
f 5893 5890 5894
f 5895 5894 6783
f 5893 5894 5895
f 8634 5890 5893
f 6762 6767 6759
f 6867 6869 5939
f 5939 5931 6867
f 5939 6869 8712
f 8712 8710 5939
f 8710 5931 5939
f 6828 6827 8687
f 8671 8650 8667
f 8667 10166 8671
f 8677 8666 8660
f 8650 8671 8660
f 8663 8659 8660
f 8659 8650 8660
f 8660 8665 8663
f 8660 8666 8665
f 6816 8676 6823
f 8676 6817 6823
f 6823 5917 6816
f 6823 8700 5917
f 6872 6874 8721
f 8721 6874 8723
f 8721 6873 6872
f 8721 8723 6873
f 8719 6861 8716
f 6861 8715 8716
f 8716 8717 8719
f 6875 8717 8716
f 8716 8715 6875
f 5920 5919 6831
f 6831 5916 5920
f 5923 5919 5920
f 5920 8707 5923
f 5921 6836 6852
f 6852 6851 5921
f 5921 6851 8707
f 8702 5916 5917
f 5917 8700 8702
f 8707 5920 8702
f 8702 5920 5916
f 8702 5921 8707
f 8697 6817 8693
f 8693 6835 8697
f 8697 6835 6836
f 6785 8635 8636
f 8636 8638 6785
f 8643 6801 6787
f 9692 7372 9697
f 9711 9707 7379
f 7385 9723 7379
f 7379 7378 7385
f 7379 9715 9711
f 9723 9715 7379
f 10574 9674 10411
f 10571 9676 10411
f 10403 9667 10405
f 10405 9667 9669
f 10405 10399 10403
f 9669 10399 10405
f 10406 10570 10409
f 10570 10571 10409
f 10571 10411 10409
f 9716 9713 9717
f 9718 9713 9716
f 9716 10442 9718
f 9735 9733 9743
f 9734 10447 9735
f 9735 10447 10446
f 10443 10442 10587
f 10587 10588 10443
f 10443 10588 10446
f 10443 10446 10439
f 10439 9718 10443
f 9718 10442 10443
f 9694 9700 9688
f 10587 10442 9727
f 10442 9716 9727
f 9727 9724 9726
f 9726 10587 9727
f 9702 9707 9711
f 10416 9678 10577
f 10416 9692 10578
f 9619 9615 9616
f 9616 9622 9619
f 10392 10394 10386
f 10386 9639 10392
f 10387 10385 10386
f 10385 9639 10386
f 10374 9628 10377
f 10377 9628 9630
f 10377 10373 10374
f 10377 9630 10548
f 10548 10373 10377
f 10374 10370 10371
f 10371 9628 10374
f 10381 9628 10371
f 9604 9607 9617
f 9617 9612 9604
f 9621 9612 9617
f 7347 9621 9617
f 9617 9607 7347
f 9634 9623 9627
f 9627 7346 9634
f 9627 9626 7346
f 9627 9623 9616
f 9616 9626 9627
f 7346 9626 9625
f 9625 9621 7347
f 7347 7346 9625
f 9625 9612 9621
f 9616 9612 9625
f 9625 9626 9616
f 9583 7331 9586
f 7331 9587 9586
f 9586 9576 9583
f 9586 9587 9576
f 9580 9587 9596
f 9596 10364 9580
f 9576 9587 9580
f 9580 10364 10362
f 9579 9576 9580
f 9580 10362 9579
f 10350 7318 7319
f 9533 9535 9519
f 7307 7306 9520
f 9498 9485 10334
f 10334 10335 9498
f 10346 9534 9540
f 9540 10345 10346
f 10346 10345 10344
f 10347 10348 9553
f 10347 10345 10348
f 9571 9561 9562
f 9562 9572 9571
f 9562 9561 9555
f 9527 10346 10344
f 9527 10344 10338
f 10338 10340 9527
f 9568 9557 9549
f 9557 9556 9549
f 10338 10344 10343
f 10343 9525 10338
f 10343 9537 9532
f 9532 9525 10343
f 9538 9542 9541
f 9541 9542 9548
f 9548 7301 9541
f 9542 9549 9548
f 10284 10283 10281
f 10280 10282 10281
f 10281 9335 10280
f 10283 9335 10281
f 9314 10282 10280
f 10276 9310 9314
f 9314 9310 9315
f 9315 10282 9314
f 9314 10275 10276
f 9314 10280 10275
f 9336 7223 9332
f 9342 9327 9338
f 9338 9327 9334
f 9334 9339 9338
f 9329 9327 9332
f 9325 9327 9329
f 9332 7219 9329
f 9329 7219 9325
f 7241 9373 9378
f 9399 7246 9394
f 7242 9394 7246
f 10303 9401 9397
f 9304 9299 9300
f 10284 10281 9330
f 9330 10281 10282
f 9292 9278 9287
f 9292 9298 9278
f 9227 9226 9219
f 9248 9258 9257
f 9228 10258 10259
f 9237 10258 9226
f 9226 9227 9237
f 9237 10259 10258
f 9244 10259 9237
f 9238 9244 9237
f 9237 9227 9238
f 9247 9238 9248
f 9247 9244 9238
f 9248 9257 9247
f 9219 9226 9223
f 9223 9218 9219
f 9235 9230 9249
f 9235 9255 9242
f 9242 9241 9235
f 9245 9241 9242
f 9242 9254 9253
f 9253 9245 9242
f 10277 9310 9303
f 9283 9273 9264
f 9265 9258 9248
f 9238 9227 9246
f 9449 9453 9459
f 9370 9371 10298
f 10288 9342 10287
f 9342 9338 10287
f 10287 9338 9339
f 9331 9328 7232
f 7232 7238 9331
f 9331 7238 9340
f 9340 9324 9331
f 9317 9328 9331
f 9331 9324 9317
f 10298 9371 10300
f 10300 9398 9390
f 9371 9370 9366
f 7252 10295 10309
f 9407 9391 9390
f 9390 9398 9407
f 10326 10331 10328
f 9456 10321 9461
f 9502 7296 9511
f 7348 7345 5441
f 5441 7338 7348
f 7348 7338 7349
f 7348 7349 10368
f 10368 7345 7348
f 5442 7354 7358
f 7358 7353 5442
f 7358 7354 7362
f 7358 7359 7353
f 7358 7362 7360
f 7360 7359 7358
f 9650 7353 9657
f 9650 10390 7350
f 7350 10368 9650
f 10368 7353 9650
f 7362 7354 7365
f 7354 7369 7365
f 7360 7362 7365
f 10417 10576 10574
f 10574 10411 10417
f 10417 10411 9676
f 10570 10569 9673
f 9673 9676 10570
f 9673 9664 9670
f 9673 10569 9664
f 9657 7359 9658
f 10561 10560 9658
f 9658 10560 10389
f 9640 10552 9634
f 9640 10554 10552
f 9634 7350 9640
f 7350 10390 9640
f 7287 7274 5435
f 5435 7291 7287
f 10327 7287 7291
f 5431 7255 7248
f 7247 7234 5429
f 7302 7288 7303
f 10309 7255 7262
f 7262 7255 5431
f 5433 7274 7273
f 7273 7271 5433
f 7323 7325 10359
f 10359 7317 7323
f 7323 7314 7325
f 7323 7317 7314
f 9572 9562 9578
f 9812 9813 9811
f 9811 9801 9806
f 9813 9801 9811
f 9806 7423 9811
f 7423 7422 9811
f 9811 7422 7428
f 7428 9812 9811
f 9798 7423 9806
f 9806 10481 9798
f 9798 9797 7423
f 9798 10480 9797
f 10597 9777 9785
f 7408 9788 9785
f 9785 9777 7408
f 9769 7400 9774
f 7400 9777 9774
f 10476 10475 10480
f 10476 9798 10481
f 10480 9798 10476
f 10481 10477 10476
f 10476 10477 9786
f 9786 10475 10476
f 10465 9763 9764
f 9764 9752 9762
f 9764 9763 9752
f 9762 9756 9758
f 9758 9764 9762
f 9769 9774 9758
f 1904 598 588
f 598 1915 588
f 6119 10488 9815
f 6125 571 69
f 10490 9814 9826
f 10488 6119 9826
f 9807 9803 10488
f 10488 9826 9807
f 9807 9826 9814
f 9807 9814 9792
f 9807 9792 9799
f 9799 9803 9807
f 7411 6117 7421
f 7421 9823 7411
f 7421 7429 9823
f 5637 9823 5638
f 9823 7429 5638
f 23 4285 22
f 4285 5644 22
f 5643 4284 4283
f 4283 21 5643
f 83 21 4283
f 4283 4285 83
f 4283 4284 4285
f 81 79 21
f 80 79 81
f 603 596 599
f 9766 9761 7401
f 10458 9761 9766
f 1963 1966 606
f 606 1959 1963
f 4314 1959 1952
f 4318 1959 4314
f 619 623 620
f 620 617 619
f 620 623 610
f 610 617 620
f 1914 4288 1898
f 1898 1909 1914
f 1897 1909 1898
f 1898 4288 1903
f 1898 1896 1897
f 1903 1896 1898
f 4292 4293 1914
f 4292 1909 1910
f 1914 1909 4292
f 4292 4287 1917
f 1910 4287 4292
f 4294 4288 1914
f 4294 4289 4288
f 1927 4289 4294
f 1914 4293 4294
f 4297 1927 4294
f 4294 4293 4297
f 1947 1951 1948
f 1948 1945 1947
f 1947 1945 1946
f 1947 1946 1955
f 4302 1946 4305
f 1946 1945 4305
f 2009 2007 2010
f 2010 2014 2009
f 2000 2007 2009
f 2009 2014 2000
f 4345 2014 2022
f 2006 2014 4345
f 1922 4944 1929
f 590 1922 1929
f 1929 591 590
f 4943 4299 4300
f 4300 4944 4943
f 4943 4944 1922
f 1981 4322 1973
f 1973 1969 1971
f 1971 1981 1973
f 1986 1982 4954
f 4954 1982 4953
f 1967 4322 4323
f 1967 1973 4322
f 4341 2007 2008
f 2008 4337 4341
f 4330 4335 1992
f 1974 1982 608
f 608 606 1974
f 606 1966 1974
f 4953 1982 1974
f 1966 1967 1974
f 619 1998 2001
f 2001 2005 619
f 2001 1998 2000
f 2000 2005 2001
f 1999 1996 4335
f 1999 2007 2000
f 2000 1998 1999
f 1998 1996 1999
f 1999 2008 2007
f 4335 2008 1999
f 2025 4350 4354
f 4354 2032 2025
f 4350 2018 4348
f 2018 2021 4348
f 7416 50 49
f 49 9805 7416
f 7416 9805 6115
f 6115 52 7416
f 52 50 7416
f 7415 9805 49
f 49 7419 7415
f 7410 9805 7415
f 7415 7414 7410
f 10486 7419 7418
f 10486 7415 7419
f 7414 7415 10486
f 7404 6110 7398
f 7398 7406 7404
f 7404 12 6110
f 6108 7397 6109
f 6109 7397 7398
f 10595 9780 10467
f 10467 10464 10595
f 10595 10464 10594
f 10594 9775 10595
f 9775 9780 10595
f 7395 9770 9776
f 1877 1875 1885
f 1885 4280 1877
f 1877 4280 1884
f 1877 553 1875
f 1884 553 1877
f 4307 4301 1937
f 1937 4304 4307
f 4310 4301 4307
f 4304 4308 4307
f 1910 1909 1901
f 1901 1909 1908
f 1875 553 551
f 553 554 551
f 555 1875 551
f 551 554 555
f 7432 10489 555
f 555 554 7432
f 7432 554 553
f 7432 9817 10489
f 553 9817 7432
f 553 558 552
f 56 53 58
f 4291 1919 1918
f 1905 1899 1918
f 1899 4291 1918
f 1918 1907 1905
f 1918 1919 1907
f 1932 1933 1931
f 1932 1931 4297
f 4297 4293 1932
f 1975 1977 1979
f 1977 1980 1979
f 1979 1980 4325
f 1979 1971 1975
f 1979 1981 1971
f 4325 1981 1979
f 48 19 17
f 19 18 17
f 52 559 51
f 51 50 52
f 47 50 51
f 51 549 47
f 1878 560 51
f 560 549 51
f 1895 1896 567
f 567 564 1895
f 1881 1896 1895
f 1895 564 1881
f 1938 1943 4303
f 1943 4306 4303
f 4303 1933 1938
f 4949 4308 1953
f 4949 4307 4308
f 4309 4308 4948
f 4948 4304 1940
f 4948 4308 4304
f 2003 4342 2012
f 2012 633 2019
f 2037 2033 640
f 640 2047 2037
f 2033 2028 640
f 640 2028 634
f 640 634 639
f 2037 2047 4363
f 2056 4366 4371
f 2086 659 2092
f 2086 656 659
f 2056 652 2063
f 652 2066 2063
f 2075 2065 2072
f 2072 2065 2059
f 622 621 627
f 622 1988 1987
f 4340 4959 4339
f 4342 4960 4340
f 4960 4959 4340
f 4334 4339 4958
f 4958 4333 4334
f 4334 4333 4332
f 4332 4957 4334
f 4955 1988 4956
f 4956 4326 4955
f 4956 4332 4326
f 4956 4957 4332
f 1925 1924 1921
f 1921 1930 1925
f 1925 1930 1919
f 4291 1924 1925
f 1925 1919 4291
f 1919 1930 4298
f 1933 1932 4298
f 1938 1933 4298
f 4298 1930 1938
f 9478 7281 9476
f 9483 7281 9478
f 9509 9517 9497
f 9497 9489 9509
f 10339 9517 9509
f 9490 9489 9496
f 9490 9488 9489
f 9496 7282 9490
f 7282 9488 9490
f 7250 7260 7264
f 7264 5602 7250
f 7268 5602 7264
f 10360 9591 10355
f 9590 9595 9585
f 9585 10361 9590
f 10361 9591 9590
f 9590 9591 9592
f 9589 9595 9606
f 9609 9594 9606
f 9606 9594 9589
f 10365 9592 9603
f 10365 9590 9592
f 9595 9590 10365
f 9444 10315 9448
f 9396 9391 9402
f 9396 9388 9391
f 9388 9396 9381
f 7327 7335 5607
f 7327 5607 7316
f 7316 7324 7327
f 7339 7336 5607
f 5607 7335 7339
f 7341 7339 7340
f 7340 7339 7335
f 7340 9631 9633
f 9633 7341 7340
f 9679 9682 7357
f 9679 7356 9675
f 7357 7356 9679
f 9675 9680 9679
f 9680 9681 9679
f 9681 9682 9679
f 9684 9690 9683
f 9683 9681 9684
f 9683 9682 9681
f 9690 7357 9683
f 7357 9682 9683
f 9585 9588 9584
f 9584 9581 9585
f 10355 9569 10354
f 9557 9574 10354
f 9560 9557 10354
f 10354 9569 9560
f 10354 10360 10355
f 9574 10360 10354
f 7322 9600 9601
f 7322 7324 7320
f 7322 7327 7324
f 7304 7301 7308
f 7304 7300 7301
f 7308 7290 7304
f 7290 7300 7304
f 7344 9653 9652
f 9646 9653 7344
f 7343 7341 7344
f 7341 9643 7344
f 7344 9643 9646
f 9652 7351 7344
f 7351 7343 7344
f 10398 9653 10399
f 10398 10566 10402
f 10399 10566 10398
f 10398 10402 9652
f 9652 9653 10398
f 10565 9653 10564
f 10399 9653 10565
f 10565 10564 10403
f 10403 10399 10565
f 9732 9730 10449
f 10449 9740 9732
f 9732 9728 9730
f 9722 9728 9732
f 9732 9740 9722
f 9729 9728 10445
f 10445 10444 9729
f 10445 9728 9721
f 10445 9721 10586
f 10586 10444 10445
f 10468 9763 10465
f 10468 10460 9763
f 10469 10460 10468
f 10468 10597 10469
f 10468 10596 10597
f 9672 9677 10412
f 10412 9677 10413
f 10413 10408 10412
f 10412 10568 9672
f 10412 10408 10568
f 10419 10423 10414
f 10414 9677 10419
f 10418 10413 10414
f 10413 9677 10414
f 10419 9677 10415
f 10415 9677 9678
f 9678 10416 10415
f 10415 10578 10419
f 10415 10416 10578
f 9753 9763 10457
f 9763 10459 10457
f 9745 9753 10457
f 10457 10590 9745
f 10457 10459 10590
f 9783 9782 9790
f 9790 9793 9783
f 9782 10474 9790
f 9790 10478 10482
f 10474 10478 9790
f 10473 10478 10474
f 10473 9779 10472
f 10474 9779 10473
f 10472 10477 10473
f 9799 10478 9800
f 9800 10477 10481
f 9800 10473 10477
f 10478 10473 9800
f 9800 9801 9799
f 10481 9801 9800
f 565 1880 566
f 566 60 565
f 6107 6106 6108
f 6108 6109 6107
f 6107 6109 6112
f 7245 7246 7249
f 7245 7249 5600
f 7245 7242 7246
f 7244 7242 7245
f 5600 7236 7245
f 7236 7244 7245
f 7236 7235 7240
f 7240 7244 7236
f 7235 7241 7240
f 7241 7242 7240
f 7240 7242 7244
f 8903 8911 6077
f 6077 7055 8903
f 7068 7062 6077
f 6077 8911 7068
f 6077 7062 6076
f 6076 6065 6077
f 6077 6065 7055
f 8837 8833 8846
f 8833 8840 8846
f 8845 8856 8864
f 8868 8849 8864
f 8864 8849 8845
f 8868 8864 10195
f 8851 8859 10190
f 10190 10189 8851
f 10190 8840 10189
f 10190 8846 8840
f 8886 8872 8866
f 8891 8872 8886
f 7033 8891 8886
f 8859 8863 8854
f 8865 10193 8854
f 8854 8863 8865
f 8854 10193 8856
f 8852 7019 7018
f 8851 7019 8852
f 8852 8859 8851
f 8852 8860 8859
f 7018 7019 6047
f 6047 8862 7018
f 7019 8835 6047
f 6046 8862 6047
f 6047 8834 7011
f 6047 8835 8834
f 7011 6044 6047
f 6047 6044 6046
f 6910 5961 5963
f 6910 5969 5961
f 6910 5971 5969
f 5963 5967 6910
f 5967 5971 6910
f 8807 8793 8787
f 8807 8810 8793
f 8787 8799 8807
f 8807 8799 10185
f 10185 10186 8807
f 10186 8810 8807
f 8799 8781 8794
f 8794 8781 8789
f 5990 5993 6933
f 6938 8788 8779
f 8792 8786 8787
f 8787 8793 8792
f 6947 8786 8792
f 8780 8781 8783
f 8781 8786 8783
f 6935 8780 8783
f 8783 8786 6935
f 6949 8798 6951
f 6933 5997 6949
f 6950 8798 6949
f 6949 6945 6950
f 8812 6965 8811
f 8814 8796 8809
f 8809 6962 8814
f 8785 6951 6954
f 6954 6938 8785
f 8788 6938 6954
f 8818 6965 6968
f 8818 8816 6965
f 6968 6969 8818
f 6969 8816 8818
f 8719 8720 8722
f 8720 8725 8722
f 6879 8725 8731
f 8731 8736 6879
f 8744 6880 8741
f 6880 6879 8741
f 8741 6879 8736
f 8755 8762 5966
f 8755 6891 8762
f 5966 6894 8755
f 8772 6923 8774
f 8774 6926 8772
f 8774 6943 6926
f 8778 8781 8780
f 8780 8777 8778
f 8777 6943 8778
f 8789 8781 8778
f 8784 8789 8778
f 6903 8764 5979
f 6901 8764 6903
f 8760 6902 6903
f 6902 6901 6903
f 8767 8764 6904
f 5979 8764 8767
f 5981 5979 5978
f 5978 5972 5981
f 5972 6909 5981
f 5981 6909 8762
f 8762 6912 5981
f 6936 6938 8779
f 6931 6938 6936
f 6936 5990 6931
f 5991 5990 6936
f 8766 8768 5974
f 5974 5971 8766
f 8766 6921 8768
f 8766 5967 5972
f 8766 5971 5967
f 5972 6922 8766
f 6922 6921 8766
f 6896 5964 5963
f 5959 5958 6896
f 6896 5960 5959
f 5963 5960 6896
f 5965 5958 6895
f 5966 5964 5965
f 5964 6896 5965
f 5965 6896 5958
f 5965 6894 5966
f 5965 6895 6894
f 11133 11195 11184
f 11184 11174 11133
f 11184 11232 11174
f 11184 11195 11241
f 11241 11232 11184
f 11167 11124 11176
f 11176 11222 11167
f 11242 11233 11186
f 11186 11197 11242
f 11186 11233 11222
f 11222 11176 11186
f 11135 11147 11186
f 11147 11197 11186
f 11186 11124 11135
f 11186 11176 11124
f 10808 10849 10842
f 10842 10800 10808
f 10814 10857 10808
f 10857 10849 10808
f 10808 10802 10815
f 10815 10814 10808
f 10808 10801 10802
f 10808 10800 10801
f 10792 10823 10782
f 10793 10800 10792
f 10792 10800 10842
f 10792 10783 10793
f 10792 10782 10783
f 7012 7002 10191
f 10191 7013 7012
f 6996 7002 7012
f 7012 7013 6996
f 7014 8855 8857
f 7014 8857 7021
f 7014 7004 8848
f 8848 8855 7014
f 7014 7021 10191
f 10191 7004 7014
f 6964 6015 6014
f 6014 6018 6964
f 6015 6016 6014
f 6014 6016 6973
f 6022 6986 6021
f 6986 6990 6021
f 6021 6024 6975
f 6021 6990 6024
f 7004 7003 8841
f 8837 8842 8841
f 6957 6958 8815
f 6958 8823 8815
f 8815 6956 6957
f 8815 6016 6956
f 8815 8823 6016
f 11726 11799 11788
f 11788 11778 11726
f 11788 11799 11857
f 11766 11706 11716
f 11716 11778 11766
f 11877 11866 11818
f 11818 11888 11877
f 11877 11934 11866
f 11877 11888 11943
f 11943 11934 11877
f 11828 11839 11900
f 11900 11888 11828
f 11900 11839 11851
f 11900 11962 11952
f 11900 11952 11943
f 11943 11888 11900
f 11913 11866 11925
f 11866 11934 11925
f 11404 11913 11925
f 11925 11934 11404
f 4268 1870 4273
f 4262 4939 4273
f 4273 4939 4268
f 1871 6137 1872
f 1872 1865 1871
f 1871 1870 6137
f 1871 1865 1870
f 1864 541 4275
f 544 1864 4275
f 4085 4083 4073
f 7512 9863 10499
f 7517 7513 7518
f 6143 7462 7449
f 7449 7455 6137
f 9841 7455 7449
f 7449 7462 9841
f 6137 1870 7449
f 7449 1870 6143
f 5659 7471 5658
f 5659 6145 7460
f 5659 5658 544
f 544 6145 5659
f 7480 9836 7477
f 9836 6147 7477
f 7477 7481 7480
f 7477 6147 5658
f 5658 7471 7477
f 7477 7471 6168
f 6168 7486 7477
f 7477 7486 7481
f 7463 7475 7473
f 7473 7475 9846
f 7473 7472 7463
f 7473 9846 9842
f 9842 9837 7473
f 9837 7472 7473
f 7496 7487 10495
f 7493 7484 7496
f 7484 7487 7496
f 7488 9846 9848
f 7488 7487 9847
f 9847 9843 7488
f 9843 9846 7488
f 7489 7488 9848
f 7487 7488 7489
f 7489 7494 9853
f 9848 7494 7489
f 4932 4234 4928
f 4928 4236 4932
f 4164 4165 4166
f 4165 4172 4166
f 4166 4172 4176
f 4169 4164 4166
f 4166 4898 4169
f 4929 4239 4228
f 4228 4231 4225
f 4228 4239 4231
f 4217 4216 4219
f 5046 5045 4217
f 4217 4219 5046
f 5046 4219 5047
f 5044 4913 4912
f 4912 4198 5044
f 4253 4929 4248
f 4262 4253 4248
f 4248 4939 4262
f 4248 4237 4939
f 4226 4234 4227
f 4234 4237 4227
f 4225 4226 4227
f 4227 4248 4929
f 4237 4248 4227
f 4227 4228 4225
f 4929 4228 4227
f 4254 4237 4235
f 4235 4237 4234
f 4932 4254 4235
f 4235 4234 4932
f 5645 1852 5646
f 5646 6129 5645
f 6134 6129 5646
f 7438 7446 6134
f 6134 5646 7438
f 7438 5646 7436
f 7447 7438 7436
f 7457 7464 7447
f 7459 6142 7452
f 7459 7467 6142
f 9838 7467 7459
f 6161 7485 7490
f 7508 6165 7505
f 4214 4921 4220
f 4214 4220 1825
f 1825 4211 4214
f 4211 4917 4214
f 4198 4912 4911
f 4911 4912 5045
f 4204 4198 4911
f 5045 5046 4911
f 3956 3945 4790
f 4790 4787 3956
f 3945 3965 4790
f 3969 1728 3954
f 3954 4787 3969
f 3976 1728 3969
f 1731 3992 3995
f 3995 4000 1731
f 3995 3992 3993
f 3993 4000 3995
f 1729 3980 3983
f 3983 3985 1729
f 3983 3980 3982
f 3982 3985 3983
f 3875 1689 1688
f 1688 3871 3875
f 3878 1689 3875
f 3875 3871 3876
f 1699 3895 3899
f 3899 3895 3896
f 3933 3941 3940
f 3933 3953 3941
f 4791 4800 1736
f 4800 1742 1736
f 3938 3949 3948
f 3955 3959 3938
f 3938 3937 3955
f 3937 3938 3936
f 4782 4780 3919
f 3948 3949 3957
f 4799 3984 3975
f 3975 3984 3978
f 3963 3966 3962
f 3967 3966 3963
f 4003 3999 4005
f 3997 3999 4003
f 4798 3997 4797
f 4798 3984 4799
f 3941 3953 3961
f 3961 3965 3945
f 3945 3941 3961
f 3950 3933 3947
f 3953 3933 3950
f 3962 3966 4786
f 4797 3989 4795
f 4795 3989 4794
f 4795 4798 4797
f 3984 4798 4795
f 3971 3965 3972
f 3971 4790 3965
f 3900 3891 4770
f 4776 3913 4775
f 3905 3918 4775
f 4775 4780 4776
f 4775 3918 4780
f 3907 3913 3896
f 3907 4775 3913
f 3905 4775 3907
f 42 41 531
f 4241 4271 1857
f 1857 4271 1856
f 1819 4199 4194
f 1819 1818 1817
f 1819 1822 4199
f 1830 4271 1838
f 1709 4768 1708
f 4768 4777 1708
f 4809 1760 1748
f 1748 4800 4809
f 3967 3963 3979
f 3903 1708 3906
f 1717 4777 1713
f 4777 1707 1713
f 1713 1704 1717
f 1713 1707 1704
f 5390 1725 1724
f 1724 1721 5390
f 1724 1725 4791
f 4791 4777 1724
f 4777 1721 1724
f 1735 1732 1733
f 4791 1732 1735
f 1733 1732 1718
f 1718 1725 5390
f 1718 1732 1725
f 5386 5383 1767
f 5383 1775 1767
f 1767 1775 4818
f 1778 1775 5383
f 5383 1768 1778
f 1778 1768 1779
f 1779 4818 1778
f 4818 1775 1778
f 1755 1759 4809
f 1743 4800 1741
f 1743 1747 4800
f 1741 5388 1743
f 5388 1747 1743
f 1759 1755 1756
f 1756 1755 1744
f 1764 1761 4818
f 4040 1761 1764
f 4094 1783 4101
f 4818 1783 4094
f 4094 1780 4818
f 3996 4801 4802
f 4802 4007 3996
f 4802 4801 4005
f 4799 4002 3998
f 3998 4798 4799
f 3998 3999 3997
f 3997 4798 3998
f 4815 4039 4034
f 4034 4039 4029
f 4029 4811 4034
f 4811 4035 4034
f 4808 4042 4813
f 4810 4808 4813
f 4813 4035 4810
f 4057 4038 4053
f 4038 4050 4053
f 4053 4054 4057
f 4053 4050 4054
f 4808 4807 4812
f 4812 4042 4808
f 4024 4814 4812
f 4814 4042 4812
f 4048 4043 4051
f 4051 4061 4048
f 4059 4054 4817
f 5036 4158 4882
f 5036 5037 4158
f 4882 4888 5036
f 5036 4888 5037
f 5038 5037 4894
f 4165 4163 5038
f 4163 5037 5038
f 4183 4182 4192
f 5042 4189 4907
f 1811 4175 4181
f 4175 4182 4181
f 4181 4182 4183
f 4101 1789 4102
f 4909 5042 4907
f 4267 4272 4246
f 4241 1857 4242
f 534 1868 535
f 535 533 534
f 4274 533 535
f 544 5658 545
f 545 542 544
f 545 5658 5657
f 541 542 545
f 545 533 541
f 545 5657 534
f 534 533 545
f 30 27 29
f 1856 4271 29
f 29 28 1856
f 548 543 546
f 540 4272 4267
f 4267 1863 540
f 540 4275 4272
f 540 546 543
f 540 543 544
f 544 4275 540
f 4142 4875 4153
f 4153 4878 4142
f 4153 5033 4878
f 4153 4875 4154
f 4153 4152 5033
f 4154 4152 4153
f 4887 4888 4882
f 4882 4881 5035
f 4881 5034 5035
f 5035 5034 4156
f 5035 4887 4882
f 4156 4887 5035
f 5018 4852 4848
f 4848 4852 4096
f 4096 4097 4848
f 4997 4998 4052
f 4052 4046 4997
f 4131 4868 4864
f 4888 4887 4162
f 4162 4156 4157
f 4162 4887 4156
f 4081 4080 4077
f 4077 5008 4081
f 4081 5008 4837
f 4998 4997 4820
f 4064 4821 4820
f 4075 4829 4830
f 4073 4074 4072
f 4091 4837 4836
f 4836 4844 4091
f 4862 5020 4116
f 1167 3003 1164
f 1164 1173 1167
f 1167 1173 3023
f 3023 1174 1167
f 1146 1126 1143
f 1143 1147 1146
f 1146 2997 1126
f 1146 1147 2997
f 1152 1165 1164
f 1152 1147 1165
f 1164 3001 1152
f 3001 1147 1152
f 3011 3014 3010
f 3010 3007 3011
f 3017 3014 3011
f 250 2993 1130
f 1130 1128 250
f 2993 1112 1130
f 1112 1128 1130
f 170 165 173
f 169 163 170
f 173 1030 170
f 1030 169 170
f 165 170 5477
f 5477 170 163
f 166 164 5477
f 5477 163 166
f 5473 1041 178
f 178 1041 5475
f 173 5475 177
f 5475 1041 177
f 1054 1041 203
f 1067 179 1054
f 203 5472 205
f 5469 217 205
f 204 203 5473
f 204 5472 203
f 210 217 221
f 225 220 221
f 221 217 5469
f 5469 222 221
f 221 222 225
f 2920 4586 2917
f 2905 2912 2904
f 1053 2933 1052
f 1052 2931 1053
f 1035 171 1031
f 1031 1036 1035
f 179 1036 1031
f 171 180 1031
f 1031 180 179
f 2894 1038 1039
f 1039 2884 2894
f 1039 1024 2884
f 2897 1024 1039
f 261 256 5461
f 261 5461 258
f 261 258 266
f 1134 256 261
f 266 1153 261
f 261 1153 1134
f 5463 256 257
f 257 256 5465
f 226 230 1113
f 225 222 226
f 231 230 5467
f 5467 226 222
f 230 226 5467
f 265 1162 263
f 263 264 265
f 264 1153 265
f 265 1153 266
f 266 269 265
f 265 269 1162
f 1132 1140 2992
f 1113 1109 1115
f 1109 1124 1115
f 1115 233 1113
f 1115 1124 233
f 1131 256 1134
f 1131 1124 256
f 667 5462 660
f 659 5462 667
f 5464 674 660
f 644 5462 655
f 655 5462 659
f 659 656 655
f 5460 651 643
f 643 5458 5460
f 639 5458 643
f 643 640 639
f 2047 640 643
f 643 651 652
f 4414 4409 2129
f 2124 675 2129
f 2115 2114 2106
f 2115 2129 4409
f 2124 2129 2115
f 2115 2117 2114
f 4409 2117 2115
f 2106 2114 2105
f 2105 2099 2106
f 2114 4403 2105
f 4403 4402 2105
f 2105 4402 2090
f 4996 2098 4400
f 2098 2097 4400
f 4400 2097 2089
f 2162 2143 2160
f 2143 2156 2160
f 2194 2195 2193
f 2212 2195 2194
f 2194 2206 2212
f 2194 4430 2203
f 2203 2206 2194
f 2194 2193 2188
f 2188 4430 2194
f 2205 2220 2221
f 2205 2195 2216
f 2216 2220 2205
f 2216 2195 2212
f 4397 4398 2096
f 2096 4398 2092
f 818 5481 830
f 842 841 5481
f 5484 848 842
f 830 5481 833
f 5481 841 833
f 833 4527 830
f 833 841 4527
f 834 829 4527
f 5484 858 857
f 4527 848 852
f 852 4536 4527
f 852 857 4536
f 852 848 5484
f 5484 857 852
f 862 4536 4542
f 4527 4536 846
f 2479 4508 2473
f 4519 2512 2523
f 2504 4513 2490
f 2504 2509 4513
f 2631 2630 2619
f 2630 2626 2619
f 2619 2639 2631
f 2626 2618 2619
f 2619 2618 2610
f 2542 2531 2543
f 2543 2531 2558
f 2552 2543 2553
f 2552 4523 4522
f 2720 2719 2713
f 2713 2729 2736
f 2736 2720 2713
f 2713 2712 2707
f 2713 2719 2712
f 2768 2774 2755
f 2755 2749 2768
f 2768 2749 2763
f 2652 2667 2671
f 2671 2663 2652
f 2675 2663 2671
f 2671 886 2675
f 2671 881 886
f 2667 881 2671
f 2666 2647 2661
f 2666 2667 2647
f 2661 881 2666
f 2666 881 2667
f 2662 2663 2668
f 2652 2663 2662
f 2668 4545 2662
f 2662 4545 4544
f 2689 2708 2714
f 2700 2684 2694
f 2705 2708 2689
f 2689 2684 2705
f 2684 2700 2705
f 2688 2684 2689
f 2683 2684 2688
f 2688 4549 2683
f 2688 2679 4549
f 2707 2712 2711
f 2711 2706 2707
f 966 957 2822
f 957 2836 2822
f 2822 2843 2827
f 2822 2836 2843
f 1042 1030 173
f 1042 180 1030
f 173 177 1042
f 179 180 1042
f 1042 177 1041
f 219 220 1098
f 1098 1113 232
f 1098 226 1113
f 1098 220 225
f 225 226 1098
f 169 168 161
f 161 159 162
f 1005 1004 4581
f 4581 1004 994
f 4578 1003 4581
f 4581 982 4578
f 994 982 4581
f 167 162 1005
f 1005 4581 167
f 167 4581 1003
f 167 1003 1002
f 1000 1003 993
f 166 1000 993
f 993 1003 4578
f 102 933 5489
f 102 5487 933
f 5482 132 128
f 132 5483 128
f 971 127 132
f 124 103 5485
f 5485 127 124
f 5485 5483 132
f 132 127 5485
f 964 970 4578
f 2830 2829 964
f 133 125 958
f 958 971 133
f 133 971 970
f 118 120 940
f 940 120 2806
f 121 5487 103
f 121 103 124
f 5489 933 911
f 933 5491 911
f 910 5491 933
f 5486 874 879
f 879 873 5486
f 879 874 884
f 4542 873 879
f 4551 4542 879
f 879 884 4551
f 5488 5490 897
f 11418 12104 12109
f 12109 12116 11418
f 12109 12104 12074
f 12109 12074 12083
f 12083 12116 12109
f 11543 11574 11534
f 11551 11592 11543
f 11515 11551 11543
f 11543 11508 11515
f 11534 11500 11543
f 11543 11500 11508
f 11477 11508 11471
f 11508 11500 11471
f 11471 11500 11466
f 11471 11468 10615
f 10615 11477 11471
f 10614 11468 11471
f 11471 11466 10614
f 11493 11527 11521
f 11521 11488 11493
f 11499 11533 11493
f 11533 11527 11493
f 10619 11499 11493
f 11493 11494 10619
f 10618 11494 11493
f 11493 11488 10618
f 3173 3171 1315
f 1300 3158 1315
f 1315 3171 1300
f 1295 3158 1300
f 1300 1297 1295
f 1300 3171 1297
f 3120 1247 1253
f 1253 1246 3120
f 1253 1247 1260
f 328 1246 1253
f 3051 3059 3034
f 3051 3034 3025
f 3025 3045 3051
f 3045 3052 3051
f 3115 3111 4616
f 4616 3119 3115
f 3088 3111 3094
f 3094 3115 3104
f 3111 3115 3094
f 3093 3088 3094
f 3094 3098 3093
f 3103 3098 3094
f 3094 3104 3103
f 4614 3100 3101
f 4614 4615 3100
f 3116 4615 4614
f 4614 3101 3112
f 3112 3116 4614
f 1273 1266 1272
f 3154 1278 1273
f 1272 3150 1273
f 3150 3154 1273
f 1260 1266 332
f 1284 1286 334
f 1248 3131 1257
f 3148 1265 1257
f 1257 1265 1248
f 1257 1264 3148
f 1258 1264 1257
f 1257 3131 1258
f 3337 3338 1471
f 1471 3338 1470
f 1470 3334 1471
f 495 3342 1475
f 3342 1472 1475
f 485 1486 3352
f 3352 3351 485
f 485 3351 3345
f 3345 483 485
f 484 1486 485
f 485 483 484
f 1327 3207 1334
f 1328 1329 3207
f 3207 1327 1328
f 3192 3179 3174
f 3174 3179 3178
f 3178 3173 3174
f 3174 3173 1315
f 3176 3180 3175
f 3166 3169 1294
f 1294 3163 3166
f 3166 3164 3169
f 3166 3163 3164
f 3159 1284 1287
f 3159 1287 1305
f 3159 1291 1286
f 1286 1284 3159
f 3164 3163 3161
f 1305 1303 3161
f 1324 1310 3188
f 1309 4622 1294
f 1309 1310 4622
f 1294 3169 1309
f 3169 3175 1309
f 1309 3175 3180
f 383 3210 378
f 3204 1333 1338
f 1338 1333 391
f 3208 1333 1331
f 3201 1327 1331
f 1331 1334 3208
f 1331 1327 1334
f 3266 1408 1414
f 1414 1397 3266
f 3261 3258 1409
f 1409 3263 3261
f 448 438 449
f 448 1429 438
f 1449 3295 1436
f 457 461 3305
f 387 386 5440
f 5438 386 387
f 5438 388 398
f 398 386 5438
f 396 1343 1341
f 1341 398 396
f 386 398 1341
f 410 406 5436
f 409 406 410
f 5434 413 407
f 407 410 5436
f 413 410 407
f 408 409 1374
f 409 410 1374
f 1374 410 413
f 419 411 1374
f 1374 411 408
f 1391 418 1389
f 1389 418 419
f 1389 413 417
f 419 1374 1389
f 1389 1374 413
f 1389 1385 1391
f 417 1385 1389
f 5432 1385 420
f 420 1385 5434
f 3297 3286 3294
f 3297 3300 3286
f 4644 3323 4645
f 3323 3320 4645
f 4645 3308 4644
f 4645 3312 3308
f 4645 3320 3312
f 3328 3320 3323
f 4646 3331 4647
f 4646 4647 3319
f 3319 3320 4646
f 4646 3328 3331
f 3320 3328 4646
f 1388 1404 1406
f 1406 3267 1388
f 3238 3244 3243
f 3238 3243 3225
f 3225 3233 3238
f 3232 1368 1384
f 1381 412 1379
f 1381 3245 3250
f 1409 3258 1392
f 3258 3253 1392
f 4637 1409 1392
f 1392 1380 4637
f 1392 3253 3250
f 1392 3245 1380
f 3250 3245 1392
f 3294 4642 3298
f 3298 3297 3294
f 3298 4643 3300
f 3300 3297 3298
f 3315 4643 3309
f 3310 3315 3309
f 3309 3298 3307
f 4643 3298 3309
f 3307 3304 3309
f 3309 3304 3310
f 3303 3304 3307
f 3307 3298 3303
f 3303 3298 4642
f 1201 296 1183
f 1183 1194 1201
f 1201 1194 1212
f 3023 1173 3027
f 1177 3012 1176
f 1176 3037 1177
f 3015 3007 1161
f 1192 1193 1191
f 1192 3073 1197
f 1197 1189 1192
f 1189 1193 1192
f 3065 1192 1191
f 1198 1192 3065
f 1205 301 3073
f 3073 1192 1205
f 1205 1192 1198
f 1205 305 301
f 1200 1203 3074
f 305 1205 3074
f 3074 1205 1198
f 1203 308 3074
f 3074 308 1213
f 1213 305 3074
f 3069 3074 1198
f 3069 3067 1200
f 1200 3074 3069
f 1176 3012 1163
f 3012 1165 1163
f 1170 3037 1176
f 1176 1163 1170
f 1170 1163 3008
f 3000 1141 2998
f 3000 264 263
f 2998 1140 3000
f 3000 1140 264
f 1187 1181 4609
f 277 1181 1171
f 272 273 1171
f 1171 273 274
f 274 277 1171
f 295 308 3072
f 3128 3119 3126
f 3129 3132 3128
f 3128 3124 3129
f 3126 3124 3128
f 3132 4619 4617
f 4617 3128 3132
f 3119 3128 4617
f 3121 3119 4617
f 4617 4619 3121
f 3127 4619 4620
f 1258 3131 4620
f 4620 3131 3127
f 3138 1258 4620
f 4620 4619 3138
f 3077 1223 3084
f 1221 3077 3084
f 3084 3086 1221
f 1225 1218 3078
f 1225 1223 1218
f 1225 3089 1223
f 1233 3089 1225
f 1225 1237 1233
f 1225 3078 1227
f 1227 1237 1225
f 1255 3136 3135
f 1263 3136 1255
f 3135 3134 1255
f 1255 1256 4618
f 1255 3134 3130
f 3130 1256 1255
f 1255 4618 4621
f 4621 1263 1255
f 1288 1262 1259
f 1259 1254 1288
f 1259 1262 4618
f 4618 1254 1259
f 1244 1250 1240
f 1240 1242 1244
f 319 1250 1244
f 1244 1242 319
f 1314 1315 3168
f 1314 3174 1315
f 351 356 355
f 356 1306 355
f 355 1298 351
f 355 1311 1298
f 1274 1262 1288
f 1288 1279 1274
f 4649 3343 1479
f 1427 1412 444
f 1427 443 450
f 444 1410 1427
f 1410 443 1427
f 453 459 456
f 1456 460 463
f 463 1455 1456
f 478 461 1473
f 461 1462 1473
f 1473 1455 1484
f 1462 1455 1473
f 3408 3389 3405
f 3389 3403 3405
f 3406 3408 3405
f 3405 3403 3406
f 3426 4663 3437
f 3437 3410 3426
f 3426 3400 3419
f 3410 3400 3426
f 3450 3434 3446
f 3446 3434 3445
f 3392 1506 3388
f 3392 3395 1506
f 3388 3389 3392
f 3389 3395 3392
f 3407 1512 3399
f 3409 1512 3407
f 3399 3400 3407
f 3407 3400 3409
f 3537 3539 1557
f 1557 3532 3537
f 3537 3533 3539
f 3532 3533 3537
f 1552 1559 1563
f 1563 1567 1552
f 1559 4683 1563
f 4683 1567 1563
f 3382 3390 3393
f 3382 4653 3390
f 3381 3378 3382
f 3378 4653 3382
f 3373 3370 4651
f 3370 3360 4651
f 3360 3376 4651
f 4674 3487 3488
f 3502 4674 3488
f 3495 3485 3477
f 3477 3487 3495
f 3504 3485 3495
f 3495 4675 3504
f 3495 3487 4674
f 4674 4675 3495
f 3454 3442 3455
f 3448 3438 1534
f 3448 3423 3438
f 3448 3453 3431
f 3431 3423 3448
f 3432 3417 3429
f 3432 3438 3417
f 3429 1534 3432
f 1534 3438 3432
f 3502 3493 3503
f 3522 3516 3536
f 3531 3516 3528
f 3536 3516 3531
f 3493 3492 3482
f 3461 3466 3465
f 3527 3538 3546
f 3546 3533 3527
f 3565 3569 3549
f 3549 3558 3565
f 3570 3569 3565
f 3565 4689 3570
f 3565 4688 4689
f 3565 3558 4688
f 4688 3558 4686
f 3490 3485 3504
f 3573 3564 3574
f 3574 3564 3581
f 3585 3590 3584
f 3584 3574 3585
f 3529 3525 3530
f 3516 3522 3521
f 3631 3630 3620
f 3637 3620 3612
f 3591 3590 3585
f 3601 3590 3591
f 3591 3602 3601
f 3608 4697 3615
f 3615 3614 3608
f 4698 3614 3615
f 3606 3612 3611
f 3590 4691 4690
f 3570 3584 4690
f 4690 3584 3590
f 4690 3569 3570
f 4690 4691 3569
f 3569 4691 3586
f 3586 3555 3569
f 3586 3567 3555
f 3586 3592 3567
f 3657 3661 3641
f 3641 3633 3657
f 3652 3661 3672
f 3666 3652 3672
f 4704 4701 3654
f 4699 4700 3626
f 4699 3614 4698
f 3626 3614 4699
f 4698 3630 4699
f 3797 3796 3791
f 3768 3784 4736
f 4736 3774 3768
f 1685 1692 4759
f 4759 1692 1695
f 4759 1682 4745
f 1695 1700 4759
f 4759 1701 4768
f 4759 1700 1701
f 1638 1644 5400
f 3523 3518 3526
f 3523 3517 3518
f 3526 1556 3523
f 1556 3517 3523
f 4659 3408 3406
f 4659 4660 3408
f 3422 4660 4659
f 4659 3416 3422
f 4659 3406 3416
f 3430 4660 3422
f 4661 4660 3430
f 3422 3423 3430
f 3430 3423 3431
f 3431 3435 3430
f 3431 3442 3441
f 3441 3435 3431
f 3441 3442 3454
f 3454 4663 3441
f 1541 3491 3496
f 1547 1541 3496
f 3496 3500 1547
f 3491 3490 3496
f 3477 3485 3484
f 3484 1541 1540
f 3452 3451 3444
f 3451 3449 3444
f 3440 3459 3444
f 3443 3440 3444
f 3444 3449 3443
f 1684 1678 1685
f 1684 1681 1678
f 1685 4759 1684
f 4745 1681 1684
f 1684 4759 4745
f 5403 1605 1595
f 1594 5406 1601
f 1601 4694 1594
f 5406 1595 1601
f 1538 1554 1553
f 1553 1549 1538
f 1553 1554 1558
f 1543 5412 1538
f 1537 5412 1543
f 4666 1537 1543
f 1554 5410 1560
f 1558 1554 1560
f 1585 5408 1582
f 3593 3600 3585
f 3585 3574 3593
f 3602 3591 3613
f 3779 4730 4731
f 3803 4743 3808
f 4747 3824 3823
f 1656 1653 3787
f 3787 3794 1656
f 1630 3724 3726
f 3726 3728 1630
f 3724 3725 3726
f 3726 3725 3728
f 3741 3747 3729
f 3729 3725 3741
f 3632 3633 3638
f 3638 3633 3640
f 1598 3632 3638
f 3638 3640 1598
f 3610 3626 3634
f 3634 3622 3610
f 3626 4700 3634
f 3577 3571 3567
f 3567 3578 3577
f 3577 1575 1574
f 1574 3571 3577
f 3598 3596 3589
f 3589 3599 3598
f 3589 3604 3608
f 3589 3583 3604
f 3608 3614 3589
f 3614 3599 3589
f 3588 3596 1580
f 1580 1575 3588
f 3588 1575 3582
f 3582 3583 3588
f 3583 3589 3588
f 3588 3589 3596
f 1593 3621 3624
f 3624 3628 1593
f 3621 3622 3624
f 3624 3622 3628
f 3686 3689 3685
f 3679 3686 3685
f 3685 3680 3679
f 1611 3680 3685
f 3685 1619 1611
f 3685 3689 1619
f 3678 3673 3674
f 3678 3674 3679
f 3679 3680 3678
f 3678 3680 1611
f 1611 3673 3678
f 3863 3849 4755
f 3849 3850 4755
f 3827 1671 3822
f 1672 1671 3827
f 3843 1676 3838
f 3838 1676 1672
f 1672 3830 3838
f 4757 4755 3850
f 9902 7585 9906
f 7585 7587 9906
f 9906 10511 9902
f 7597 9910 7590
f 9917 7605 7602
f 9917 9914 7605
f 7602 7595 9917
f 7595 9914 9917
f 9911 9910 7597
f 9905 9910 9911
f 10520 9914 7595
f 10520 7595 7591
f 7501 7502 7503
f 7503 7504 7501
f 7503 7517 9865
f 9865 7507 7503
f 7507 7504 7503
f 7545 7542 9878
f 9881 7542 7545
f 7545 7549 9881
f 7547 7549 7545
f 9878 7546 7545
f 7545 7546 7547
f 7555 9885 7564
f 7564 7563 7555
f 7564 9885 9886
f 9891 7563 7564
f 9886 9887 7564
f 9887 9891 7564
f 7566 7570 7565
f 7565 7563 7566
f 7565 7570 7556
f 7556 7563 7565
f 7556 7570 7562
f 7570 9895 7562
f 7561 7556 7562
f 7562 9895 9896
f 7569 7561 7562
f 7677 7678 7676
f 7676 7669 7677
f 7669 9955 7677
f 7677 9955 9958
f 7677 7686 7678
f 9958 7686 7677
f 7659 7650 7660
f 7660 7663 7659
f 7660 9955 7663
f 7660 7664 7667
f 7650 7664 7660
f 9958 9955 7674
f 7674 7660 7667
f 9955 7660 7674
f 7630 10537 10538
f 10538 7636 7630
f 10538 10537 9942
f 9942 7636 10538
f 7639 7635 7637
f 7635 7636 7637
f 7637 7640 7639
f 7637 7641 7640
f 7647 7651 7637
f 7651 7641 7637
f 7637 7643 7647
f 7637 7636 7643
f 9932 7624 9931
f 7629 9938 9932
f 7629 10531 7627
f 8454 8446 8443
f 8439 6599 6582
f 6582 8441 6580
f 6599 8441 6582
f 8488 8480 6615
f 8480 6614 6615
f 8475 6614 8458
f 8458 8472 8475
f 10137 10136 8476
f 6647 8499 6663
f 8555 5843 6709
f 5835 5838 6709
f 6709 5834 5835
f 6709 5843 5834
f 8494 6648 5791
f 5791 8492 8494
f 6645 6648 8494
f 8494 8492 6645
f 5784 8492 5791
f 5780 8492 5784
f 6634 5780 5784
f 5784 5782 6634
f 5784 5791 5782
f 8513 8507 8525
f 8541 8549 5829
f 6698 8546 6695
f 6698 5838 5839
f 5841 5838 6698
f 8539 6693 8546
f 5824 5823 6687
f 8511 8505 6665
f 8505 6667 6665
f 6665 6667 8500
f 8500 6647 6665
f 6647 6663 6665
f 8509 8512 6660
f 6660 8506 8509
f 8509 8507 8512
f 8506 8507 8509
f 8504 6653 8502
f 8504 8506 6653
f 8505 8506 8504
f 8502 6667 8504
f 8504 6667 8505
f 8488 6615 6635
f 6635 6615 6629
f 8442 8445 6585
f 6585 8441 8442
f 8443 8445 8442
f 8442 6599 8443
f 8442 8441 6599
f 5733 5731 5728
f 8433 5736 5733
f 5733 6556 5731
f 5733 5736 6556
f 6492 8358 5682
f 5682 6491 6492
f 5685 5687 6495
f 5679 5682 5685
f 5685 6495 5679
f 5705 5704 5688
f 5688 8359 5705
f 8361 8359 5688
f 8354 8359 6494
f 6494 6492 8354
f 8358 6492 6494
f 6494 8361 8358
f 8359 8361 6494
f 8348 8359 8354
f 8325 6478 8320
f 8327 6478 8325
f 8320 8321 8325
f 8204 6435 8200
f 8200 8191 8192
f 8200 6435 6426
f 6426 8191 8200
f 6421 8183 6426
f 10082 6420 6421
f 10090 10082 6421
f 6421 6426 10090
f 6410 6420 10082
f 10103 6453 6462
f 8335 8321 8329
f 8328 8321 8335
f 8326 8321 8328
f 8327 8325 8326
f 8326 8325 8321
f 5704 5705 5706
f 8344 8362 6505
f 8215 8210 8211
f 8232 6446 8225
f 8225 8226 8232
f 8232 8226 8233
f 6150 6152 6162
f 6162 6148 6150
f 6150 6148 6149
f 6149 9833 6151
f 6151 6150 6149
f 6152 6150 6151
f 34 31 33
f 33 31 4271
f 7448 7456 34
f 37 7456 7448
f 7598 7592 10522
f 9940 9942 9939
f 9940 7645 9942
f 9952 7646 7661
f 7661 9953 9952
f 7848 7829 7840
f 7840 7829 7828
f 7779 9987 7757
f 7796 7800 7786
f 7786 7782 7796
f 7755 7752 7753
f 7753 9984 7755
f 7753 7752 7748
f 6350 6338 7969
f 7969 7975 6350
f 7913 7911 7903
f 7903 7911 7902
f 7901 7904 7891
f 8000 7995 7996
f 7995 7990 7996
f 7980 6351 6350
f 6350 7975 7980
f 7975 7969 7970
f 7970 7980 7975
f 7935 7933 7934
f 7935 7938 7933
f 7942 7938 7935
f 7935 7943 7942
f 8037 8044 8043
f 6364 6374 10059
f 10059 10053 6364
f 10053 6363 6364
f 6364 8021 8026
f 6363 8021 6364
f 6394 10075 6391
f 8045 8027 8041
f 8045 8049 8027
f 6503 5335 6481
f 6481 5336 6503
f 6325 7893 7888
f 9967 7707 7693
f 7693 9966 9967
f 10504 10503 7544
f 7544 10503 7536
f 6440 8189 8185
f 8185 6432 6440
f 8189 8175 8185
f 8168 8163 6433
f 8157 8163 8144
f 6433 8163 8157
f 5337 6455 6444
f 6459 6455 5337
f 6460 5335 6474
f 6451 10101 6456
f 6467 10101 6459
f 6467 5337 5334
f 6459 5337 6467
f 6454 10101 6449
f 6455 10101 6454
f 6454 6449 6444
f 6444 6455 6454
f 6449 10101 10092
f 6440 6432 10092
f 10092 6450 6440
f 10092 6451 6450
f 10101 6451 10092
f 6443 5339 6449
f 6449 10092 6443
f 10077 6411 6415
f 6411 6412 6415
f 5341 6428 6427
f 6427 6422 5341
f 5375 5908 5904
f 5908 5374 5904
f 5903 5374 5908
f 5903 5908 6812
f 6844 6832 6858
f 6858 6849 6844
f 5934 6832 6844
f 6844 6849 5934
f 6824 6820 5908
f 6824 5908 6858
f 10171 6846 6833
f 8698 8695 6833
f 6846 8701 6833
f 6833 8701 8698
f 8603 8622 8612
f 8612 8611 8603
f 6778 8622 6765
f 10145 8525 10144
f 6759 8610 6763
f 8610 8600 6763
f 6763 6762 6759
f 6769 8623 8625
f 5389 5999 5995
f 5995 5977 5389
f 5989 5977 5995
f 5986 5989 5995
f 5381 5384 5949
f 5381 5946 5943
f 5949 5946 5381
f 6887 6900 6892
f 6892 6888 6887
f 10179 6882 5955
f 6888 6892 5955
f 5955 6882 6877
f 5955 6892 6900
f 6900 6913 5955
f 6913 10179 5955
f 6905 6913 6900
f 6905 6911 6913
f 6905 6900 5975
f 5975 6911 6905
f 6311 7883 7889
f 7889 7890 6311
f 7793 7800 7810
f 7810 7799 7793
f 11858 11800 11870
f 11870 11800 11812
f 11870 11812 11822
f 11822 11881 11870
f 11870 11916 11858
f 11870 11928 11916
f 11937 11928 11870
f 11870 11881 11937
f 3284 3282 1437
f 1435 1417 1429
f 3282 1417 1435
f 1437 3282 1435
f 1435 3291 1437
f 1418 1417 1439
f 1439 3276 3275
f 3275 1418 1439
f 422 1393 426
f 425 1394 426
f 1394 422 426
f 426 1393 1390
f 427 425 426
f 426 1390 427
f 1390 3249 1386
f 1386 3259 427
f 427 1390 1386
f 1387 3259 1386
f 1386 3237 1387
f 1377 3236 3241
f 3236 3237 3241
f 3237 1386 3241
f 3243 3244 4634
f 4634 4635 3243
f 4634 3244 3252
f 3233 3222 3228
f 1371 3226 3228
f 3228 3222 1371
f 11077 11146 11134
f 11134 11123 11077
f 11146 11185 11134
f 11175 11123 11134
f 11134 11185 11175
f 11044 11055 11101
f 11101 11034 11044
f 11101 11157 11148
f 11171 11181 11229
f 11229 11181 11192
f 11277 11268 11229
f 11229 11268 11261
f 10929 10969 10916
f 10969 10906 10916
f 10916 10866 10929
f 10916 10906 10866
f 10858 10906 10850
f 10866 10906 10858
f 10858 10850 10816
f 10816 10823 10858
f 10858 10823 10866
f 10951 10907 10960
f 10960 10907 10970
f 11020 10951 10960
f 11032 11020 10960
f 10960 10970 11032
f 10930 10970 10917
f 10970 10907 10917
f 12067 12098 12061
f 12020 12027 12061
f 12027 12067 12061
f 10756 10754 12081
f 12096 10754 10756
f 12081 12095 10756
f 12095 12096 10756
f 12079 12113 12073
f 12113 12108 12073
f 12103 12067 12073
f 12073 12108 12103
f 12041 12079 12073
f 12073 12034 12041
f 12073 12067 12027
f 12027 12034 12073
f 2219 700 2211
f 2211 4437 2219
f 701 700 2219
f 2219 2224 701
f 2225 2224 2219
f 2219 4437 2225
f 704 701 2229
f 2242 2250 717
f 704 2236 2242
f 2242 717 704
f 2260 717 2252
f 717 2250 2252
f 2252 2253 2260
f 2278 2282 724
f 724 2271 2278
f 2278 2279 2282
f 2271 2266 2272
f 4476 753 747
f 747 743 4476
f 5068 743 747
f 748 5068 747
f 747 753 748
f 739 4461 742
f 734 739 742
f 742 743 734
f 4476 743 742
f 748 753 756
f 756 761 748
f 756 753 4476
f 766 5070 763
f 5070 761 763
f 731 4461 725
f 731 740 4461
f 2305 740 731
f 725 2293 731
f 4461 740 741
f 4476 742 741
f 741 742 4461
f 2321 741 740
f 2341 2335 2342
f 2342 2347 2346
f 2346 2341 2342
f 2342 2359 2347
f 2330 2306 2322
f 2222 4441 2232
f 2218 2222 2232
f 4489 4488 4486
f 4438 4439 2223
f 2218 2232 4438
f 2237 2242 2236
f 2225 4437 4440
f 4440 4437 2223
f 4440 4439 4445
f 2223 4439 4440
f 4455 4454 4453
f 2208 2186 2199
f 2199 4435 2208
f 2191 2186 2208
f 2208 2213 2191
f 4435 4436 2208
f 2208 4436 2213
f 2199 2196 2197
f 2197 4434 2199
f 2197 2192 4433
f 2197 2196 2192
f 4433 2204 2197
f 2204 2207 2197
f 2197 2207 2209
f 2209 4434 2197
f 2222 2214 2215
f 2215 4441 2222
f 2215 2231 2234
f 2234 4441 2215
f 2966 2965 2961
f 1096 2955 2952
f 1096 2947 2958
f 1093 1095 1077
f 2952 1095 1093
f 1093 1096 2952
f 200 199 2937
f 2937 214 200
f 200 214 216
f 216 2940 200
f 200 198 199
f 2940 198 200
f 209 1068 1067
f 210 1068 209
f 209 217 210
f 1069 208 1070
f 1069 1068 208
f 1070 2931 1069
f 218 2941 212
f 212 2941 208
f 212 208 210
f 213 215 1087
f 1087 2945 213
f 219 1100 1087
f 215 2941 1087
f 218 219 1087
f 1087 2941 218
f 1071 2941 215
f 215 1073 1071
f 1053 1070 1071
f 1074 214 2937
f 1074 1073 214
f 2937 1058 1074
f 1074 1058 1073
f 2979 2984 2966
f 2966 2961 2979
f 2979 2961 2976
f 2989 2982 2974
f 1101 1100 1099
f 1099 233 1101
f 232 233 1099
f 2968 1100 1101
f 1018 2895 1033
f 1033 4582 1018
f 1033 1034 4582
f 1034 1033 2911
f 1001 1008 151
f 2909 2917 4586
f 2912 2917 2909
f 1056 2927 1055
f 1056 1055 1057
f 1057 2929 1056
f 1045 1044 2922
f 1044 2919 2922
f 2922 2929 1045
f 2922 1056 2929
f 2919 1056 2922
f 2920 2921 2925
f 2927 1056 2925
f 2146 2134 2141
f 2146 2149 2134
f 2146 2141 2143
f 2143 2149 2146
f 2036 4358 4973
f 4973 4974 2036
f 4973 4363 4974
f 4975 4366 2042
f 2042 4974 4975
f 4975 4371 4366
f 2058 2066 2059
f 2059 2057 2058
f 2058 2063 2066
f 4979 2063 2058
f 2058 2057 4372
f 4372 4370 2058
f 4370 4979 2058
f 4368 4365 4976
f 4976 4365 4366
f 4976 4366 2056
f 4386 2076 2069
f 2069 4385 4386
f 4386 4387 2076
f 4386 4385 4387
f 2078 4388 2073
f 2078 4390 4389
f 4389 4388 2078
f 2078 2082 4393
f 4364 2049 4367
f 2069 2071 4383
f 4383 4379 2069
f 4383 2071 4375
f 4375 4379 4383
f 4971 4364 4972
f 2035 4971 4972
f 4972 2039 2035
f 4364 4367 4972
f 4972 4367 2039
f 4376 2045 4373
f 2062 4376 4373
f 2053 2040 2051
f 2053 2045 2040
f 2053 4373 2045
f 2062 4373 2053
f 2050 2062 2053
f 2053 2051 2050
f 4376 4379 4980
f 4980 2054 2048
f 2016 2015 4343
f 2016 2017 2015
f 2016 2019 2026
f 2026 2017 2016
f 2027 2017 2026
f 2028 2017 2027
f 2027 2026 634
f 634 2028 2027
f 2023 2017 2024
f 2024 4351 2023
f 2024 2028 2033
f 2024 2017 2028
f 4388 4987 4382
f 2068 4381 4382
f 4382 4987 2068
f 2073 4388 4382
f 2074 2068 4989
f 2068 4987 4989
f 4389 4392 4989
f 4989 4987 4389
f 4374 4378 2052
f 2052 2054 4374
f 4375 4378 4374
f 2035 2039 2038
f 2038 2043 631
f 2038 2039 2040
f 2040 2043 2038
f 2038 630 2035
f 2038 631 630
f 2048 631 2044
f 631 2043 2044
f 2044 2045 2048
f 2040 2045 2044
f 2044 2043 2040
f 2165 2164 2159
f 2171 2164 2165
f 2165 4427 2171
f 711 2203 2202
f 2203 4432 2202
f 2184 698 2202
f 2202 4432 2184
f 2529 2528 2521
f 2534 2528 2529
f 2521 2546 2529
f 2529 2538 2534
f 2529 2539 2538
f 2550 2567 2572
f 2572 2564 2550
f 2545 2539 2556
f 2556 2567 2545
f 2545 2567 2550
f 2545 2550 2549
f 2545 2549 2544
f 2544 2539 2545
f 4524 2555 2551
f 2551 2546 4524
f 2551 2529 2546
f 2539 2529 2551
f 2632 2628 2635
f 2632 2627 2628
f 2635 856 2632
f 856 2627 2632
f 840 2602 850
f 850 2602 2608
f 850 4532 840
f 850 851 4532
f 2625 851 2621
f 2627 851 2625
f 2623 2615 4538
f 4538 4539 2623
f 2640 2628 2622
f 2628 2627 2622
f 2627 2625 2622
f 2621 2614 2622
f 2622 2625 2621
f 2615 2623 2603
f 2603 2623 2614
f 2608 2602 2603
f 840 837 2584
f 2584 2589 840
f 837 2582 2584
f 2585 2589 2584
f 2584 2581 2585
f 2582 2581 2584
f 2575 2574 2564
f 2575 2564 2583
f 2583 2592 2575
f 2575 2592 2581
f 2569 2563 2564
f 2564 2574 2569
f 836 2563 2569
f 2569 2574 836
f 2580 2582 837
f 837 2574 2580
f 2574 2575 2580
f 2580 2581 2582
f 2580 2575 2581
f 4531 2592 2583
f 4533 2592 4531
f 2591 2598 4531
f 2598 4533 4531
f 4529 2567 4528
f 4529 2572 2567
f 2578 2572 4529
f 2604 4533 2598
f 2615 2603 2611
f 2616 4537 2626
f 2616 2630 4538
f 2616 2626 2630
f 4538 2615 2616
f 2615 2611 2616
f 2616 2611 4537
f 2597 4534 2600
f 2597 2600 2585
f 2585 2581 2597
f 2597 2581 2595
f 2600 4534 4535
f 4535 2611 2600
f 4537 2611 4535
f 2618 4537 4535
f 2609 2618 4535
f 4535 4534 2609
f 2740 2718 2735
f 2740 2728 2718
f 2735 4559 4560
f 4560 2740 2735
f 4559 2748 4560
f 2741 2748 4559
f 2712 2719 4555
f 876 2676 2681
f 2676 2677 2681
f 2686 2677 2695
f 2695 2677 2692
f 4552 2682 4550
f 2682 2679 4550
f 4550 2696 4552
f 2674 2679 2678
f 2678 2679 2682
f 2678 2660 2674
f 2682 2660 2678
f 2643 2628 2640
f 4544 2653 2643
f 2640 4543 2643
f 2643 4543 4544
f 2670 2676 2669
f 2669 2660 2670
f 2669 876 866
f 2669 2676 876
f 4548 2665 4547
f 2658 2672 4547
f 2672 4548 4547
f 4547 2657 2658
f 4547 2665 2657
f 2468 2476 2456
f 2476 2466 2456
f 2456 2466 2465
f 2497 2502 2501
f 2501 2498 2497
f 2497 2498 2496
f 2496 2488 2497
f 2497 2514 2502
f 2497 2511 2514
f 2506 2511 2497
f 2497 2488 2506
f 2449 2434 2445
f 2449 2451 2434
f 2422 2412 4500
f 2422 2403 2412
f 2435 2445 2425
f 2435 4502 2445
f 4500 2412 4499
f 2412 4498 4499
f 2379 2378 2384
f 2384 2388 2379
f 2445 4502 4504
f 2441 4502 4501
f 4501 2435 2426
f 4502 2435 4501
f 2452 4502 2441
f 2457 4504 2452
f 2452 4504 4502
f 2473 4508 4507
f 4507 2462 2473
f 4506 2462 4507
f 2454 4506 4507
f 2468 2456 2464
f 2454 4507 2464
f 2464 4507 4508
f 2465 2466 2470
f 2470 794 2465
f 2470 2475 794
f 2466 2471 2470
f 2471 2475 2470
f 782 783 776
f 776 779 782
f 4496 783 782
f 782 779 4496
f 2425 2433 2424
f 781 2437 2439
f 2433 2437 781
f 781 2424 2433
f 780 2424 781
f 4503 4496 781
f 4496 780 781
f 2382 764 2377
f 2382 2386 764
f 2382 2377 2379
f 2379 2386 2382
f 2355 757 2346
f 2357 757 2355
f 2346 2347 2355
f 2347 2357 2355
f 2377 758 2371
f 2371 758 2365
f 2371 2378 2377
f 2365 4483 2371
f 2371 4483 2378
f 768 780 4496
f 4496 765 768
f 2402 2413 768
f 2413 780 768
f 999 150 155
f 999 998 150
f 995 141 986
f 986 147 995
f 2881 2883 1012
f 1010 1011 150
f 150 2879 1010
f 150 147 2877
f 2877 2879 150
f 2877 147 144
f 135 136 129
f 2869 2871 992
f 992 2871 991
f 996 985 152
f 151 148 996
f 996 152 151
f 996 2877 144
f 148 2877 996
f 144 139 996
f 139 985 996
f 1021 2888 1023
f 1023 160 1021
f 1023 2882 160
f 1026 2882 1023
f 158 2884 157
f 2884 1019 157
f 1021 158 157
f 157 1019 1021
f 172 2884 1022
f 2884 159 1022
f 1035 172 1022
f 1022 168 1035
f 1022 161 168
f 159 161 1022
f 994 2875 2872
f 2856 2848 2866
f 2855 2848 2856
f 988 990 987
f 987 990 2871
f 987 2871 2869
f 2831 961 2824
f 2845 974 2851
f 937 100 98
f 98 925 96
f 942 945 4570
f 4570 111 942
f 942 111 2808
f 2808 2810 942
f 941 939 106
f 106 111 941
f 91 925 95
f 95 94 91
f 925 98 95
f 95 98 100
f 2808 111 109
f 109 2810 2808
f 2785 2782 2783
f 2785 2786 2787
f 2785 2783 2786
f 2793 2783 2776
f 2780 2772 2779
f 2746 2738 2739
f 2739 2738 2734
f 2739 2752 2746
f 2739 2753 2752
f 2734 2756 2739
f 2756 2762 2739
f 2762 2753 2739
f 2771 2769 2770
f 917 2771 2770
f 2770 2789 917
f 2770 2772 2789
f 2807 936 2792
f 2789 2772 2792
f 2772 2790 2792
f 2792 2800 2807
f 2790 2800 2792
f 2791 2800 2790
f 2791 119 2800
f 947 117 118
f 2827 2838 2837
f 2805 924 2803
f 2803 2792 936
f 90 88 93
f 93 96 90
f 96 925 90
f 89 88 90
f 90 925 91
f 91 89 90
f 84 88 87
f 87 88 89
f 87 5086 84
f 85 5086 87
f 87 89 85
f 2726 2725 2722
f 2699 2715 2722
f 2722 2725 2699
f 4559 2725 4558
f 4558 2725 2726
f 4558 2741 4559
f 896 907 4561
f 4561 893 896
f 2746 2752 896
f 896 2752 907
f 896 2738 2746
f 896 893 2738
f 2733 893 2732
f 2732 2728 2733
f 892 2724 2727
f 2727 893 892
f 2727 2732 893
f 2727 2724 2718
f 2718 2728 2727
f 2728 2732 2727
f 10626 11553 11545
f 11545 11546 10626
f 10626 11554 11553
f 5311 11554 10626
f 5099 5311 10626
f 10626 11546 5099
f 9053 9064 9063
f 9018 7098 9013
f 9018 9013 9008
f 9008 9019 9018
f 9280 9281 9282
f 9282 9281 9284
f 9282 7200 9280
f 9282 9284 7200
f 10212 10213 8982
f 8982 8983 10212
f 8997 10213 10212
f 10212 8991 8997
f 10212 8983 8991
f 10211 8971 10210
f 10210 8986 10211
f 8986 8983 10211
f 10211 8975 8971
f 10211 8983 8975
f 9083 9089 9088
f 9074 9094 9083
f 9083 9094 9102
f 9102 9089 9083
f 9095 7127 9093
f 9093 7127 9088
f 9093 9089 9095
f 9088 9089 9093
f 7231 5427 7233
f 7229 9307 9298
f 7195 5423 7196
f 7185 5421 7183
f 7185 7183 7190
f 7190 10252 7185
f 7165 7175 7174
f 7174 7171 7165
f 7175 10252 7174
f 7158 7155 7152
f 7152 7159 7158
f 7136 5417 7146
f 5417 7151 7146
f 9222 9228 9232
f 9208 9228 9222
f 9221 9207 9208
f 9208 9222 9221
f 9221 9222 9225
f 9221 9225 7180
f 7180 7170 9221
f 7170 9207 9221
f 7180 9225 9229
f 7181 7180 9229
f 9229 9234 7181
f 9229 9230 9234
f 9229 9222 9230
f 9225 9222 9229
f 9209 9203 10256
f 9189 9203 9209
f 9209 9213 9189
f 10257 10258 9217
f 9217 9213 10257
f 9226 10258 10257
f 9136 7145 9133
f 9136 9138 7145
f 9133 9134 9136
f 9136 9134 9138
f 9144 9138 9139
f 9144 9152 7150
f 9144 7150 7145
f 7145 9138 9144
f 9164 9160 10247
f 9165 9154 9155
f 9155 9166 9165
f 9177 9166 9178
f 9178 9180 9177
f 9166 9190 9178
f 9178 9185 9184
f 9184 9180 9178
f 9195 10254 9203
f 9203 9185 9195
f 9185 9178 9195
f 9140 9141 9146
f 9148 9151 9150
f 9150 9134 9148
f 9153 9150 9151
f 9153 9160 9139
f 9139 9134 9153
f 9134 9150 9153
f 9042 7120 7132
f 9029 9022 9030
f 9022 9042 9030
f 9030 9054 9038
f 9109 9103 7147
f 9102 9094 10234
f 9094 10232 10234
f 10234 9100 9112
f 10232 9100 10234
f 9081 9070 10230
f 9037 10220 9025
f 9038 9048 9037
f 9037 10221 10220
f 9037 9048 10221
f 9037 9030 9038
f 9076 7141 9080
f 7147 9103 9098
f 9098 7140 7147
f 8901 7072 8912
f 8901 8907 7072
f 8912 8902 8901
f 6072 6074 8901
f 6074 8907 8901
f 8893 10197 8887
f 7042 8894 8893
f 8893 8894 7041
f 8893 8888 7042
f 8887 8888 8893
f 8916 8913 8905
f 8905 8914 8916
f 8905 8913 8904
f 8904 6083 8905
f 8980 8974 7101
f 7101 8981 8980
f 8958 8974 8980
f 8980 8969 8958
f 8980 8981 8969
f 8985 8988 8973
f 8973 8969 8985
f 8969 8981 8985
f 8985 8981 7101
f 7101 7104 8985
f 8985 7104 8988
f 7026 7025 7029
f 7025 7032 7029
f 7029 6050 7026
f 7029 7032 6050
f 7048 6067 7043
f 7048 7052 6067
f 7043 7054 7048
f 7054 7052 7048
f 8756 8753 6907
f 6907 8758 8756
f 8743 8753 8756
f 8756 8758 8743
f 8759 6906 8761
f 8759 8758 6906
f 8751 8758 8759
f 8761 6898 8759
f 6898 8751 8759
f 8814 6979 8817
f 8817 6979 8819
f 6984 6967 8822
f 6978 6984 8822
f 8826 6989 8824
f 6985 6989 8826
f 8826 6967 6985
f 8895 8896 7044
f 7044 8888 8880
f 7045 8888 7044
f 7044 8892 8895
f 8880 8892 7044
f 7044 8896 8897
f 7044 6082 7045
f 7044 8897 6082
f 7018 8867 8873
f 8873 8852 7018
f 8873 7027 8874
f 8873 8867 7027
f 8873 8874 8860
f 8860 8852 8873
f 7017 6044 7016
f 6044 6045 7016
f 7016 6048 7017
f 7016 6045 6048
f 7001 7010 6034
f 6034 6036 7001
f 7001 6042 7010
f 7001 6036 6042
f 6998 6036 6035
f 6998 6982 6997
f 6035 6982 6998
f 6998 6997 6039
f 6039 6036 6998
f 8769 6917 6916
f 8771 6917 8769
f 6916 5984 8769
f 5984 8771 8769
f 6029 6980 6977
f 6977 6970 6029
f 6977 6980 6981
f 6981 6970 6977
f 6981 10187 6007
f 6007 6970 6981
f 6007 10187 6950
f 6950 6945 6007
f 6897 8757 8754
f 8754 8751 6897
f 8754 8750 8751
f 8754 8757 6902
f 6902 10178 8754
f 8754 10177 8750
f 10178 10177 8754
f 8745 6884 8740
f 6884 8737 8740
f 8740 6893 8745
f 8740 6882 6893
f 8740 8737 6881
f 6881 6882 8740
f 8746 10178 8749
f 6902 8752 8749
f 8749 10178 6902
f 6730 6729 8573
f 6749 6739 8589
f 8589 8599 6749
f 8560 6715 6719
f 8560 8562 6715
f 8555 6718 6727
f 6727 6718 6724
f 6796 6791 8642
f 10165 10166 8667
f 8667 8656 10165
f 6790 5883 6796
f 8635 5883 6790
f 6790 8636 8635
f 8638 8636 6790
f 6826 8678 6815
f 6815 8678 8669
f 8664 8648 6798
f 8669 8648 8664
f 8664 6815 8669
f 8673 8690 8680
f 8653 8648 8669
f 8669 8678 8653
f 8625 8623 6770
f 6807 8648 6803
f 6798 8648 6807
f 6797 8655 6798
f 6798 6807 6797
f 5893 5895 6797
f 6797 8634 5893
f 5889 6767 8629
f 6767 6762 8629
f 8629 5890 5889
f 8684 10167 8675
f 8675 8671 10166
f 8675 10167 8677
f 8688 10167 8684
f 8688 8689 8694
f 6818 8687 6827
f 6818 6835 8693
f 6827 6835 6818
f 8693 6819 6818
f 8677 10167 10169
f 10169 8688 8694
f 10167 8688 10169
f 8677 8660 8674
f 8674 8660 8671
f 8674 8675 8677
f 8671 8675 8674
f 6830 8697 6836
f 6830 8702 8700
f 8700 6823 6830
f 6836 5921 6830
f 5921 8702 6830
f 6830 6823 6817
f 6817 8697 6830
f 6787 8638 8641
f 8641 8643 6787
f 6801 8643 8649
f 7373 7372 7371
f 7371 7377 7373
f 7373 7377 7378
f 7378 7379 7373
f 7373 9697 7372
f 7373 9703 9697
f 7373 7379 9707
f 10562 9644 10400
f 10403 10564 10400
f 10564 10562 10400
f 10401 9667 10403
f 10403 10400 10401
f 10401 10400 9660
f 10401 9660 10406
f 10406 10409 10401
f 10401 10409 9667
f 9651 9649 9648
f 9648 9660 9651
f 9648 9649 9645
f 9654 9659 9648
f 9648 9659 9663
f 9663 9660 9648
f 10406 9660 10404
f 10404 9660 9663
f 10404 9664 10406
f 10404 9663 9664
f 9674 9667 10410
f 9667 10409 10410
f 10410 10411 9674
f 10410 10409 10411
f 9736 9750 10452
f 9736 9747 9750
f 9734 9735 9736
f 9743 9747 9736
f 9736 9735 9743
f 10452 9741 9736
f 9736 9741 9734
f 10589 10588 9733
f 9733 9735 10589
f 10446 10588 10589
f 10589 9735 10446
f 9701 9702 9706
f 9701 9706 10429
f 9701 10429 9688
f 9688 9700 9701
f 10435 9715 10441
f 10383 10382 10554
f 10554 9640 10383
f 10390 10557 10383
f 10383 9640 10390
f 10558 10557 10390
f 9635 9641 9629
f 9635 10558 9641
f 10557 10558 9635
f 10382 10383 9635
f 9635 10383 10557
f 9629 9628 9635
f 9635 9628 10382
f 9620 10370 10369
f 9620 10371 10370
f 10369 9613 9620
f 10381 10371 10378
f 10371 9620 10378
f 10378 10552 10381
f 10378 10551 10552
f 9623 10551 10378
f 9535 9533 7312
f 7312 7306 10350
f 10350 7319 7312
f 10349 9531 9550
f 7318 9564 9558
f 9558 7319 7318
f 9558 9550 7319
f 10349 9550 9558
f 9558 9554 10349
f 9558 9564 9554
f 10333 9485 9487
f 10333 10334 9485
f 9504 10334 10333
f 9530 9534 9528
f 9534 10346 9528
f 10346 9527 9528
f 9553 9555 9559
f 9555 9561 9559
f 9566 9577 9579
f 9575 9577 9566
f 9532 9537 9536
f 9537 9538 9536
f 9536 7298 9532
f 7299 7298 9536
f 9551 9556 7301
f 7301 9548 9551
f 9551 9549 9556
f 9551 9548 9549
f 9343 7223 9341
f 7223 9336 9341
f 9385 7242 9383
f 7241 9378 9383
f 9383 7242 7241
f 9386 7242 9385
f 9394 7242 9386
f 9394 9386 9387
f 9333 9327 9342
f 9332 9327 9333
f 9333 9336 9332
f 9360 7226 9358
f 9262 9261 9266
f 9277 10267 9266
f 9278 9277 9267
f 9287 9278 9267
f 9267 9266 9261
f 9277 9266 9267
f 9299 10270 9289
f 9323 9330 10282
f 9323 10282 9315
f 9315 9321 9323
f 9323 9324 9330
f 9323 9321 9317
f 9317 9324 9323
f 10286 9324 9340
f 9330 9324 10286
f 10286 9346 10284
f 10284 9330 10286
f 9362 9361 9353
f 9322 9328 9317
f 7232 9328 9322
f 9309 9322 9317
f 9319 9322 9309
f 9260 9257 9258
f 9260 9261 9262
f 9260 9258 9261
f 9233 10261 9232
f 9232 9228 9233
f 9228 10259 9233
f 9233 10259 9244
f 9233 9247 10261
f 9244 9247 9233
f 9240 9249 9230
f 9240 9222 9232
f 9230 9222 9240
f 9232 10261 9240
f 9315 9310 10278
f 9310 10277 10278
f 10278 9321 9315
f 9308 9309 9316
f 9321 10278 9316
f 9316 10278 10277
f 9317 9321 9316
f 9316 9309 9317
f 9264 9270 9275
f 9275 9283 9264
f 9291 9281 9273
f 9273 9283 9291
f 9291 9283 10270
f 9251 9260 9262
f 9262 9266 9251
f 9259 10267 9270
f 9259 9270 9254
f 9254 9242 9259
f 9259 9242 9255
f 9243 9246 9227
f 9243 9227 9219
f 9243 7203 9246
f 10317 9453 9449
f 9403 9416 9420
f 7272 9438 9430
f 9365 9361 9362
f 9362 9366 9365
f 10288 9361 10289
f 9361 9365 10289
f 10289 9365 9356
f 9348 10286 9340
f 9346 10286 9348
f 9340 7238 9348
f 9390 9388 9389
f 9389 10300 9390
f 10298 10300 9389
f 9389 10294 10298
f 9371 9366 9382
f 7238 10295 7239
f 7239 9348 7238
f 9416 9391 9412
f 9391 9407 9412
f 9495 10326 10330
f 9495 10331 10326
f 9469 10328 10322
f 10325 10326 9469
f 10326 10328 9469
f 9464 9468 7269
f 7261 9451 7269
f 7261 7269 7268
f 7268 7264 7261
f 7260 7259 7261
f 7261 7264 7260
f 9439 10315 9444
f 9467 9458 9450
f 9450 9462 9467
f 9450 9448 9449
f 9449 9459 9450
f 9459 9462 9450
f 7296 9502 9491
f 9491 9475 9484
f 9505 9494 9520
f 9504 9494 9505
f 9515 9494 9511
f 9520 9494 9515
f 9515 9511 7307
f 7307 9520 9515
f 9493 9502 9511
f 9511 9494 9493
f 9522 9523 9530
f 9530 10339 9522
f 9519 9523 9522
f 9522 9518 9519
f 7360 7365 7366
f 7366 7365 7369
f 9676 9673 7366
f 7366 9670 7360
f 7366 9673 9670
f 10577 10576 10421
f 10576 10417 10421
f 7360 9670 9666
f 9670 9656 9666
f 9661 10563 10561
f 10561 9658 9661
f 9655 10563 9661
f 9661 9658 7359
f 9661 7359 7360
f 10393 9650 9657
f 10390 9650 10393
f 10393 10558 10390
f 7273 7274 7277
f 10318 7273 7277
f 7277 10327 10318
f 7293 10327 7292
f 10341 7296 7292
f 7292 10327 10341
f 7292 9491 9484
f 7296 9491 7292
f 7251 7247 5429
f 5429 7248 7251
f 10295 7247 7251
f 7233 7234 7237
f 7305 7302 7303
f 10341 7302 7305
f 7288 7302 7295
f 5435 7288 7295
f 7295 7302 10341
f 10309 7262 7265
f 7265 7262 5431
f 9582 7330 9583
f 9582 9578 7330
f 9583 9572 9582
f 9572 9578 9582
f 7318 7330 9570
f 7330 9578 9570
f 9570 9562 9555
f 9570 9578 9562
f 9788 10475 9789
f 9789 9785 9788
f 9789 10475 9778
f 9778 10470 9789
f 9757 9758 9756
f 9757 9759 10458
f 9757 9756 9759
f 10458 9766 9757
f 9765 10468 10465
f 10596 10468 9765
f 10465 9764 9765
f 9764 9758 9765
f 9765 9758 9774
f 9777 10596 9765
f 9765 9774 9777
f 4286 1924 1906
f 1906 569 4286
f 1921 1924 4286
f 4286 577 1921
f 4286 569 1882
f 1882 577 4286
f 66 577 1882
f 65 577 66
f 66 1882 1883
f 1883 7433 66
f 6127 69 67
f 65 66 67
f 67 66 6119
f 9815 10485 6126
f 6126 6119 9815
f 6127 67 6126
f 6126 67 6119
f 7430 69 6127
f 6127 6126 7430
f 574 571 1904
f 574 69 571
f 5449 4285 7393
f 5449 6118 4285
f 5451 5644 4285
f 4285 6118 5451
f 584 585 576
f 596 585 584
f 584 76 596
f 5637 5638 1890
f 1890 5636 5637
f 576 5636 1890
f 1890 584 576
f 76 584 1890
f 83 615 82
f 82 21 83
f 82 81 21
f 603 80 611
f 80 81 611
f 611 596 603
f 81 82 611
f 5642 6117 5643
f 5643 79 5642
f 78 80 603
f 603 599 78
f 78 79 80
f 78 75 79
f 77 597 71
f 77 599 597
f 77 78 599
f 71 75 77
f 75 78 77
f 9768 7400 9769
f 9769 9758 9768
f 9768 7401 7400
f 9768 9766 7401
f 9758 9757 9768
f 9768 9757 9766
f 4311 1954 4317
f 4315 1947 1961
f 4315 4319 4316
f 4315 1961 4319
f 4316 1954 4315
f 1954 1951 4315
f 1951 1947 4315
f 1958 1947 1955
f 1961 1947 1958
f 1955 1957 1958
f 1957 1961 1958
f 1935 1945 1936
f 1935 4305 1945
f 4302 4305 1935
f 595 591 1941
f 4295 1926 1923
f 1923 1920 4295
f 1926 4299 1923
f 4299 4943 1923
f 1922 1920 1923
f 1923 4943 1922
f 1986 4954 4328
f 4323 4953 4952
f 4952 1967 4323
f 4953 1974 4952
f 4952 1974 1967
f 1973 1967 1964
f 4318 1969 1964
f 1969 1973 1964
f 1964 1959 4318
f 1964 1963 1959
f 1966 1963 1964
f 1964 1967 1966
f 1993 4330 4331
f 4336 4330 1993
f 4337 2008 4336
f 4336 2008 4335
f 4335 4330 4336
f 4336 1993 4338
f 4338 4337 4336
f 7414 10486 7413
f 7413 7405 7410
f 7410 7414 7413
f 7418 7404 7412
f 7412 7404 7406
f 7412 10486 7418
f 7412 7413 10486
f 7412 7406 7405
f 7405 7413 7412
f 7398 6110 6111
f 6111 6109 7398
f 10484 4 5630
f 9808 6107 6112
f 6 6107 9808
f 6110 12 9808
f 9767 10464 10467
f 9760 10464 9767
f 10467 9770 9767
f 9770 7395 9767
f 7398 9760 9767
f 9767 7395 7398
f 7396 7403 7398
f 7398 7395 7396
f 9794 7403 7396
f 7396 9787 9794
f 9781 9787 7396
f 7396 9776 9781
f 7396 7395 9776
f 1910 1901 1894
f 1894 4287 1910
f 1894 1886 4287
f 1908 4282 1888
f 1888 1901 1908
f 1888 4282 1878
f 54 6116 7417
f 53 6116 54
f 54 58 53
f 54 552 558
f 1917 1919 4296
f 4296 1932 4293
f 1919 4298 4296
f 4296 4298 1932
f 4296 4292 1917
f 4293 4292 4296
f 16 17 18
f 16 18 561
f 15 7418 48
f 48 17 15
f 17 16 15
f 15 16 12
f 15 7404 7418
f 12 7404 15
f 1878 51 1876
f 1876 51 559
f 1876 559 56
f 1876 1888 1878
f 4951 4310 4950
f 4950 4949 1953
f 4310 4307 4950
f 4307 4949 4950
f 4950 1960 4951
f 1953 1960 4950
f 1940 1931 4947
f 4947 4948 1940
f 4947 4306 4309
f 4309 4948 4947
f 4369 4363 2047
f 4974 4363 4369
f 4369 4975 4974
f 4371 4975 4369
f 2075 656 2077
f 656 2086 2077
f 4387 4988 2077
f 2077 4986 2075
f 2077 4988 4986
f 2092 4398 4394
f 4394 2086 2092
f 4394 4992 4991
f 4394 4398 4992
f 2059 2066 2067
f 2067 2072 2059
f 2004 622 627
f 2004 4340 4339
f 615 621 616
f 621 622 616
f 616 1983 1978
f 1987 1983 616
f 616 622 1987
f 1988 622 1994
f 1994 2004 4339
f 622 2004 1994
f 4339 4334 1994
f 1994 4334 4957
f 1994 4956 1988
f 4957 4956 1994
f 9479 9478 9476
f 9476 10329 9479
f 9479 9485 9498
f 9479 10329 9485
f 9485 10329 9486
f 9486 10328 10331
f 9487 9485 9486
f 9486 10331 9487
f 9498 10335 9503
f 10335 9507 9503
f 10339 9509 10336
f 10336 9509 9507
f 10336 9522 10339
f 9507 9518 10336
f 9518 9522 10336
f 9595 10365 10366
f 10367 9606 10366
f 10366 9606 9595
f 10366 9611 10367
f 9603 9611 10366
f 10366 10365 9603
f 10320 10321 9456
f 10313 10314 9435
f 10301 9396 9402
f 10301 9381 9396
f 7343 7336 7342
f 7336 7339 7342
f 7342 7341 7343
f 7342 7339 7341
f 9624 7335 9618
f 9624 7340 7335
f 9624 10376 10379
f 9618 10376 9624
f 10379 9631 9624
f 9631 7340 9624
f 9593 7322 9588
f 9600 7322 9593
f 9593 9588 9589
f 9589 9594 9593
f 9594 9600 9593
f 9573 9581 7321
f 9581 9584 7321
f 7321 7322 7320
f 7321 9584 9588
f 9588 7322 7321
f 7320 7315 7321
f 7321 7315 9573
f 7327 7322 7328
f 9618 7335 7328
f 7335 7327 7328
f 9614 9618 7328
f 7328 9608 9614
f 9601 9608 7328
f 7328 7322 9601
f 10482 9810 9791
f 9791 9790 10482
f 9810 9793 9791
f 9793 9790 9791
f 8871 10193 8865
f 8865 8866 8871
f 8866 8872 8871
f 8884 8887 10196
f 8880 8887 8884
f 7033 8886 8881
f 8881 8886 8866
f 10192 10190 8859
f 8859 8854 10192
f 8846 10190 10192
f 8837 8846 8850
f 8846 10192 8850
f 8850 10192 8854
f 8850 8842 8837
f 10182 8789 8784
f 8784 10181 10182
f 8775 5990 6933
f 6931 5990 8775
f 8785 6938 8775
f 8775 6938 6931
f 6918 5993 5992
f 5993 5990 5992
f 8797 8792 8793
f 8797 6956 8802
f 8793 6956 8797
f 8802 6947 8797
f 6947 8792 8797
f 6933 6949 6001
f 6001 6949 6951
f 6001 6951 8785
f 8785 8775 6001
f 6001 8775 6933
f 6000 6949 5997
f 6945 6949 6000
f 8804 8812 8811
f 8804 8803 8796
f 8804 8796 8814
f 8814 8817 8804
f 8819 8812 8804
f 8804 8817 8819
f 8824 6965 6966
f 6965 8812 6966
f 6966 8812 6967
f 6966 8826 8824
f 6967 8826 6966
f 8796 8803 8795
f 8803 10182 8795
f 8795 10182 10181
f 8811 10184 8808
f 8808 8804 8811
f 8803 8804 8808
f 6950 6962 8801
f 8801 8798 6950
f 6951 8798 8801
f 8791 8809 8796
f 8791 6954 6951
f 8796 8795 8791
f 8725 6879 6864
f 6864 8722 8725
f 6864 6861 8719
f 8719 8722 6864
f 10172 6878 6871
f 10172 6864 6879
f 10172 6880 6878
f 10172 6879 6880
f 6871 6863 10172
f 6863 6860 10172
f 6861 6864 10172
f 10172 6859 6861
f 6860 6859 10172
f 6889 6894 8744
f 6889 8755 6894
f 8744 8741 6889
f 6943 8774 6941
f 8784 8778 6941
f 6941 8778 6943
f 6941 8774 6923
f 5979 5981 6908
f 6908 5981 6912
f 6908 6903 5979
f 8760 6903 6908
f 6908 6891 8760
f 6908 6912 6891
f 5991 8773 8770
f 8770 6919 5978
f 6923 6919 8770
f 8770 8773 6923
f 8779 8788 6942
f 6942 10181 8784
f 6937 8773 5991
f 5991 6936 6937
f 6937 6936 8779
f 8779 6942 6937
f 10833 10792 10842
f 10823 10792 10833
f 10842 10878 10833
f 10833 10878 10823
f 6022 6021 6020
f 6020 6973 6022
f 6020 6014 6973
f 6018 6014 6020
f 6975 6018 6020
f 6020 6021 6975
f 8836 7003 8832
f 8832 8833 8836
f 8836 8833 8837
f 8844 8842 8845
f 8845 8848 8844
f 8848 7004 8844
f 11755 11696 11706
f 11706 11766 11755
f 11686 11696 11755
f 11847 11788 11857
f 11857 11734 11847
f 11851 11863 11922
f 1870 1865 4276
f 4276 4273 1870
f 4262 4273 4276
f 1872 4262 4276
f 4276 1865 1872
f 1776 1780 4078
f 4831 5006 4832
f 4832 4072 4831
f 4831 4072 4821
f 4844 4836 4842
f 4842 4836 4083
f 4079 4085 4073
f 4079 4072 4832
f 4073 4072 4079
f 7511 7512 7513
f 9863 7512 7511
f 7502 9863 7511
f 7511 7503 7502
f 7518 9871 9869
f 9869 7517 7518
f 9865 7517 9869
f 6158 5659 7460
f 7471 5659 6158
f 6158 7460 6168
f 6168 7471 6158
f 10496 7496 10495
f 10496 10495 9859
f 9859 9858 10496
f 9857 7493 9854
f 7493 7496 9854
f 9854 9858 9857
f 9854 10496 9858
f 7496 10496 9854
f 10495 7487 10494
f 7487 7489 10494
f 9856 10495 10494
f 9853 9856 10494
f 10494 7489 9853
f 4217 5045 4916
f 5045 4912 4916
f 4916 4912 4913
f 7436 5646 6133
f 528 525 529
f 9829 7443 7445
f 7446 7438 9834
f 7438 7447 9834
f 9834 7447 7464
f 9834 7464 7465
f 7495 7497 6161
f 6161 7490 7495
f 7491 7490 7485
f 9852 9855 7491
f 7491 9855 7501
f 6165 7497 7500
f 7500 7505 6165
f 6176 7508 7515
f 7515 7519 6176
f 7515 7520 7519
f 4224 4917 5047
f 4224 4214 4917
f 4921 4214 4224
f 4224 4223 4921
f 5047 4219 4224
f 4219 4223 4224
f 4204 4911 4914
f 4914 4211 4204
f 4914 4917 4211
f 4914 4911 5046
f 5047 4917 4914
f 4914 5046 5047
f 3976 3969 4793
f 4794 3989 4793
f 1699 3899 3908
f 4774 3912 3908
f 3912 1699 3908
f 3890 3895 1691
f 1691 3885 3890
f 3880 1689 3878
f 1691 1689 3880
f 3880 3885 1691
f 3932 3933 3934
f 3934 3933 3940
f 1712 3932 3934
f 3934 3940 1712
f 3932 3927 3924
f 3924 3933 3932
f 3924 3927 3922
f 3947 3933 3924
f 3935 4782 3919
f 3931 3936 3943
f 3948 4783 3943
f 3943 4783 3931
f 3943 3938 3948
f 3943 3936 3938
f 4781 3936 3931
f 4781 4778 4776
f 4780 4782 3939
f 3936 4781 3939
f 3937 3936 3939
f 3939 4782 3937
f 4776 4780 3939
f 3939 4781 4776
f 3974 3978 3972
f 3974 3966 3967
f 3974 3975 3978
f 3967 3975 3974
f 4797 3997 3991
f 3997 4003 3991
f 3991 4801 3990
f 4005 4801 3991
f 3991 4003 4005
f 3947 4785 3951
f 3951 3950 3947
f 3953 3950 3951
f 3951 4786 3953
f 4785 3957 3951
f 3957 3960 3951
f 3962 4786 3951
f 3951 3960 3962
f 3990 3982 3988
f 3988 3989 4797
f 3988 3991 3990
f 4797 3991 3988
f 4796 3971 3972
f 3984 4795 4796
f 4796 4795 4794
f 4794 3971 4796
f 3972 3978 4796
f 3978 3984 4796
f 4784 4783 3948
f 3948 3957 4784
f 4784 3957 4785
f 3931 4783 3929
f 4783 4784 3929
f 3881 3891 3900
f 3885 3880 3881
f 3877 3876 3883
f 3891 3881 3877
f 3878 3875 3877
f 3877 3875 3876
f 3877 3880 3878
f 3877 3881 3880
f 4771 4770 3909
f 4771 3905 3900
f 3900 4770 4771
f 3900 3905 3904
f 3905 3907 3904
f 3909 3910 3914
f 3914 4771 3909
f 3905 4771 3914
f 3894 3903 3906
f 3919 3918 3915
f 3915 3914 3910
f 3921 3910 3917
f 3883 3876 3884
f 42 531 1823
f 1823 45 42
f 1823 5376 45
f 5629 45 44
f 5629 5371 45
f 45 5371 5672
f 5628 9835 5672
f 9835 45 5672
f 1799 5380 1801
f 1801 1803 1799
f 1800 1815 1808
f 1800 1801 5380
f 1816 1815 1800
f 1795 1792 1784
f 1799 1795 1784
f 1784 5380 1799
f 1784 1788 5382
f 1784 1792 1788
f 39 41 40
f 40 38 39
f 5378 1822 1820
f 1820 1816 5378
f 1817 1816 1820
f 1820 1819 1817
f 1822 1819 1820
f 1796 1795 1799
f 4271 1830 1829
f 1829 1823 531
f 5378 1823 1829
f 1829 1822 5378
f 3906 1708 3911
f 3911 3894 3906
f 1749 1742 4800
f 4800 1748 1749
f 1749 1748 4002
f 1709 1708 3897
f 1708 3903 3897
f 1702 3882 3874
f 3874 3872 1702
f 3874 3858 3872
f 1741 4791 1740
f 4791 1735 1740
f 1740 1733 1741
f 1740 1735 1733
f 5386 1767 1763
f 1763 1756 5386
f 1763 1767 4818
f 4809 1747 1753
f 1753 1755 4809
f 1747 1744 1753
f 1744 1755 1753
f 1777 4061 4051
f 4051 1764 1777
f 4818 1776 1777
f 1777 1764 4818
f 4040 1764 4049
f 4049 1764 4051
f 4051 4043 4049
f 4049 4814 4040
f 4043 4814 4049
f 4010 4007 4803
f 4007 4802 4803
f 4040 4024 4031
f 4031 1761 4040
f 4031 4030 1761
f 1760 1761 4027
f 1761 4030 4027
f 4014 4011 1748
f 1760 4022 4014
f 4014 1748 1760
f 4014 4022 4006
f 4006 3999 4014
f 3999 4011 4014
f 3999 3998 4008
f 4008 4011 3999
f 4008 3998 4002
f 4002 1748 4008
f 1748 4011 4008
f 4815 4034 4036
f 4036 4034 4035
f 4035 4813 4036
f 4023 4807 4010
f 4023 4812 4807
f 4024 4812 4023
f 4060 4059 4056
f 4056 4048 4061
f 4047 4816 4815
f 4815 4036 4047
f 4043 4048 4047
f 4907 4189 4197
f 4197 4189 4183
f 4193 4188 4189
f 4189 5042 4193
f 4193 4198 1814
f 1814 4188 4193
f 4186 4188 1811
f 1811 4181 4186
f 4183 4188 4186
f 4186 4181 4183
f 4105 4102 1789
f 4840 4094 4843
f 4843 4094 4101
f 5042 4909 5043
f 5044 4198 5043
f 5043 4913 5044
f 5043 4909 4913
f 4198 4193 5043
f 5043 4193 5042
f 4913 4909 4910
f 4200 4206 4196
f 4258 4236 4251
f 4274 4258 4251
f 541 533 4259
f 4255 1857 1856
f 4274 535 4942
f 4942 535 1868
f 1868 4260 4942
f 4942 4258 4274
f 4942 4260 4258
f 30 29 1859
f 1859 29 4271
f 1859 31 30
f 4271 31 1859
f 28 29 547
f 547 6144 548
f 547 6146 6144
f 548 1862 547
f 547 1862 28
f 27 6146 547
f 547 29 27
f 1860 1862 1863
f 1860 4255 1856
f 1856 28 1860
f 28 1862 1860
f 1874 540 1863
f 546 540 1874
f 548 546 1874
f 1874 1862 548
f 1863 1862 1874
f 5024 5025 4115
f 5019 4852 5018
f 5019 4116 5020
f 5019 4857 4852
f 5019 5020 4857
f 4864 4868 4863
f 4863 4868 5025
f 5025 5024 4863
f 4125 4137 4128
f 4125 4124 4130
f 4127 4126 4125
f 4125 4128 4127
f 4125 4126 4123
f 4123 4124 4125
f 4130 4124 4870
f 4870 4131 4130
f 4868 4131 4870
f 5025 4868 5027
f 4868 4870 5027
f 5027 4870 4124
f 4145 4879 4132
f 4130 4131 4132
f 4879 4137 4132
f 4154 4877 4883
f 4157 4152 4883
f 4883 4152 4154
f 4876 4137 4879
f 4879 4877 4876
f 4876 4877 4154
f 4128 4137 4876
f 4154 4875 4876
f 4876 4875 4128
f 4895 4172 4165
f 4895 5038 4894
f 4165 5038 4895
f 4173 4895 4894
f 4172 4895 4173
f 4122 4865 4121
f 4862 4116 4121
f 4121 4869 4864
f 4121 4865 4869
f 4121 4863 4862
f 4864 4863 4121
f 4140 4146 4145
f 4151 4146 4140
f 4139 4147 4140
f 4086 4080 4082
f 4080 4081 4082
f 4082 4087 4086
f 4082 4081 4089
f 4841 4081 4837
f 4089 4081 4841
f 4841 4837 4091
f 4091 4089 4841
f 4998 4820 4824
f 4824 4820 4821
f 4821 4072 4824
f 4819 4046 4057
f 4057 4064 4819
f 4064 4820 4819
f 4819 4997 4046
f 4819 4820 4997
f 4823 4822 4058
f 4823 5000 4822
f 5002 4829 4826
f 5002 4830 4829
f 4075 4830 5005
f 4830 4834 5005
f 4113 5019 5018
f 4116 5019 4113
f 4855 4111 4113
f 4093 4089 4092
f 4093 4082 4089
f 4104 4854 4856
f 4851 4104 4856
f 4856 4859 4851
f 4859 4111 4851
f 1156 1174 3009
f 1156 1167 1174
f 3003 1167 1156
f 3009 1154 1156
f 1156 1154 259
f 259 3003 1156
f 3018 3019 3017
f 3017 3011 3018
f 3020 3019 3018
f 1066 209 1067
f 203 205 211
f 211 205 217
f 211 1066 203
f 217 209 211
f 209 1066 211
f 210 221 1086
f 1086 221 220
f 1086 212 210
f 1086 220 218
f 218 212 1086
f 2913 2905 2923
f 2913 2912 2905
f 2913 2917 2912
f 2913 2921 2920
f 2920 2917 2913
f 2913 2928 2921
f 2897 1039 2899
f 2921 2928 2930
f 2931 1052 2930
f 2930 1052 2921
f 2926 2913 2923
f 2928 2913 2926
f 2900 1039 1038
f 1038 2915 2900
f 2905 2904 2900
f 2904 2899 2900
f 2900 2899 1039
f 2910 1038 2907
f 2910 2915 1038
f 2910 2907 1035
f 1035 1036 2910
f 2910 1036 1048
f 1048 2915 2910
f 1048 2923 2918
f 2918 2915 1048
f 2923 2905 2918
f 2905 2900 2918
f 2918 2900 2915
f 1134 1153 262
f 1101 233 4597
f 660 674 672
f 672 667 660
f 2092 659 668
f 659 667 668
f 668 2096 2092
f 687 5464 680
f 2136 2140 4414
f 689 2140 2136
f 4414 2129 2136
f 2136 2129 675
f 2119 675 2124
f 2106 2116 2119
f 2119 2115 2106
f 2124 2115 2119
f 654 651 644
f 644 655 654
f 2055 643 652
f 2047 643 2055
f 2055 652 2056
f 2056 4371 2055
f 2055 4369 2047
f 4371 4369 2055
f 705 5466 706
f 706 709 705
f 705 2202 698
f 705 709 711
f 711 2202 705
f 5478 801 786
f 796 795 786
f 786 801 796
f 795 796 4505
f 4505 796 801
f 790 4505 797
f 791 4505 790
f 2159 2150 2169
f 2169 2150 2162
f 2101 2097 2099
f 2099 2105 2101
f 2090 2097 2101
f 2101 2105 2090
f 4399 4995 4996
f 4996 4400 4399
f 2089 4390 4399
f 4399 4400 2089
f 2162 2160 688
f 688 2169 2162
f 696 2169 688
f 689 687 688
f 688 2156 689
f 688 2160 2156
f 695 696 688
f 4397 2096 4994
f 4994 2096 4995
f 4996 4995 2102
f 4995 2096 2102
f 2102 2098 4996
f 2102 2109 2098
f 2102 668 2109
f 2096 668 2102
f 845 842 848
f 841 842 845
f 845 848 4527
f 4527 841 845
f 861 857 858
f 4536 857 861
f 870 862 4542
f 847 834 4527
f 4527 846 847
f 2558 834 847
f 853 846 4536
f 4508 2479 2469
f 2469 4510 2468
f 2469 2483 4510
f 2469 2479 2483
f 2468 2464 2469
f 2469 2464 4508
f 829 834 2535
f 827 816 4516
f 2530 2542 4520
f 4520 4519 2530
f 4519 2523 2530
f 2530 2531 2542
f 2490 4512 2499
f 2499 2504 2490
f 2631 2649 2642
f 2649 2656 2642
f 2642 2641 2631
f 2661 2647 2642
f 2642 2656 2661
f 2610 2624 2629
f 2629 2619 2610
f 2629 2624 862
f 862 870 2629
f 2559 2552 2553
f 2559 2555 4524
f 4524 4523 2559
f 4523 2552 2559
f 2542 2543 2548
f 2543 2552 2548
f 2537 2542 2548
f 2548 4522 2537
f 2548 2552 4522
f 2588 2598 2591
f 2553 2573 2560
f 2560 2559 2553
f 2560 2566 2565
f 2587 2588 2591
f 2587 4529 4528
f 2591 2578 2587
f 2578 4529 2587
f 2750 2747 915
f 915 2757 2750
f 923 105 4569
f 2731 2757 2742
f 2742 2741 2731
f 2742 2749 2748
f 2748 2741 2742
f 2651 4543 2638
f 4544 4543 2651
f 2651 2662 4544
f 2651 2647 2652
f 2652 2662 2651
f 2689 2714 2697
f 2696 2689 2697
f 2697 2706 2696
f 2707 2706 2697
f 2716 2697 2714
f 2721 2707 2716
f 2707 2697 2716
f 898 886 4551
f 898 2705 2700
f 898 2700 2694
f 2694 2680 898
f 898 2680 886
f 2679 2688 2693
f 2696 4550 2693
f 2693 4550 2679
f 2693 2689 2696
f 2693 2688 2689
f 966 2822 959
f 959 2822 2827
f 1047 1054 179
f 179 1042 1047
f 1041 1054 1047
f 1047 1042 1041
f 162 167 1020
f 169 161 1020
f 1020 161 162
f 1020 167 1002
f 1002 163 1020
f 1020 163 169
f 981 166 984
f 166 993 984
f 4578 981 984
f 984 993 4578
f 979 970 972
f 970 971 972
f 972 132 979
f 972 971 132
f 4578 983 973
f 973 964 4578
f 2854 2843 973
f 973 983 2854
f 2843 2836 973
f 973 2836 2830
f 2830 964 973
f 125 133 963
f 963 964 2829
f 970 964 963
f 963 133 970
f 963 2829 956
f 956 125 963
f 956 118 126
f 118 940 126
f 126 125 956
f 2796 930 931
f 931 2799 2786
f 113 2799 931
f 931 930 113
f 2786 2783 931
f 926 105 923
f 926 929 105
f 923 933 926
f 933 929 926
f 125 126 122
f 122 126 940
f 958 125 122
f 2806 113 938
f 938 940 2806
f 113 930 938
f 101 929 933
f 101 121 929
f 933 5487 101
f 5487 121 101
f 919 933 923
f 923 4569 919
f 919 4569 4563
f 904 910 4563
f 5491 910 904
f 904 890 5491
f 889 5488 897
f 889 897 4551
f 11584 11543 11592
f 11574 11543 11584
f 11584 11592 11630
f 11630 11574 11584
f 4606 3051 3052
f 3118 3119 3121
f 3118 3115 3119
f 3121 3104 3118
f 3104 3115 3118
f 1260 332 3146
f 3146 327 328
f 3146 332 3151
f 331 327 3146
f 3146 3151 331
f 1282 332 1266
f 1266 1273 1282
f 1282 1273 1278
f 1282 1278 1283
f 334 3151 3153
f 3153 1284 334
f 3333 1471 3334
f 3334 1464 3333
f 3333 1464 3329
f 3335 3336 3324
f 3324 3328 3323
f 3331 3328 3324
f 3194 3191 3187
f 3195 3203 1328
f 3195 3194 3187
f 3195 1328 1327
f 1329 1328 3205
f 1328 3203 3205
f 3205 1336 1345
f 3205 3203 1336
f 3197 3192 1323
f 1323 1337 3197
f 3187 3179 3197
f 3197 3179 3192
f 3164 3182 3170
f 3176 3175 3170
f 3169 3164 3170
f 3170 3175 3169
f 1299 3162 1304
f 1304 1302 1299
f 3162 3171 1304
f 3171 3173 1304
f 3160 3163 1291
f 1291 3159 3160
f 3160 3161 3163
f 3160 3159 1305
f 1305 3161 3160
f 3164 3161 3172
f 3185 3188 1310
f 3185 1309 3180
f 1310 1309 3185
f 3185 3180 3176
f 1319 3199 1324
f 1324 3188 1319
f 1319 3185 3176
f 3188 3185 1319
f 375 377 1339
f 1339 378 375
f 1339 383 378
f 1351 3210 1352
f 3210 383 1352
f 1352 383 389
f 1352 3216 1351
f 1353 3216 1352
f 377 3199 3206
f 3206 1339 377
f 3265 3263 1408
f 1408 3266 3265
f 3256 3263 3265
f 3265 1397 3256
f 3265 3266 1397
f 3248 3240 3258
f 3258 3261 3248
f 3248 3263 3256
f 3248 3261 3263
f 1415 1397 1414
f 3270 1397 1415
f 449 1424 1419
f 1419 448 449
f 1424 1402 1419
f 3270 1415 1419
f 1419 1415 452
f 1419 3268 3270
f 1419 1402 3268
f 3278 1441 458
f 448 1441 3278
f 1429 448 3278
f 3278 1435 1429
f 402 388 406
f 402 398 388
f 406 397 402
f 402 397 396
f 396 398 402
f 1343 1330 1335
f 1335 1341 1343
f 1330 386 1335
f 386 1341 1335
f 3267 1406 439
f 1403 3267 439
f 1404 436 439
f 439 1406 1404
f 433 1403 439
f 439 436 433
f 3233 3228 4632
f 4632 3228 4631
f 1372 3226 1369
f 1369 1367 1372
f 1372 3228 3226
f 4631 3228 1372
f 1372 1367 3223
f 3223 3232 1372
f 3250 3253 3235
f 3235 3253 3240
f 3235 1381 3250
f 1384 1381 3235
f 3256 1395 3255
f 3255 3248 3256
f 3252 3248 3255
f 3255 4634 3252
f 4635 4634 3255
f 1399 3262 1398
f 1398 3269 1401
f 1401 1399 1398
f 3271 3269 1398
f 1398 1402 3271
f 1395 1402 1398
f 1398 3262 1395
f 3242 1381 1379
f 3245 1381 3242
f 1379 1380 3242
f 1380 3245 3242
f 3219 412 3229
f 412 1381 3229
f 3229 1381 1384
f 3229 1368 3219
f 3229 1384 1368
f 1206 1209 296
f 296 1201 1206
f 1212 1209 1206
f 1206 1201 1212
f 3035 4602 4600
f 4600 3027 3035
f 4599 1174 3023
f 3023 3027 4599
f 3027 4600 4599
f 4599 3015 1174
f 4599 4600 3015
f 3012 1177 3016
f 3016 1177 1173
f 3016 1173 1164
f 1164 1165 3016
f 3016 1165 3012
f 3028 3027 1173
f 1173 1177 3028
f 3035 3027 3028
f 3026 3018 3011
f 3009 1174 3013
f 1174 3015 3013
f 3013 3015 1161
f 3060 4606 3052
f 3063 4606 3060
f 1198 3065 1199
f 1199 3069 1198
f 1199 4608 3067
f 3067 3069 1199
f 1191 3059 3062
f 3062 3065 1191
f 3062 3059 4608
f 4608 1199 3062
f 3062 1199 3065
f 263 1162 267
f 267 1162 272
f 268 1163 1165
f 268 1165 1143
f 1143 1141 268
f 1141 3000 268
f 1175 1181 1184
f 1181 1187 1184
f 1184 1170 1175
f 3037 1170 1184
f 3071 3072 1202
f 1202 308 1203
f 1202 3072 308
f 3066 1208 3068
f 4609 296 3075
f 3075 296 295
f 295 3072 3075
f 1195 1187 4609
f 4609 1208 1195
f 1195 3066 3061
f 1208 3066 1195
f 3096 3105 4612
f 4612 4611 3096
f 3090 3086 4612
f 3086 4611 4612
f 3091 1233 3096
f 3091 3089 1233
f 3096 4611 3091
f 1223 3089 1224
f 1224 3084 1223
f 1224 3091 4611
f 3089 3091 1224
f 3086 3084 1224
f 1224 4611 3086
f 3181 1314 1311
f 1298 1311 359
f 1311 1314 359
f 359 1314 3168
f 3168 3158 359
f 3158 1298 359
f 1307 1311 358
f 1311 355 358
f 358 366 1307
f 358 1306 366
f 358 355 1306
f 4621 1262 344
f 1262 1274 344
f 344 1280 4621
f 344 343 1280
f 344 1279 343
f 344 1274 1279
f 3341 477 495
f 3341 3343 477
f 3341 1479 3343
f 3310 3304 3322
f 3322 3325 3310
f 3310 3325 3330
f 1428 1427 450
f 1428 446 1412
f 1412 1427 1428
f 1440 1431 453
f 453 456 1440
f 1440 456 451
f 451 445 1440
f 1440 445 1431
f 459 460 1447
f 460 1456 1447
f 1459 1455 1462
f 1459 1456 1455
f 1459 1462 461
f 461 1456 1459
f 1478 1482 478
f 478 1473 1478
f 1484 1482 1478
f 1478 1473 1484
f 4663 3426 4662
f 4662 3441 4663
f 3435 3441 4662
f 4657 3397 4655
f 3397 3381 4655
f 4655 3412 4657
f 3401 3412 4655
f 3373 4651 4652
f 4652 3378 3373
f 4652 4653 3378
f 3384 4653 4652
f 4652 3376 3384
f 4652 4651 3376
f 3483 3488 3487
f 3463 3472 3483
f 3477 3463 3483
f 3483 3487 3477
f 3502 3488 3499
f 3499 3493 3502
f 3499 3492 3493
f 4687 1585 4694
f 1587 4687 4694
f 3481 3482 3492
f 3478 3474 3481
f 3481 3474 3482
f 3473 3465 3466
f 3473 3474 3478
f 3466 3474 3473
f 3461 3465 3460
f 3460 3455 3461
f 4665 3460 3465
f 3551 4686 3552
f 3552 4686 3558
f 3552 3558 3540
f 3540 3533 3552
f 3505 3490 3504
f 3510 3490 3505
f 3504 3506 3505
f 3506 3510 3505
f 3497 3508 3507
f 3507 3500 3497
f 3497 3514 3508
f 3500 3496 3497
f 3497 3496 3490
f 3497 3510 3514
f 3497 3490 3510
f 3545 3562 3557
f 3557 3556 3545
f 3573 3574 3579
f 3574 3584 3579
f 3579 3584 3570
f 3570 4689 3579
f 3579 4689 3573
f 4680 3525 3514
f 3563 4686 3551
f 3573 4688 3563
f 4688 4686 3563
f 3563 3564 3573
f 3563 3560 3564
f 3551 3546 4685
f 3544 3530 3541
f 3545 3556 3544
f 3512 4675 3502
f 4676 4675 3512
f 3502 3503 3512
f 4696 4697 3604
f 4695 3611 4696
f 3595 4695 3597
f 3604 3583 3597
f 3597 4696 3604
f 4695 4696 3597
f 3583 3578 3597
f 3619 3615 4697
f 4697 4696 3619
f 3619 4696 3611
f 3619 3611 3612
f 3619 3612 3620
f 3606 3611 3605
f 3605 3602 3606
f 3605 4695 3595
f 3605 3611 4695
f 3595 3592 4693
f 3592 3586 4693
f 4693 3586 4691
f 3601 3595 4693
f 4693 4691 3601
f 3653 3633 3647
f 3653 3657 3633
f 3658 3657 3653
f 3647 4706 3653
f 3653 4706 3658
f 3684 3666 3676
f 3666 3672 3676
f 3643 4699 3630
f 4700 4699 3643
f 3643 3630 3631
f 3805 3797 3806
f 3796 3797 3805
f 3805 4738 3796
f 3791 3796 3793
f 3793 3789 3791
f 3796 3783 3793
f 3793 3783 3789
f 4731 3774 4734
f 3774 4736 4734
f 3790 4734 4736
f 3791 3789 3790
f 3789 4734 3790
f 4768 1702 1696
f 1696 4759 4768
f 3807 3797 3791
f 4745 1668 4735
f 1667 4745 4735
f 1651 5398 1660
f 1660 1657 1651
f 1660 4735 1657
f 1650 1638 1651
f 1651 1657 1650
f 3469 3473 3478
f 4669 3473 3469
f 3478 3481 3469
f 3469 3481 4670
f 4671 3481 3492
f 4670 3481 4671
f 3472 4670 4671
f 4671 3483 3472
f 3480 3476 3477
f 3477 3484 3480
f 3480 1540 3476
f 3480 3484 1540
f 3489 3484 3485
f 3485 3490 3489
f 3489 3490 3491
f 3489 3491 1541
f 1541 3484 3489
f 4694 1601 1604
f 1604 1595 1605
f 1604 1601 1595
f 1538 1549 1548
f 1548 1543 1538
f 1548 1549 4666
f 4666 1543 1548
f 1569 5410 1566
f 1569 4687 4679
f 1589 1582 1594
f 1594 4694 1589
f 1576 5408 1581
f 5408 1585 1581
f 1581 4687 1576
f 1585 4687 1581
f 3511 3503 3493
f 1570 3511 1561
f 1570 1561 4679
f 4679 1561 1562
f 3587 3574 3581
f 3587 3593 3574
f 3623 3606 3618
f 3606 3602 3618
f 3637 3612 3627
f 3627 3606 3623
f 3627 3612 3606
f 3600 3593 1603
f 4694 1602 1603
f 3795 3786 4738
f 4733 3779 4731
f 3789 3783 4733
f 3778 3779 4733
f 4733 3783 3778
f 4731 4734 4733
f 4733 4734 3789
f 3778 3783 3782
f 4738 3786 4737
f 3796 4738 4737
f 4737 3783 3796
f 3786 3782 4737
f 4737 3782 3783
f 3837 4753 3841
f 3841 4753 3845
f 4746 4749 3824
f 4743 3814 4748
f 1656 3794 3802
f 3802 3804 1656
f 3802 4742 3804
f 3804 4742 3813
f 3813 1671 3804
f 3813 4742 4747
f 3739 3725 3735
f 3739 3741 3725
f 3639 3622 3635
f 3622 3634 3635
f 3580 3578 3582
f 3580 3577 3578
f 3582 1575 3580
f 1575 3577 3580
f 3829 3830 1672
f 1672 3827 3829
f 3829 3828 3830
f 3829 3827 3828
f 3848 3845 4754
f 4758 3848 4754
f 3854 3848 4758
f 3865 4762 4756
f 4756 4757 3865
f 3863 4755 4756
f 4755 4757 4756
f 3865 4757 3859
f 3866 3865 3859
f 3828 3848 3831
f 3831 3848 3854
f 3830 3828 3831
f 3831 3838 3830
f 7597 7590 7586
f 7586 7590 7587
f 7586 7587 7585
f 7586 7598 7597
f 7585 7592 7586
f 7586 7592 7598
f 7587 7590 10513
f 10513 10512 7587
f 10513 9904 9900
f 9900 10512 10513
f 9899 9906 7587
f 7587 10512 9899
f 10511 9906 9899
f 7577 10511 9899
f 9899 9898 7577
f 9900 9898 9899
f 9899 10512 9900
f 9912 9911 7597
f 9914 9911 9912
f 7605 9914 9912
f 9912 7597 9918
f 10519 9911 9914
f 9914 10520 10519
f 7591 7588 10519
f 10519 10520 7591
f 9926 9929 10528
f 9926 10528 10526
f 10526 9923 9926
f 9927 9929 9926
f 9926 7618 9927
f 9926 9923 7618
f 10509 10510 7569
f 7569 7562 10509
f 9896 10510 10509
f 10509 7562 9896
f 9931 10531 10532
f 10532 9932 9931
f 10532 10531 7629
f 7629 9932 10532
f 10535 10537 7624
f 7624 9932 10535
f 9939 10537 10535
f 10535 9938 9939
f 10535 9932 9938
f 7610 10528 10529
f 10529 9924 7610
f 10529 9925 9924
f 10528 9929 10529
f 10529 9929 9933
f 9933 9925 10529
f 10530 7627 10531
f 10530 10531 9928
f 10530 9925 9933
f 9933 7627 10530
f 9928 9924 10530
f 9924 9925 10530
f 8464 8446 8459
f 8446 8454 8459
f 10138 8472 10137
f 10138 8475 8472
f 8478 6615 6614
f 6614 8475 8478
f 6598 8447 6596
f 8428 6564 8431
f 5788 6629 6627
f 5803 8499 8496
f 8496 5789 5803
f 8555 6709 5849
f 5849 6709 5838
f 5849 6718 8555
f 5838 6724 5849
f 6724 6718 5849
f 5848 6724 5841
f 5848 6726 6724
f 5841 8557 5848
f 8515 8505 8511
f 8515 8507 8505
f 6697 5835 5833
f 6697 5829 8549
f 5839 5835 6697
f 6697 8549 5839
f 5839 8549 6700
f 6700 6698 5839
f 8513 8525 8533
f 8525 10145 8533
f 6682 6700 8549
f 6698 6700 6682
f 6682 6681 8539
f 8546 6698 6682
f 6682 8539 8546
f 6682 8549 8541
f 8541 6681 6682
f 6684 6687 6674
f 6674 5823 10140
f 6674 6687 5823
f 5828 6688 5824
f 5824 6687 5828
f 6684 5829 5828
f 5828 6687 6684
f 8541 5829 6680
f 6680 5829 6684
f 6680 6681 8541
f 8518 8512 8513
f 8511 6665 8508
f 8508 6665 6663
f 8508 6666 8511
f 6663 6666 8508
f 6487 6491 8327
f 6487 6492 6491
f 8354 6492 6487
f 8327 8326 6487
f 5688 5687 8360
f 5687 5685 8360
f 8360 8361 5688
f 8358 8361 8360
f 5682 8358 8360
f 8360 5685 5682
f 5700 5698 8364
f 8364 6512 5700
f 5699 5689 6507
f 5698 5689 5699
f 6519 5699 6524
f 6538 8408 5723
f 8407 8408 6538
f 5729 6555 5728
f 8407 6544 5729
f 10120 6512 6515
f 6560 8427 6557
f 6561 8427 6560
f 6561 6560 6567
f 6562 6561 8419
f 6562 8427 6561
f 8346 8348 8328
f 8356 8348 8346
f 6506 5705 8359
f 8359 8348 6506
f 8188 8191 6426
f 6426 8183 8188
f 8181 6421 8177
f 8183 6421 8181
f 6420 6410 8158
f 6466 8294 8302
f 6466 8308 6477
f 8302 8308 6466
f 6466 6477 10111
f 8314 8309 8320
f 8314 8308 8309
f 8320 6477 8314
f 6477 8308 8314
f 8259 8247 8242
f 8242 8241 8233
f 8246 8247 8254
f 8246 8254 6447
f 8246 8242 8247
f 8290 8294 8289
f 8266 8274 8273
f 10103 6462 6463
f 6463 6464 6461
f 6461 10103 6463
f 6463 6466 10111
f 6465 6464 6463
f 6463 10111 6465
f 6462 8283 6463
f 8289 8294 6463
f 8294 6466 6463
f 8345 8326 8328
f 8345 8348 8354
f 8328 8348 8345
f 8354 6487 8345
f 8345 6487 8326
f 8357 8344 6505
f 5704 5706 6517
f 8204 8200 8201
f 8201 8200 8192
f 8201 8210 8204
f 8201 8211 8210
f 8221 8211 8201
f 8241 6446 8237
f 6446 8232 8237
f 8233 8241 8237
f 8237 8232 8233
f 6154 6152 6153
f 6152 6151 6153
f 6153 6146 6154
f 6153 9833 6146
f 6153 6151 9833
f 10521 7592 9908
f 10521 10522 7592
f 9918 9915 10524
f 9939 9938 7634
f 7634 9940 9939
f 7634 9938 7629
f 7646 7645 7653
f 9954 9953 7670
f 9953 7661 7670
f 7846 7843 7860
f 10003 7818 10005
f 6329 5351 6339
f 7781 9987 9990
f 9987 7779 9990
f 7748 7743 9983
f 9983 7753 7748
f 7958 6338 7954
f 7958 7969 6338
f 7891 7904 7898
f 7898 7897 7891
f 7902 7897 7898
f 7898 7903 7902
f 7934 7927 10033
f 10033 7927 7921
f 7895 7900 7899
f 7900 7901 7899
f 7899 7901 7891
f 6351 7980 7989
f 7957 7948 7943
f 7980 7970 7981
f 7990 7989 7981
f 7981 7989 7980
f 8016 6363 8011
f 8016 8021 6363
f 8076 8077 8084
f 8063 6381 6375
f 10059 6374 6375
f 10067 6389 6383
f 10067 6383 6380
f 6392 6389 10067
f 10067 6391 6392
f 10067 6375 6381
f 6380 6376 10067
f 10059 6375 10067
f 10067 6373 10059
f 6376 6373 10067
f 8084 8077 8085
f 8036 8027 8037
f 8037 8043 8036
f 8036 8043 6374
f 6374 6364 8036
f 10075 6394 6406
f 6406 6394 8119
f 10073 8092 10072
f 8092 8093 10072
f 10072 8093 8104
f 8146 8157 8127
f 8127 8157 8144
f 8059 8044 8037
f 8037 8049 8059
f 8082 8070 10070
f 10070 10071 8082
f 5338 5694 5710
f 5691 6499 5710
f 6496 6493 6503
f 6503 6499 6496
f 6550 5721 5345
f 5721 5717 5345
f 5342 5721 5340
f 5342 5717 5721
f 8228 8214 8224
f 8205 8198 8187
f 10055 6365 6366
f 6359 6365 10055
f 10077 10066 6400
f 7876 7872 7893
f 7707 9967 9968
f 7543 7536 7533
f 7543 7544 7536
f 6355 5349 6359
f 6355 6347 5349
f 6359 10055 6355
f 5349 6347 6330
f 6347 6343 6330
f 8099 8114 8117
f 6423 8157 8146
f 6433 8157 6423
f 8176 6432 8180
f 6432 8185 8180
f 8180 8161 8176
f 8173 6432 8176
f 8176 8161 8173
f 6433 6432 8173
f 8173 8168 6433
f 5334 6460 6470
f 6470 6467 5334
f 10101 6467 6470
f 10101 10113 6471
f 10086 6432 6433
f 10086 10092 6432
f 6433 6423 10086
f 10077 6422 10086
f 6422 6427 10086
f 6428 5339 6439
f 5339 6443 6439
f 6439 6443 10092
f 6418 6422 10077
f 10077 6415 6418
f 6418 6415 6412
f 6418 6412 5341
f 5341 6422 6418
f 6372 5344 6387
f 6764 5864 6782
f 5370 5372 5891
f 5891 6782 5370
f 5900 5891 5372
f 6858 6832 6829
f 6829 6824 6858
f 6814 6810 6812
f 6820 6810 6814
f 6812 5908 6814
f 5908 6820 6814
f 5901 6797 5895
f 10171 6833 6825
f 8686 6826 6825
f 6825 8690 8686
f 6778 6765 10159
f 6753 5885 10159
f 5884 5885 5886
f 6743 8579 6737
f 8611 8612 8616
f 8616 8612 8619
f 8619 10156 8616
f 6773 6772 5897
f 8620 6772 6773
f 8612 6772 8620
f 8619 8612 8620
f 8620 8623 8619
f 6773 6770 8620
f 8620 6770 8623
f 8624 8612 8622
f 8624 8622 6778
f 8553 8557 5841
f 6695 6693 6692
f 6692 8551 6695
f 6692 8553 8551
f 6737 6726 8559
f 6726 5848 8559
f 8559 5848 8557
f 10157 10156 8619
f 8619 8623 10157
f 6762 6763 6761
f 6761 8600 8615
f 6761 6763 8600
f 6775 5894 5890
f 5890 8629 6775
f 6775 8629 6762
f 5391 6002 5996
f 5996 5999 5389
f 5996 6002 5999
f 6006 5391 6955
f 6006 6002 5391
f 6876 6888 5954
f 6888 5955 5954
f 5954 5947 6876
f 6877 5947 5954
f 5954 5955 6877
f 7883 7884 7885
f 7885 7889 7883
f 7885 7884 7895
f 7891 7890 7885
f 7890 7889 7885
f 7885 7899 7891
f 7895 7899 7885
f 7814 7818 7799
f 7799 7810 7814
f 4639 3284 1437
f 1437 3291 4639
f 3291 3295 4639
f 1438 1417 3282
f 1438 1439 1417
f 3282 3284 1438
f 3277 3290 3281
f 3277 3284 3290
f 3281 3280 3277
f 3277 1438 3284
f 1439 1438 3277
f 3277 3280 3276
f 3276 1439 3277
f 1378 1377 3246
f 1377 3241 3246
f 3246 3249 1378
f 3246 1386 3249
f 3246 3241 1386
f 11055 11123 11112
f 11112 11101 11055
f 11175 11166 11112
f 11112 11123 11175
f 11112 11166 11157
f 11157 11101 11112
f 11090 11079 11034
f 11034 11101 11090
f 11148 11079 11090
f 11090 11101 11148
f 11218 11210 11171
f 11171 11229 11218
f 11261 11210 11218
f 11218 11229 11261
f 11192 11200 11245
f 11245 11208 11252
f 11245 11200 11208
f 11245 11283 11277
f 11252 11289 11245
f 11289 11283 11245
f 10766 10772 10810
f 10810 10772 10778
f 10835 10785 10795
f 10880 10868 10835
f 10835 10890 10880
f 10859 10907 10898
f 10898 10851 10859
f 10851 10810 10859
f 12057 12015 12020
f 12020 12061 12057
f 12052 12015 12057
f 12057 12094 12052
f 12057 12098 12094
f 12057 12061 12098
f 701 2224 2228
f 2228 2229 701
f 2233 2236 704
f 704 2229 2233
f 718 717 2260
f 2260 2266 718
f 724 4451 718
f 4451 717 718
f 718 2271 724
f 718 2266 2271
f 2289 2293 725
f 2292 2279 2273
f 2279 2278 2273
f 2273 2278 2271
f 2271 2272 2273
f 2260 2253 4452
f 4452 2266 2260
f 4452 2272 2266
f 2253 4453 4452
f 4484 763 761
f 4484 758 764
f 764 765 4484
f 761 756 4484
f 766 763 4484
f 4476 758 4484
f 4484 756 4476
f 4484 765 4496
f 4484 767 766
f 4484 4496 767
f 744 2341 2346
f 2346 757 744
f 744 757 4476
f 4476 741 744
f 2314 740 2305
f 2314 2321 740
f 2305 2306 2314
f 2359 2342 2348
f 2345 4480 2348
f 2348 2335 2345
f 2348 2342 2335
f 2323 2322 2317
f 2311 2317 2294
f 2294 2306 2305
f 2322 2306 2294
f 2294 2317 2322
f 4472 2339 2328
f 4462 4465 2292
f 4442 2232 4441
f 4472 2330 4471
f 2360 4480 2344
f 2344 2343 2339
f 2344 4480 2345
f 2345 2343 2344
f 2276 4454 4455
f 4443 4442 4447
f 2232 4442 4443
f 4439 4438 4443
f 4443 4438 2232
f 2365 2357 2358
f 2358 4483 2365
f 2358 2357 2347
f 4485 4483 2358
f 2347 2366 2358
f 2358 2366 4485
f 2217 4438 2223
f 2217 2223 2201
f 2217 2213 2218
f 2218 4438 2217
f 2217 2201 2191
f 2191 2213 2217
f 2230 2233 2229
f 2230 2237 2236
f 2236 2233 2230
f 2225 4440 2235
f 2235 4440 4445
f 2242 2237 2243
f 2250 2242 2243
f 2253 2252 2243
f 2243 2252 2250
f 2254 2243 2237
f 2239 2235 4445
f 2238 2235 2239
f 2210 2215 2214
f 2209 2205 2210
f 2210 2214 2209
f 2205 2221 2210
f 2210 2221 2227
f 2227 2231 2210
f 2231 2215 2210
f 2960 2961 2965
f 2960 1096 2958
f 2960 2958 1108
f 1108 2961 2960
f 4592 2965 2973
f 2959 2955 4592
f 2943 2940 216
f 1077 2940 2943
f 2943 1093 1077
f 4589 1068 1061
f 1068 1069 1061
f 1061 2930 2928
f 1061 1069 2931
f 2931 2930 1061
f 1108 1092 2954
f 1092 2945 2954
f 2939 1071 1070
f 2941 1071 2939
f 1070 208 2939
f 208 2941 2939
f 2935 2933 1053
f 1053 1071 2935
f 2935 1071 1073
f 2935 1058 2933
f 1073 1058 2935
f 2982 2989 2991
f 2992 1121 2991
f 1121 2982 2991
f 2991 1132 2992
f 2991 2989 1132
f 2974 2984 2987
f 2987 2989 2974
f 223 1100 219
f 223 1099 1100
f 232 1099 223
f 223 1098 232
f 219 1098 223
f 2971 2968 1101
f 1043 187 1046
f 2924 187 1043
f 1043 1044 2924
f 2901 1033 2895
f 2895 2896 2901
f 2880 153 160
f 160 2882 2880
f 151 153 2880
f 2880 1001 151
f 4583 2899 2904
f 2892 2895 1018
f 1015 1011 2885
f 2885 2886 1015
f 1011 1010 2885
f 2885 1010 1012
f 1012 2883 1029
f 1029 2885 1012
f 2887 2886 1029
f 2886 2885 1029
f 4588 1056 2919
f 4588 2925 1056
f 2927 2925 1051
f 1051 1052 2933
f 2921 1052 1051
f 1051 2925 2921
f 1055 2927 1051
f 2933 1058 1051
f 1051 1058 1055
f 4359 4973 4358
f 4357 4969 4359
f 4359 4358 4357
f 4363 4973 4359
f 4359 4969 2037
f 2037 4363 4359
f 4977 4370 4368
f 4368 4976 4977
f 4977 4979 4370
f 4977 2063 4979
f 2056 2063 4977
f 4977 4976 2056
f 2070 2078 2073
f 2070 2071 2069
f 2070 2073 2071
f 2082 2078 2070
f 2069 2076 2070
f 2076 2082 2070
f 2039 4367 2046
f 2051 2040 2046
f 2040 2039 2046
f 2046 4367 2049
f 2050 2051 2046
f 2046 2049 2050
f 2041 2034 2030
f 2030 2029 2036
f 2036 2042 2030
f 2042 2041 2030
f 2041 4361 4360
f 4360 2034 2041
f 4352 4347 2029
f 4981 4379 4375
f 4981 4980 4379
f 2054 4980 4981
f 4375 4374 4981
f 4981 4374 2054
f 4978 2045 4376
f 4376 4980 4978
f 2048 2045 4978
f 4978 4980 2048
f 4344 2002 2003
f 2019 2016 4344
f 4343 2002 4344
f 4344 2016 4343
f 2003 2012 4344
f 4344 2012 2019
f 2033 4968 4966
f 4966 2024 2033
f 4966 4968 4353
f 4353 4351 4966
f 4351 2024 4966
f 4984 4381 4983
f 4984 4382 4381
f 4983 2073 4984
f 2073 4382 4984
f 4990 2080 2074
f 2074 4989 4990
f 4392 2080 4990
f 4990 4989 4392
f 2583 2564 2577
f 2564 2572 2577
f 2577 2572 2578
f 2555 2556 2554
f 2554 2551 2555
f 2556 2539 2554
f 2539 2551 2554
f 2621 851 2613
f 851 850 2613
f 2613 850 2608
f 2613 2614 2621
f 2608 2603 2613
f 2613 2603 2614
f 2634 2622 2614
f 2614 2623 2634
f 2634 4541 2638
f 2634 4539 4541
f 2634 2623 4539
f 4530 4531 2583
f 2583 2577 4530
f 4530 2577 2578
f 4530 2578 2591
f 2591 4531 4530
f 2594 2611 2603
f 2594 2593 2585
f 2585 2600 2594
f 2600 2611 2594
f 2594 2602 2593
f 2594 2603 2602
f 4565 2762 2756
f 2743 2745 2728
f 2728 2740 2743
f 2754 2755 2759
f 2754 2749 2755
f 2730 2731 2737
f 2731 2741 2737
f 2737 2726 2730
f 2737 4558 2726
f 2741 4558 2737
f 4556 2719 2730
f 4556 4555 2719
f 2715 2703 4556
f 2703 4555 4556
f 2706 2711 2702
f 2702 2711 2712
f 2712 4555 2702
f 2702 4555 2703
f 2685 877 876
f 876 2681 2685
f 2687 877 2685
f 2685 2681 2677
f 2685 2686 2687
f 2685 2677 2686
f 2628 2643 2636
f 2636 2643 2653
f 2636 2653 2645
f 2635 2628 2636
f 2636 2644 2635
f 2645 2644 2636
f 2659 2660 2664
f 2660 2669 2664
f 866 2659 2664
f 2664 2669 866
f 2460 2456 2465
f 2455 2456 2460
f 2460 2465 793
f 793 2455 2460
f 4506 2451 2450
f 2451 2449 2450
f 2450 4504 2457
f 2450 2449 2445
f 2445 4504 2450
f 2457 2461 2450
f 2450 2462 4506
f 2450 2461 2462
f 2426 2435 2414
f 2414 2422 2426
f 2403 2422 2414
f 2414 2435 2425
f 2413 2403 2414
f 2425 2424 2414
f 2406 4498 2412
f 2406 2405 4498
f 2404 2405 2406
f 2379 2388 2394
f 4500 4499 2429
f 2389 2384 4488
f 2388 2384 2389
f 4488 4489 2400
f 2400 2389 4488
f 2399 2389 2400
f 2385 4483 4485
f 4488 2384 2385
f 2378 4483 2385
f 2385 2384 2378
f 2385 4485 4486
f 4486 4488 2385
f 2427 4501 2426
f 2427 2422 4500
f 2426 2422 2427
f 2441 4501 2427
f 2440 2454 2447
f 2454 2464 2447
f 2447 2464 2456
f 2447 2446 2440
f 2455 2446 2447
f 2447 2456 2455
f 2462 2461 2458
f 2458 2461 2457
f 2419 780 2413
f 2419 2424 780
f 2413 2414 2419
f 2419 2414 2424
f 784 2439 2444
f 784 781 2439
f 2444 2446 784
f 784 2455 793
f 784 2446 2455
f 793 4503 784
f 4503 781 784
f 2398 768 765
f 2402 768 2398
f 998 999 145
f 5094 141 145
f 145 143 5094
f 1008 2881 1007
f 148 1008 1007
f 1007 1010 2879
f 1007 2877 148
f 2879 2877 1007
f 1007 2881 1012
f 1012 1010 1007
f 140 139 138
f 2851 140 138
f 138 2852 2851
f 134 967 965
f 134 129 967
f 134 135 129
f 2852 138 134
f 134 138 135
f 965 960 134
f 136 135 977
f 977 978 137
f 137 136 977
f 139 978 977
f 977 138 139
f 135 138 977
f 2861 2864 2860
f 2860 2856 2861
f 2873 976 975
f 2870 2872 2861
f 994 2872 2870
f 2865 2875 988
f 2865 2872 2875
f 2861 2872 2865
f 988 987 2865
f 2865 987 2869
f 2869 2864 2865
f 2865 2864 2861
f 961 2831 2834
f 961 2834 962
f 962 2834 2839
f 4570 961 962
f 962 960 4570
f 962 134 960
f 937 98 99
f 2805 2803 99
f 944 951 939
f 939 941 944
f 944 941 111
f 4570 951 944
f 944 111 4570
f 932 95 100
f 100 109 932
f 97 94 932
f 94 95 932
f 110 100 937
f 110 109 100
f 2810 109 110
f 2794 2793 928
f 2783 2793 2794
f 2794 931 2783
f 2784 2760 2777
f 928 2793 2784
f 2776 2760 2784
f 2784 2793 2776
f 2765 2769 2764
f 2765 2770 2769
f 2764 2753 2765
f 2765 2753 2773
f 2773 2779 2765
f 2765 2779 2772
f 2772 2770 2765
f 2801 2791 2797
f 2797 2788 2801
f 2801 2788 935
f 119 2791 2801
f 2801 935 120
f 120 119 2801
f 948 947 118
f 2820 947 948
f 948 959 2820
f 966 959 948
f 948 118 956
f 956 966 948
f 2838 2848 2847
f 2847 2848 2855
f 922 924 2802
f 2802 924 2805
f 93 922 2802
f 917 2789 2798
f 2798 922 917
f 2798 924 922
f 2798 2803 924
f 2789 2792 2798
f 2792 2803 2798
f 2813 2817 945
f 945 942 2813
f 2817 2813 2814
f 7117 7126 10227
f 7126 7117 9073
f 9073 7117 9063
f 9073 9064 9074
f 9073 9063 9064
f 10285 7238 7232
f 10285 10295 7238
f 10285 7231 7233
f 7233 7237 10285
f 10285 7237 10295
f 7230 7221 5427
f 5427 7231 7230
f 7227 7221 7230
f 7230 10285 7227
f 7231 10285 7230
f 7208 7221 7220
f 7215 7208 7220
f 7220 7221 7227
f 9287 7212 7216
f 7216 9292 9287
f 9298 9292 7216
f 7216 7229 9298
f 9311 7229 9313
f 9307 7229 9311
f 9313 9300 9311
f 9300 9307 9311
f 7196 7202 7197
f 7197 7195 7196
f 7197 7202 10266
f 5423 7195 7191
f 7183 5423 7191
f 7190 7183 7191
f 7191 10252 7190
f 10266 7202 7207
f 7207 7211 10266
f 7207 7202 7196
f 7214 7208 7215
f 7175 5421 7182
f 5421 7185 7182
f 7182 10252 7175
f 7182 7185 10252
f 7142 7139 7136
f 7136 7146 7142
f 9214 10257 9213
f 9214 9209 10256
f 9213 9209 9214
f 10256 9218 9214
f 9218 9223 9214
f 9214 9223 9226
f 9226 10257 9214
f 9139 9160 9145
f 9160 9164 9145
f 9145 9155 9154
f 9145 9164 9170
f 9170 9155 9145
f 9145 9154 9152
f 9145 9144 9139
f 9152 9144 9145
f 9182 9190 9166
f 9166 9155 9182
f 9182 9155 9170
f 9191 9178 9190
f 9191 9195 9178
f 9171 9164 10247
f 9170 9164 9171
f 9171 10248 9170
f 9038 9054 9057
f 7131 9065 9057
f 9057 9054 7132
f 7132 7131 9057
f 9067 9065 7131
f 9067 7141 9076
f 9067 7131 7141
f 9076 9059 9067
f 7132 9054 9050
f 9050 9042 7132
f 9054 9030 9050
f 9050 9030 9042
f 9031 7120 9035
f 7120 9042 9035
f 9035 9042 9022
f 9017 9031 9035
f 9035 9022 9017
f 9149 7172 9156
f 9156 9141 9149
f 9114 9105 9096
f 9121 9105 9114
f 9081 10230 10231
f 9070 9066 10228
f 10228 10230 9070
f 9034 9025 9029
f 9034 9037 9025
f 9029 9030 9034
f 9030 9037 9034
f 9038 9057 9049
f 9049 9057 9065
f 9049 9048 9038
f 9065 9067 9049
f 9049 9067 9059
f 9072 9071 9069
f 9069 9059 9076
f 9076 9080 9069
f 7141 7140 9084
f 9084 9080 7141
f 9072 9069 9084
f 9084 9069 9080
f 9058 9049 9059
f 9058 10224 9044
f 10225 10224 9058
f 9112 9100 9101
f 9141 9140 9130
f 9149 9141 9130
f 9130 9143 9149
f 9120 9137 9130
f 9137 9143 9130
f 7057 8900 6072
f 6072 8901 7057
f 7057 8902 8900
f 7057 8901 8902
f 10198 8893 7041
f 10197 8893 10198
f 8885 10197 10198
f 8889 8885 10198
f 10198 7041 8889
f 8910 6083 8900
f 8910 8905 6083
f 8914 8905 8910
f 8900 8902 8910
f 8902 8914 8910
f 6099 7102 7099
f 7099 7092 6099
f 7083 7092 7099
f 7099 7102 10208
f 10208 7083 7099
f 7087 7086 6099
f 6099 7092 7087
f 7083 7086 7087
f 7087 7092 7083
f 8821 8819 6978
f 6978 8822 8821
f 8821 8812 8819
f 6967 8812 8821
f 8821 8822 6967
f 6959 6006 6955
f 6002 6006 6959
f 6944 6000 5997
f 5999 6002 6944
f 6002 6959 6944
f 8726 8720 8738
f 8738 8746 8726
f 8726 8725 8720
f 8731 8725 8726
f 8576 8580 6730
f 6729 8566 8570
f 8570 8573 6729
f 6739 8580 8587
f 8587 8589 6739
f 8558 5843 8555
f 8555 6727 8558
f 8607 10157 8615
f 10156 10157 8607
f 8640 6791 8633
f 8640 8642 6791
f 8633 6793 8640
f 6794 8642 8640
f 8640 6793 6794
f 10163 8651 8646
f 8681 6826 8686
f 8681 8678 6826
f 6826 6815 10168
f 6806 6810 10168
f 10168 6815 6806
f 10171 6825 10168
f 10168 6825 6826
f 6824 6829 10168
f 6820 6824 10168
f 10168 6810 6820
f 10168 6832 10171
f 10168 6829 6832
f 6798 8655 8658
f 8658 8664 6798
f 8658 8655 6806
f 6806 6815 8658
f 6815 8664 8658
f 8692 6833 8695
f 8692 6825 6833
f 8685 8698 8689
f 8685 8695 8698
f 8689 8688 8685
f 8685 8692 8695
f 8680 8692 8685
f 8684 8680 8685
f 8685 8688 8684
f 8686 8673 8662
f 8662 8681 8686
f 8662 8653 8678
f 8678 8681 8662
f 8630 6770 6773
f 6773 5897 8630
f 5894 6775 8630
f 6783 5894 8630
f 8630 5897 6783
f 8625 6770 8630
f 6795 6807 6803
f 8634 6797 6795
f 6795 6797 6807
f 6794 6793 8645
f 8645 6795 6803
f 6793 6795 8645
f 5890 8634 6788
f 5888 5890 6788
f 8634 6795 6788
f 6788 6795 6793
f 6788 8633 5888
f 6788 6793 8633
f 8687 6818 8683
f 8683 8666 8677
f 6819 8666 8683
f 8683 6818 6819
f 8677 10169 8683
f 8643 8641 8639
f 8639 8641 8638
f 8646 8651 8639
f 8639 8651 8656
f 8654 8650 8659
f 8654 8649 8650
f 8654 8659 6801
f 6801 8649 8654
f 9705 7373 9707
f 9703 7373 9705
f 10397 9644 9651
f 10397 10400 9644
f 9651 9660 10397
f 9660 10400 10397
f 9645 10391 9647
f 9647 9648 9645
f 9647 10391 10387
f 10387 10386 9647
f 10394 10396 9647
f 9647 10386 10394
f 9647 10396 9654
f 9654 9648 9647
f 9694 10424 9695
f 9695 10424 10423
f 9697 9703 9695
f 9687 9694 9688
f 9687 10424 9694
f 9687 10414 10423
f 10423 10424 9687
f 9688 9686 9687
f 9686 10420 9687
f 9687 10420 10418
f 10418 10414 9687
f 10434 10435 9717
f 10427 9706 10434
f 10434 9717 10433
f 10433 10427 10434
f 9706 9702 10436
f 10436 10434 9706
f 10435 10434 10436
f 9715 10435 10436
f 9711 9715 10436
f 10436 9702 9711
f 9717 10435 10440
f 10440 9716 9717
f 10440 9727 9716
f 9724 9727 10440
f 10441 9724 10440
f 10440 10435 10441
f 9610 9606 10367
f 9609 9606 9610
f 9610 9613 9609
f 9610 9620 9613
f 10367 9615 9610
f 9615 9619 9610
f 9610 9619 9622
f 9622 9620 9610
f 10375 9620 9622
f 10375 10378 9620
f 10375 9622 9623
f 9623 10378 10375
f 9523 9535 9543
f 9543 9531 9523
f 9543 9550 9531
f 7319 9550 9543
f 9535 7312 9543
f 9543 7312 7319
f 9524 9520 7306
f 7306 9526 9524
f 9524 9505 9520
f 9529 9533 9519
f 9529 9526 7306
f 7306 7312 9529
f 9529 7312 9533
f 10342 10339 9530
f 9530 9528 10342
f 10342 9517 10339
f 9521 9528 9527
f 9501 9517 9521
f 9517 10342 9521
f 9521 10342 9528
f 9521 10340 9501
f 9521 9527 10340
f 10357 9574 9568
f 9568 9566 10357
f 9579 10362 10357
f 10357 9566 9579
f 10344 10345 9545
f 10345 10347 9545
f 9545 10343 10344
f 9537 10343 9545
f 9563 9549 9542
f 9539 9538 9541
f 9539 9536 9538
f 9539 9541 7299
f 7299 9536 9539
f 9373 9374 9375
f 9375 9378 9373
f 9375 9383 9378
f 10305 9405 9406
f 9406 7246 9399
f 9406 9405 7246
f 10293 9359 9356
f 10293 9356 9370
f 10298 10294 10293
f 10293 9370 10298
f 9337 9359 9344
f 9337 9344 9343
f 9343 9341 9337
f 9337 9341 9336
f 9336 9333 9337
f 9343 9344 9350
f 9350 7226 9343
f 9350 9358 7226
f 9369 9373 7241
f 7241 9360 9369
f 9369 9374 9373
f 9360 9358 10292
f 10292 9369 9360
f 9286 9277 9278
f 9290 9300 9299
f 9299 9289 9290
f 9290 9307 9300
f 9290 9286 9278
f 9289 9286 9290
f 9278 9298 9290
f 9298 9307 9290
f 10284 9346 9345
f 9345 10283 10284
f 9346 9347 9345
f 9347 9349 9345
f 9345 9339 10283
f 9345 9349 9339
f 9352 9353 9361
f 9347 9353 9352
f 9352 9349 9347
f 9352 9361 10288
f 10288 10287 9352
f 9352 10287 9339
f 9339 9349 9352
f 9313 7229 7228
f 7228 9318 9313
f 7228 10285 7232
f 9319 9318 7228
f 7232 9322 7228
f 7228 9322 9319
f 9305 9309 9308
f 9304 9300 9305
f 9305 9300 9313
f 9313 9318 9305
f 9305 9318 9319
f 9319 9309 9305
f 7204 7203 10266
f 9246 7203 7204
f 7186 9212 9204
f 9215 9212 7186
f 7186 9216 9215
f 9210 9218 10254
f 9190 9182 10250
f 9146 9147 9157
f 10247 9160 10246
f 9160 9153 10246
f 9215 9216 9200
f 9200 9212 9215
f 9175 9171 10247
f 10247 10246 9175
f 9175 10246 9167
f 9306 9296 9304
f 9308 9296 9306
f 9304 9305 9306
f 9306 9305 9308
f 10272 9296 9308
f 9308 9316 10272
f 10272 9316 10277
f 10272 10277 9303
f 10271 9299 9304
f 9304 9296 10271
f 10271 10270 9299
f 10271 9291 10270
f 9296 9291 10271
f 9303 9285 9297
f 9285 9281 9297
f 9297 10272 9303
f 9296 10272 9297
f 10262 9240 10261
f 9249 9240 10262
f 10261 9247 10262
f 10262 9247 9257
f 9250 9251 9255
f 9249 9251 9250
f 9250 9255 9235
f 9235 9249 9250
f 10267 9259 10265
f 10265 9266 10267
f 10265 9251 9266
f 9255 9251 10265
f 10265 9259 9255
f 9287 9267 9279
f 9279 7212 9287
f 9279 9274 7212
f 9279 9267 9261
f 9261 9274 9279
f 9258 9265 9268
f 9219 9231 9239
f 9239 9243 9219
f 9231 7203 9239
f 7203 9243 9239
f 7278 9462 9459
f 7278 9459 9453
f 7278 7293 9467
f 9467 9462 7278
f 10318 10327 7278
f 7278 10327 7293
f 9467 7293 9473
f 7293 9477 9473
f 9473 9458 9467
f 9473 9466 9458
f 9477 9466 9473
f 9453 10317 9445
f 9430 9414 9428
f 9428 9414 9424
f 9428 7272 9430
f 9424 7272 9428
f 9430 9438 9418
f 9418 9414 9430
f 9424 9414 9409
f 9403 9420 9409
f 9413 9409 9414
f 9424 9409 9423
f 9423 9409 9420
f 7267 9412 9407
f 9416 9412 7267
f 9367 9366 9370
f 9367 9365 9366
f 9370 9356 9367
f 9356 9365 9367
f 9346 9348 9354
f 9354 9347 9346
f 9354 9357 9347
f 9354 7239 9357
f 9348 7239 9354
f 9388 9381 10299
f 10299 9389 9388
f 10294 9389 10299
f 9381 9380 10299
f 9392 9382 7252
f 9398 10300 9392
f 9392 10300 9371
f 9371 9382 9392
f 9362 9372 9376
f 9376 9366 9362
f 10295 7252 7253
f 7253 7239 10295
f 7253 9376 9372
f 7252 9376 7253
f 9463 9461 10325
f 10325 9469 9463
f 7269 9451 9455
f 9455 9464 7269
f 10322 9464 9455
f 9476 9468 10324
f 9468 9464 10324
f 10324 10329 9476
f 9447 10320 9456
f 10319 10320 9447
f 10315 9439 9440
f 10312 10313 9440
f 10313 10315 9440
f 9440 10311 10312
f 9419 10311 9427
f 9419 9427 7258
f 7258 9405 9419
f 9419 9405 10305
f 9427 10311 9432
f 9432 9439 9433
f 9432 9440 9439
f 10311 9440 9432
f 9431 9434 7259
f 7258 9427 9431
f 9431 7259 7258
f 9427 9432 9431
f 9433 9434 9431
f 9431 9432 9433
f 9446 9442 9451
f 9451 7261 9446
f 9436 9434 9433
f 7259 9434 9436
f 9436 7261 7259
f 9484 9475 9471
f 9458 9466 9465
f 10321 10320 9465
f 9448 9450 9454
f 9444 9448 9454
f 9514 9529 9519
f 9526 9529 9514
f 9519 9518 9514
f 9514 9524 9526
f 9505 9524 9514
f 9504 9505 9513
f 9505 9514 9513
f 10335 10334 9513
f 9513 10334 9504
f 9513 9507 10335
f 9475 9491 10332
f 10332 9493 9495
f 10332 9491 9502
f 9502 9493 10332
f 10330 9475 10332
f 10332 9495 10330
f 9495 9493 9492
f 9492 9493 9494
f 9487 10331 9492
f 10331 9495 9492
f 9685 7366 7369
f 9685 10421 10417
f 9685 10417 9676
f 9676 7366 9685
f 9692 10416 10422
f 10422 10416 10577
f 10577 10421 10422
f 7360 9666 9665
f 9665 9661 7360
f 9655 9661 9665
f 9665 9656 9655
f 9665 9666 9656
f 9657 9658 10395
f 10395 10393 9657
f 10395 9658 10389
f 10389 10393 10395
f 10559 10393 10389
f 10558 10393 10559
f 10389 9641 10559
f 9641 10558 10559
f 7274 7287 7283
f 7283 7277 7274
f 7287 10327 7283
f 10327 7277 7283
f 7254 7248 7255
f 7254 7251 7248
f 7254 7255 10309
f 10309 10295 7254
f 10295 7251 7254
f 7234 7247 7243
f 7243 7237 7234
f 7243 7247 10295
f 10295 7237 7243
f 7310 7311 10341
f 10341 7305 7310
f 7310 7303 7311
f 7310 7305 7303
f 7294 7291 5435
f 5435 7295 7294
f 7294 7295 10341
f 10341 10327 7294
f 7294 10327 7291
f 7263 7265 5431
f 7263 5433 7271
f 9567 9564 7318
f 7318 9570 9567
f 9555 9564 9567
f 9567 9570 9555
f 10597 9785 10598
f 9785 9789 10598
f 10469 10597 10598
f 10598 10470 10469
f 10598 9789 10470
f 6119 66 6120
f 10490 9826 6120
f 6120 9826 6119
f 6120 7433 10490
f 6120 66 7433
f 65 67 68
f 68 67 69
f 68 577 65
f 68 1915 1921
f 1921 577 68
f 9802 9820 9824
f 9824 10485 9802
f 9820 6125 9824
f 7429 7421 7424
f 6117 5642 6121
f 6121 5642 5641
f 79 75 1892
f 1892 5642 79
f 5641 5642 1892
f 5640 6123 5641
f 5641 1892 5640
f 5640 1892 1891
f 1889 1890 5638
f 4312 4311 4317
f 4317 1970 4312
f 4312 1970 4318
f 4318 4314 4312
f 4945 1929 4944
f 4945 1935 1929
f 4945 4944 4302
f 4302 1935 4945
f 1942 1941 1936
f 1936 1951 1942
f 1942 1951 1954
f 1954 4311 1942
f 1949 4312 4314
f 4311 4312 1949
f 1949 1952 595
f 1949 4314 1952
f 1934 1935 1936
f 1929 1935 1934
f 591 1929 1934
f 4327 4953 4323
f 4327 4323 4324
f 4327 4954 4953
f 4327 4328 4954
f 4324 1990 4327
f 1990 4328 4327
f 1989 1990 1991
f 1989 4328 1990
f 1991 1993 1989
f 1993 4331 1989
f 1986 4328 1989
f 1989 4331 1986
f 1985 1982 1986
f 1986 4331 1985
f 1985 1984 608
f 608 1982 1985
f 6112 6109 6113
f 6109 6111 6113
f 5 6 1
f 5 10484 6
f 1 4 5
f 4 10484 5
f 6104 6107 6
f 6 10484 6104
f 6104 10484 5630
f 5630 6103 6104
f 6104 6103 6105
f 6105 6106 6104
f 6106 6107 6104
f 9796 6111 6110
f 6110 9808 9796
f 9796 6113 6111
f 9796 9808 6112
f 6112 6113 9796
f 55 60 1
f 1 6 7
f 6 8 7
f 7 55 1
f 8 55 7
f 6 9808 9
f 1886 1894 1879
f 552 54 9822
f 7420 553 9822
f 553 552 9822
f 9822 7417 7420
f 9822 54 7417
f 59 54 558
f 58 54 59
f 59 1879 58
f 1931 1933 4946
f 4946 4947 1931
f 4306 4947 4946
f 1933 4303 4946
f 4946 4303 4306
f 4391 2077 2086
f 2086 4394 4391
f 4387 2077 4391
f 4991 4387 4391
f 4391 4394 4991
f 653 2066 652
f 653 2067 2066
f 2072 2067 653
f 652 651 653
f 651 654 653
f 653 655 656
f 653 654 655
f 653 656 2075
f 2075 2072 653
f 2011 2012 4342
f 633 2012 2011
f 4342 4340 2011
f 4340 2004 2011
f 627 633 2011
f 2011 2004 627
f 612 596 613
f 596 611 613
f 615 616 613
f 1965 612 613
f 613 1968 1965
f 1972 1968 613
f 1978 1972 613
f 613 616 1978
f 9480 9488 9483
f 9489 9488 9480
f 9483 9478 9480
f 9478 9479 9480
f 9480 9479 9498
f 9498 9503 9480
f 9480 9503 9489
f 9506 9509 9489
f 9489 9503 9506
f 9507 9509 9506
f 9506 9503 9507
f 9422 10310 9425
f 9422 9415 10310
f 9401 9413 10304
f 10313 9435 10316
f 10316 10315 10313
f 10316 9448 10315
f 9449 9448 10316
f 10316 10317 9449
f 10316 9435 10317
f 10302 10301 9402
f 10193 8871 10194
f 10194 10195 8864
f 8856 10193 10194
f 10194 8864 8856
f 8876 8884 10196
f 8868 10195 8876
f 8876 8875 8868
f 10196 8875 8876
f 10195 10194 8879
f 8879 10194 8871
f 8879 8876 10195
f 8884 8876 8879
f 8879 8871 8872
f 8879 8872 8880
f 8880 8884 8879
f 8878 7027 7033
f 7033 8881 8878
f 8874 7027 8878
f 8878 8881 8866
f 8866 8860 8878
f 8860 8874 8878
f 8853 8854 8856
f 8853 8850 8854
f 8853 8856 8842
f 8842 8850 8853
f 10183 10182 8803
f 10183 8794 8789
f 8789 10182 10183
f 6918 5992 6920
f 6920 5992 8767
f 6920 6904 6918
f 6920 8767 6904
f 8767 5992 5980
f 5979 8767 5980
f 5980 5990 5991
f 5980 5992 5990
f 5991 8770 5980
f 5978 5979 5980
f 5980 8770 5978
f 8806 8791 6951
f 8809 8791 8806
f 6951 8801 8806
f 6962 8809 8806
f 8806 8801 6962
f 8790 8791 8795
f 8790 8795 10181
f 8788 6954 8790
f 6954 8791 8790
f 8790 6942 8788
f 10181 6942 8790
f 8732 8741 8736
f 8732 6889 8741
f 8732 8736 8731
f 8731 8726 8732
f 8746 8749 8732
f 8732 8726 8746
f 8784 6941 8782
f 8782 6942 8784
f 6923 8773 6939
f 6939 6941 6923
f 6939 8782 6941
f 8773 6937 6939
f 6939 6937 6942
f 6942 8782 6939
f 8839 8841 7003
f 7003 8836 8839
f 8837 8841 8839
f 8839 8836 8837
f 8843 8841 8842
f 8842 8844 8843
f 7004 8841 8843
f 8843 8844 7004
f 11743 11673 11686
f 11686 11755 11743
f 11814 11743 11755
f 11814 11755 11766
f 11910 11900 11851
f 11851 11922 11910
f 11962 11900 11910
f 11973 11962 11910
f 11910 11922 11973
f 11931 11884 11940
f 11873 11884 11931
f 11931 11863 11873
f 11931 11922 11863
f 11940 11989 11931
f 11931 11989 11981
f 11931 11981 11973
f 11973 11922 11931
f 4060 4056 4069
f 4069 1777 1776
f 4084 4078 1780
f 4084 4094 4840
f 1780 4094 4084
f 4832 5006 4833
f 4833 4079 4832
f 5009 4079 4833
f 5006 4084 4833
f 4840 5009 4833
f 4833 4084 4840
f 4839 4842 4838
f 4838 5011 4839
f 4085 5011 4838
f 4083 4085 4838
f 4838 4842 4083
f 4092 4103 4107
f 4107 4104 4092
f 4854 4104 4107
f 4108 4854 4107
f 7513 7517 7514
f 7514 7511 7513
f 7517 7503 7514
f 7503 7511 7514
f 7532 9871 7533
f 7532 9869 9871
f 4924 4234 4226
f 4226 4921 4924
f 4921 4223 4924
f 4924 4223 4923
f 4923 4928 4924
f 4924 4928 4234
f 4922 4219 4216
f 4922 4223 4219
f 4923 4223 4922
f 526 527 525
f 525 528 526
f 526 528 5649
f 526 1852 1846
f 1846 527 526
f 526 5646 1852
f 526 6133 5646
f 5649 6133 526
f 7443 9829 6132
f 4270 1866 6132
f 1866 7443 6132
f 5649 528 5648
f 5648 6133 5649
f 7436 6133 5648
f 7453 7441 7446
f 7446 9834 7453
f 7452 7441 7453
f 7453 9834 7465
f 7485 7478 10492
f 10492 9850 9852
f 7492 7495 7490
f 7490 7491 7492
f 7497 7495 7492
f 7501 7504 7492
f 7492 7491 7501
f 7508 7505 9864
f 9864 7515 7508
f 4787 4790 4788
f 4788 3969 4787
f 4788 4793 3969
f 4794 4793 4788
f 4788 3971 4794
f 4790 3971 4788
f 3922 3920 3923
f 3923 3924 3922
f 3955 3937 3946
f 3937 4782 3946
f 4782 3935 3946
f 3928 3935 3919
f 3919 3915 3928
f 3928 3915 3926
f 4791 1736 1737
f 1737 3959 3955
f 3958 3957 3949
f 3958 3960 3957
f 3958 3963 3962
f 3962 3960 3958
f 4789 4786 3966
f 3966 3974 4789
f 4789 3961 3953
f 3953 4786 4789
f 3981 4793 3989
f 3989 3988 3981
f 3981 3988 3982
f 3976 4793 3981
f 3982 3980 3981
f 3980 3976 3981
f 3930 4781 3931
f 3931 3929 3930
f 4778 4781 3930
f 3887 3877 3883
f 3891 3877 3887
f 3886 3881 3900
f 3900 3904 3886
f 3896 3895 3886
f 3886 3907 3896
f 3886 3904 3907
f 3895 3890 3886
f 3886 3890 3885
f 3885 3881 3886
f 3902 3910 3909
f 3917 3910 3902
f 3902 3911 3917
f 3894 3911 3902
f 3916 3915 3918
f 3914 3915 3916
f 3916 3918 3905
f 3905 3914 3916
f 4791 1737 1726
f 1726 3946 3935
f 3955 3946 1726
f 1726 1737 3955
f 1723 3921 3917
f 3917 3911 1723
f 1723 3911 1708
f 1723 1708 4777
f 3840 3832 3835
f 3860 3847 3835
f 3815 4748 3814
f 4750 4748 3815
f 3826 1682 3836
f 3836 3815 3826
f 4750 3815 3836
f 3858 3874 3862
f 3862 3882 3870
f 3862 3874 3882
f 4769 4770 3891
f 3891 3887 4769
f 4763 3884 4762
f 44 45 43
f 45 5373 43
f 45 5376 532
f 532 5373 45
f 1807 1800 1808
f 1801 1800 1807
f 538 39 38
f 1841 4271 1837
f 1837 531 1841
f 536 531 41
f 41 39 536
f 4885 4159 4891
f 4155 4146 4151
f 4886 4159 4885
f 4146 4155 4886
f 4886 4155 4159
f 1790 1796 4114
f 1790 4105 1789
f 1789 1788 1790
f 1788 1792 1790
f 1790 1792 1795
f 1795 1796 1790
f 4129 1796 1799
f 4129 4120 1796
f 1832 531 1837
f 1832 1829 531
f 1837 4271 1832
f 4271 1829 1832
f 3994 1749 4002
f 3994 4002 4799
f 4799 3975 3994
f 3987 3979 1742
f 1742 1749 3987
f 1749 3994 3987
f 3967 3979 3987
f 3987 3975 3967
f 3987 3994 3975
f 3973 1736 1742
f 3973 3970 1736
f 3963 3958 3973
f 3973 3958 3970
f 3870 3882 3889
f 3889 3882 1709
f 1709 3897 3889
f 3864 3847 3860
f 3860 1696 3864
f 3864 1696 3867
f 3847 3864 3853
f 3853 3864 3867
f 1759 1756 1762
f 1756 1763 1762
f 1762 1763 4818
f 1762 4818 4809
f 4809 1759 1762
f 4006 4022 4016
f 4015 4802 4005
f 4015 4803 4802
f 4005 4006 4015
f 4006 4016 4015
f 4048 4056 4055
f 4055 4056 4059
f 4055 4047 4048
f 4816 4047 4055
f 4817 4816 4055
f 4055 4059 4817
f 4041 4047 4036
f 4041 4813 4042
f 4041 4036 4813
f 4041 4042 4043
f 4043 4047 4041
f 4195 4192 4196
f 4196 4197 4195
f 4183 4192 4195
f 4195 4197 4183
f 4898 4166 4184
f 4184 4166 4176
f 4196 4192 4905
f 4905 4900 4201
f 4201 4200 4905
f 4905 4200 4196
f 4844 4842 5013
f 4102 4105 5013
f 4844 4099 4846
f 4091 4844 4846
f 4100 4107 4103
f 4108 4107 4100
f 4114 4108 4100
f 4141 5032 5031
f 4141 4147 4139
f 4139 5032 4141
f 4120 4129 4867
f 4117 4108 4114
f 4114 1796 4117
f 1796 4120 4117
f 4099 4105 4109
f 4109 4100 4099
f 4105 1790 4109
f 4845 4102 4839
f 4839 5011 4845
f 4845 5011 4843
f 4101 4102 4845
f 4845 4843 4101
f 4907 4197 4207
f 4207 4197 4196
f 4207 4909 4907
f 4207 4910 4909
f 4215 4222 4216
f 4215 4216 4217
f 4217 4916 4215
f 4215 4916 4913
f 4913 4910 4215
f 4910 4207 4918
f 4937 4259 4247
f 4937 4246 4272
f 4272 4275 4937
f 4937 4275 541
f 541 4259 4937
f 4274 4251 4940
f 4940 533 4274
f 4940 4259 533
f 4940 4251 4247
f 4247 4259 4940
f 4257 1863 4267
f 4267 4246 4257
f 4242 4931 4926
f 4246 4937 4245
f 4245 4257 4246
f 4255 4257 4245
f 4927 4926 4931
f 4923 4922 4927
f 4202 4200 4201
f 4206 4200 4202
f 4232 1838 4241
f 4232 4229 1838
f 4221 4209 4218
f 1838 4229 4221
f 4221 1830 1838
f 4221 4218 1830
f 4194 4199 4906
f 1831 1829 1830
f 4199 1822 1831
f 1822 1829 1831
f 4212 1831 1830
f 4210 1831 4212
f 4212 4202 4210
f 4858 5020 4862
f 4862 4863 4858
f 4858 4863 5024
f 4857 5020 4858
f 4115 4857 4858
f 4858 5024 4115
f 4133 4125 4130
f 4137 4125 4133
f 4130 4132 4133
f 4133 4132 4137
f 4115 5025 4119
f 5025 5027 4119
f 4119 1786 4115
f 4123 1786 4119
f 4119 4124 4123
f 4119 5027 4124
f 4864 4869 4873
f 4873 4131 4864
f 4873 4874 4131
f 4869 5031 4873
f 5031 5032 4873
f 4139 4874 4873
f 4873 5032 4139
f 4893 4162 4892
f 4884 4883 4877
f 4884 4886 4885
f 5039 4171 4170
f 4893 4892 5039
f 5039 4892 4171
f 4177 4170 1818
f 1818 1819 4177
f 1819 4187 4177
f 4191 1819 4194
f 4191 4187 1819
f 4194 4180 4191
f 4191 4180 4187
f 4201 4900 4904
f 4904 4190 4903
f 4185 4190 4174
f 4176 4172 4174
f 4172 4173 4174
f 4894 4888 4889
f 4889 4173 4894
f 4888 4162 4889
f 4889 4162 4893
f 4902 4180 4194
f 4194 4906 4902
f 4902 4906 4903
f 4903 4190 4902
f 4902 4190 4185
f 4185 4180 4902
f 4896 4889 4893
f 4896 4897 4173
f 4173 4889 4896
f 4173 4897 4178
f 4185 4174 4178
f 4178 4174 4173
f 4178 4180 4185
f 4187 4180 4179
f 4179 4896 5041
f 4897 4896 4179
f 4180 4178 4179
f 4179 4178 4897
f 5041 4177 4179
f 4179 4177 4187
f 5030 5031 4869
f 4869 4865 5030
f 4122 4121 4112
f 4111 4118 4112
f 4112 4118 4122
f 4112 4113 4111
f 4112 4121 4116
f 4116 4113 4112
f 4144 4140 4145
f 4145 4132 4144
f 4138 4874 4139
f 4139 4140 4138
f 4140 4144 4138
f 4131 4874 4138
f 4138 4132 4131
f 4138 4144 4132
f 4151 4140 4149
f 4149 4140 4147
f 4090 4087 4088
f 4087 4082 4088
f 4058 4998 4999
f 4999 4823 4058
f 4998 4824 4999
f 4824 4823 4999
f 4827 4823 4824
f 4827 4072 4074
f 4827 4824 4072
f 4074 5000 4827
f 5000 4823 4827
f 5001 5000 4074
f 5001 5002 4826
f 4826 4822 5001
f 4822 5000 5001
f 4076 4834 4830
f 4830 5002 4076
f 4076 4074 4073
f 4076 5001 4074
f 5002 5001 4076
f 4073 4083 4076
f 4083 4834 4076
f 4837 5008 5007
f 4075 5005 5007
f 4077 4075 5007
f 5007 5008 4077
f 4835 5005 4834
f 4835 4836 4837
f 4837 5007 4835
f 4835 5007 5005
f 4083 4836 4835
f 4835 4834 4083
f 4095 4093 4092
f 4092 4104 4095
f 4095 4104 4847
f 4082 4093 4095
f 4847 4088 4095
f 4095 4088 4082
f 4853 4111 4855
f 4853 4851 4111
f 4847 4104 4850
f 4104 4851 4850
f 4851 4853 4850
f 3025 3024 3021
f 3021 3039 3025
f 3024 3020 3021
f 3020 3018 3021
f 1060 1054 203
f 203 1066 1060
f 1067 1054 1060
f 1060 1066 1067
f 264 1140 1138
f 1140 1132 1138
f 233 1124 1135
f 1135 4597 233
f 1124 1131 1135
f 1135 1131 1134
f 1134 262 1135
f 1133 4597 1132
f 1133 2987 2984
f 1132 2989 1133
f 2989 2987 1133
f 674 675 669
f 669 672 674
f 667 672 669
f 669 668 667
f 2116 2110 669
f 669 2110 2109
f 2109 668 669
f 669 2119 2116
f 675 2119 669
f 692 680 695
f 692 687 680
f 695 688 692
f 692 688 687
f 674 5464 679
f 5464 687 679
f 679 675 674
f 679 2136 675
f 679 687 689
f 689 2136 679
f 746 5474 759
f 754 746 759
f 706 719 714
f 5468 719 706
f 5468 720 727
f 727 719 5468
f 5466 705 697
f 680 5466 697
f 695 680 697
f 697 705 698
f 697 696 695
f 698 696 697
f 802 5480 817
f 817 815 802
f 4516 816 4514
f 4514 817 4516
f 815 817 4514
f 807 4505 801
f 801 5478 807
f 807 4514 4505
f 760 5476 777
f 777 5476 785
f 2172 696 698
f 2172 2165 2159
f 4995 4399 4396
f 4396 4994 4995
f 4396 4399 4390
f 4393 4397 4396
f 4397 4994 4396
f 4396 2078 4393
f 4390 2078 4396
f 869 4542 867
f 867 858 869
f 867 861 858
f 4542 4536 867
f 4536 861 867
f 4542 881 880
f 880 870 4542
f 880 2656 2649
f 880 2649 2639
f 2639 870 880
f 880 881 2661
f 2661 2656 880
f 2558 847 2561
f 2561 2543 2558
f 846 2573 2568
f 2568 847 846
f 2568 2561 847
f 2568 2573 2553
f 2553 2543 2568
f 2543 2561 2568
f 862 2617 863
f 4536 862 863
f 863 853 4536
f 2586 853 2590
f 2590 2566 2586
f 2399 2400 4494
f 778 777 785
f 791 790 2428
f 2547 834 2558
f 2558 2531 2547
f 4516 829 826
f 826 827 4516
f 829 2525 826
f 816 827 2491
f 2491 2486 816
f 2509 2510 2517
f 4518 4515 2517
f 4515 2509 2517
f 2517 2512 4518
f 2509 2504 2500
f 2500 2510 2509
f 2504 2499 2500
f 2500 2525 2510
f 2524 2547 2531
f 2531 2530 2524
f 2524 2530 2523
f 4511 2483 2494
f 2494 4512 4511
f 2494 2499 4512
f 862 2624 2620
f 2620 2617 862
f 2639 2619 2633
f 2619 2629 2633
f 2633 870 2639
f 2633 2629 870
f 2599 2588 2607
f 2599 2604 2598
f 2598 2588 2599
f 2586 2566 2579
f 2566 2560 2579
f 2579 853 2586
f 846 853 2579
f 2562 2560 2565
f 2559 2560 2562
f 2562 2565 2555
f 2555 2559 2562
f 2565 2566 2570
f 2570 2587 4528
f 2570 4528 4526
f 4526 2565 2570
f 905 2747 2736
f 905 915 2747
f 2736 2729 905
f 4563 915 905
f 2757 915 914
f 914 2768 2763
f 914 915 4563
f 4563 4569 914
f 934 114 930
f 2638 4541 2646
f 4541 2641 2646
f 2641 2642 2646
f 2646 2642 2647
f 2820 959 2821
f 2827 2837 2826
f 2826 959 2827
f 2826 2821 959
f 104 943 114
f 104 934 105
f 114 934 104
f 105 929 104
f 929 121 104
f 121 943 104
f 124 127 123
f 114 943 112
f 930 114 112
f 112 938 930
f 112 122 940
f 940 938 112
f 112 123 122
f 913 910 933
f 4563 910 913
f 902 4563 4551
f 902 904 4563
f 890 904 902
f 5488 889 885
f 874 5488 885
f 884 874 885
f 4551 884 885
f 885 889 4551
f 4607 4606 3063
f 3067 4608 4607
f 4607 3063 3067
f 4608 3059 4607
f 3059 3051 4607
f 3051 4606 4607
f 3144 1253 1260
f 1260 3146 3144
f 328 1253 3144
f 3144 3146 328
f 1287 1284 1281
f 1284 3153 1281
f 332 1282 1281
f 3151 332 1281
f 1281 3153 3151
f 4648 3333 3329
f 1471 3333 4648
f 4648 3329 4647
f 4648 4647 3337
f 3337 1471 4648
f 3331 3324 3332
f 3337 3331 3332
f 3332 1472 3337
f 3332 1475 1472
f 3198 3195 1327
f 3194 3195 3198
f 3198 1327 3201
f 1346 3205 1345
f 1329 3205 1346
f 1346 1345 395
f 395 3213 1346
f 1346 3213 1347
f 1347 1329 1346
f 3200 3197 1337
f 3187 3197 3200
f 3176 3170 3190
f 3190 3170 3182
f 3204 1338 1321
f 1321 3196 3204
f 1321 3206 3199
f 3178 3179 3186
f 3186 3179 3187
f 3187 3191 3186
f 3191 3194 4626
f 3167 3161 1303
f 3167 3172 3161
f 1320 1319 3176
f 3199 1319 1320
f 1320 1321 3199
f 3196 1321 1320
f 3214 1353 1349
f 1353 1352 1349
f 1349 389 3214
f 1349 1352 389
f 391 389 390
f 390 1338 391
f 1339 3206 390
f 389 383 390
f 383 1339 390
f 452 1415 3274
f 1414 446 3274
f 446 445 3274
f 3274 445 451
f 455 457 458
f 458 1441 455
f 455 1447 457
f 451 456 455
f 3279 1449 1436
f 1436 3291 3279
f 458 1449 3279
f 3279 3278 458
f 3291 1435 3279
f 1435 3278 3279
f 3233 4632 4633
f 4633 3238 3233
f 3244 3238 4633
f 3239 4632 4631
f 3239 3235 3240
f 1395 3262 3260
f 3260 3255 1395
f 3260 1399 4636
f 3260 3262 1399
f 4636 4635 3260
f 4635 3255 3260
f 3035 3028 3036
f 3032 4604 3039
f 3039 3021 3032
f 3032 3021 3018
f 3022 4600 4602
f 4602 3026 3022
f 3015 4600 3022
f 3007 3015 3022
f 3022 3011 3007
f 3022 3026 3011
f 1157 1154 3009
f 3009 3013 1157
f 1157 2999 1148
f 1148 1154 1157
f 1157 3013 1161
f 1157 3002 2999
f 1157 1161 3002
f 3055 3060 3052
f 4604 3046 3055
f 271 1170 3008
f 1175 1170 271
f 271 1181 1175
f 271 1171 1181
f 272 1171 271
f 271 267 272
f 3005 268 3000
f 3005 271 3008
f 267 271 3005
f 3005 3000 263
f 263 267 3005
f 3008 1163 3005
f 1163 268 3005
f 3042 1177 3037
f 3042 3028 1177
f 3037 1184 3042
f 3042 1184 1187
f 3064 1202 1203
f 3067 3063 3064
f 3064 1203 1200
f 1200 3067 3064
f 3071 1202 3070
f 3068 1208 3070
f 3047 3041 3061
f 3061 3066 3047
f 3047 3046 3041
f 3047 3055 3046
f 1207 1208 4609
f 4609 3075 1207
f 3071 3070 1207
f 1207 3070 1208
f 1207 3072 3071
f 1207 3075 3072
f 3053 3050 1187
f 1187 1195 3053
f 3041 3036 3053
f 3053 3036 3050
f 4613 3105 3101
f 4613 4612 3105
f 3090 4612 4613
f 4613 3095 3090
f 3101 3095 4613
f 1323 3192 3189
f 3192 3174 3189
f 3174 1314 3189
f 495 1475 1474
f 1474 3341 495
f 1475 3332 1474
f 1474 3324 3336
f 1474 3332 3324
f 1448 1449 458
f 3335 3324 3316
f 3316 3330 3335
f 3310 3330 3316
f 3316 3324 3323
f 3316 3315 3310
f 3323 3315 3316
f 3335 3330 1463
f 1463 3330 3325
f 3325 3322 1463
f 447 445 446
f 446 1428 447
f 1431 445 447
f 447 1428 450
f 447 450 453
f 453 1431 447
f 1446 456 459
f 459 1447 1446
f 1446 455 456
f 1447 455 1446
f 461 457 462
f 457 1447 462
f 462 1456 461
f 462 1447 1456
f 3435 4662 3427
f 4661 3430 3427
f 3427 3430 3435
f 3419 4661 3427
f 3427 3426 3419
f 3427 4662 3426
f 3381 3382 4654
f 4654 4655 3381
f 3401 4655 4654
f 4654 3393 3401
f 4654 3382 3393
f 1577 3547 3542
f 3542 3522 3536
f 3553 3562 3545
f 3553 3547 1577
f 3535 3553 3545
f 3547 3553 3535
f 3522 3542 3535
f 3535 3542 3547
f 3545 3544 3535
f 3535 3544 3541
f 3560 3557 3572
f 3562 3553 1586
f 1586 3553 1577
f 1587 3572 1586
f 1577 4687 1586
f 4687 1587 1586
f 3454 3455 3456
f 3455 3460 3456
f 4667 4665 3465
f 4667 3473 4669
f 3465 3473 4667
f 4667 4669 3459
f 4667 3459 3450
f 3450 4665 4667
f 3550 3546 3551
f 3551 3552 3550
f 3533 3546 3550
f 3550 3552 3533
f 4678 4680 3514
f 4678 3510 3506
f 3514 3510 4678
f 3506 3521 4678
f 3521 4680 4678
f 4681 3530 3525
f 3525 4680 4681
f 3541 3530 4681
f 3551 4685 3559
f 3559 4685 3556
f 3556 3557 3559
f 3559 3557 3560
f 3530 3544 4682
f 4682 3538 3529
f 3529 3530 4682
f 3506 4676 3515
f 4676 3512 3515
f 5402 1626 1625
f 1626 1627 1625
f 1637 1626 5400
f 4710 4716 1634
f 1627 4716 4710
f 4710 1625 1627
f 3594 3578 3592
f 3594 3597 3578
f 3594 3592 3595
f 3595 3597 3594
f 3615 3619 3625
f 3625 3630 4698
f 4698 3615 3625
f 3625 3620 3630
f 3625 3619 3620
f 3601 3602 3603
f 3602 3605 3603
f 3603 3595 3601
f 3603 3605 3595
f 3654 3650 3655
f 3655 3675 3663
f 3768 3765 3761
f 3774 4732 3767
f 3768 3774 3767
f 3767 3765 3768
f 3695 3699 3694
f 3694 3693 3695
f 3631 3620 3648
f 3644 3643 3631
f 3644 3646 3643
f 3809 3805 3806
f 3775 1668 3784
f 3775 3784 3768
f 3768 3761 3775
f 3775 3761 3772
f 1682 4759 1686
f 1686 3836 1682
f 3867 1696 3868
f 3872 3858 3868
f 1702 3872 3868
f 3868 1696 1702
f 3858 3853 3868
f 3868 3853 3867
f 1669 1668 4745
f 3791 3790 3798
f 1662 4735 1668
f 1668 3775 1662
f 1662 3775 3772
f 1657 4735 4723
f 4723 1650 1657
f 1663 5398 1664
f 1663 1664 1667
f 1667 4735 1663
f 1644 1638 1645
f 1638 1650 1645
f 1645 4723 1644
f 1650 4723 1645
f 3459 4669 3464
f 4669 3469 3464
f 3464 3444 3459
f 4672 4671 3492
f 3492 3499 4672
f 4672 3499 3488
f 3488 3483 4672
f 3483 4671 4672
f 1565 1560 5410
f 5410 1569 1565
f 4679 1560 1565
f 1565 1569 4679
f 1566 1576 1572
f 1572 1569 1566
f 1576 4687 1572
f 4687 1569 1572
f 1588 1585 1582
f 1582 1589 1588
f 4694 1585 1588
f 1588 1589 4694
f 3501 1562 1561
f 3493 3482 3501
f 3503 3511 3520
f 3511 1570 3520
f 1571 3542 3536
f 1577 3542 1571
f 3536 3531 1571
f 1571 4687 1577
f 1571 3531 3528
f 3528 1570 1571
f 4679 4687 1571
f 1571 1570 4679
f 4679 1562 4673
f 4666 1549 4673
f 1549 1553 4673
f 4673 1553 1558
f 1558 1560 4673
f 4673 1560 4679
f 1545 1534 4666
f 1545 3448 1534
f 3453 3448 1545
f 3602 3613 3616
f 3616 3618 3602
f 3613 1602 3616
f 1602 3618 3616
f 3607 1602 3613
f 3607 1603 1602
f 3600 1603 3607
f 3607 3613 3591
f 3585 3600 3607
f 3607 3591 3585
f 1590 1587 4694
f 4694 1603 1590
f 1590 1603 3593
f 3593 3587 1590
f 3581 1587 1590
f 1590 3587 3581
f 4747 3823 3818
f 3823 3837 3818
f 3818 3813 4747
f 4754 3845 3857
f 3857 3853 3858
f 4744 3808 4743
f 4744 4746 3808
f 4749 4746 4744
f 4743 4748 4744
f 4753 3837 4752
f 4752 3837 3823
f 3823 4751 4752
f 4749 3832 3825
f 3824 4749 3825
f 3840 4751 3825
f 3825 3832 3840
f 3825 3823 3824
f 3825 4751 3823
f 3833 3832 4749
f 4749 4744 3833
f 3833 4744 4748
f 3833 4748 4750
f 3822 1671 3817
f 1671 3813 3817
f 3813 3818 3817
f 1647 1648 1649
f 1649 1652 1647
f 1649 1653 1652
f 4740 3802 3794
f 3808 4746 4740
f 4701 3639 3636
f 3639 3635 3636
f 3636 3634 4700
f 3636 3635 3634
f 4700 3643 3636
f 3643 3646 3636
f 3841 3845 3844
f 3845 3848 3844
f 3844 3828 3841
f 3844 3848 3828
f 3854 4758 4760
f 3866 3859 4760
f 4760 3859 3854
f 3863 4756 4761
f 4761 3871 3863
f 3876 3871 4761
f 4761 3884 3876
f 4762 3884 4761
f 4761 4756 4762
f 3854 3859 3839
f 3839 3859 4757
f 3839 3831 3854
f 3839 3850 3843
f 3839 4757 3850
f 3843 3838 3839
f 3838 3831 3839
f 10515 10513 7590
f 10515 9910 9905
f 10515 7590 9910
f 9905 9904 10515
f 9904 10513 10515
f 9905 9911 10518
f 9911 10519 10518
f 10518 7588 9905
f 10518 10519 7588
f 6596 8447 6597
f 6597 6599 8439
f 8443 6599 6597
f 8475 10138 6626
f 6626 8478 8475
f 6626 6625 6627
f 6629 6615 8485
f 6615 8478 8485
f 6627 6629 8485
f 8485 6626 6627
f 8478 6626 8485
f 6751 5865 6753
f 6753 10159 6751
f 5789 5788 8493
f 8438 8436 5749
f 8447 6598 8449
f 8449 6597 8447
f 8449 8454 8443
f 8443 6597 8449
f 5806 5810 5799
f 8431 6564 6574
f 6576 6575 5751
f 5756 5721 6550
f 6661 6658 8503
f 6661 6663 8499
f 8499 5803 6661
f 6661 5803 6658
f 6661 6666 6663
f 8503 6666 6661
f 5787 5788 5789
f 8496 6642 5787
f 5787 5789 8496
f 6646 5785 5787
f 5787 6642 6646
f 8611 8616 8608
f 8608 8616 10156
f 10156 8607 8608
f 8608 8607 8601
f 8520 8525 8507
f 8507 8515 8520
f 8513 8533 8519
f 8519 8518 8513
f 6681 6680 8519
f 6688 5828 5827
f 5827 5833 5831
f 5831 6688 5827
f 5827 6697 5833
f 5829 6697 5827
f 5827 5828 5829
f 8531 6680 6684
f 8528 6680 8531
f 6684 6674 8531
f 8531 6674 8528
f 8528 6674 6673
f 10140 6660 6673
f 6673 6674 10140
f 6660 8512 6673
f 8512 8518 6673
f 6579 6597 8439
f 6596 6597 6579
f 6579 8438 6596
f 8436 8438 6579
f 6555 5741 6566
f 5728 6555 6566
f 6566 5733 5728
f 8433 5733 6566
f 6566 5737 8433
f 6577 8435 8433
f 8433 5737 6577
f 5737 6578 6577
f 6580 8435 6577
f 6577 6582 6580
f 5727 5729 5728
f 5727 8408 8407
f 8407 5729 5727
f 5728 6547 5727
f 5727 6547 5724
f 5727 5724 5723
f 5723 8408 5727
f 8430 5741 6555
f 6555 5729 8430
f 8430 6567 5741
f 6561 6567 8430
f 10120 6515 6531
f 8368 8379 8370
f 6519 6524 8368
f 8379 8368 8372
f 5749 8436 5742
f 5741 6567 5742
f 8432 6559 8431
f 8431 6574 8432
f 8432 6574 6575
f 8432 6575 6576
f 6576 6559 8432
f 8376 6523 6522
f 6522 6517 8376
f 6558 6560 6557
f 8431 6559 6558
f 6576 6560 6558
f 6558 6559 6576
f 8328 8335 8336
f 8336 8346 8328
f 8337 8336 8335
f 8346 8336 8337
f 8363 5706 5705
f 5705 6506 8363
f 8363 8348 8356
f 8363 6506 8348
f 8178 8181 8177
f 8183 8181 8178
f 8177 6421 8169
f 8169 6421 6420
f 8269 8276 8275
f 8216 8238 8226
f 8216 8226 8225
f 8225 8220 8216
f 8216 8220 8215
f 8215 8211 8216
f 8258 10105 8259
f 8233 8226 8248
f 8226 8238 8248
f 10097 10098 8221
f 10097 8214 8228
f 8228 10098 10097
f 8221 10098 8230
f 8230 8211 8221
f 8230 8216 8211
f 8300 10110 8304
f 10112 8301 8300
f 10112 8300 8310
f 10112 8310 8315
f 6447 8241 8243
f 8243 8246 6447
f 8241 8242 8243
f 8242 8246 8243
f 8273 8274 8280
f 8274 8283 8280
f 8280 6462 8273
f 8280 8283 6462
f 8309 8308 8295
f 8295 8308 8302
f 8302 8294 8295
f 8294 8290 8295
f 8265 8266 8273
f 8265 6453 8260
f 8265 6462 6453
f 8273 6462 8265
f 8260 8254 8255
f 8254 8247 8255
f 8255 8265 8260
f 8266 8265 8255
f 8284 8301 8290
f 8284 8283 8274
f 8284 8290 8289
f 8290 8301 8312
f 8312 8295 8290
f 8274 8266 8291
f 8289 6463 8288
f 8288 6463 8283
f 8288 8284 8289
f 8283 8284 8288
f 5708 8363 8356
f 5706 8363 5708
f 6167 5662 5663
f 5661 5662 6166
f 6166 6155 5661
f 6154 6155 6166
f 6162 6152 6166
f 6166 6152 6154
f 9908 9907 9909
f 9909 10521 9908
f 10522 10521 9913
f 10521 9909 9913
f 7629 7627 7626
f 7626 7634 7629
f 7657 7661 7646
f 7646 7653 7657
f 7655 7661 7657
f 7657 7653 7655
f 7645 9940 9949
f 7662 7661 7655
f 7662 7670 7661
f 7846 7860 7867
f 7867 7850 7846
f 7867 7873 7850
f 7867 7860 10017
f 7853 7835 7848
f 7848 10015 7853
f 7853 7843 7835
f 10019 7862 7886
f 5351 6329 6316
f 7747 7742 7764
f 7764 7769 7747
f 7742 7755 7764
f 7773 7757 7747
f 7747 7769 7773
f 7773 7779 7757
f 7743 7735 9981
f 9981 9983 7743
f 7959 7970 7969
f 7969 7958 7959
f 7954 7952 7959
f 7959 7958 7954
f 7913 7903 7914
f 7921 7913 7914
f 7914 10033 7921
f 8000 7996 8002
f 7996 8003 8002
f 8002 8003 8011
f 6354 8000 8002
f 8002 8011 6354
f 7993 7990 7995
f 7993 7989 7990
f 7993 7995 6351
f 6351 7989 7993
f 7934 10033 7941
f 8046 8045 8041
f 8041 10062 8046
f 8049 8045 8046
f 10054 8013 8006
f 7990 7981 8001
f 8001 10054 8006
f 8003 8020 8012
f 8021 8016 8012
f 8011 8003 8012
f 8012 8016 8011
f 8071 6381 8063
f 8071 8076 6381
f 8052 6375 6374
f 6391 10067 6390
f 6390 10067 6381
f 6390 8076 8084
f 6381 8076 6390
f 8084 8085 8090
f 8090 6390 8084
f 8027 8036 8031
f 8031 6364 8026
f 8031 8036 6364
f 10075 6406 6407
f 10082 10075 6407
f 6407 6410 10082
f 6407 8140 6410
f 8146 8127 8122
f 8143 8144 8147
f 8143 8127 8144
f 8108 8115 10073
f 10073 10072 8108
f 8108 10072 8104
f 8109 8115 8108
f 8108 8104 8099
f 8099 8109 8108
f 8044 8059 8062
f 8088 8093 8092
f 8088 10071 8093
f 8088 8082 10071
f 8070 8082 8058
f 6503 5338 5690
f 5338 5710 5690
f 5690 6499 6503
f 5690 5710 6499
f 5340 5721 5716
f 5691 5710 6513
f 8218 10094 8207
f 8207 8208 8218
f 10095 10094 8218
f 10095 8224 8214
f 8218 8224 10095
f 8195 8175 8189
f 8195 8187 8175
f 8205 8187 8195
f 8195 8189 6440
f 8195 6450 8205
f 6440 6450 8195
f 8175 8174 8166
f 8166 8185 8175
f 8166 8180 8185
f 8161 8180 8166
f 7880 7874 6320
f 6320 7881 7880
f 7888 7872 7882
f 7882 7881 6320
f 7882 6325 7888
f 6320 6325 7882
f 6371 10055 6366
f 6371 6356 5347
f 6366 6356 6371
f 10055 6371 6377
f 6377 6371 5347
f 6344 6343 6347
f 6395 10066 6387
f 6387 5344 6395
f 5343 6411 6403
f 6403 6400 5343
f 6403 6411 10077
f 10077 6400 6403
f 7856 7853 10015
f 7876 10023 7887
f 10021 10020 10025
f 10025 7909 10021
f 10021 7886 10020
f 10009 10008 10007
f 7710 7709 7707
f 7707 9968 7710
f 7713 7709 7710
f 10504 7544 7550
f 7533 9871 7539
f 7539 7543 7533
f 5351 6330 6342
f 6339 5351 6342
f 6342 6330 6343
f 8142 6423 8146
f 8135 6423 8142
f 8146 8122 8142
f 8142 8122 8135
f 8135 8132 6416
f 6416 6423 8135
f 6416 8132 8129
f 10077 10086 6416
f 6416 10086 6423
f 8168 8173 8155
f 8155 8173 8161
f 8144 8163 8155
f 8163 8168 8155
f 8161 8160 8155
f 6472 6460 6474
f 6472 6470 6460
f 6474 10113 6472
f 6472 10113 10101
f 10101 6470 6472
f 6480 5335 6503
f 6503 6483 6480
f 6474 5335 6480
f 6480 10113 6474
f 6480 6483 10113
f 6456 10101 6468
f 8256 8250 6468
f 6489 10119 10113
f 6493 10119 6489
f 6503 6493 6489
f 5692 6499 5691
f 5692 6496 6499
f 6493 6496 5692
f 5692 10119 6493
f 8236 8231 6456
f 6456 6468 8236
f 8236 6468 8250
f 8236 8250 8229
f 8205 6450 8212
f 8212 8198 8205
f 8203 8207 8206
f 8208 8207 8203
f 8219 8229 8228
f 8228 8224 8219
f 8219 8224 8218
f 8218 8208 8219
f 8231 8236 8219
f 8219 8236 8229
f 6456 8231 8227
f 8231 8219 8227
f 8227 8219 8208
f 8227 6451 6456
f 8228 8229 8239
f 8239 10098 8228
f 6431 6427 6428
f 6431 10086 6427
f 6771 5885 6753
f 6753 6764 6771
f 6771 6764 6782
f 6753 5865 6756
f 5855 5847 5858
f 5370 6782 5866
f 6782 5864 5866
f 5864 5368 5866
f 5859 5368 5864
f 5892 5900 5372
f 6805 6810 6806
f 6806 8655 6805
f 8655 6797 6805
f 6797 5901 6805
f 5884 5897 8628
f 8628 5897 6772
f 8626 6772 8612
f 8612 8624 8626
f 8626 8624 6778
f 6754 6751 6757
f 6757 10159 6765
f 6757 6751 10159
f 8617 8622 8603
f 8617 6765 8622
f 8572 8568 6747
f 6747 8568 6746
f 6747 6743 8572
f 6747 8584 6743
f 8597 8617 8603
f 5840 8553 5841
f 8551 8553 5840
f 6695 8551 5840
f 5840 6698 6695
f 5841 6698 5840
f 10146 8533 10145
f 8557 6722 6734
f 6734 6743 6737
f 8572 6743 6734
f 6737 8559 6734
f 6734 8559 8557
f 6716 6713 6717
f 6717 8553 6716
f 8557 8553 6717
f 6717 6722 8557
f 6706 6723 5853
f 8561 5857 8556
f 8615 10157 10158
f 8623 6769 10158
f 10158 10157 8623
f 6768 6769 8625
f 8625 8630 6768
f 6768 8630 6775
f 6768 6775 6762
f 7815 7814 7810
f 7815 10005 7818
f 7818 7814 7815
f 7815 7825 10005
f 4640 4639 3295
f 4640 3303 4642
f 3295 3303 4640
f 4642 3290 4640
f 3290 3284 4640
f 3284 4639 4640
f 11238 11229 11192
f 11192 11245 11238
f 11277 11229 11238
f 11238 11245 11277
f 10766 10810 10804
f 10804 10761 10766
f 10804 10795 10761
f 10804 10835 10795
f 10785 10835 10825
f 10825 10818 10779
f 10779 10785 10825
f 10825 10835 10868
f 10860 10818 10825
f 10825 10868 10860
f 10939 10930 10879
f 10930 10917 10879
f 10817 10859 10810
f 10817 10810 10778
f 10778 10784 10817
f 10784 10824 10817
f 725 2286 2288
f 2288 2289 725
f 2292 4465 2297
f 2297 2279 2292
f 2341 744 2338
f 2338 2335 2341
f 2290 2304 2311
f 2311 2294 2290
f 2293 2289 2290
f 2290 2294 2293
f 2298 2294 2305
f 2293 2294 2298
f 2305 731 2298
f 2298 731 2293
f 4469 2328 2321
f 2321 2314 4469
f 4469 2314 2306
f 2306 2330 4469
f 4469 2330 4472
f 4472 2328 4469
f 2321 2328 2327
f 741 2321 2327
f 2327 2333 741
f 2329 2328 2339
f 2339 2343 2329
f 2345 2335 2329
f 2329 2343 2345
f 2333 2327 2329
f 2329 2327 2328
f 4482 2364 2359
f 2366 2364 4487
f 4486 4485 4487
f 4485 2366 4487
f 2364 2374 4487
f 2359 2364 2363
f 2363 2364 2366
f 2347 2359 2363
f 2363 2366 2347
f 2311 2304 4467
f 4465 4462 2309
f 4470 4471 2330
f 4470 2322 2323
f 4470 2330 2322
f 2323 2336 4470
f 4477 4471 2351
f 2351 2350 4477
f 4477 2350 2344
f 4477 2344 2339
f 4477 2339 4472
f 4472 4471 4477
f 4447 4442 2245
f 2245 2257 4447
f 4447 2257 2248
f 2381 4487 2374
f 2381 4489 4486
f 4486 4487 2381
f 2226 2224 2225
f 2226 2228 2224
f 2225 2235 2226
f 2229 2228 2226
f 2226 2230 2229
f 2226 2235 2238
f 2292 2273 2284
f 2284 2273 2272
f 2272 2280 2284
f 2284 4462 2292
f 4460 4462 2284
f 4456 2280 2281
f 2281 4454 4456
f 2281 4453 4454
f 2281 4452 4453
f 2272 4452 2281
f 2281 2280 2272
f 4449 2254 2244
f 2237 2230 2244
f 2244 2254 2237
f 2262 4453 2253
f 2253 2243 2262
f 4455 4453 2262
f 4455 2262 2259
f 2965 4592 4591
f 4591 2960 2965
f 1096 2960 4591
f 2955 1096 4591
f 4591 4592 2955
f 4593 2973 2970
f 4593 4592 2973
f 2959 4592 4593
f 2970 2964 4593
f 4593 2964 2959
f 1093 2943 1091
f 2947 1096 1091
f 1096 1093 1091
f 1088 2947 1091
f 1091 216 1088
f 1091 2943 216
f 1048 4589 1062
f 4589 1061 1062
f 1062 2923 1048
f 1062 2926 2923
f 2928 2926 1062
f 1062 1061 2928
f 2945 1087 224
f 224 2954 2945
f 224 1087 1100
f 1108 2954 1105
f 2968 2971 1105
f 1100 2968 1105
f 1105 2961 1108
f 1105 224 1100
f 2954 224 1105
f 2976 2961 1105
f 1105 2971 2976
f 2914 1043 1046
f 2911 1043 2914
f 1046 1034 2914
f 1034 2911 2914
f 2906 2911 1033
f 1033 2901 2906
f 1009 2882 1026
f 1009 2880 2882
f 1009 2881 1008
f 2883 2881 1009
f 1008 1001 1009
f 1001 2880 1009
f 2908 2909 4586
f 4584 2904 2912
f 4584 4583 2904
f 2893 4583 4584
f 1028 2888 2897
f 2897 2899 1028
f 2899 4583 1028
f 1028 1023 2888
f 1026 1023 1028
f 1028 4583 2893
f 2889 2886 2887
f 2889 2892 1018
f 1018 1015 2889
f 1015 2886 2889
f 2890 2908 2896
f 2890 2889 2887
f 2892 2889 2890
f 2890 2896 2895
f 2895 2892 2890
f 1027 1029 2883
f 1027 2893 2887
f 2887 1029 1027
f 1027 1009 1026
f 2883 1009 1027
f 4587 4586 2920
f 2920 2925 4587
f 2925 4588 4587
f 4587 2908 4586
f 4355 4360 4361
f 2032 4354 4355
f 4347 4352 4346
f 4346 2022 4347
f 4346 4345 2022
f 2006 4345 4346
f 2029 2030 2031
f 2031 2030 2034
f 2637 2638 2640
f 2637 2634 2638
f 2640 2622 2637
f 2622 2634 2637
f 2609 4534 2596
f 2596 2606 2609
f 4533 2604 2596
f 2604 2606 2596
f 2595 2592 2596
f 2596 2592 4533
f 2596 2597 2595
f 4534 2597 2596
f 2756 2745 4564
f 4564 4565 2756
f 2766 2762 2767
f 2762 4565 2767
f 2759 2760 2775
f 2775 4564 2759
f 4565 4564 2775
f 2778 2767 2775
f 2775 2767 4565
f 2776 2778 2775
f 2775 2760 2776
f 2748 2749 2751
f 2749 2754 2751
f 2730 2726 4557
f 4557 4556 2730
f 2715 4556 4557
f 4557 2722 2715
f 2726 2722 4557
f 4552 2706 4554
f 2706 2702 4554
f 4554 2692 4552
f 4554 2695 2692
f 4554 2702 2695
f 2701 2702 2703
f 2695 2702 2701
f 2701 2703 2686
f 2686 2695 2701
f 2404 2406 2392
f 2441 2427 2436
f 4500 2429 2436
f 2436 2427 4500
f 2407 4497 4493
f 4493 2394 4492
f 4492 2389 2399
f 4492 2394 2388
f 2388 2389 4492
f 4492 2407 4493
f 2399 2407 4492
f 2473 2462 2463
f 2462 2458 2463
f 2442 2452 2441
f 998 145 146
f 146 995 147
f 141 995 146
f 146 145 141
f 146 147 150
f 150 998 146
f 154 143 149
f 143 145 149
f 155 154 149
f 149 999 155
f 149 145 999
f 2855 2856 2858
f 2856 2860 2858
f 2861 2856 2868
f 2868 2870 2861
f 2868 982 994
f 994 2870 2868
f 2840 962 2839
f 2845 962 2840
f 2852 134 968
f 134 962 968
f 2851 2852 968
f 968 2845 2851
f 968 962 2845
f 108 109 111
f 108 932 109
f 97 932 108
f 106 97 108
f 108 111 106
f 116 2803 936
f 116 99 2803
f 2807 117 116
f 116 936 2807
f 2796 931 2795
f 931 2794 2795
f 2795 2794 928
f 952 947 2820
f 2844 2837 2838
f 2838 2847 2844
f 2844 2833 2837
f 2804 96 93
f 93 2802 2804
f 2804 98 96
f 2804 99 98
f 2805 99 2804
f 2804 2802 2805
f 2811 942 2810
f 2811 2813 942
f 2817 2814 2818
f 945 2817 2818
f 2824 961 2818
f 961 945 2818
f 2841 2859 976
f 2845 2840 2841
f 2841 976 974
f 974 2845 2841
f 2810 110 949
f 949 2811 2810
f 2813 2811 949
f 7126 9073 9079
f 9079 9073 9074
f 9061 9066 9046
f 9046 9066 9053
f 9046 9060 9061
f 9046 9041 9060
f 9053 9063 9056
f 9063 7117 9056
f 9033 9041 9040
f 10218 7110 7111
f 7110 9040 7111
f 7111 7116 10218
f 7111 10227 7116
f 7111 7117 10227
f 7229 7216 10273
f 10273 7228 7229
f 10285 7228 10273
f 10273 7212 10266
f 10273 7216 7212
f 7215 7220 10273
f 7227 10285 10273
f 10273 7220 7227
f 10273 7214 7215
f 10266 7211 10273
f 7211 7214 10273
f 10260 7197 10266
f 7195 7197 10260
f 10260 7186 10252
f 10252 7191 10260
f 10260 7191 7195
f 10266 7203 10260
f 5425 7207 7196
f 7211 7207 5425
f 7208 7214 5425
f 5425 7214 7211
f 9163 9156 7172
f 9147 9141 9163
f 9141 9156 9163
f 10244 7158 7159
f 10244 7159 7164
f 7155 7158 10244
f 7164 7171 10244
f 7171 7174 10244
f 10244 7174 10252
f 9097 10231 9090
f 9090 10231 10230
f 9072 9078 9077
f 9078 9090 9077
f 10230 10228 9077
f 9077 9090 10230
f 9108 9114 9096
f 9096 9089 9108
f 9146 9157 10241
f 10241 9142 9125
f 9119 9120 9129
f 9120 9130 9129
f 9086 9085 9081
f 9081 10231 9086
f 9086 10232 9085
f 9086 10231 9097
f 9097 9100 9086
f 9086 9100 10232
f 9062 9066 9061
f 9062 10228 9066
f 9061 9060 9062
f 9060 10226 9062
f 10226 9071 9062
f 9062 9077 10228
f 9059 9069 9068
f 9068 9069 9071
f 9068 9058 9059
f 10225 9058 9068
f 9068 10226 10225
f 9068 9071 10226
f 7140 9098 9092
f 9098 9078 9092
f 9092 9078 9072
f 9048 9049 9055
f 9049 9058 9055
f 9055 9058 9044
f 9055 9044 10222
f 10222 9048 9055
f 9131 7157 9132
f 7157 9137 9132
f 9132 9137 9120
f 7160 9137 7157
f 7160 9143 9137
f 9149 9143 7160
f 7160 7172 9149
f 7160 10244 7172
f 7157 10244 7160
f 9118 9101 9109
f 9101 9118 9113
f 9113 9115 9112
f 9112 9101 9113
f 9103 9109 9091
f 9109 9101 9091
f 9091 9098 9103
f 9091 9078 9098
f 9091 9090 9078
f 9097 9090 9091
f 9091 9100 9097
f 9091 9101 9100
f 6970 6007 6961
f 6007 6959 6961
f 6955 6970 6961
f 6961 6959 6955
f 5997 5994 5998
f 5998 6944 5997
f 5998 5995 5999
f 5999 6944 5998
f 6000 6944 6008
f 6008 6007 6945
f 6945 6000 6008
f 6008 6959 6007
f 6008 6944 6959
f 6730 8573 8575
f 8575 8576 6730
f 8573 8574 8575
f 8574 8576 8575
f 8580 8576 8577
f 8577 8576 8574
f 6719 5843 6725
f 5843 8558 6725
f 6725 8560 6719
f 8562 8560 6725
f 6724 6726 8565
f 8565 6727 6724
f 8565 8569 6727
f 8646 8642 10162
f 10162 10163 8646
f 8656 8651 8657
f 8651 10163 8657
f 8690 6825 8691
f 6825 8692 8691
f 8691 8680 8690
f 8691 8692 8680
f 10170 8683 10169
f 8694 6828 10170
f 10170 10169 8694
f 6828 8687 10170
f 8687 8683 10170
f 8650 8649 8644
f 8644 8639 8656
f 8644 8649 8643
f 8643 8639 8644
f 8667 8650 8644
f 8644 8656 8667
f 8637 6790 6796
f 8646 8639 8637
f 8638 6790 8637
f 8637 8639 8638
f 6796 8642 8637
f 8637 8642 8646
f 9700 9694 9696
f 9694 9695 9696
f 9696 9701 9700
f 9702 9701 9696
f 9707 9702 9696
f 9696 9705 9707
f 9703 9705 9696
f 9696 9695 9703
f 10419 10578 10579
f 10579 10423 10419
f 10578 9692 10579
f 9692 9697 10579
f 10358 10360 9574
f 9574 10357 10358
f 10362 9598 10358
f 10358 10357 10362
f 9544 9545 10347
f 9537 9545 9544
f 9544 9538 9537
f 9544 9546 9538
f 9568 9549 9565
f 9549 9563 9565
f 9565 9566 9568
f 9565 9563 9566
f 10352 9561 9571
f 10352 10351 9561
f 9401 10304 9404
f 9421 10314 10312
f 9421 9422 10314
f 9415 9422 9421
f 10301 10302 9379
f 9381 10301 9379
f 9379 9380 9381
f 10294 10299 10296
f 10296 10299 9380
f 9351 9337 9333
f 9351 9333 9342
f 9351 9342 10288
f 10288 10289 9351
f 9351 10289 9356
f 10268 10267 9277
f 9277 9286 10268
f 9270 10267 10268
f 10266 7212 7213
f 7213 7204 10266
f 7213 9268 9265
f 9256 7213 9265
f 7204 7213 9256
f 9248 9238 9256
f 9256 9265 9248
f 7173 10244 10252
f 7172 10244 7173
f 7173 9163 7172
f 9172 7173 9174
f 9162 9179 9183
f 9162 9174 9179
f 9195 9191 9192
f 9192 9191 9190
f 9190 10250 9192
f 10249 10250 9182
f 9170 10248 10249
f 10249 9182 9170
f 10249 10248 9186
f 9161 9162 9167
f 9167 10246 10245
f 9151 9161 10245
f 10245 9161 9167
f 10245 9153 9151
f 10245 10246 9153
f 9219 9218 9211
f 9218 9210 9211
f 9211 9231 9219
f 9211 9224 9231
f 9199 10249 9186
f 10250 10249 9199
f 9199 9192 10250
f 9206 9216 9220
f 9206 9200 9216
f 9206 9220 9224
f 9224 9211 9206
f 9206 9211 9210
f 9206 9210 9205
f 9205 9200 9206
f 9171 9175 9181
f 9186 10248 9181
f 10248 9171 9181
f 9181 9176 9186
f 9181 9175 9176
f 9204 9176 9198
f 9176 9193 9198
f 9295 9291 9296
f 9296 9297 9295
f 9281 9291 9295
f 9295 9297 9281
f 10263 9251 9249
f 9249 10262 10263
f 10263 10262 9257
f 9257 9260 10263
f 9260 9251 10263
f 7212 9274 9271
f 9271 7213 7212
f 9268 7213 9271
f 9258 9268 9271
f 9261 9258 9271
f 9271 9274 9261
f 7279 7278 9453
f 9453 9445 7279
f 7279 7272 10318
f 10318 7278 7279
f 9438 7272 7279
f 7279 9445 9438
f 9426 9418 9438
f 9438 9445 9426
f 9426 9445 10317
f 9425 9418 9426
f 10317 9435 9426
f 9417 9418 9425
f 9417 10304 9413
f 9414 9418 9417
f 9417 9413 9414
f 9408 9401 10303
f 10303 10302 9408
f 9408 10302 9402
f 9408 9402 9403
f 9403 9409 9408
f 7266 7267 10309
f 7266 10309 10318
f 10318 7272 7266
f 7266 7272 9424
f 9424 9423 7266
f 7266 9423 9420
f 7266 9420 9416
f 9416 7267 7266
f 9398 9392 7256
f 7256 9392 7252
f 7256 9407 9398
f 7256 7267 9407
f 7256 7252 10309
f 10309 7267 7256
f 9377 9382 9366
f 9366 9376 9377
f 7252 9382 9377
f 9377 9376 7252
f 9368 7253 9372
f 9368 9372 9362
f 9362 9353 9368
f 9456 9461 9460
f 9461 9463 9460
f 9460 9442 9456
f 9460 9463 9442
f 9451 9442 9452
f 9452 9455 9451
f 10322 9455 9452
f 9442 9463 9452
f 9452 9469 10322
f 9452 9463 9469
f 10323 9464 10322
f 10323 10324 9464
f 10329 10324 10323
f 10322 10328 10323
f 10328 9486 10323
f 10323 9486 10329
f 9433 9439 9443
f 9443 9447 9433
f 9443 9439 9444
f 9444 10319 9443
f 10319 9447 9443
f 9433 9447 9437
f 9437 9436 9433
f 9456 9442 9437
f 9437 9447 9456
f 9481 9466 9477
f 9481 9471 9466
f 9481 9477 7293
f 7293 7292 9481
f 9474 9475 10330
f 9474 9471 9475
f 9474 10330 10325
f 10325 9461 9474
f 9457 10320 10319
f 9457 9465 10320
f 9457 10319 9444
f 9444 9454 9457
f 9458 9465 9457
f 9457 9450 9458
f 9457 9454 9450
f 9516 9514 9518
f 9516 9513 9514
f 9516 9518 9507
f 9507 9513 9516
f 9487 9492 9499
f 9499 10333 9487
f 9504 10333 9499
f 9499 9494 9504
f 9499 9492 9494
f 9691 7369 7372
f 9691 9685 7369
f 9691 7372 9692
f 9692 10422 9691
f 10421 9685 9691
f 9691 10422 10421
f 7270 7263 7271
f 7265 7263 7270
f 7270 7271 10309
f 10309 7265 7270
f 69 574 70
f 70 68 69
f 1904 588 70
f 70 574 1904
f 70 588 1915
f 1915 68 70
f 9827 9824 6125
f 6125 69 9827
f 69 7430 9827
f 9827 7430 6126
f 9827 6126 10485
f 10485 9824 9827
f 7429 7424 6122
f 6122 7424 6123
f 6122 5640 7429
f 6123 5640 6122
f 5641 6123 6124
f 6124 6121 5641
f 6117 6121 6124
f 6124 7421 6117
f 6124 7424 7421
f 6123 7424 6124
f 5639 5638 7429
f 7429 5640 5639
f 5639 5640 1891
f 5639 1889 5638
f 1891 1889 5639
f 74 1892 75
f 1891 1892 74
f 74 75 71
f 71 597 74
f 1941 1942 1944
f 595 1941 1944
f 1944 1949 595
f 1944 1942 4311
f 4311 1949 1944
f 1936 1941 1939
f 1939 1934 1936
f 1939 1941 591
f 591 1934 1939
f 1992 1984 4329
f 1984 1985 4329
f 4329 4330 1992
f 4329 4331 4330
f 4329 1985 4331
f 9819 9808 12
f 12 9 9819
f 9819 9 9808
f 13 9 12
f 58 1879 4279
f 56 58 4279
f 1901 1888 4279
f 4279 1876 56
f 1888 1876 4279
f 4279 1894 1901
f 4279 1879 1894
f 1886 1879 4277
f 1884 1886 4277
f 4277 558 1884
f 4277 59 558
f 1879 59 4277
f 62 565 60
f 62 63 565
f 60 55 62
f 55 63 62
f 615 613 614
f 614 613 611
f 614 82 615
f 614 611 82
f 9429 9422 9425
f 9425 9426 9429
f 9429 9426 9435
f 9429 9435 10314
f 10314 9422 9429
f 8794 10183 8800
f 8800 10184 8799
f 8799 8794 8800
f 8800 8808 10184
f 8803 8808 8800
f 8800 10183 8803
f 8755 6889 6890
f 6889 8732 6890
f 6891 8755 6890
f 8752 6891 6890
f 6890 8749 8752
f 6890 8732 8749
f 11656 11664 11720
f 11720 11664 11673
f 11397 11679 11720
f 11802 11690 11397
f 11397 11743 11802
f 11743 11814 11802
f 11734 11406 11802
f 11802 11814 11734
f 11835 11847 11734
f 11778 11788 11835
f 11788 11847 11835
f 11835 11766 11778
f 5004 4084 5006
f 4078 4084 5004
f 5006 4831 5004
f 4065 4056 4061
f 4065 4069 4056
f 4061 1777 4065
f 1777 4069 4065
f 4071 4067 4060
f 4078 4067 4071
f 1776 4078 4071
f 4085 4079 5010
f 5010 5011 4085
f 5010 4079 5009
f 5010 5009 4840
f 4840 4843 5010
f 4843 5011 5010
f 7533 7536 7535
f 7535 7537 7527
f 9865 9869 9866
f 9869 7532 9866
f 9866 7510 9865
f 9866 9867 7510
f 5650 5648 528
f 9838 7459 7454
f 7454 7453 7465
f 7454 7459 7452
f 7452 7453 7454
f 7454 7470 9838
f 7465 7470 7454
f 10493 7491 7485
f 7485 10492 10493
f 9852 7491 10493
f 10493 10492 9852
f 7479 7478 7476
f 7479 7482 9849
f 7498 7500 7497
f 7497 7492 7498
f 7498 7507 7510
f 7498 7504 7507
f 7498 7492 7504
f 4779 3920 4774
f 4779 3923 3920
f 3929 3923 4779
f 4779 3930 3929
f 3942 3923 3929
f 3942 3929 4784
f 3947 3924 3942
f 3924 3923 3942
f 3942 4785 3947
f 3942 4784 4785
f 3964 1737 1736
f 3959 1737 3964
f 3964 3938 3959
f 3949 3938 3964
f 4792 3974 3972
f 4792 4789 3974
f 3961 4789 4792
f 3972 3965 4792
f 3965 3961 4792
f 3894 3902 3901
f 3901 3902 3909
f 3909 4770 3901
f 4770 4769 3901
f 3894 3892 3893
f 3903 3894 3893
f 3893 3897 3903
f 1722 1723 4777
f 1722 4777 4791
f 4791 1726 1722
f 3935 3928 1722
f 1722 1726 3935
f 1722 3928 3926
f 3834 3835 3832
f 3834 3833 4750
f 3832 3833 3834
f 3810 3815 3814
f 3810 3809 3806
f 3826 3815 3810
f 4764 3865 3866
f 3866 3873 4764
f 4764 4762 3865
f 4764 4763 4762
f 3883 3884 4765
f 3884 4763 4765
f 539 538 1858
f 531 536 539
f 39 538 539
f 539 536 39
f 36 38 37
f 36 1861 38
f 37 7448 36
f 1858 538 537
f 537 1861 1858
f 537 538 38
f 38 1861 537
f 4271 1841 1855
f 1855 1861 4271
f 1858 1861 1855
f 1855 539 1858
f 1855 1841 531
f 531 539 1855
f 4170 4171 4168
f 1818 4170 4168
f 1809 4155 4151
f 4159 4155 1809
f 1808 1815 1809
f 1799 1803 4135
f 4135 4129 1799
f 1742 3979 3977
f 3977 3973 1742
f 3977 3979 3963
f 3963 3973 3977
f 4026 4016 4022
f 4027 4016 4026
f 4026 4022 1760
f 1760 4027 4026
f 4024 4023 4020
f 4020 4031 4024
f 4030 4031 4020
f 4020 4027 4030
f 4020 4016 4027
f 4019 4015 4016
f 4016 4020 4019
f 4010 4803 4019
f 4803 4015 4019
f 4901 4184 4900
f 4901 4905 4192
f 4900 4905 4901
f 4901 4192 4182
f 4901 4182 4898
f 4898 4184 4901
f 5012 4842 4839
f 5012 5013 4842
f 4839 4102 5012
f 4102 5013 5012
f 5015 4099 4844
f 4844 5013 5015
f 5015 4105 4099
f 5015 5013 4105
f 4098 4846 4099
f 4099 4100 4098
f 4098 4100 4103
f 4098 4103 4092
f 4098 4092 4091
f 4091 4846 4098
f 4859 5023 4860
f 4860 4111 4859
f 4860 4118 4111
f 4860 5026 4118
f 4871 4872 5029
f 4871 4867 4129
f 4871 4135 4872
f 4129 4135 4871
f 4120 5023 5022
f 5022 4117 4120
f 5022 4859 4856
f 5022 5023 4859
f 4114 4100 4110
f 4100 4109 4110
f 4110 1790 4114
f 4110 4109 1790
f 4915 4918 4207
f 4209 4918 4915
f 4919 4215 4910
f 4910 4918 4919
f 4256 1860 1863
f 1863 4257 4256
f 4255 1860 4256
f 4256 4257 4255
f 4250 4931 4242
f 4250 4245 4931
f 4255 4245 4250
f 4250 4242 1857
f 1857 4255 4250
f 4931 4245 4244
f 4244 4927 4931
f 4244 4928 4923
f 4923 4927 4244
f 4230 4927 4922
f 4216 4222 4230
f 4230 4922 4216
f 4230 4222 4925
f 4925 4926 4230
f 4926 4927 4230
f 4908 4202 4201
f 4201 4904 4908
f 4908 4904 4903
f 4210 4202 4908
f 4206 4202 4203
f 4202 4212 4203
f 4218 4209 4203
f 4930 4926 4925
f 4925 4232 4930
f 4242 4926 4930
f 4241 4242 4930
f 4930 4232 4241
f 4925 4222 4233
f 4233 4232 4925
f 4229 4232 4233
f 4233 5050 4229
f 4209 4221 5048
f 5048 4918 4209
f 4205 1831 4210
f 4210 4908 4205
f 4205 4906 4199
f 4199 1831 4205
f 4903 4906 4205
f 4205 4908 4903
f 1830 4218 4213
f 4213 4212 1830
f 4218 4203 4213
f 4213 4203 4212
f 4890 4168 4171
f 4885 4891 4890
f 4891 4168 4890
f 4150 4879 4145
f 4886 4884 4150
f 4150 4877 4879
f 4150 4884 4877
f 4145 4146 4150
f 4146 4886 4150
f 4893 5039 5040
f 5040 4896 4893
f 5041 4896 5040
f 5040 4177 5041
f 5040 5039 4170
f 4170 4177 5040
f 4899 4174 4190
f 4899 4904 4900
f 4190 4904 4899
f 4900 4184 4899
f 4899 4184 4176
f 4176 4174 4899
f 4866 5030 4865
f 4866 4122 5029
f 4866 4865 4122
f 5029 4872 4866
f 4136 4141 5031
f 5031 5030 4136
f 1803 4141 4136
f 4136 4866 4872
f 5030 4866 4136
f 4136 4135 1803
f 4872 4135 4136
f 5016 4097 4090
f 5016 4850 4853
f 1136 1135 262
f 264 1138 1136
f 1136 1138 1132
f 1136 1153 264
f 1136 262 1153
f 1132 4597 1136
f 4597 1135 1136
f 1116 2979 2976
f 1101 4597 1116
f 4597 1133 1116
f 2984 2979 1116
f 1116 1133 2984
f 1116 2971 1101
f 2976 2971 1116
f 789 5476 786
f 786 795 789
f 785 5476 789
f 795 4505 789
f 789 4505 785
f 712 709 706
f 706 714 712
f 749 5471 746
f 745 5471 749
f 735 737 736
f 738 737 745
f 736 737 738
f 5470 735 720
f 737 735 5470
f 5470 5471 745
f 745 737 5470
f 825 817 5480
f 5480 818 825
f 4516 817 825
f 809 4514 816
f 4505 4514 809
f 815 4514 812
f 4514 807 812
f 802 815 812
f 812 5478 802
f 812 807 5478
f 772 5474 760
f 2170 2169 696
f 696 2172 2170
f 2159 2169 2170
f 2170 2172 2159
f 2178 698 2184
f 2178 2172 698
f 2165 2172 2178
f 2184 4427 2178
f 4427 2165 2178
f 2566 2590 2571
f 2588 2587 2571
f 2571 2570 2566
f 2587 2570 2571
f 853 863 2601
f 2601 2590 853
f 2601 863 2607
f 2601 2571 2590
f 2607 2588 2601
f 2588 2571 2601
f 2410 4505 791
f 785 4505 2410
f 2410 778 785
f 777 778 774
f 2423 2418 791
f 791 2428 2423
f 2423 2409 2418
f 2428 2409 2423
f 2438 790 797
f 2527 2525 829
f 2510 2525 2527
f 2540 2535 834
f 834 2547 2540
f 2540 2524 2535
f 2547 2524 2540
f 2513 827 2516
f 827 826 2516
f 816 2486 2482
f 2482 809 816
f 2472 2477 2458
f 2472 809 2477
f 2505 827 2513
f 2505 2491 827
f 2535 2524 2518
f 2510 2527 2518
f 2518 2517 2510
f 2518 2524 2523
f 2484 2494 2483
f 2491 2505 2484
f 2495 2500 2499
f 2499 2494 2495
f 2494 2484 2495
f 2513 2516 2495
f 2495 2516 2500
f 2495 2505 2513
f 2495 2484 2505
f 2612 2599 2607
f 2617 2599 2612
f 2607 863 2612
f 2612 863 2617
f 2605 2624 2610
f 2605 2620 2624
f 2617 2620 2605
f 2605 2599 2617
f 2610 2609 2605
f 2609 2606 2605
f 2605 2606 2604
f 2604 2599 2605
f 2576 2560 2573
f 2576 2579 2560
f 2576 2573 846
f 846 2579 2576
f 2723 905 2729
f 2729 2713 2723
f 2723 2707 2721
f 2723 2713 2707
f 899 2714 2708
f 899 898 4551
f 2708 2705 899
f 2705 898 899
f 2761 914 2763
f 2757 914 2761
f 2761 2742 2757
f 2763 2749 2761
f 2749 2742 2761
f 2774 2768 920
f 2768 914 920
f 2777 2774 920
f 920 2784 2777
f 928 2784 920
f 920 4569 928
f 920 914 4569
f 927 4569 105
f 105 934 927
f 928 4569 927
f 927 934 930
f 927 2795 928
f 927 930 2796
f 2796 2795 927
f 2650 2651 2638
f 2638 2646 2650
f 2647 2651 2650
f 2650 2646 2647
f 124 123 946
f 946 121 124
f 946 943 121
f 946 112 943
f 123 112 946
f 955 123 127
f 955 971 958
f 127 971 955
f 958 122 955
f 122 123 955
f 933 919 918
f 918 913 933
f 918 919 4563
f 4563 913 918
f 4551 897 900
f 900 902 4551
f 897 5490 900
f 5490 890 900
f 890 902 900
f 3155 3157 1287
f 1287 1281 3155
f 3155 1281 1282
f 1283 3157 3155
f 3155 1282 1283
f 3202 3195 3187
f 3187 3200 3202
f 3203 3195 3202
f 3202 3200 1337
f 3202 1337 1336
f 1336 3203 3202
f 4627 3190 3182
f 3182 4626 4627
f 3194 3198 4627
f 4627 4626 3194
f 3183 4626 3182
f 3183 3186 3191
f 3191 4626 3183
f 1303 1302 3165
f 3165 3167 1303
f 1302 1304 3165
f 1304 3167 3165
f 1338 390 1342
f 1342 390 3206
f 1342 1321 1338
f 3206 1321 1342
f 3272 1415 1414
f 1414 3274 3272
f 3272 3274 1415
f 452 3274 1430
f 1430 1419 452
f 1430 3274 451
f 1430 1441 448
f 448 1419 1430
f 451 455 1430
f 1430 455 1441
f 3247 4633 4632
f 4632 3239 3247
f 3252 3244 3247
f 3244 4633 3247
f 3247 3239 3240
f 3247 3248 3252
f 3240 3248 3247
f 3235 3239 3234
f 3232 1384 3234
f 1384 3235 3234
f 3234 3239 4631
f 3234 1372 3232
f 4631 1372 3234
f 3030 3026 4602
f 3030 4602 3035
f 4605 3055 3052
f 4604 3055 4605
f 3039 4604 4605
f 4605 3045 3039
f 4605 3052 3045
f 3028 3042 3048
f 3048 3036 3028
f 3050 3036 3048
f 1187 3050 3048
f 3048 3042 1187
f 3056 3066 3068
f 3056 3047 3066
f 1202 3064 3056
f 3068 3070 3056
f 3056 3070 1202
f 3063 3060 3056
f 3056 3064 3063
f 3060 3055 3056
f 3055 3047 3056
f 3058 1195 3061
f 3058 3053 1195
f 3061 3041 3058
f 3041 3053 3058
f 3184 1312 1323
f 1323 3189 3184
f 1311 1312 3184
f 3184 3181 1311
f 1314 3181 3184
f 3184 3189 1314
f 3339 1474 3336
f 3306 1448 458
f 3306 457 3305
f 458 457 3306
f 4649 1479 1480
f 1480 1463 4649
f 3335 1463 1480
f 1480 3336 3335
f 1480 3339 3336
f 1479 3339 1480
f 4649 1463 1458
f 1458 1463 3322
f 3581 3564 3576
f 3576 1587 3581
f 3564 3560 3576
f 3562 1586 3568
f 3568 1586 3572
f 3568 3557 3562
f 3568 3572 3557
f 3460 4665 3447
f 3447 3456 3460
f 3447 3445 4664
f 4664 3454 3447
f 3454 3456 3447
f 3447 3446 3445
f 3450 3446 3447
f 3447 4665 3450
f 3541 4681 3534
f 3534 4681 4680
f 3534 4680 3521
f 3534 3521 3522
f 3534 3535 3541
f 3522 3535 3534
f 3561 3563 3551
f 3551 3559 3561
f 3560 3563 3561
f 3561 3559 3560
f 3538 4682 4684
f 4684 3546 3538
f 4684 4685 3546
f 3556 4685 4684
f 4684 3544 3556
f 4684 4682 3544
f 3519 3521 3506
f 3506 3515 3519
f 3516 3521 3519
f 3519 3515 3516
f 3516 3515 3513
f 3513 3515 3512
f 3513 3512 3503
f 3503 3520 3513
f 3528 3516 3513
f 5402 1625 1621
f 1621 1613 5402
f 1621 1620 1613
f 1625 4710 1621
f 1632 4716 1627
f 1632 1637 4716
f 1632 1627 1626
f 1626 1637 1632
f 5400 1644 1641
f 1641 1637 5400
f 4716 1637 1641
f 1644 4723 1641
f 1641 4723 4716
f 3649 3654 4701
f 4701 3636 3649
f 3649 3636 3646
f 3649 3650 3654
f 3649 3644 3650
f 3646 3644 3649
f 3760 3761 3765
f 3765 4728 3760
f 3772 3761 3766
f 3766 1662 3772
f 3759 4728 3765
f 3765 3767 3759
f 3759 3767 4732
f 3754 4728 3759
f 3758 3754 3759
f 3759 4732 3758
f 3703 3699 4715
f 3699 3695 4715
f 4712 3693 3684
f 3660 3664 3650
f 3650 3644 3660
f 3660 3644 3659
f 3668 3655 3650
f 3650 3664 3668
f 3675 3655 3668
f 3642 3620 3637
f 3642 3648 3620
f 3631 3648 3656
f 3656 3644 3631
f 3659 3644 3656
f 4702 1602 4694
f 1605 1612 4702
f 4702 1612 1615
f 4702 1604 1605
f 4694 1604 4702
f 1615 1620 4702
f 1620 1621 4702
f 4702 1621 4710
f 3715 3712 1643
f 3751 3742 1658
f 3800 3814 4743
f 3800 4743 3803
f 3803 3799 3800
f 3799 3795 3800
f 4759 1696 1697
f 1697 1686 4759
f 1697 1696 3860
f 3807 1669 1683
f 4745 1682 1683
f 1683 1669 4745
f 3801 3807 3791
f 3791 3798 3801
f 3801 1669 3807
f 3801 3798 1669
f 3792 4736 3784
f 3784 1668 3792
f 3792 3790 4736
f 3792 3798 3790
f 1668 1669 3792
f 1669 3798 3792
f 4735 1662 1659
f 1662 3766 1659
f 1658 4723 1659
f 1659 4723 4735
f 1661 1660 5398
f 5398 1663 1661
f 4735 1660 1661
f 1661 1663 4735
f 3468 3472 3452
f 3452 3444 3468
f 3444 3464 3468
f 3468 4670 3472
f 3468 3469 4670
f 3468 3464 3469
f 1561 3511 3509
f 3509 3501 1561
f 3509 3511 3493
f 3493 3501 3509
f 3494 1562 3498
f 1562 3501 3498
f 3498 3501 3482
f 3498 3474 3494
f 3482 3474 3498
f 1550 4673 1562
f 3819 3818 3837
f 3841 3828 3819
f 3819 3837 3841
f 3819 3827 3822
f 3828 3827 3819
f 3822 3817 3819
f 3819 3817 3818
f 3861 4758 4754
f 4754 3857 3861
f 3858 3862 3861
f 3861 3857 3858
f 4753 4752 3852
f 3852 3845 4753
f 3847 3853 3852
f 3785 3787 1653
f 1653 3780 3785
f 1653 1649 3776
f 3776 3780 1653
f 3776 1649 3773
f 3769 1649 1648
f 1648 3764 3769
f 3773 1649 3769
f 3758 4730 4725
f 4741 4740 4746
f 4741 3824 4747
f 4741 4746 3824
f 4747 4742 4741
f 4742 3802 4741
f 3802 4740 4741
f 6625 6626 8483
f 5814 5815 6668
f 5811 5815 5814
f 5814 5810 5811
f 5811 5810 5356
f 5356 5810 5806
f 5806 5794 5356
f 6611 5350 5769
f 5769 5352 6611
f 6745 6751 6754
f 5860 6751 6745
f 6754 6740 6745
f 6745 6740 5860
f 8561 5860 8564
f 5860 6740 8564
f 8593 6740 6754
f 6746 6740 8593
f 8593 6747 6746
f 8490 6625 6628
f 6628 8493 8490
f 6627 6625 8490
f 8490 5788 6627
f 8490 8493 5788
f 10135 8459 8454
f 6671 6670 6669
f 6669 5822 6671
f 5820 5822 6669
f 10143 8520 8515
f 8514 6666 8503
f 8537 10145 10144
f 5809 5814 6668
f 5810 5814 5809
f 5352 5793 5792
f 6611 5352 5792
f 5792 5793 5354
f 5354 5794 5792
f 6636 5792 5800
f 5800 5794 5806
f 5800 5792 5794
f 5348 5756 5753
f 6541 5716 5721
f 5721 5756 6551
f 6551 6549 5721
f 5766 5350 6611
f 5348 5754 5759
f 5790 6635 6629
f 6629 5788 5790
f 5788 5787 5790
f 5790 6633 8488
f 8488 6635 5790
f 5790 5785 6633
f 5790 5787 5785
f 8571 10149 10150
f 10150 8578 8571
f 8536 8519 8533
f 8533 10146 8536
f 8539 6681 8536
f 6681 8519 8536
f 6693 8539 8536
f 8536 10146 6693
f 8518 8519 8523
f 8528 6673 8523
f 8523 6673 8518
f 8523 6680 8528
f 8523 8519 6680
f 5741 5742 5740
f 5740 5742 8436
f 5740 6566 5741
f 5737 6566 5740
f 5740 6578 5737
f 8437 6579 8439
f 8437 6578 6579
f 8437 6577 6578
f 8439 6582 8437
f 6582 6577 8437
f 8401 6544 8407
f 8407 6538 8401
f 8401 8397 6544
f 8419 6561 8429
f 6561 8430 8429
f 8429 8430 5729
f 8387 6531 8380
f 6532 8401 6538
f 6532 6538 5723
f 10120 6531 6532
f 6532 5723 6530
f 6530 10120 6532
f 6512 8364 8366
f 8366 5699 6519
f 8366 8364 5698
f 5698 5699 8366
f 6515 8373 8374
f 8380 6531 8374
f 8374 6531 6515
f 8374 8373 8370
f 6519 8368 8369
f 8370 8373 8369
f 8369 8368 8370
f 8369 8373 6515
f 8369 6515 6512
f 6520 8368 6524
f 6520 8372 8368
f 8381 8387 8380
f 8398 8381 8375
f 8375 8381 8380
f 8375 8374 8370
f 8380 8374 8375
f 8409 8397 8391
f 8409 8415 8397
f 8409 10129 8415
f 8388 8389 10124
f 8398 8375 8388
f 8388 8375 8370
f 8415 10129 10130
f 10130 6562 8419
f 8419 8415 10130
f 10125 10126 8398
f 10125 8388 10124
f 8398 8388 10125
f 5707 6517 5706
f 5715 5707 6510
f 5711 5715 6510
f 6564 8428 8426
f 8329 8322 10116
f 8353 8337 8343
f 8343 8344 8353
f 8344 8357 8353
f 8192 8191 8184
f 8191 8188 8184
f 8184 8188 8183
f 8183 8178 8184
f 8159 8179 8170
f 8170 8169 8159
f 8170 8178 8177
f 8177 8169 8170
f 8149 8158 6410
f 8164 8158 8159
f 8159 8169 8164
f 6420 8158 8164
f 8164 8169 6420
f 8262 8258 10104
f 10104 8258 8251
f 8251 8248 10104
f 8233 8248 8251
f 8251 8242 8233
f 10104 8248 10102
f 10100 8252 10102
f 10102 8238 10100
f 10102 8248 8238
f 10102 8262 10104
f 8252 8262 10102
f 10099 8230 10098
f 10098 8239 10099
f 8238 8216 8234
f 8216 8230 8234
f 8259 10105 10106
f 10105 8275 10106
f 8282 10107 8286
f 8286 8293 8282
f 8286 10106 8275
f 10107 10106 8286
f 8275 8276 8286
f 8307 8300 8304
f 8307 8310 8300
f 8301 8284 8299
f 8299 8300 8301
f 8318 8312 10115
f 8295 8312 8318
f 8318 8322 8309
f 8309 8295 8318
f 10114 8301 10112
f 10114 8312 8301
f 10115 8312 10114
f 10112 8315 10114
f 10114 8331 10115
f 10114 8315 8331
f 8266 8255 8281
f 8281 8291 8266
f 5628 5672 5671
f 6173 6166 6169
f 5662 6167 6169
f 6169 6166 5662
f 7499 9856 9853
f 9853 7494 7499
f 7631 7628 6226
f 5369 6191 5672
f 10516 9907 9903
f 7625 9929 9927
f 9933 9929 7625
f 7625 7627 9933
f 7625 7626 7627
f 9950 7653 7645
f 7645 9949 9950
f 9940 7634 9946
f 9946 9949 9940
f 9958 7674 9957
f 7700 9957 9961
f 6239 7658 7652
f 10018 7867 10017
f 10017 7887 10018
f 10018 7887 7879
f 7873 7867 10018
f 10018 7879 7873
f 10020 7886 7878
f 7873 7879 7878
f 7878 7879 10020
f 7878 7886 7862
f 7878 7862 7850
f 7850 7873 7878
f 10022 7884 10019
f 10019 7886 10022
f 7895 7884 10022
f 7886 10021 10022
f 7906 7909 7907
f 7828 10002 7837
f 10002 10003 7837
f 10003 10005 10004
f 10004 7837 10003
f 10006 7837 10004
f 10007 10006 10004
f 9990 9995 7791
f 7791 7782 7781
f 7781 9990 7791
f 7779 7773 9988
f 6321 7869 7864
f 7864 7863 6321
f 6320 7874 6321
f 7874 7869 6321
f 6237 6238 6239
f 6315 7863 6308
f 6315 6321 7863
f 9978 9981 7735
f 9983 9981 7760
f 7753 9983 7760
f 7760 7763 7753
f 7778 7771 9991
f 7819 7812 7820
f 7826 7825 7820
f 7802 9995 7803
f 7787 7771 7766
f 7826 7820 7833
f 9997 7813 7804
f 7803 9997 7804
f 7804 7802 7803
f 8098 10071 10070
f 10070 8086 8098
f 8104 8093 8098
f 8093 10071 8098
f 8099 8104 8098
f 8103 6404 8114
f 6396 6397 10066
f 10038 7941 10036
f 10061 10062 8041
f 10065 8059 8049
f 8055 8046 10062
f 8007 7996 7990
f 7991 7981 7970
f 7991 8001 7981
f 8021 8012 8022
f 8026 8021 8022
f 8041 8027 8022
f 8022 8031 8026
f 8027 8031 8022
f 8063 6375 8057
f 8057 8058 8063
f 8048 8043 8044
f 8044 8052 8048
f 6374 8043 8048
f 8048 8052 6374
f 8097 6391 8094
f 8094 8090 8085
f 6391 6390 8094
f 6390 8090 8094
f 8119 6394 8113
f 8097 8094 8095
f 8095 8094 8085
f 8116 8109 8129
f 8129 8132 8116
f 8116 8132 8135
f 8135 8122 8116
f 8116 8115 8109
f 8116 8118 8115
f 8116 8122 8121
f 8121 8118 8116
f 8127 8143 8126
f 8121 8122 8126
f 8126 8122 8127
f 8126 10076 8121
f 10070 8070 10069
f 10069 8086 10070
f 8064 8058 8082
f 8082 8088 8064
f 8092 8077 8064
f 8064 8088 8092
f 8077 8076 8064
f 8076 8071 8064
f 8064 8071 8063
f 8063 8058 8064
f 8053 8052 8044
f 8070 8058 8053
f 8058 8057 8053
f 8044 8062 8053
f 5713 5716 5712
f 5713 5710 5694
f 5713 5694 5340
f 5340 5716 5713
f 10094 10095 8209
f 8209 10095 8214
f 8209 8201 8192
f 8206 8207 8194
f 8197 8187 8198
f 8147 8144 8154
f 8154 10081 8147
f 8144 8155 8154
f 8154 8155 8160
f 8165 8166 8174
f 8161 8166 8165
f 8134 8143 8147
f 10079 8143 8134
f 8152 8165 10084
f 8111 8118 8121
f 8121 10076 8111
f 8115 8118 8111
f 10076 8126 10078
f 10078 8143 10079
f 10078 8126 8143
f 10055 6377 10064
f 6387 10066 10064
f 5347 6372 6382
f 6382 6377 5347
f 6382 10064 6377
f 6341 6329 6339
f 6347 6355 6348
f 6348 6344 6347
f 6398 6400 10066
f 10066 6395 6398
f 6388 6395 5344
f 6388 6398 6395
f 5343 6400 6388
f 6400 6398 6388
f 10013 7851 7852
f 10007 10008 7852
f 7852 10008 10013
f 7852 10006 10007
f 7857 10010 7851
f 10017 7860 10016
f 7860 7856 10016
f 7855 7856 7860
f 7853 7856 7855
f 7855 7860 7843
f 7843 7853 7855
f 7892 7887 10023
f 7892 10024 10025
f 7892 10023 10024
f 10025 10020 7892
f 10020 7879 7892
f 7879 7887 7892
f 7872 7876 7875
f 7876 7887 7875
f 7875 7887 10017
f 10017 10016 7875
f 10027 10021 7909
f 7906 7900 10027
f 10027 7909 7906
f 10027 7900 7895
f 7895 10022 10027
f 10027 10022 10021
f 7832 7825 7826
f 7826 10009 7832
f 7832 10009 10007
f 10005 7825 7832
f 10007 10004 7832
f 7832 10004 10005
f 7713 7710 9973
f 9972 9971 9973
f 9973 9971 7713
f 7534 9871 7518
f 7534 7539 9871
f 8124 6416 8129
f 8129 8109 8124
f 8124 8109 8099
f 8099 8117 8124
f 6417 6404 10077
f 10077 6416 6417
f 8114 6404 6417
f 6417 8117 8114
f 6417 8124 8117
f 6416 8124 6417
f 10101 6471 6469
f 6469 6468 10101
f 10113 10119 6484
f 6488 6483 6503
f 6503 6489 6488
f 10113 6483 6488
f 6488 6489 10113
f 8198 8212 8217
f 8217 8203 8198
f 8222 8203 8217
f 6451 8222 8217
f 6450 6451 8217
f 8217 8212 6450
f 8223 8227 8208
f 8223 8203 8222
f 8208 8203 8223
f 8223 8222 6451
f 6451 8227 8223
f 6428 6439 6437
f 6437 6431 6428
f 6437 6439 10092
f 10092 10086 6437
f 10086 6431 6437
f 6782 5891 6779
f 5891 5900 6779
f 6779 5886 5885
f 6760 6764 6753
f 6753 6756 6760
f 5864 6764 6760
f 6760 6756 5864
f 5864 6756 5863
f 5863 5859 5864
f 5862 5859 5863
f 5863 6756 5865
f 5854 6723 5855
f 5855 5858 5854
f 5854 5853 6723
f 5366 5858 5847
f 5862 5858 5366
f 5366 5859 5862
f 5902 5892 5374
f 5374 5903 5902
f 5900 5892 5902
f 5903 5899 5902
f 6810 6805 5909
f 5909 6805 5901
f 6812 6810 5909
f 5898 5895 6783
f 5898 5901 5895
f 5899 5898 5896
f 5896 5898 6783
f 6783 5897 5896
f 5896 5897 5884
f 5884 8628 8631
f 8631 5885 5884
f 8631 10159 5885
f 8627 8628 6772
f 6772 8626 8627
f 8617 8597 8614
f 6765 8617 8614
f 6735 8568 8572
f 8572 6734 6735
f 6735 6734 6722
f 6722 6717 6735
f 6735 6717 6713
f 6735 6713 5857
f 6706 5853 6708
f 6769 6768 8621
f 6762 6761 8621
f 8621 6768 6762
f 10000 7815 7810
f 7825 7815 7823
f 7819 7820 7823
f 7823 7820 7825
f 7823 10000 7819
f 7815 10000 7823
f 10844 10810 10851
f 10844 10804 10810
f 10835 10804 10844
f 10890 10835 10844
f 10898 10890 10844
f 10844 10851 10898
f 10834 10843 10889
f 10889 10879 10834
f 10850 10897 10889
f 10889 10843 10850
f 10939 10879 10889
f 10950 10939 10889
f 10889 10897 10950
f 10867 10824 10834
f 10834 10879 10867
f 10867 10817 10824
f 10859 10817 10867
f 10867 10879 10917
f 10867 10917 10907
f 10907 10859 10867
f 2335 2338 2334
f 2334 2329 2335
f 2333 2329 2334
f 741 2333 2334
f 2334 744 741
f 2334 2338 744
f 2359 2348 4481
f 4481 4482 2359
f 4481 2348 4480
f 4481 4480 2360
f 2372 2374 2364
f 2364 4482 2372
f 2369 2374 2372
f 2319 4467 4466
f 4466 4467 2304
f 2311 4467 4468
f 2323 2317 4468
f 4468 2317 2311
f 2351 4471 4475
f 4471 4470 4475
f 4475 4470 2336
f 2285 2280 4456
f 4460 2284 2285
f 2285 2284 2280
f 2360 2344 2356
f 2344 2350 2356
f 4446 2245 4442
f 4446 4441 2234
f 4446 4442 4441
f 2234 2241 4446
f 4446 2241 2245
f 715 714 719
f 719 2241 715
f 2227 2221 715
f 715 2231 2227
f 2234 2231 715
f 715 2241 2234
f 728 719 727
f 728 2241 719
f 2257 2245 728
f 2245 2241 728
f 2274 736 2275
f 2275 736 2277
f 2283 2270 2277
f 736 738 2277
f 2277 738 2283
f 2269 2276 4455
f 4455 2259 2269
f 2269 2259 2267
f 2269 2270 2276
f 4489 2381 4491
f 2240 2244 2230
f 2240 2226 2238
f 2230 2226 2240
f 2238 2239 2240
f 4449 2244 4448
f 4448 2240 2239
f 2244 2240 4448
f 2243 2254 2258
f 2258 2262 2243
f 2254 2259 2258
f 2258 2259 2262
f 4450 2254 4449
f 4450 2259 2254
f 4449 2263 4450
f 2267 2259 4450
f 4450 2263 2267
f 2902 2901 2896
f 2902 2906 2901
f 2902 2919 1044
f 2911 2906 2902
f 1044 1043 2902
f 2902 1043 2911
f 2896 2908 2916
f 2919 2902 2916
f 2916 2902 2896
f 2908 4587 2916
f 2916 4588 2919
f 2916 4587 4588
f 2912 2909 4585
f 4585 4584 2912
f 2891 1027 1026
f 2893 1027 2891
f 1026 1028 2891
f 2891 1028 2893
f 4970 4361 4971
f 4970 4355 4361
f 4971 2032 4970
f 2032 4355 4970
f 4349 4348 2021
f 4962 4346 4352
f 4962 2021 2013
f 4356 4352 2029
f 2029 2031 4356
f 2031 4349 4356
f 4562 4564 2745
f 4562 2754 2759
f 2759 4564 4562
f 4566 2773 2766
f 2766 2767 4566
f 4566 2767 2778
f 2412 2403 2396
f 2396 2406 2412
f 2396 2392 2406
f 2396 2403 2402
f 2402 2398 2396
f 2379 2394 2387
f 2387 2386 2379
f 2391 2386 2387
f 2387 2392 2391
f 2395 2398 765
f 2395 2396 2398
f 2392 2396 2395
f 2421 2429 2420
f 2420 4499 4498
f 2420 2429 4499
f 4498 2405 2420
f 2474 2479 2473
f 2473 2463 2474
f 2483 2479 2474
f 2474 2484 2483
f 2474 2482 2486
f 2463 2482 2474
f 2486 2491 2474
f 2491 2484 2474
f 2467 2472 2453
f 2453 2472 2458
f 2452 2442 2453
f 2457 2452 2453
f 2453 2458 2457
f 2855 2858 2850
f 2850 2858 2860
f 2867 2856 2866
f 2867 2868 2856
f 2866 982 2867
f 982 2868 2867
f 2863 975 976
f 976 2859 2863
f 2863 991 2873
f 2873 975 2863
f 2863 992 991
f 117 947 115
f 115 116 117
f 937 99 115
f 99 116 115
f 9074 9083 9082
f 9082 9079 9074
f 9082 9083 9088
f 7126 9079 9082
f 9082 7127 7126
f 9088 7127 9082
f 9053 9056 9052
f 9052 9046 9053
f 9047 9046 9052
f 9052 7111 9047
f 9052 9056 7117
f 7117 7111 9052
f 9045 9040 9041
f 9041 9046 9045
f 9045 9046 9047
f 9047 7111 9045
f 9045 7111 9040
f 9032 9019 9033
f 9032 9018 9019
f 9032 7110 7098
f 7098 9018 9032
f 7192 10260 7203
f 7186 10260 7192
f 9231 9224 7192
f 7192 7203 9231
f 9224 9220 7192
f 9220 9216 7192
f 9216 7186 7192
f 9147 9163 9169
f 9169 7173 9172
f 9163 7173 9169
f 10237 7151 7155
f 7155 10244 10237
f 10237 7146 7151
f 10237 7142 7146
f 7147 7140 10237
f 10237 7140 10229
f 10237 10244 7157
f 10237 10229 7139
f 7139 7142 10237
f 9106 9089 9102
f 9106 9108 9089
f 9102 9107 9106
f 9106 9107 9108
f 10243 9157 9151
f 10243 10241 9157
f 9142 10241 10243
f 9148 9142 10243
f 10243 9151 9148
f 10240 9140 9146
f 9146 10241 10240
f 10240 10241 9125
f 10239 9129 9135
f 9135 9130 9140
f 9135 9129 9130
f 10236 9107 9119
f 9114 9108 10236
f 9108 9107 10236
f 9119 9107 9117
f 9117 9107 9115
f 10235 10234 9112
f 9112 9115 10235
f 9115 9107 10235
f 9102 10234 10235
f 10235 9107 9102
f 9075 9062 9071
f 9077 9062 9075
f 9075 9071 9072
f 9072 9077 9075
f 9087 9084 7140
f 7140 9092 9087
f 9072 9084 9087
f 9087 9092 9072
f 9131 9132 9116
f 9116 9132 9120
f 9116 9120 9119
f 9119 9117 9116
f 9115 9113 9116
f 9116 9117 9115
f 9124 9113 9118
f 5988 5986 6932
f 6932 5994 5988
f 6932 5998 5994
f 5986 5995 6932
f 5995 5998 6932
f 8589 8587 8581
f 8581 8587 8580
f 8580 8577 8581
f 8601 8607 8581
f 8574 8585 8588
f 8588 8577 8574
f 8566 8562 8563
f 8571 8578 8563
f 8569 8565 6744
f 6744 10149 8571
f 8571 8569 6744
f 6744 8565 6726
f 6744 6726 6737
f 6737 8579 6744
f 8579 10149 6744
f 10161 8642 6794
f 10161 10162 8642
f 10162 10161 8652
f 6803 8648 8652
f 8648 8653 8652
f 10164 10165 8656
f 8656 8657 10164
f 10580 9695 10423
f 10423 10579 10580
f 9697 9695 10580
f 10580 10579 9697
f 9592 9591 10363
f 10363 10358 9598
f 9591 10360 10363
f 10360 10358 10363
f 10363 9598 9597
f 9597 9592 10363
f 9547 10351 9546
f 9546 9544 9547
f 9547 9544 10347
f 9547 10347 9553
f 9553 9559 9547
f 9547 9559 9561
f 9561 10351 9547
f 9566 9563 10353
f 9563 10352 10353
f 10353 10352 9571
f 9571 9575 10353
f 9575 9566 10353
f 9546 10351 9552
f 10351 10352 9552
f 9552 10352 9563
f 9552 9563 9542
f 9542 9538 9552
f 9538 9546 9552
f 9387 9404 9410
f 10310 9415 9410
f 9400 9397 9401
f 9401 9404 9400
f 9415 9421 10307
f 10305 9406 10307
f 9393 9379 10302
f 10303 9397 9393
f 9393 10302 10303
f 9374 9379 9393
f 9393 9375 9374
f 9397 9375 9393
f 9344 9359 9364
f 9359 10293 9364
f 9364 10293 10294
f 10294 10296 9364
f 10291 10296 9380
f 10291 10292 9358
f 9356 9359 9355
f 9355 9351 9356
f 9359 9337 9355
f 9337 9351 9355
f 9276 9286 9289
f 9276 10268 9286
f 9276 9275 9270
f 9270 10268 9276
f 9246 7204 9252
f 7204 9256 9252
f 9238 9246 9252
f 9252 9256 9238
f 7187 9198 9193
f 10252 7186 7187
f 7187 7186 9204
f 9204 9198 7187
f 9158 9157 9147
f 9162 9161 9158
f 9158 9169 9172
f 9147 9169 9158
f 9172 9174 9158
f 9174 9162 9158
f 9176 9175 9168
f 9168 9162 9183
f 9168 9175 9167
f 9167 9162 9168
f 9183 9193 9168
f 9168 9193 9176
f 10251 9210 10254
f 10254 9195 10251
f 9195 9192 10251
f 9205 9210 10251
f 10251 9192 9205
f 9151 9157 9159
f 9159 9161 9151
f 9157 9158 9159
f 9159 9158 9161
f 9187 9199 9186
f 9200 9199 9187
f 9186 9176 9187
f 9187 9176 9204
f 9204 9212 9187
f 9212 9200 9187
f 9202 9200 9205
f 9202 9199 9200
f 9205 9192 9202
f 9192 9199 9202
f 9411 9413 9401
f 9401 9408 9411
f 9409 9413 9411
f 9411 9408 9409
f 7239 7253 9363
f 7253 9368 9363
f 9357 7239 9363
f 9363 9368 9353
f 9347 9357 9363
f 9363 9353 9347
f 9436 9437 9441
f 9441 9446 7261
f 7261 9436 9441
f 9442 9446 9441
f 9441 9437 9442
f 9484 9471 9482
f 9471 9481 9482
f 9482 7292 9484
f 9482 9481 7292
f 9470 9461 10321
f 10321 9465 9470
f 9470 9465 9466
f 9466 9471 9470
f 76 1890 72
f 1890 1913 72
f 596 76 72
f 72 599 596
f 597 599 72
f 1890 1889 1900
f 1900 1913 1890
f 1900 1889 1891
f 1891 74 1900
f 9 13 11
f 12 16 14
f 14 13 12
f 14 16 561
f 11710 11679 11700
f 11710 11720 11679
f 11710 11637 11383
f 11700 11637 11710
f 11383 11656 11710
f 11656 11720 11710
f 11673 11743 11730
f 11730 11720 11673
f 11730 11743 11397
f 11397 11720 11730
f 11781 11690 11791
f 11690 11802 11791
f 11791 11406 11781
f 11791 11802 11406
f 11734 11814 11824
f 11824 11835 11734
f 11824 11814 11766
f 11766 11835 11824
f 5003 4067 4078
f 4078 5004 5003
f 4060 4067 4066
f 4067 4825 4066
f 4064 4054 4066
f 4066 4825 4064
f 4060 4069 4070
f 4070 4071 4060
f 4070 4069 1776
f 1776 4071 4070
f 7531 7532 7533
f 7533 7535 7531
f 7531 7535 7527
f 7536 10503 9875
f 9875 7535 7536
f 7537 7535 9875
f 9870 9866 7532
f 9870 7531 7527
f 7532 7531 9870
f 9870 7527 7526
f 7526 9867 9870
f 9867 9866 9870
f 7445 7450 7439
f 7439 9829 7445
f 5648 5650 9831
f 9831 7447 7436
f 7436 5648 9831
f 5650 7439 9831
f 7457 7447 9831
f 9831 7450 7457
f 9831 7439 7450
f 530 5650 528
f 530 528 529
f 4270 6132 530
f 4269 4270 530
f 530 1847 4269
f 530 529 1847
f 10491 10492 7478
f 7478 7479 10491
f 9850 10492 10491
f 9849 9850 10491
f 10491 7479 9849
f 7476 9840 9845
f 9845 7479 7476
f 7483 7482 9845
f 7482 7479 9845
f 7505 7500 9861
f 7500 7498 9861
f 7510 9867 9861
f 9861 7498 7510
f 4774 3908 4773
f 4773 4779 4774
f 4778 3930 4773
f 3930 4779 4773
f 3949 3964 3968
f 3968 3958 3949
f 3970 3958 3968
f 1736 3970 3968
f 3968 3964 1736
f 3898 3892 3894
f 3894 3901 3898
f 3879 3873 3870
f 3879 4764 3873
f 4763 4764 3879
f 3897 3893 4767
f 3870 3889 4767
f 4767 3889 3897
f 4767 3879 3870
f 3921 1723 3925
f 1723 1722 3925
f 3925 1722 3926
f 3910 3921 3925
f 3926 3915 3925
f 3925 3915 3910
f 4750 3836 3842
f 3842 3834 4750
f 3836 1686 3842
f 3806 3816 3820
f 3820 3810 3806
f 3820 1683 1682
f 3816 1683 3820
f 3883 4765 3888
f 3888 3887 3883
f 3888 4769 3887
f 3888 3901 4769
f 3888 3898 3901
f 3888 4765 3892
f 3892 3898 3888
f 1861 36 35
f 35 33 4271
f 4271 1861 35
f 34 33 35
f 35 7448 34
f 35 36 7448
f 4151 4149 1802
f 1802 1809 4151
f 1802 4149 4147
f 1802 4141 1803
f 4147 4141 1802
f 1803 1801 1802
f 1801 1807 1802
f 1802 1807 1808
f 1808 1809 1802
f 4167 1815 1818
f 4167 1809 1815
f 1818 4168 4167
f 4167 4168 4891
f 4167 4891 4159
f 4159 1809 4167
f 4021 4020 4023
f 4021 4019 4020
f 4021 4023 4010
f 4010 4019 4021
f 5029 4122 5028
f 5028 4871 5029
f 4122 4118 5028
f 4118 5026 5028
f 5028 5026 4867
f 4867 4871 5028
f 4861 4860 5023
f 5026 4860 4861
f 4867 5026 4861
f 4861 5023 4120
f 4120 4867 4861
f 4108 4117 5021
f 4117 5022 5021
f 5021 5022 4856
f 4856 4854 5021
f 5021 4854 4108
f 4222 4215 4920
f 4215 4919 4920
f 4920 4233 4222
f 4920 4919 5050
f 5050 4233 4920
f 4243 4244 4245
f 4243 4937 4247
f 4243 4245 4937
f 4928 4244 4243
f 4247 4251 4243
f 4236 4928 4243
f 4243 4251 4236
f 4209 4915 4208
f 4208 4203 4209
f 4206 4203 4208
f 4208 4915 4207
f 4196 4206 4208
f 4208 4207 4196
f 5049 5048 4221
f 4229 5050 5049
f 5049 4221 4229
f 5050 4919 5049
f 5049 4919 4918
f 4918 5048 5049
f 4161 4884 4885
f 4885 4890 4161
f 4157 4883 4161
f 4883 4884 4161
f 4090 4088 5014
f 5014 5016 4090
f 4850 5016 5014
f 5014 4088 4847
f 4847 4850 5014
f 5018 4848 4849
f 4849 4848 4097
f 4849 4113 5018
f 4855 4113 4849
f 4849 4853 4855
f 752 746 754
f 752 749 746
f 754 750 752
f 750 749 752
f 727 720 732
f 720 735 732
f 828 818 830
f 828 825 818
f 830 4516 828
f 4516 825 828
f 797 4505 808
f 4505 809 808
f 808 2472 2467
f 809 2472 808
f 769 772 770
f 769 759 5474
f 5474 772 769
f 778 2410 2397
f 2418 2409 2408
f 2399 4494 2408
f 2408 2407 2399
f 2408 2409 2407
f 2416 2409 2428
f 2421 2420 2416
f 777 774 773
f 760 777 773
f 773 772 760
f 770 772 773
f 773 774 770
f 790 2438 2432
f 2432 2438 2421
f 2421 2416 2432
f 2421 2438 2430
f 2430 2429 2421
f 2430 2436 2429
f 2441 2436 2430
f 2430 2442 2441
f 2519 826 2525
f 2519 2516 826
f 2525 2500 2519
f 2500 2516 2519
f 2477 809 2478
f 809 2482 2478
f 2478 2482 2463
f 2458 2477 2478
f 2478 2463 2458
f 2535 2518 2533
f 2533 2518 2527
f 829 2535 2533
f 2533 2527 829
f 2522 2518 2523
f 2517 2518 2522
f 2522 2523 2512
f 2512 2517 2522
f 901 2723 2721
f 905 2723 901
f 2721 2716 901
f 4563 905 901
f 901 2716 2714
f 2714 899 901
f 4551 4563 901
f 901 899 4551
f 3190 4627 4628
f 4628 4627 3198
f 3177 3183 3182
f 3177 3182 3164
f 3164 3172 3177
f 3172 3167 4624
f 3178 3186 4624
f 3026 3030 3029
f 3029 3030 3032
f 3018 3026 3029
f 3029 3032 3018
f 4604 3032 4603
f 3032 3030 4603
f 4603 3046 4604
f 3041 3046 3040
f 3046 4603 3040
f 3040 4603 3030
f 3040 3036 3041
f 3341 1474 3340
f 1474 3339 3340
f 1479 3341 3340
f 3340 3339 1479
f 3296 3317 3304
f 1448 3317 3296
f 1449 1448 3296
f 3295 1449 3296
f 3304 3303 3296
f 3296 3303 3295
f 3305 461 1457
f 1457 3306 3305
f 1457 461 4649
f 4649 1458 1457
f 3318 1458 3322
f 3317 1458 3318
f 3318 3322 3304
f 3304 3317 3318
f 3575 3572 1587
f 1587 3576 3575
f 3560 3572 3575
f 3575 3576 3560
f 3528 3513 3524
f 3524 3513 3520
f 3524 1570 3528
f 3524 3520 1570
f 3662 3655 3663
f 3663 3667 3662
f 3654 3655 3662
f 3662 4706 4704
f 4704 3654 3662
f 3658 4706 3662
f 3662 3667 3658
f 3670 3671 3681
f 3670 3667 3663
f 3663 3671 3670
f 3702 3712 3715
f 4717 3714 3703
f 3703 4715 4717
f 3710 4715 3695
f 3721 4717 3710
f 3710 4717 4715
f 4713 3695 3693
f 3693 4712 4713
f 4713 4712 3701
f 3684 3676 4711
f 4711 4712 3684
f 1616 3656 3648
f 3659 3656 1616
f 1616 4702 4710
f 1616 3660 3659
f 1634 4716 1633
f 4716 1643 1633
f 1646 4723 1658
f 1658 3742 1646
f 3755 3751 1658
f 3755 3744 3751
f 3814 3800 3811
f 3811 3800 3809
f 3811 3810 3814
f 3809 3810 3811
f 3805 3809 4739
f 3809 3800 4739
f 4738 3805 4739
f 4739 3795 4738
f 4739 3800 3795
f 3807 1683 3812
f 3812 1683 3816
f 3797 3807 3812
f 3806 3797 3812
f 3812 3816 3806
f 3762 1659 3763
f 3763 1659 3766
f 3486 1562 3494
f 3486 1550 1562
f 3486 3474 3466
f 3494 3474 3486
f 4666 4673 1544
f 4673 1550 1544
f 1544 1545 4666
f 3869 3873 3866
f 3866 4760 3869
f 3869 3861 3862
f 3869 4760 4758
f 4758 3861 3869
f 3870 3873 3869
f 3869 3862 3870
f 3855 3857 3845
f 3845 3852 3855
f 3853 3857 3855
f 3855 3852 3853
f 3846 3852 4752
f 3846 4751 3840
f 3846 4752 4751
f 3847 3852 3846
f 3840 3835 3846
f 3846 3835 3847
f 3745 3746 4724
f 3770 3769 3764
f 3770 3779 3778
f 3758 4725 4726
f 4726 3754 3758
f 3738 3754 4726
f 4726 3746 3738
f 4726 4724 3746
f 4725 4724 4726
f 10137 8476 8481
f 8481 10138 10137
f 8481 6626 10138
f 8481 8483 6626
f 6628 6625 6621
f 6625 8483 6621
f 8483 8481 6621
f 5358 5815 5811
f 6679 5821 5360
f 5360 5845 6679
f 5850 5847 5855
f 5855 6723 5850
f 6733 6740 6746
f 6733 8564 6740
f 6746 8568 6733
f 6733 6735 5857
f 8568 6735 6733
f 6733 5857 8561
f 8561 8564 6733
f 8598 8593 6754
f 8584 6747 8598
f 6747 8593 8598
f 6754 6757 8598
f 8477 8469 8484
f 8476 8469 8477
f 6622 6621 8477
f 8477 8481 8476
f 8477 6621 8481
f 8473 8469 8476
f 8468 8469 8473
f 8473 8476 10136
f 5789 8493 5804
f 6644 8493 6628
f 6628 6643 6644
f 6644 5804 8493
f 6643 5804 6644
f 6628 6621 8489
f 8489 6621 6622
f 5805 6643 6641
f 6638 10139 6637
f 8468 10135 10134
f 8454 8449 10134
f 10134 10135 8454
f 8459 10135 8465
f 10136 8464 8465
f 8464 8459 8465
f 8465 8473 10136
f 8465 10135 8468
f 8468 8473 8465
f 8468 10134 8460
f 6593 8438 5749
f 6596 8438 6593
f 6593 6598 6596
f 6593 8444 6598
f 8434 6567 6560
f 8434 5742 6567
f 8434 6560 6576
f 8524 6675 6670
f 8524 6670 6671
f 5813 6657 6670
f 6670 6675 5813
f 5813 6675 8510
f 5808 5809 6668
f 5807 5809 5808
f 5808 6657 5807
f 6670 6657 5808
f 8520 10143 8526
f 10144 8525 8526
f 8525 8520 8526
f 8526 10143 8529
f 8503 6658 6662
f 6662 8514 8503
f 6662 6658 6654
f 8542 10146 10145
f 10145 8537 8542
f 6693 10146 8542
f 6656 5799 5810
f 5810 5809 6656
f 6656 5809 5807
f 10139 6606 5767
f 6637 10139 5767
f 8482 6632 8484
f 8479 6632 8482
f 8484 8469 8482
f 8482 8469 8479
f 8484 6632 6631
f 6631 6638 6639
f 6631 6632 10139
f 10139 6638 6631
f 6575 6574 10131
f 10131 6574 6564
f 6590 5750 5751
f 5346 5756 6550
f 5346 5753 5756
f 5721 6549 6542
f 6542 6541 5721
f 6570 5756 6572
f 6572 6573 6570
f 6637 5767 6624
f 6624 5767 6617
f 6624 6617 6611
f 6611 5792 6624
f 6612 5766 6611
f 6611 6617 6612
f 6617 5767 6612
f 8578 10150 10152
f 8579 6743 8583
f 8583 10149 8579
f 8583 10150 10149
f 6743 8584 8583
f 10155 8608 8601
f 8611 8608 10155
f 10155 10154 8611
f 8611 10154 8602
f 8603 8611 8602
f 8602 8597 8603
f 6571 5740 8436
f 6578 5740 6571
f 8436 6579 6571
f 6579 6578 6571
f 6546 8415 8419
f 8397 8415 6546
f 6544 8397 6546
f 6546 5729 6544
f 6546 8429 5729
f 8396 6532 8395
f 8401 6532 8396
f 8397 8401 8396
f 8396 8395 8391
f 8391 8397 8396
f 6531 8387 8390
f 8390 6532 6531
f 8395 6532 8390
f 8387 8381 8390
f 8391 8395 8390
f 8390 8381 8391
f 8367 8366 6519
f 6519 8369 8367
f 6512 8366 8367
f 8367 8369 6512
f 6507 5704 8365
f 8365 5699 6507
f 8365 6524 5699
f 8365 6520 6524
f 5704 6517 8365
f 8365 6517 6522
f 8391 8381 8402
f 8402 8381 8398
f 8402 10126 8406
f 8398 10126 8402
f 10127 8409 8406
f 10129 8409 10127
f 8389 8388 8384
f 8384 8379 10123
f 10123 8389 8384
f 8370 8379 8384
f 8384 8388 8370
f 10123 8379 10122
f 8379 8372 10122
f 6523 8376 8377
f 8393 8389 10123
f 10123 10122 8393
f 8393 10122 8382
f 6518 8376 6517
f 6517 5707 6518
f 6505 8362 5709
f 5709 8357 6505
f 8362 6510 5709
f 5709 6510 5707
f 5709 5708 8357
f 5706 5708 5709
f 5709 5707 5706
f 5711 6510 5701
f 5712 5711 5701
f 10117 8335 8329
f 8329 10116 10117
f 8347 8353 8357
f 8347 5708 8356
f 8357 5708 8347
f 8356 8346 8347
f 8346 8337 8347
f 8337 8353 8347
f 8193 8178 8190
f 8178 8170 8190
f 8190 8170 8179
f 8179 10089 8190
f 8190 8194 8193
f 6410 8140 8145
f 8145 8149 6410
f 8125 6406 8119
f 8140 6407 8138
f 6407 8136 8138
f 8268 8275 10105
f 10105 8258 8268
f 8268 8269 8275
f 8257 8258 8259
f 8257 8251 8258
f 8259 8242 8257
f 8242 8251 8257
f 10100 8238 8235
f 8238 8234 8235
f 8230 10099 8235
f 8235 8234 8230
f 8274 8291 8296
f 8296 8284 8274
f 8296 8299 8284
f 8296 8291 10110
f 10110 8300 8296
f 8300 8299 8296
f 8323 8318 10115
f 10115 8331 8323
f 8323 10116 8322
f 8322 8318 8323
f 8271 8247 8259
f 8271 8255 8247
f 8259 10106 8271
f 8271 10106 10107
f 10110 8291 10109
f 8291 8281 10109
f 8304 10110 10109
f 10109 8297 8304
f 5664 6167 5663
f 5663 7456 5664
f 5664 7456 37
f 5664 37 40
f 40 5665 5664
f 6181 6166 6173
f 6167 5664 5660
f 5660 5664 5665
f 5669 6181 6173
f 6170 7486 6168
f 6166 7499 6170
f 7494 7486 6170
f 6170 7499 7494
f 6170 6168 6162
f 6162 6166 6170
f 6239 7652 7648
f 7648 7652 9948
f 9889 7550 7560
f 7560 9890 9889
f 7567 9890 7560
f 7567 7560 6197
f 6197 5369 6198
f 6191 5369 6197
f 7665 7658 6239
f 6239 6238 7665
f 7665 6238 7666
f 7665 7666 7655
f 6174 5672 5371
f 6174 5369 5672
f 10517 9909 9907
f 9907 10516 10517
f 9903 9901 10514
f 10514 10516 9903
f 9919 9913 7603
f 10522 9913 9919
f 7603 9913 7593
f 7593 10517 10516
f 7593 9913 9909
f 9909 10517 7593
f 7634 7626 7638
f 9954 7670 7673
f 9961 9957 9956
f 9956 7683 9961
f 9956 7674 7667
f 9956 9957 7674
f 9957 7700 9963
f 7690 7686 9963
f 9963 7686 9958
f 9958 9957 9963
f 7719 7710 9968
f 7662 7675 7671
f 7670 7662 7671
f 7671 7673 7670
f 10543 7652 7658
f 9949 9946 10543
f 10029 7907 7909
f 10025 10024 10029
f 10029 7909 10025
f 7956 10038 10039
f 10038 10036 10039
f 7940 7941 10038
f 7934 7941 7940
f 7957 10047 7961
f 10049 7985 10050
f 7836 7837 10006
f 7836 7840 7828
f 7828 7837 7836
f 7848 7840 10012
f 7840 10010 10012
f 10012 10015 7848
f 10010 7857 10012
f 7794 7796 7782
f 7782 7791 7794
f 7803 9995 9989
f 9989 9995 9990
f 9989 9990 7779
f 7779 9988 9989
f 7759 6281 7762
f 6259 7696 7692
f 7692 6249 6259
f 6281 7759 7758
f 7758 7759 9982
f 6230 6237 5363
f 6225 6214 5363
f 6297 6299 6298
f 6308 7833 6306
f 6307 6315 6308
f 6308 6306 6307
f 9974 7732 9972
f 7731 7732 9974
f 9981 9978 7749
f 7749 7760 9981
f 7803 9989 9993
f 9993 9989 9988
f 9993 9997 7803
f 9993 9992 9997
f 7766 7771 7770
f 7771 7778 7770
f 7769 7764 9986
f 7811 7812 7819
f 7777 6280 6285
f 9996 9992 9991
f 6308 7863 7847
f 10008 10009 7847
f 8014 8034 8019
f 8087 8080 8103
f 8087 8114 8099
f 8087 8103 8114
f 8099 8098 8087
f 8087 8098 8086
f 8086 8080 8087
f 8096 8080 8091
f 8103 8080 8096
f 8096 8091 6404
f 6404 8103 8096
f 8081 8083 8066
f 8079 8080 8086
f 8086 10069 8079
f 8072 8051 8069
f 8069 6397 8072
f 6397 6396 8072
f 7915 7898 7904
f 7920 7919 7915
f 7903 7898 7915
f 7915 7919 7903
f 7920 7930 10037
f 10060 8025 8039
f 8039 10061 10060
f 8018 8029 10057
f 8019 8029 8018
f 8018 8014 8019
f 10068 8062 8059
f 8059 10065 10068
f 10068 10065 8073
f 8050 10061 8039
f 8039 8040 8050
f 10062 10061 8050
f 8050 8055 10062
f 8051 8055 8050
f 8050 8040 8051
f 8049 8046 10063
f 10063 10065 8049
f 10043 7963 10047
f 10043 10047 7957
f 10042 7955 10043
f 10043 7955 7963
f 7985 10049 7976
f 7976 10049 10048
f 10048 7961 7976
f 10050 7985 7992
f 8013 10054 8008
f 7990 8001 8005
f 8005 8007 7990
f 8005 8001 8006
f 8006 8007 8005
f 8010 8003 7996
f 7996 8007 8010
f 8010 8020 8003
f 8010 10057 8020
f 7970 7959 7982
f 7982 7991 7970
f 7991 7982 10051
f 10054 8001 10052
f 8001 7991 10052
f 7991 10051 10052
f 10052 8008 10054
f 7997 8008 10052
f 10052 10051 7997
f 6375 8052 8054
f 8054 8057 6375
f 8052 8053 8054
f 8054 8053 8057
f 8119 8113 8106
f 8105 8113 6394
f 8105 6394 6391
f 8101 8106 8105
f 8105 8106 8113
f 8167 8159 8150
f 8159 8158 8150
f 8158 8149 8150
f 8070 8053 8067
f 8067 8053 8062
f 6516 6513 5710
f 5710 5713 6516
f 6516 5713 5712
f 5712 5701 6516
f 6516 5701 6513
f 8213 8209 8214
f 8213 10097 8221
f 8214 10097 8213
f 8221 8201 8213
f 8201 8209 8213
f 8192 8184 8199
f 8199 8209 8192
f 10094 8209 8199
f 10093 8207 10094
f 10093 8194 8207
f 10094 8199 10093
f 10089 8197 10091
f 10091 8190 10089
f 8194 8190 10091
f 8202 8197 8198
f 8198 8203 8202
f 8202 8203 8206
f 8202 10091 8197
f 8206 8194 8202
f 8194 10091 8202
f 10087 8172 8167
f 8187 8197 8186
f 8186 8197 10089
f 8175 8187 8186
f 8167 8172 8171
f 8171 8159 8167
f 8171 8179 8159
f 8147 10081 10080
f 10080 8134 8147
f 10081 8139 10080
f 8162 8152 8160
f 8165 8152 8162
f 8162 8160 8161
f 8161 8165 8162
f 10073 8115 10074
f 8115 8111 10074
f 6385 6372 6387
f 6385 6382 6372
f 6387 10064 6385
f 10064 6382 6385
f 6325 6329 7905
f 6329 6341 7905
f 7966 6355 10055
f 7966 6348 6355
f 7874 7880 7859
f 7872 7875 7871
f 7871 7875 10016
f 7871 7856 7868
f 7871 10016 7856
f 7518 7513 7528
f 7528 7534 7518
f 8261 6469 8264
f 8264 8245 8261
f 8256 6468 8261
f 6468 6469 8261
f 8244 10099 8239
f 8244 8235 10099
f 8253 8262 8252
f 8252 8245 8253
f 10113 6484 6485
f 8305 8307 8304
f 8310 8307 8305
f 6776 6771 6782
f 6782 6779 6776
f 5885 6771 6776
f 6776 6779 5885
f 6732 5854 5858
f 6799 5909 5901
f 5901 5898 6799
f 6799 5898 5899
f 6812 5909 6799
f 6799 5903 6812
f 6799 5899 5903
f 5899 5896 6789
f 5886 6779 6789
f 5884 5886 6789
f 6789 5896 5884
f 6789 6779 5900
f 5900 5902 6789
f 6789 5902 5899
f 6778 10159 6777
f 10159 8631 6777
f 6777 8626 6778
f 6777 8627 8626
f 6777 8631 8628
f 8628 8627 6777
f 8609 6757 6765
f 6765 8614 8609
f 8606 6757 8609
f 8609 8614 8597
f 8609 8592 8606
f 8597 8592 8609
f 6710 6708 5853
f 6710 8556 8554
f 5853 8556 6710
f 8615 10158 8618
f 8618 6761 8615
f 8618 8621 6761
f 8618 10158 6769
f 6769 8621 8618
f 2304 2290 2287
f 2287 2299 2304
f 2279 2297 2287
f 2297 2299 2287
f 2286 2279 2287
f 2287 2288 2286
f 2289 2288 2287
f 2287 2290 2289
f 2369 2372 2368
f 2368 4481 2360
f 4482 4481 2368
f 2368 2372 4482
f 4465 2309 2300
f 2300 2297 4465
f 2300 2299 2297
f 2304 2299 2300
f 2300 4466 2304
f 2331 4467 2319
f 2331 4468 4467
f 2331 2336 2323
f 2323 4468 2331
f 2296 2285 4456
f 2283 738 2291
f 4474 4475 2336
f 711 709 710
f 709 712 710
f 710 712 714
f 714 715 710
f 2220 2216 710
f 710 2221 2220
f 710 715 2221
f 710 2212 711
f 710 2216 2212
f 729 728 727
f 727 732 729
f 729 735 736
f 729 732 735
f 736 2274 729
f 2268 2274 2256
f 2256 2249 2268
f 2249 2265 2268
f 2265 729 2268
f 2268 729 2274
f 2307 738 745
f 2307 2308 4464
f 4464 2291 2307
f 2307 2291 738
f 4445 4439 2247
f 4439 4443 2247
f 2247 4443 4447
f 4447 2248 2247
f 2255 2249 2256
f 2256 2263 2255
f 2255 4448 2239
f 2255 2263 4449
f 4449 4448 2255
f 2267 2263 2264
f 2264 2269 2267
f 2270 2269 2264
f 2264 2263 2256
f 2264 2274 2275
f 2256 2274 2264
f 2275 2277 2264
f 2264 2277 2270
f 2375 2374 2369
f 2375 2381 2374
f 2375 4491 2381
f 2893 4584 2898
f 4584 4585 2898
f 2887 2893 2898
f 2898 2890 2887
f 4350 4348 4964
f 4348 4349 4964
f 4964 4349 2031
f 4963 4962 4352
f 4352 4356 4963
f 4963 4356 4349
f 4963 4349 2021
f 2021 4962 4963
f 4961 2013 2006
f 4961 4962 2013
f 2006 4346 4961
f 4346 4962 4961
f 2745 2743 2744
f 2744 4562 2745
f 2740 4560 2744
f 2744 2743 2740
f 2744 4560 2748
f 2748 2751 2744
f 2744 2751 2754
f 2754 4562 2744
f 4567 2779 2773
f 2773 4566 4567
f 2778 2782 4567
f 4567 4566 2778
f 2404 2392 2401
f 2392 2387 2401
f 2401 2387 2394
f 2401 2405 2404
f 2401 4497 2405
f 2401 2394 4493
f 4493 4497 2401
f 2391 2392 2393
f 2392 2395 2393
f 2393 765 2391
f 2393 2395 765
f 2855 2850 4576
f 4579 2864 2869
f 2846 4576 2850
f 9033 9040 9036
f 9036 9032 9033
f 9036 9040 7110
f 7110 9032 9036
f 7147 10237 7156
f 7156 10237 7157
f 7156 9109 7147
f 7156 9118 9109
f 7156 9124 9118
f 9140 10240 9126
f 9126 9135 9140
f 10239 9135 9126
f 9126 10240 9125
f 9126 9125 9121
f 9121 10239 9126
f 9119 9129 10238
f 10238 10236 9119
f 10238 9129 10239
f 9114 10236 10238
f 9121 9114 10238
f 10238 10239 9121
f 9128 7157 9131
f 9113 9124 9128
f 9128 7156 7157
f 9124 7156 9128
f 9131 9116 9128
f 9128 9116 9113
f 8590 8600 8599
f 8599 8589 8590
f 8589 8581 8590
f 8590 8581 8607
f 8615 8600 8590
f 8590 8607 8615
f 8562 6725 6731
f 6731 8563 8562
f 6731 6725 8558
f 6731 8558 6727
f 6727 8569 6731
f 6731 8569 8571
f 8571 8563 6731
f 8567 8570 8566
f 8566 8563 8567
f 8567 8574 8573
f 8573 8570 8567
f 8567 8563 8578
f 8661 8657 10163
f 10163 10162 8661
f 10162 8652 8661
f 8653 8662 8661
f 8661 8652 8653
f 8647 8652 10161
f 6794 8645 8647
f 8647 10161 6794
f 8647 8645 6803
f 6803 8652 8647
f 10310 9410 10308
f 10304 9417 10308
f 10308 9404 10304
f 10308 9410 9404
f 9425 10310 10308
f 10308 9417 9425
f 9384 9404 9387
f 9384 9400 9404
f 9384 9375 9397
f 9397 9400 9384
f 9384 9386 9385
f 9384 9387 9386
f 9385 9383 9384
f 9383 9375 9384
f 9387 9410 9395
f 9395 9410 9415
f 9415 10307 9395
f 9399 9394 9395
f 9394 9387 9395
f 9395 9406 9399
f 9395 10307 9406
f 10312 10311 10306
f 10306 9421 10312
f 10306 10307 9421
f 10305 10307 10306
f 10306 9419 10305
f 10311 9419 10306
f 10290 9364 10296
f 10296 10291 10290
f 9344 9364 10290
f 10290 10291 9358
f 10290 9350 9344
f 9358 9350 10290
f 9374 9369 10297
f 10297 10291 9380
f 9369 10292 10297
f 10292 10291 10297
f 10297 9379 9374
f 9380 9379 10297
f 10269 9289 10270
f 10269 9276 9289
f 10270 9283 10269
f 9283 9275 10269
f 9275 9276 10269
f 7176 7173 10252
f 10252 7187 7176
f 9183 9179 7176
f 7176 9193 9183
f 7176 7187 9193
f 9179 9174 7176
f 7176 9174 7173
f 9472 9474 9461
f 9461 9470 9472
f 9471 9474 9472
f 9472 9470 9471
f 1913 1900 73
f 73 1900 74
f 73 74 597
f 597 72 73
f 73 72 1913
f 562 11 13
f 1880 565 562
f 561 1880 562
f 562 14 561
f 13 14 562
f 10 55 8
f 9 11 10
f 11 562 10
f 10 8 6
f 6 9 10
f 4828 4831 4821
f 4828 5004 4831
f 4828 5003 5004
f 4828 4825 4067
f 4067 5003 4828
f 4828 4821 4064
f 4064 4825 4828
f 4063 4059 4060
f 4060 4066 4063
f 4054 4059 4063
f 4063 4066 4054
f 9876 10503 10504
f 9876 9875 10503
f 9874 7537 9876
f 7537 9875 9876
f 5651 530 6132
f 5650 530 5651
f 5651 6132 9829
f 9829 7439 5651
f 5651 7439 5650
f 9839 9845 9840
f 9839 7467 9838
f 9840 7467 9839
f 9838 9844 9839
f 9839 9844 7483
f 7483 9845 9839
f 7520 7515 9868
f 7515 9864 9868
f 7526 7525 9868
f 7525 7520 9868
f 4772 4773 3908
f 4772 3899 3896
f 4772 3908 3899
f 3896 3913 4772
f 3913 4778 4772
f 4778 4773 4772
f 4766 3893 3892
f 4763 3879 4766
f 4766 4767 3893
f 3879 4767 4766
f 3892 4765 4766
f 4766 4765 4763
f 3835 3834 3851
f 3834 3842 3851
f 1686 1697 3851
f 3851 3842 1686
f 3826 3810 3821
f 3810 3820 3821
f 3821 1682 3826
f 3821 3820 1682
f 4160 4161 4890
f 4171 4892 4160
f 4160 4890 4171
f 4157 4161 4160
f 4160 4162 4157
f 4160 4892 4162
f 4097 5016 5017
f 5017 4849 4097
f 5017 5016 4853
f 4853 4849 5017
f 797 808 2448
f 2442 2430 2448
f 2376 2380 2369
f 2376 774 2380
f 770 774 2376
f 770 2370 2367
f 778 2397 2390
f 2390 2397 4491
f 4491 2375 2390
f 2418 2408 2411
f 2411 2408 4494
f 791 2418 2411
f 2411 2410 791
f 4491 2397 4490
f 4489 4491 4490
f 4490 2400 4489
f 4490 4494 2400
f 2417 2416 2420
f 2417 2420 2405
f 2431 2416 2428
f 2431 2432 2416
f 2431 2428 790
f 790 2432 2431
f 3190 4628 3193
f 3176 3190 3193
f 3193 1320 3176
f 3196 1320 3193
f 3204 3196 1332
f 3196 3193 1332
f 1332 3193 4628
f 1332 1333 3204
f 1332 1331 1333
f 3201 1331 1332
f 1332 3198 3201
f 1332 4628 3198
f 3172 4624 4625
f 4625 3177 3172
f 3183 3177 4625
f 3186 3183 4625
f 4625 4624 3186
f 4623 3167 1304
f 4623 4624 3167
f 3178 4624 4623
f 4623 3173 3178
f 4623 1304 3173
f 3038 3030 3035
f 3038 3040 3030
f 3035 3036 3038
f 3036 3040 3038
f 3311 1458 3317
f 3311 1457 1458
f 3306 1457 3311
f 3311 3317 1448
f 1448 3306 3311
f 3753 3760 3752
f 3761 3760 3753
f 3753 3766 3761
f 3753 3763 3766
f 3692 3702 3701
f 3721 3710 3711
f 3719 3714 3720
f 3704 4713 3701
f 3695 4713 3704
f 3701 3702 3704
f 3677 3676 3672
f 3677 4711 3676
f 3701 4712 3691
f 4712 4711 3691
f 3691 3692 3701
f 4711 3677 3691
f 3677 3688 3691
f 4702 1616 1617
f 1617 3642 3637
f 3648 3642 1617
f 1617 1616 3648
f 1622 4710 1634
f 1622 1616 4710
f 1634 3675 1622
f 3675 3668 1622
f 1622 3668 3664
f 3664 3660 1622
f 3660 1616 1622
f 4723 1646 1642
f 4716 4723 1642
f 1642 1643 4716
f 3715 1643 1642
f 3731 1642 1646
f 1658 1659 3757
f 3757 3755 1658
f 3757 1659 3762
f 3744 3755 3757
f 3453 1545 3458
f 1545 1544 3458
f 3431 3453 3458
f 3458 3442 3431
f 3756 4724 4725
f 3756 3764 1648
f 1648 3745 3756
f 3745 4724 3756
f 3773 3769 3771
f 3769 3770 3771
f 3771 3776 3773
f 3771 3782 3786
f 3778 3782 3771
f 3771 3770 3778
f 5819 5358 5821
f 5821 6679 5819
f 5815 5358 5819
f 5845 5362 5364
f 5847 5850 5364
f 5364 5850 5845
f 5846 5845 5360
f 5846 5362 5845
f 5851 6723 6706
f 6706 6705 5851
f 8584 8598 8604
f 8606 8592 8604
f 8604 8592 8584
f 8604 6757 8606
f 8604 8598 6757
f 6601 5767 6606
f 6618 6606 10139
f 10139 6632 6618
f 6618 6632 8479
f 8479 8474 6618
f 6654 6658 5802
f 5805 6657 5802
f 6658 5803 5802
f 5802 6643 5805
f 5802 5804 6643
f 5802 5803 5789
f 5789 5804 5802
f 6623 8489 6622
f 5805 6641 8497
f 5807 6657 8497
f 8497 6657 5805
f 5798 6638 6637
f 5799 6638 5798
f 6637 6636 5798
f 6636 5800 5798
f 5806 5799 5798
f 5798 5800 5806
f 10133 8449 6598
f 10133 10134 8449
f 10133 8460 10134
f 8461 8469 8468
f 8468 8460 8461
f 8479 8469 8461
f 8461 8474 8479
f 6671 5822 10147
f 10147 6686 6671
f 5822 6705 10147
f 10147 6705 6706
f 6703 6686 10147
f 6694 6705 5822
f 6694 6679 5845
f 8532 6686 8535
f 8522 8530 8529
f 8529 8521 8522
f 6668 5820 5812
f 5812 5808 6668
f 5820 6669 5812
f 5812 6669 6670
f 6670 5808 5812
f 8534 8526 8529
f 8529 8530 8534
f 8534 8530 8537
f 8534 8537 10144
f 10144 8526 8534
f 8511 6666 10141
f 8529 10143 10142
f 10142 8521 8529
f 10142 10141 8521
f 10142 10143 8515
f 10142 8515 8511
f 8511 10141 10142
f 8544 6692 6693
f 6693 8542 8544
f 6689 8542 8537
f 6689 8544 8542
f 6692 8544 6689
f 6573 10131 10128
f 6549 6551 10128
f 5755 6573 6572
f 6572 6590 5755
f 5755 10131 6573
f 6575 10131 5755
f 5755 5751 6575
f 5755 6590 5751
f 5752 6590 6572
f 6572 5756 5752
f 5752 5756 5348
f 5348 5759 5752
f 5750 6590 5758
f 5758 6600 5757
f 5757 5750 5758
f 5758 5759 6600
f 5758 5752 5759
f 6590 5752 5758
f 5756 6570 6563
f 6563 6570 6573
f 6573 10128 6563
f 6630 6636 6637
f 6637 6624 6630
f 6630 5792 6636
f 6630 6624 5792
f 5766 6612 5762
f 5762 5759 5754
f 6600 5759 5762
f 5762 6612 6600
f 5762 5754 5350
f 5350 5766 5762
f 6600 6612 5768
f 5768 6612 5767
f 5767 6601 5768
f 8578 10152 8582
f 8582 8567 8578
f 8582 8585 8574
f 8574 8567 8582
f 8586 8588 8585
f 8585 8582 8586
f 8586 8582 10152
f 8594 8586 8591
f 8591 8586 10152
f 8591 8583 8584
f 8591 10152 10150
f 10150 8583 8591
f 8584 8592 8591
f 8591 8592 8594
f 8595 10155 8601
f 10154 10155 8595
f 8595 8588 10154
f 8577 8588 8595
f 8601 8581 8595
f 8595 8581 8577
f 8419 8429 6545
f 6545 6546 8419
f 8429 6546 6545
f 8372 6520 8371
f 6520 8365 8371
f 8371 8365 6522
f 6522 6523 8371
f 6523 8372 8371
f 8405 8409 8391
f 8391 8402 8405
f 8406 8409 8405
f 8405 8402 8406
f 6523 8377 10121
f 10121 8377 8382
f 8382 10122 10121
f 10121 8372 6523
f 10121 10122 8372
f 10124 8389 8400
f 8389 8393 8400
f 6529 6518 6536
f 8376 6518 6529
f 6529 8377 8376
f 6536 8378 6529
f 8382 8377 6529
f 5714 5715 5711
f 8386 6543 8392
f 8385 8386 6527
f 6527 8378 6536
f 8392 8378 6527
f 6527 8386 8392
f 10118 8337 8335
f 8335 10117 10118
f 8334 10117 10116
f 8334 8323 8331
f 10116 8323 8334
f 8331 8332 8334
f 8130 8131 8136
f 6406 8125 8130
f 8130 6407 6406
f 8130 8136 6407
f 8258 8262 8267
f 8267 8268 8258
f 8278 8281 8255
f 8255 8271 8278
f 8282 8281 8278
f 8278 10107 8282
f 8278 8271 10107
f 10108 8281 8282
f 10108 10109 8281
f 8297 10109 10108
f 8282 8293 10108
f 8293 8297 10108
f 5672 6191 6185
f 6185 5671 5672
f 5668 5665 40
f 5668 41 5628
f 40 41 5668
f 5628 5671 5670
f 5670 5668 5628
f 5669 5668 5670
f 5671 6181 5670
f 6181 5669 5670
f 5665 5668 5667
f 5667 5668 5669
f 6173 6169 5667
f 5667 5669 6173
f 6225 6226 6223
f 6223 6226 7628
f 7622 6222 6223
f 9944 7648 9948
f 9948 10540 9944
f 9941 7642 9944
f 9944 7642 7648
f 9892 7567 7568
f 9892 9890 7567
f 6192 7550 7544
f 6192 7560 7550
f 7544 7543 6192
f 6191 6197 6192
f 6192 6197 7560
f 7666 6238 7672
f 6238 7675 7672
f 7672 7675 7662
f 7655 7666 7672
f 7672 7662 7655
f 7692 7685 6245
f 6245 7675 6238
f 6238 6244 6245
f 6245 6249 7692
f 6245 6244 6249
f 6222 6213 6221
f 6221 6223 6222
f 5367 6209 6198
f 5367 6213 6209
f 7580 9901 7579
f 7580 10514 9901
f 6210 6203 6209
f 6210 6213 7603
f 6209 6213 6210
f 7603 7593 6210
f 7584 6203 6210
f 7583 6203 7584
f 7582 6203 7583
f 7567 6197 6204
f 7568 7567 6204
f 9943 9946 7634
f 7634 7638 9943
f 9927 7618 9934
f 7668 7673 7683
f 7683 9956 7668
f 9954 7673 7668
f 7668 9956 7667
f 7667 7664 7668
f 7668 7664 9954
f 7714 9968 9967
f 7714 7719 9968
f 7720 9973 7710
f 7710 7719 7720
f 9964 7685 7692
f 7692 7696 9964
f 7619 6222 7622
f 7612 6222 7619
f 7622 7614 7619
f 7614 10527 7619
f 10524 7612 10525
f 9918 10524 10525
f 7612 7619 10525
f 10525 7619 10527
f 7654 7665 7655
f 7658 7665 7654
f 7655 7653 7654
f 7653 9950 7654
f 9948 7652 9947
f 9946 9943 9947
f 7631 6226 7633
f 7633 7642 9941
f 6226 7642 7633
f 9941 9944 10539
f 10539 9944 10540
f 7621 7628 7631
f 6344 6348 7939
f 7939 7936 6344
f 7937 7930 7931
f 7937 10037 7930
f 7937 10039 10036
f 10036 10037 7937
f 7916 7917 7924
f 7928 7930 7920
f 10032 7928 7920
f 7924 7928 10032
f 7920 7915 10032
f 10055 10064 6378
f 7945 7940 10038
f 7945 7955 10042
f 7945 10038 7956
f 7956 7955 7945
f 7841 7836 10006
f 7851 10010 7841
f 7841 10010 7840
f 7840 7836 7841
f 10006 7852 7841
f 7841 7852 7851
f 6279 6280 6281
f 6279 6282 6280
f 6276 6282 6279
f 6297 6298 6289
f 7712 6259 6258
f 7708 6259 7712
f 7696 6259 7708
f 7740 7758 9982
f 6242 6237 6230
f 6230 6244 6242
f 6238 6237 6242
f 6242 6244 6238
f 6225 5363 6229
f 6229 5363 6237
f 7648 7642 6229
f 6229 6237 6239
f 6239 7648 6229
f 6229 6226 6225
f 6229 7642 6226
f 6324 6325 6320
f 6320 6322 6324
f 6324 6329 6325
f 6324 6316 6329
f 6324 6322 6316
f 6320 6321 6319
f 6319 6322 6320
f 6321 6315 6319
f 6319 6315 5353
f 5353 6316 6319
f 6316 6322 6319
f 5353 6315 5355
f 6315 6307 5355
f 6290 5355 6305
f 6305 5355 6307
f 6305 6306 6299
f 6305 6307 6306
f 5361 6244 6230
f 6249 6244 5361
f 7731 9974 7736
f 7736 7735 7731
f 7736 9978 7735
f 7788 9993 9988
f 7788 7778 9991
f 9991 9992 7788
f 9992 9993 7788
f 7766 7770 7765
f 7765 7770 9984
f 9984 7753 7765
f 7753 7763 7765
f 9984 7770 9985
f 9985 9986 7764
f 9985 7770 7778
f 7778 9986 9985
f 7755 9984 9985
f 9985 7764 7755
f 7819 10000 9999
f 9999 7811 7819
f 9999 7810 7800
f 9999 10000 7810
f 6285 7787 7783
f 7783 7777 6285
f 7783 7787 7766
f 7766 7777 7783
f 7801 7813 9997
f 9997 9992 7801
f 9992 9996 7801
f 7801 6298 7813
f 7790 9996 9991
f 9991 7771 7790
f 7771 7787 7790
f 7790 7787 6285
f 6285 6289 7797
f 7797 6289 6298
f 7797 7790 6285
f 9996 7790 7797
f 6298 7801 7797
f 7797 7801 9996
f 7839 7833 6308
f 6308 7847 7839
f 7826 7833 7839
f 7839 10009 7826
f 7839 7847 10009
f 10014 7863 7864
f 10014 7847 7863
f 10008 7847 10014
f 7864 10013 10014
f 10013 10008 10014
f 7813 6298 7817
f 7817 6298 6299
f 7817 7804 7813
f 6299 6306 7830
f 7830 7824 6299
f 7830 7820 7812
f 7812 7824 7830
f 8081 6396 6399
f 6399 8083 8081
f 10077 6404 6399
f 6404 8091 6399
f 6399 10066 10077
f 6399 6396 10066
f 8073 8066 8074
f 8080 8079 8074
f 8091 8080 8074
f 8074 8066 8083
f 8065 8066 8073
f 8073 10065 8065
f 10065 10063 8065
f 8075 6396 8081
f 8075 8072 6396
f 7922 7919 7920
f 7920 10037 7922
f 7922 7914 7903
f 7903 7919 7922
f 8020 8025 8024
f 8025 10060 8024
f 8024 8012 8020
f 8039 8025 8035
f 10057 8029 10058
f 10058 8025 8020
f 8020 10057 10058
f 10058 8035 8025
f 8029 8035 10058
f 8006 8018 10056
f 10056 8018 10057
f 10057 8010 10056
f 10056 8007 8006
f 10056 8010 8007
f 8013 8014 8017
f 8014 8018 8017
f 8006 8013 8017
f 8017 8018 8006
f 8073 8074 8078
f 8078 8074 8079
f 10044 7955 7956
f 10042 10043 7950
f 7950 10043 7957
f 7943 7935 7950
f 7950 7957 7943
f 10047 7963 7971
f 7971 7961 10047
f 7997 7992 7986
f 7986 7992 7985
f 7968 7959 7952
f 10048 10049 7968
f 7968 10049 10050
f 7983 10051 7982
f 10050 7992 7983
f 7983 7992 7997
f 7997 10051 7983
f 8100 6391 8097
f 8100 8105 6391
f 8101 8105 8100
f 8097 8095 8100
f 8100 8095 8101
f 8153 8152 10084
f 8120 8139 8131
f 8131 8130 8120
f 8120 8130 8125
f 8120 8125 8119
f 8119 8106 8120
f 10079 8134 8128
f 8128 8120 8106
f 8068 8079 10069
f 8068 10069 8070
f 8070 8067 8068
f 8062 10068 8068
f 8068 8067 8062
f 8068 8078 8079
f 8068 10068 8073
f 8073 8078 8068
f 8196 8199 8184
f 8196 8178 8193
f 8196 8184 8178
f 8196 10093 8199
f 8193 8194 8196
f 8194 10093 8196
f 10085 10087 8167
f 8174 10087 10085
f 10084 8165 10085
f 10085 8165 8174
f 8182 8186 8172
f 8182 10087 8174
f 8172 10087 8182
f 8182 8174 8175
f 8175 8186 8182
f 10088 8186 10089
f 8172 8186 10088
f 10088 10089 8179
f 8179 8171 10088
f 10088 8171 8172
f 7857 7859 7865
f 7865 7856 10015
f 7868 7856 7865
f 10015 10012 7865
f 7865 10012 7857
f 7858 7859 7857
f 7858 7851 10013
f 7858 7857 7851
f 7858 10013 7864
f 7864 7869 7858
f 7858 7869 7874
f 7874 7859 7858
f 7866 7882 7872
f 7881 7882 7866
f 7866 7880 7881
f 7866 7859 7880
f 7872 7871 7866
f 7866 7871 7868
f 7868 7865 7866
f 7866 7865 7859
f 7516 7512 10499
f 10499 10498 7516
f 7516 10498 7509
f 8240 8244 8239
f 8245 8244 8240
f 8240 8239 8229
f 8240 8250 8256
f 8229 8250 8240
f 8256 8261 8240
f 8240 8261 8245
f 8235 8244 8249
f 8249 8252 10100
f 10100 8235 8249
f 8249 8245 8252
f 8249 8244 8245
f 6475 6485 8303
f 6475 6471 10113
f 10113 6485 6475
f 8304 8297 8298
f 8298 8305 8304
f 6490 6484 10119
f 8305 8298 8317
f 8331 8315 8316
f 8316 8332 8331
f 5865 6751 6741
f 6741 6751 5860
f 6741 5863 5865
f 5862 5863 6741
f 5853 5854 5852
f 5854 6732 5852
f 8561 8556 5852
f 5852 8556 5853
f 6711 6710 8554
f 6711 8556 5857
f 8554 8556 6711
f 5857 6713 6711
f 6713 8552 6711
f 2319 4466 2315
f 4466 2300 2315
f 2315 2316 2319
f 770 2367 771
f 771 2367 2362
f 771 769 770
f 759 769 771
f 771 2349 759
f 759 2349 755
f 754 759 755
f 755 750 754
f 755 2326 750
f 2340 2349 4478
f 2337 755 2340
f 2340 755 2349
f 4454 2276 4457
f 4456 4454 4457
f 4457 2296 4456
f 2301 4462 4460
f 2301 2309 4462
f 4464 2308 4463
f 2336 2331 4473
f 4473 4474 2336
f 4478 4474 4473
f 4473 2340 4478
f 2351 4475 4479
f 4475 4474 4479
f 2257 728 2261
f 728 729 2261
f 2261 729 2265
f 2261 2248 2257
f 2261 2249 2248
f 2261 2265 2249
f 751 750 2318
f 2318 2313 751
f 751 749 750
f 751 2313 2308
f 2308 2307 751
f 745 749 751
f 751 2307 745
f 2248 2249 2246
f 2246 2247 2248
f 2246 2239 4445
f 4445 2247 2246
f 2369 2380 2383
f 2383 2375 2369
f 2383 2390 2375
f 2380 774 2383
f 2383 774 778
f 778 2390 2383
f 2908 2890 2903
f 2890 2898 2903
f 2909 2908 2903
f 2903 4585 2909
f 2903 2898 4585
f 2034 4360 4967
f 4360 4355 4967
f 4967 4355 4354
f 2780 2779 2781
f 2781 2790 2780
f 2797 2791 2781
f 2781 2791 2790
f 2781 2787 2797
f 2781 2785 2787
f 4575 2847 2855
f 2855 4576 4575
f 2869 992 4580
f 4580 4579 2869
f 2859 4579 4580
f 992 2863 4580
f 4580 2863 2859
f 2821 2826 4571
f 2853 4579 2859
f 2859 2841 2853
f 2825 2831 2824
f 2825 2834 2831
f 8668 10164 8657
f 8657 8661 8668
f 8668 8661 8662
f 64 63 55
f 55 10 64
f 64 10 562
f 565 63 64
f 64 562 565
f 9862 9868 9864
f 9862 9864 7505
f 7505 9861 9862
f 9862 9861 9867
f 9862 9867 7526
f 7526 9868 9862
f 3860 3835 3856
f 3835 3851 3856
f 3856 1697 3860
f 3856 3851 1697
f 2459 808 2467
f 2459 2448 808
f 2442 2448 2459
f 2467 2453 2459
f 2459 2453 2442
f 2443 2438 797
f 797 2448 2443
f 2443 2430 2438
f 2443 2448 2430
f 2373 2370 770
f 770 2376 2373
f 4495 4490 2397
f 4495 2397 2410
f 2410 2411 4495
f 4495 2411 4494
f 4494 4490 4495
f 2405 4497 2415
f 2415 2417 2405
f 4497 2407 2415
f 2407 2409 2415
f 2409 2416 2415
f 2416 2417 2415
f 3752 3750 3749
f 3749 3753 3752
f 3748 3744 3749
f 3749 3750 3748
f 3749 3757 3762
f 3744 3757 3749
f 3762 3763 3749
f 3763 3753 3749
f 3683 3675 1634
f 1634 3687 3683
f 3663 3675 3683
f 3683 3671 3663
f 3683 3687 3671
f 1634 1633 3690
f 3690 3687 1634
f 3690 1633 3696
f 3671 3687 3690
f 3700 1633 1643
f 3696 1633 3700
f 3712 3702 3709
f 3702 3692 3709
f 3692 3700 3709
f 3709 1643 3712
f 3709 3700 1643
f 3671 3690 3682
f 3682 3690 3696
f 3696 3700 3682
f 3682 3700 3692
f 3681 3671 3682
f 3682 3688 3681
f 3692 3691 3682
f 3682 3691 3688
f 3705 3702 3715
f 3705 3711 3710
f 3705 3704 3702
f 3711 3731 3722
f 3722 3730 3721
f 3721 3711 3722
f 3714 4717 4718
f 4718 3720 3714
f 4718 4717 3721
f 3721 3730 4718
f 3730 3720 4718
f 4719 3727 3719
f 3719 3720 4719
f 3706 3710 3695
f 3695 3704 3706
f 3706 3705 3710
f 3704 3705 3706
f 4708 3672 3661
f 4708 3670 3681
f 3637 3627 1606
f 1606 1617 3637
f 1606 3627 3623
f 1602 4702 1606
f 4702 1617 1606
f 3623 3618 1606
f 1606 3618 1602
f 3736 1646 3742
f 3736 3731 1646
f 3742 3722 3736
f 3736 3722 3731
f 3723 3731 3711
f 3711 3705 3723
f 1642 3731 3723
f 4729 3756 4725
f 3779 3770 4729
f 4729 3770 3764
f 3764 3756 4729
f 4730 3779 4729
f 4729 4725 4730
f 3780 3776 3777
f 3776 3771 3777
f 3786 3795 3777
f 3777 3771 3786
f 6654 5802 8501
f 8501 5802 6657
f 6657 5813 8501
f 8501 5813 8510
f 8501 6662 6654
f 8510 6662 8501
f 8489 6623 8491
f 8491 6623 6641
f 8491 6641 6643
f 8491 6643 6628
f 6628 8489 8491
f 8487 6623 6622
f 8487 6631 6639
f 6641 6623 6640
f 6640 8487 6639
f 6623 8487 6640
f 6592 5750 5757
f 6683 5819 6679
f 6683 5822 5820
f 5815 5819 6683
f 6668 5815 6683
f 6683 5820 6668
f 5845 5850 6704
f 6704 5851 6705
f 6704 5850 6723
f 6723 5851 6704
f 6675 8524 8527
f 8527 8532 6675
f 8527 8524 6671
f 6671 6686 8527
f 6686 8532 8527
f 8517 8522 8521
f 6675 8532 8517
f 8517 8532 8535
f 8535 8522 8517
f 6706 6708 6702
f 6708 6710 6702
f 6710 8548 6702
f 6702 10147 6706
f 6703 10147 6702
f 8521 10141 8516
f 8516 8517 8521
f 6666 8514 8516
f 8516 10141 6666
f 8550 8552 6713
f 8550 6690 8552
f 6689 6690 8550
f 6541 6542 6540
f 6540 6542 6549
f 6549 10128 6540
f 6554 10128 6551
f 6554 6563 10128
f 6554 6551 5756
f 5756 6563 6554
f 10154 8588 10153
f 8588 8586 10153
f 10153 8602 10154
f 8403 10125 10124
f 10124 8400 8403
f 8383 8393 8382
f 8382 6529 8383
f 8383 6529 8378
f 6552 10131 6564
f 6552 10128 10131
f 5715 5714 6526
f 8385 6527 6526
f 6526 6527 6536
f 6536 6518 6526
f 6526 5707 5715
f 6526 6518 5707
f 8385 6526 6533
f 6533 6526 5714
f 8343 8337 8341
f 8337 10118 8341
f 8262 8253 8263
f 8263 8267 8262
f 8253 8272 8263
f 8269 8268 8263
f 8268 8267 8263
f 6184 6181 5671
f 5671 6185 6184
f 5666 5667 6169
f 5666 6169 6167
f 6167 5660 5666
f 5666 5660 5665
f 5665 5667 5666
f 7622 6223 7623
f 7623 6223 7628
f 7506 7499 6166
f 7509 9859 7506
f 9859 9856 7506
f 9856 7499 7506
f 6186 6185 6191
f 6191 6192 6186
f 7539 7534 6186
f 7543 7539 6186
f 6186 6192 7543
f 7680 6245 7685
f 7675 6245 7680
f 7685 7671 7680
f 7680 7671 7675
f 6214 6221 5365
f 5365 6221 6213
f 6213 5367 5365
f 6225 6223 6224
f 6223 6221 6224
f 6224 6214 6225
f 6224 6221 6214
f 7579 7576 7573
f 7573 7580 7579
f 7573 7576 7571
f 7582 7583 7573
f 7584 7580 7573
f 7573 7583 7584
f 7611 6222 7612
f 7612 9921 7611
f 7603 6213 7611
f 7611 6213 6222
f 7611 9919 7603
f 7611 9921 9919
f 9916 7612 10524
f 9916 9921 7612
f 9916 9915 7598
f 9916 10524 9915
f 7584 6210 7589
f 7589 6210 7593
f 7589 7580 7584
f 10514 7580 7589
f 10516 10514 7589
f 7589 7593 10516
f 6202 6204 6197
f 6202 6197 6198
f 6203 6204 6202
f 7620 7618 7606
f 7705 9967 9966
f 7705 7714 9967
f 7705 9966 7690
f 9982 7759 9980
f 10544 10543 7658
f 7658 7654 10544
f 9949 10543 10544
f 10544 9950 9949
f 10544 7654 9950
f 7652 10543 10542
f 10542 9947 7652
f 10542 10543 9946
f 9946 9947 10542
f 10541 10540 9948
f 9948 9947 10541
f 10541 7638 10540
f 10541 9943 7638
f 10541 9947 9943
f 9941 10539 9937
f 9937 7633 9941
f 10536 7633 9937
f 10540 7638 7632
f 7632 10539 10540
f 7632 9937 10539
f 7626 7625 7632
f 7632 7638 7626
f 7631 7633 10534
f 10534 7633 10536
f 6340 6341 6339
f 6339 6342 6340
f 6343 6344 6340
f 6340 6342 6343
f 6344 7936 7932
f 7932 6340 6344
f 7910 7905 6341
f 7910 10029 10024
f 7925 7939 7931
f 7936 7939 7925
f 7925 7932 7936
f 7917 7932 7925
f 7931 7930 7925
f 7930 7928 7925
f 7924 7917 7925
f 7925 7928 7924
f 7917 7916 7908
f 7906 7907 7908
f 6348 7966 7953
f 10031 7916 7924
f 7924 10032 10031
f 10031 7915 7904
f 10031 10032 7915
f 8040 8047 8061
f 8069 8051 8061
f 8051 8040 8061
f 8061 6397 8069
f 8061 8047 6397
f 6397 8047 6386
f 6386 6378 10064
f 10066 6397 6386
f 6386 10064 10066
f 6281 7758 6275
f 6275 6279 6281
f 6276 6279 6275
f 6284 6289 6285
f 6285 6280 6284
f 6280 6282 6284
f 6284 6282 6276
f 6276 6289 6284
f 5357 6289 6276
f 5357 6290 6297
f 6297 6289 5357
f 7728 7726 6266
f 6297 6290 6302
f 6290 6305 6302
f 6302 6299 6297
f 6302 6305 6299
f 7745 7736 9974
f 7774 9986 7778
f 7778 7788 7774
f 7774 7788 9988
f 7774 9988 7773
f 7774 7773 7769
f 7769 9986 7774
f 9995 7802 7795
f 7802 7807 7795
f 7795 7807 7811
f 7796 7794 7795
f 7795 7791 9995
f 7795 7794 7791
f 6280 7777 7776
f 7776 7772 6280
f 7762 6281 7768
f 6281 6280 7768
f 6280 7772 7768
f 6299 7824 7821
f 7821 7817 6299
f 7804 7817 7805
f 7817 7821 7805
f 7812 7811 7805
f 7811 7807 7805
f 7802 7804 7805
f 7805 7807 7802
f 7805 7824 7812
f 7805 7821 7824
f 7831 6306 7833
f 7831 7830 6306
f 7831 7833 7820
f 7820 7830 7831
f 8089 6399 8091
f 8083 6399 8089
f 8091 8074 8089
f 8089 8074 8083
f 8046 8055 8060
f 8060 10063 8046
f 8060 8065 10063
f 8081 8066 8056
f 8056 8075 8081
f 8066 8065 8056
f 8051 8072 8056
f 8072 8075 8056
f 8065 8060 8056
f 8056 8055 8051
f 8056 8060 8055
f 7914 7922 10035
f 10033 7914 10035
f 10035 7941 10033
f 10035 10036 7941
f 10035 10037 10036
f 10035 7922 10037
f 8032 10061 8041
f 8041 8022 8032
f 8032 10060 10061
f 8032 8024 10060
f 8032 8022 8012
f 8012 8024 8032
f 8030 8029 8019
f 8030 8035 8029
f 8030 8047 8040
f 8030 8040 8039
f 8039 8035 8030
f 7956 10039 10040
f 10040 10044 7956
f 7944 7945 10042
f 10042 7950 7944
f 7940 7945 7944
f 7944 7950 7935
f 7944 7935 7934
f 7934 7940 7944
f 7973 7976 7961
f 7961 7971 7973
f 7998 8008 7997
f 7997 7986 7998
f 8004 8015 7998
f 7998 7986 8004
f 7985 7976 7977
f 7977 7986 7985
f 7978 7982 7959
f 7959 7968 7978
f 7978 7968 10050
f 10050 7983 7978
f 7978 7983 7982
f 7962 7968 7952
f 7952 7948 7962
f 10048 7968 7962
f 7962 7961 10048
f 8141 8145 8140
f 8149 8145 8141
f 8141 8150 8149
f 8131 8139 8148
f 8148 8139 10081
f 8123 10078 10079
f 10079 8128 8123
f 8123 8106 8101
f 8123 8128 8106
f 8139 8120 8133
f 8120 8128 8133
f 8133 8128 8134
f 8134 10080 8133
f 8133 10080 8139
f 8156 8153 10084
f 10084 10085 8156
f 8156 10085 8167
f 8167 8150 8156
f 8150 8141 8156
f 8156 8141 8153
f 6379 8015 8004
f 10055 6378 6379
f 6379 8023 8015
f 8270 8272 8253
f 8270 8245 8264
f 8270 8253 8245
f 8264 6469 8270
f 8270 6469 6471
f 6471 8272 8270
f 6471 6475 8279
f 8279 6475 8285
f 8279 8285 8269
f 8269 8263 8279
f 8292 6475 8303
f 8285 6475 8292
f 8292 8303 8276
f 8276 8269 8292
f 8269 8285 8292
f 8287 8286 8276
f 8293 8286 8287
f 8276 8303 8287
f 8287 8297 8293
f 8287 8298 8297
f 8303 6485 8306
f 8306 8287 8303
f 8330 6490 8333
f 5862 6741 5861
f 5861 5858 5862
f 5861 6732 5858
f 5861 6741 5860
f 5856 5852 6732
f 5856 5861 5860
f 6732 5861 5856
f 5856 5860 8561
f 8561 5852 5856
f 6691 6711 8552
f 8552 6690 6691
f 6691 8548 6710
f 6710 6711 6691
f 2312 2300 2309
f 2312 2315 2300
f 2332 2337 2316
f 2316 2326 2332
f 2332 755 2337
f 2326 755 2332
f 2318 750 2324
f 2296 4457 4458
f 4458 4463 2296
f 4458 2291 4464
f 4464 4463 4458
f 2309 2301 2303
f 2318 2324 2303
f 2296 4463 2295
f 2285 2296 2295
f 4460 2285 2295
f 2295 2301 4460
f 2320 4473 2331
f 2319 2316 2320
f 2320 2331 2319
f 2316 2337 2320
f 2337 2340 2320
f 2340 4473 2320
f 2352 2350 2351
f 2351 4479 2352
f 2362 2367 2352
f 2352 4479 2362
f 2354 4474 4478
f 2354 4479 4474
f 2362 4479 2354
f 2354 771 2362
f 4478 2349 2354
f 2349 771 2354
f 2249 2255 2251
f 2251 2246 2249
f 2251 2255 2239
f 2239 2246 2251
f 2034 4967 4965
f 4965 2031 2034
f 4965 4964 2031
f 4965 4967 4354
f 4965 4354 4350
f 4350 4964 4965
f 2779 4567 4568
f 4568 2781 2779
f 4568 4567 2782
f 2782 2785 4568
f 2785 2781 4568
f 2847 4575 4574
f 2833 2844 4574
f 4574 2844 2847
f 4574 2832 2833
f 4574 4575 2832
f 4576 2846 2842
f 2842 4575 4576
f 2832 4575 2842
f 2846 2825 2842
f 2833 2832 2828
f 2828 2832 2814
f 2814 2823 2828
f 2837 2833 4573
f 2833 2828 4573
f 4573 2828 2823
f 952 2815 2809
f 947 952 2809
f 2809 115 947
f 2809 110 937
f 937 115 2809
f 953 4571 2816
f 2816 2815 953
f 953 2815 952
f 953 952 2820
f 2820 2821 953
f 2821 4571 953
f 954 949 110
f 110 2809 954
f 4577 2853 2850
f 4579 2853 4577
f 2864 4579 4577
f 4577 2860 2864
f 4577 2850 2860
f 2835 2853 2841
f 2835 2825 2846
f 2835 2840 2839
f 2835 2841 2840
f 2839 2834 2835
f 2834 2825 2835
f 10165 10164 8672
f 10164 8668 8672
f 8672 8662 8673
f 8672 8668 8662
f 9882 9876 10504
f 9874 9876 9882
f 9882 7546 9874
f 9882 9883 7546
f 7551 7553 7547
f 7547 7546 7551
f 7546 9883 7551
f 3742 3751 3734
f 3734 3722 3742
f 3751 3744 3734
f 3730 3722 3734
f 3735 3727 4720
f 3727 4719 4720
f 3743 4720 4719
f 3743 3744 3748
f 3743 3734 3744
f 3733 3720 3730
f 3733 4719 3720
f 3733 3743 4719
f 3730 3734 3733
f 3734 3743 3733
f 4707 4708 3661
f 4707 3657 3658
f 3661 3657 4707
f 3670 4708 4707
f 3658 3667 4707
f 3667 3670 4707
f 4709 4708 3681
f 3681 3688 4709
f 4709 3688 3677
f 4709 3677 3672
f 3672 4708 4709
f 3718 3705 3715
f 3718 3723 3705
f 3715 1642 3718
f 1642 3723 3718
f 3471 1544 1550
f 1550 3475 3471
f 3461 3455 3471
f 3471 3475 3461
f 3479 3466 3461
f 3461 3475 3479
f 3479 3486 3466
f 1550 3486 3479
f 3479 3475 1550
f 3781 3785 3780
f 3780 3777 3781
f 3787 3785 3781
f 3781 3799 3803
f 3781 3795 3799
f 3781 3777 3795
f 8486 8477 8484
f 8484 6631 8486
f 6631 8487 8486
f 6622 8477 8486
f 8486 8487 6622
f 8495 8497 6641
f 6641 6640 8495
f 5797 6640 6639
f 8497 8495 5797
f 5797 8495 6640
f 6639 6638 5797
f 5797 6638 5799
f 6598 8444 8453
f 8450 6608 6609
f 6609 8453 6594
f 6591 6593 5749
f 8444 6593 6591
f 6591 8453 8444
f 6594 8453 6591
f 5749 5742 6591
f 5750 6592 5748
f 6576 5751 5748
f 5751 5750 5748
f 8450 6609 8440
f 8440 6609 6594
f 8440 5748 6592
f 5761 6608 8450
f 8450 8440 5761
f 5761 8440 6592
f 6606 6618 8466
f 6679 6694 6685
f 6685 6683 6679
f 6685 6694 5822
f 5822 6683 6685
f 6701 6694 5845
f 5845 6704 6701
f 6705 6694 6701
f 6701 6704 6705
f 8514 6662 6678
f 6678 8516 8514
f 8517 8516 6678
f 6678 6662 8510
f 8510 6675 6678
f 6675 8517 6678
f 8545 8543 6703
f 6703 6702 8545
f 8530 8543 8545
f 8540 8522 8535
f 6703 8543 8540
f 8530 8522 8540
f 8540 8543 8530
f 8535 6686 8540
f 8540 6686 6703
f 8538 6690 6689
f 8537 8530 8538
f 8538 6689 8537
f 8530 8545 8538
f 6689 8550 6696
f 8553 6692 6696
f 6692 6689 6696
f 6716 8553 6696
f 6696 6713 6716
f 6696 8550 6713
f 6541 6540 5722
f 5722 6533 5714
f 6540 6533 5722
f 8596 8586 8594
f 8596 10153 8586
f 8602 10153 8596
f 8597 8602 8596
f 8594 8592 8596
f 8596 8592 8597
f 10126 10125 8411
f 10125 8403 8411
f 8406 10126 8411
f 8399 8410 8383
f 8399 8378 8392
f 8399 8383 8378
f 8392 6543 8399
f 6543 8410 8399
f 6543 10128 6553
f 10128 6552 6553
f 6553 8410 6543
f 8413 8410 6553
f 6534 10128 6543
f 8385 6533 6534
f 6534 6540 10128
f 6534 6533 6540
f 6543 8386 6534
f 6534 8386 8385
f 10117 8334 8338
f 8338 10118 10117
f 8338 8341 10118
f 8338 8334 8332
f 8332 8339 8338
f 8339 8341 8338
f 7621 7620 7615
f 7615 7614 7622
f 7622 7623 7615
f 7628 7621 7615
f 7615 7623 7628
f 6183 6184 6185
f 6185 6186 6183
f 6181 6184 6183
f 6166 6181 6183
f 7534 7528 6183
f 6183 6186 7534
f 7572 7571 9893
f 7572 7573 7571
f 7582 7573 7572
f 9919 9921 10523
f 9921 9916 10523
f 10522 9919 10523
f 7598 10522 10523
f 10523 9916 7598
f 6198 6209 6206
f 6206 6202 6198
f 6209 6203 6206
f 6203 6202 6206
f 9930 9934 7618
f 7618 7620 9930
f 9930 7620 7621
f 7606 7605 7613
f 7614 7615 7613
f 7690 9963 7697
f 7697 9963 7700
f 7698 7697 7700
f 7698 7708 7712
f 9935 7625 9927
f 9927 9934 9935
f 9935 10534 10536
f 9934 10534 9935
f 10533 7621 7631
f 7631 10534 10533
f 10533 10534 9934
f 9934 9930 10533
f 10533 9930 7621
f 7926 6340 7929
f 6340 7932 7929
f 7929 7932 7917
f 7929 7908 7926
f 7917 7908 7929
f 7918 7910 6341
f 7907 10029 7918
f 10029 7910 7918
f 7905 7910 10028
f 10024 10023 10028
f 10028 7910 10024
f 7906 7908 7912
f 7912 7908 7916
f 7912 7900 7906
f 7912 7916 7900
f 7946 7939 6348
f 6348 7953 7946
f 7931 7939 7946
f 7900 7916 10030
f 7916 10031 10030
f 10030 10031 7904
f 7904 7901 10030
f 10030 7901 7900
f 8042 6386 8047
f 8047 8030 8042
f 8034 6378 8038
f 6378 6386 8038
f 6386 8042 8038
f 8019 8034 8038
f 8038 8030 8019
f 8038 8042 8030
f 6268 6275 7758
f 6268 7728 6266
f 7734 7728 6268
f 6268 7740 7734
f 7758 7740 6268
f 6266 6258 6265
f 6276 6275 5359
f 7712 6258 7716
f 6258 7718 7716
f 7736 7745 7744
f 7744 7749 9978
f 9978 7736 7744
f 7744 7745 9980
f 9975 9974 9972
f 9975 7745 9974
f 7800 7796 9998
f 7796 7795 9998
f 9998 9999 7800
f 7811 9999 9998
f 9998 7795 7811
f 7762 7768 7750
f 7750 7759 7762
f 7750 9980 7759
f 7749 7744 7750
f 7750 7744 9980
f 8028 6379 6378
f 8023 6379 8028
f 10041 7937 7931
f 7953 10040 10041
f 10039 7937 10041
f 10041 10040 10039
f 7931 7946 10041
f 10041 7946 7953
f 8008 7998 8009
f 8009 8014 8013
f 8013 8008 8009
f 8009 8028 8014
f 8023 8028 8009
f 8015 8023 8009
f 8009 7998 8015
f 7976 7973 7972
f 7972 7977 7976
f 7972 7973 7971
f 8004 7986 7999
f 7948 7957 7960
f 7960 7962 7948
f 7957 7961 7960
f 7961 7962 7960
f 8140 8138 8137
f 8137 8141 8140
f 8136 8131 8137
f 8137 8138 8136
f 8131 8148 8137
f 8153 8141 8137
f 10083 8148 10081
f 8152 8148 10083
f 10081 8154 10083
f 10083 8154 8160
f 8160 8152 10083
f 10076 10078 8112
f 10078 8123 8112
f 8112 8111 10076
f 8101 8095 8112
f 8112 8123 8101
f 6367 6379 8004
f 8004 7999 6367
f 6367 6360 10055
f 10055 6379 6367
f 8277 8272 6471
f 6471 8279 8277
f 8277 8263 8272
f 8277 8279 8263
f 8313 8306 6485
f 8313 6485 6484
f 6484 8317 8313
f 8313 8317 8298
f 8298 8287 8313
f 8287 8306 8313
f 6484 6490 8324
f 6490 8330 8324
f 8333 8316 8311
f 8311 8330 8333
f 8311 8316 8315
f 8305 8324 8311
f 8311 8324 8330
f 8311 8315 8310
f 8310 8305 8311
f 6504 5692 5691
f 6508 5701 6510
f 6508 6500 5701
f 6508 6510 8362
f 750 2326 2325
f 2325 2324 750
f 2276 2270 4459
f 4459 4457 2276
f 4459 4458 4457
f 2291 4458 4459
f 4459 2270 2283
f 2283 2291 4459
f 2302 2303 2301
f 2301 2295 2302
f 2302 2295 4463
f 2308 2313 2302
f 2302 4463 2308
f 2302 2313 2318
f 2318 2303 2302
f 2310 2312 2309
f 2309 2303 2310
f 2316 2315 2310
f 2315 2312 2310
f 2310 2326 2316
f 2310 2325 2326
f 2310 2303 2324
f 2324 2325 2310
f 2353 2356 2350
f 2350 2352 2353
f 2360 2356 2353
f 2370 2373 2353
f 2353 2367 2370
f 2353 2352 2367
f 2832 2842 2819
f 2819 2842 2825
f 2814 2832 2819
f 2819 2825 2824
f 2824 2818 2819
f 2819 2818 2814
f 4572 4573 2823
f 2816 4571 4572
f 4572 2823 2816
f 4572 4571 2826
f 4572 2826 2837
f 2837 4573 4572
f 950 2815 2816
f 950 2809 2815
f 950 954 2809
f 2812 2823 2814
f 949 954 2812
f 2816 2823 2812
f 2812 2814 2813
f 2813 949 2812
f 2812 950 2816
f 954 950 2812
f 2849 2835 2846
f 2853 2835 2849
f 2849 2846 2850
f 2850 2853 2849
f 8679 8675 10166
f 10166 10165 8679
f 10165 8672 8679
f 8679 8672 8673
f 8673 8680 8679
f 3740 3739 3735
f 3741 3739 3740
f 3740 3750 3752
f 3748 3750 3740
f 3467 3458 1544
f 3442 3458 3467
f 3467 3455 3442
f 3794 3787 3788
f 3787 3781 3788
f 3788 4740 3794
f 3788 3781 3803
f 3803 3808 3788
f 3808 4740 3788
f 5807 8497 5801
f 8497 5797 5801
f 5801 6656 5807
f 5799 6656 5801
f 5801 5797 5799
f 8456 6609 6608
f 8474 8461 8456
f 8456 8461 8460
f 5742 8434 5747
f 5747 6591 5742
f 5748 8440 5747
f 5747 8434 6576
f 6576 5748 5747
f 5760 5768 6601
f 5757 6600 5760
f 6600 5768 5760
f 6608 8466 8471
f 8474 8456 8471
f 8471 8456 6608
f 8471 6618 8474
f 8471 8466 6618
f 6608 5761 6605
f 6605 5760 6601
f 6605 6601 6606
f 6606 8466 6605
f 5757 5760 6605
f 6605 6592 5757
f 6605 5761 6592
f 8547 6702 8548
f 8547 8545 6702
f 8547 8538 8545
f 8548 6691 8547
f 8547 6691 6690
f 6690 8538 8547
f 6528 5722 5714
f 6528 5714 5711
f 6541 5722 6528
f 8416 10127 8406
f 8404 8411 8403
f 6552 8422 8418
f 8418 6553 6552
f 8413 6553 8418
f 8422 8404 8418
f 6182 7506 6166
f 6166 6183 6182
f 6182 7516 7509
f 7509 7506 6182
f 7516 6182 7521
f 7521 6182 6183
f 7513 7512 7521
f 7512 7516 7521
f 9893 7558 9894
f 9894 7572 9893
f 7617 7620 7606
f 7606 7613 7617
f 7617 7615 7620
f 7617 7613 7615
f 9920 9912 9918
f 7605 9912 9920
f 9918 10525 9920
f 9920 10525 10527
f 7702 7705 7690
f 7690 7697 7702
f 6266 7726 7725
f 7725 6258 6266
f 7725 7718 6258
f 9965 7700 9961
f 9965 7698 7700
f 7696 7708 9965
f 7708 7698 9965
f 7721 7728 7734
f 9936 7632 7625
f 7625 9935 9936
f 9937 7632 9936
f 10536 9937 9936
f 9936 9935 10536
f 6341 6340 7923
f 7923 7918 6341
f 7923 6340 7926
f 7907 7918 7923
f 7923 7908 7907
f 7926 7908 7923
f 7896 10028 10023
f 7896 7876 7893
f 7896 10023 7876
f 7905 10028 7896
f 7893 6325 7896
f 6325 7905 7896
f 6361 7967 7966
f 6361 7966 10055
f 10055 6360 6361
f 10045 7953 7966
f 7966 7967 10045
f 10045 10040 7953
f 10044 10040 10045
f 10045 7967 10044
f 6257 5361 6250
f 6249 5361 6257
f 6257 6259 6249
f 6257 6258 6259
f 6250 5359 6267
f 6267 6265 6250
f 6267 5359 6275
f 6275 6268 6267
f 6267 6268 6266
f 6266 6265 6267
f 9972 9973 7727
f 7727 9975 9972
f 9973 7720 7727
f 7720 7721 7727
f 7751 7768 7772
f 7751 7750 7768
f 7760 7749 7751
f 7749 7750 7751
f 8033 6378 8034
f 8033 8028 6378
f 8034 8014 8033
f 8014 8028 8033
f 7965 7971 7963
f 7965 7972 7971
f 7977 7972 7988
f 8153 8137 8151
f 8151 8137 8148
f 8152 8153 8151
f 8151 8148 8152
f 8102 8092 10073
f 10073 10074 8102
f 8102 8077 8092
f 8102 8085 8077
f 8319 8317 6484
f 6484 8324 8319
f 8305 8317 8319
f 8319 8324 8305
f 8332 8316 8340
f 8340 8316 8333
f 8333 6490 8340
f 6498 6490 10119
f 6498 8340 6490
f 5701 6500 5703
f 6500 6504 5703
f 5703 6504 5691
f 5691 6513 5703
f 6513 5701 5703
f 10119 5692 6497
f 5692 6504 6497
f 6497 6498 10119
f 6497 6504 6500
f 8351 6498 6497
f 6500 6508 5702
f 5702 6508 8362
f 2369 2368 2361
f 2361 2376 2369
f 2361 2368 2360
f 2360 2353 2361
f 2361 2373 2376
f 2361 2353 2373
f 8682 8680 8684
f 8682 8679 8680
f 8684 8675 8682
f 8675 8679 8682
f 3735 4720 4721
f 4721 3740 3735
f 4720 3743 4721
f 4721 3743 3748
f 3748 3740 4721
f 3747 3741 4722
f 3741 3740 4722
f 4722 3740 3752
f 1544 3471 3470
f 3470 3467 1544
f 3470 3471 3455
f 3455 3467 3470
f 8453 6609 8455
f 6609 8456 8455
f 8455 8456 8460
f 8460 10133 8455
f 8455 10133 6598
f 6598 8453 8455
f 6594 6591 6589
f 6589 8440 6594
f 8463 8466 6608
f 6608 6605 8463
f 8463 6605 8466
f 6525 5711 5712
f 6525 6528 5711
f 5712 5716 6525
f 5716 6541 6525
f 6541 6528 6525
f 8406 8411 8414
f 8414 8416 8406
f 10129 10127 8420
f 10127 8416 8420
f 6564 8426 8424
f 8424 6552 6564
f 8394 8410 8413
f 8383 8410 8394
f 8413 8418 8394
f 8394 8418 8404
f 8394 8400 8393
f 8393 8383 8394
f 8394 8403 8400
f 8394 8404 8403
f 7524 6183 7528
f 7524 7521 6183
f 7524 7528 7513
f 7513 7521 7524
f 7559 7558 7553
f 7559 9894 7558
f 7559 9892 7568
f 7568 9894 7559
f 7582 7572 7575
f 7572 9894 7575
f 7575 9894 7568
f 7568 6204 7575
f 7575 6203 7582
f 7575 6204 6203
f 9922 7613 7605
f 7605 9920 9922
f 7614 7613 9922
f 9922 10527 7614
f 9922 9920 10527
f 9961 7683 9960
f 9960 9965 9961
f 9960 9964 7696
f 7696 9965 9960
f 7726 7728 7715
f 7728 7721 7715
f 7715 7725 7726
f 7719 7714 7715
f 7715 7720 7719
f 7715 7721 7720
f 7734 7740 9977
f 9977 7721 7734
f 9975 7727 9977
f 9977 7727 7721
f 6250 6265 6262
f 6262 6257 6250
f 6262 6265 6258
f 6258 6257 6262
f 7761 7777 7766
f 7761 7776 7777
f 7772 7776 7761
f 7761 7751 7772
f 7766 7765 7761
f 7761 7765 7763
f 7763 7760 7761
f 7760 7751 7761
f 10044 7967 7964
f 7955 10044 7964
f 7963 7955 7964
f 7964 7965 7963
f 7977 7988 7994
f 7986 7977 7994
f 7994 7999 7986
f 7994 6367 7999
f 6360 6367 7994
f 7994 7988 6360
f 7987 7988 7972
f 6360 7988 7987
f 8085 8102 8107
f 8107 8095 8085
f 8107 10074 8111
f 8107 8102 10074
f 8332 8340 8349
f 8349 8339 8332
f 8340 6498 8349
f 8355 5702 8362
f 8362 8344 8355
f 3747 4722 4727
f 3754 3747 4727
f 4727 4728 3754
f 4727 3760 4728
f 3752 3760 4727
f 4727 4722 3752
f 5746 5747 8440
f 8440 6589 5746
f 6591 5747 5746
f 5746 6589 6591
f 8416 8414 8412
f 8411 8404 8412
f 8412 8414 8411
f 8412 8404 8422
f 8427 6562 8425
f 6562 10130 8425
f 6557 8427 8425
f 8425 10130 10129
f 10129 8420 8425
f 8421 6558 6557
f 6557 8425 8421
f 8421 8425 8420
f 8421 8428 8431
f 8431 6558 8421
f 10508 7559 7553
f 9890 9892 10508
f 9892 7559 10508
f 9959 9960 7683
f 7683 7673 9959
f 7673 7671 9959
f 9959 7671 7685
f 7685 9964 9959
f 9964 9960 9959
f 7718 7725 7706
f 7725 7715 7706
f 7714 7705 7706
f 7706 7715 7714
f 9976 7740 9982
f 9976 9977 7740
f 9982 9980 9976
f 9975 9977 9976
f 9980 7745 9976
f 7745 9975 9976
f 7972 7965 7984
f 7984 7987 7972
f 7984 6361 6360
f 6360 7987 7984
f 8110 8112 8095
f 8095 8107 8110
f 8111 8112 8110
f 8110 8107 8111
f 8339 8349 8350
f 8350 6498 8351
f 8350 8349 6498
f 8339 8350 6501
f 6501 8350 8351
f 6500 5702 6501
f 5702 8355 6501
f 8423 8412 8422
f 8424 8412 8423
f 8423 8422 6552
f 6552 8424 8423
f 8417 8421 8420
f 8417 8420 8416
f 8416 8412 8417
f 8417 8424 8426
f 8417 8412 8424
f 8417 8426 8428
f 8428 8421 8417
f 7553 7551 10507
f 10507 10508 7553
f 9889 9890 10507
f 9890 10508 10507
f 7699 7716 7718
f 7718 7706 7699
f 7712 7716 7699
f 7699 7698 7712
f 7697 7698 7699
f 7699 7702 7697
f 7705 7702 7699
f 7699 7706 7705
f 7965 7964 7979
f 7979 7984 7965
f 6361 7984 7979
f 8339 6501 8342
f 8342 6501 8355
f 8342 8355 8344
f 8342 8344 8343
f 8343 8341 8342
f 8342 8341 8339
f 6500 6501 8352
f 8352 6501 8351
f 8352 6497 6500
f 8351 6497 8352
f 9883 9882 9884
f 9884 7550 9889
f 7974 7964 7967
f 7974 7979 7964
f 7967 6361 7974
f 6361 7979 7974
f 10505 9882 10504
f 10505 9884 9882
f 10504 7550 10505
f 7550 9884 10505
f 9889 10507 10506
f 10506 9884 9889
f 10506 10507 7551
f 10506 7551 9883
f 9883 9884 10506
f 11417 12076 11417
f 11417 11295 11417
f 5359 1613 5403
f 5359 7108 5413
f 5359 7234 5427
f 5359 5454 23
f 5442 7338 5359
f 5387 5976 5359
f 5413 5411 5359
f 5440 367 5359
f 628 5456 5359
f 353 5448 5359
f 5359 1678 5396
f 5359 222 5469
f 5359 204 5473
f 5359 315 5452
f 5359 874 5486
f 5359 5485 103
f 1693 5394 5359
f 5644 5451 5359
f 5401 6053 5359
f 5359 5474 746
f 5359 5392 1693
f 5359 276 5457
f 5420 482 5359
f 464 5426 5359
f 5359 5414 1523
f 5340 5694 5359
f 5359 5409 6100
f 5359 5381 5943
f 5359 5417 7136
f 5359 980 5482
f 5455 276 5359
f 5359 5453 5455
f 5359 842 5481
f 5452 303 5359
f 5443 5444 5359
f 5436 388 5359
f 5359 507 5420
f 481 5422 5359
f 5359 5398 1651
f 1538 5412 5359
f 5359 5399 6043
f 7136 5415 5359
f 5359 6030 5393
f 6043 5397 5359
f 5359 5439 7326
f 5359 7354 5442
f 23 22 5359
f 5388 1733 5359
f 5386 1756 5359
f 5359 5475 165
f 706 5466 5359
f 786 5476 5359
f 5450 315 5359
f 5359 303 5453
f 5457 270 5359
f 5359 1251 5450
f 5359 511 5418
f 1523 5416 5359
f 5430 441 5359
f 5359 442 5430
f 5359 5424 464
f 5432 420 5359
f 5403 1595 5359
f 5359 5342 5340
f 5943 5379 5359
f 5359 6821 5375
f 5359 5415 7124
f 5359 6356 5349
f 5359 5405 6071
f 6100 5407 5359
f 5395 6030 5359
f 5359 6031 5395
f 5359 5404 5401
f 6071 6070 5359
f 5359 7386 7370
f 7393 5447 5359
f 7370 5445 5359
f 5435 7274 5359
f 7326 7314 5359
f 5359 1823 5378
f 5382 1768 5359
f 5459 258 5359
f 5359 1744 5388
f 5359 5461 5463
f 5473 178 5359
f 5359 5458 628
f 660 5462 5359
f 5359 270 5459
f 5359 367 5443
f 5359 5446 353
f 5359 5448 1251
f 5359 5416 511
f 5359 441 5432
f 5428 442 5359
f 5359 482 481
f 5359 454 5428
f 5418 507 5359
f 5396 1664 5359
f 5402 1613 5359
f 5359 1626 5402
f 5359 5338 5693
f 6444 5339 5359
f 5335 6460 5359
f 5375 5904 5359
f 5359 5977 5387
f 7093 5409 5359
f 5359 5411 7093
f 6096 5405 5359
f 5359 5407 6096
f 7152 5417 5359
f 7196 5423 5359
f 7124 7108 5359
f 5359 5397 6031
f 7165 5419 5359
f 5441 5439 5359
f 5359 5447 7386
f 5359 5445 7354
f 5393 6009 5359
f 5437 7303 5359
f 5359 7314 5437
f 5359 7288 5435
f 5359 5996 5389
f 5390 1704 5359
f 1816 1800 5359
f 5359 5383 5386
f 258 5461 5359
f 165 5477 5359
f 5463 257 5359
f 644 5460 5359
f 231 5467 5359
f 5359 532 5376
f 5481 818 5359
f 5486 858 5359
f 5359 102 5489
f 5490 5488 5359
f 354 5446 5359
f 5359 5444 354
f 5359 5426 454
f 5359 387 5440
f 5394 1678 5359
f 1664 5398 5359
f 1566 5410 5359
f 1651 1638 5359
f 5359 1554 1538
f 5359 5478 786
f 5359 5408 1566
f 5693 5336 5359
f 5359 6174 5371
f 5359 6428 5341
f 5359 6412 5343
f 5377 6821 5359
f 5359 5942 5377
f 5385 5956 5359
f 5359 5976 5385
f 5359 5372 5370
f 5359 5419 7152
f 6070 5404 5359
f 5359 5421 7165
f 5359 6316 5353
f 5359 7338 5441
f 5429 7234 5359
f 5431 7248 5359
f 7303 7288 5359
f 604 5454 5359
f 5359 5456 604
f 5427 7221 5359
f 5378 1816 5359
f 1704 5392 5359
f 5359 1768 5383
f 5359 1718 5390
f 5359 164 5479
f 5479 980 5359
f 5469 205 5359
f 5359 5465 231
f 5460 5458 5359
f 5359 5462 644
f 5359 5466 680
f 5359 5464 660
f 5359 5480 802
f 5359 858 5484
f 103 5487 5359
f 5482 128 5359
f 5489 911 5359
f 5359 890 5490
f 5359 388 5438
f 5359 407 5436
f 5359 5422 5424
f 5359 5406 1582
f 5359 5412 5414
f 5359 5410 1554
f 1582 5408 5359
f 5359 6372 5347
f 5359 6481 5335
f 5359 5337 6444
f 5359 5339 6428
f 5341 6412 5359
f 5347 6356 5359
f 5359 5379 5942
f 6230 5363 5359
f 5389 5977 5359
f 5956 5384 5359
f 5359 5423 7183
f 5374 5892 5359
f 7183 5421 5359
f 5359 6053 5399
f 5359 6009 5391
f 5359 7248 5429
f 7274 5433 5359
f 5359 5449 7393
f 5359 22 5644
f 5359 7263 5431
f 5359 5470 720
f 5359 5629 44
f 1733 1718 5359
f 5359 1756 1744
f 5359 5477 164
f 5359 178 5475
f 5359 205 5472
f 5472 204 5359
f 5359 257 5465
f 5359 5467 222
f 680 5464 5359
f 5359 1784 5382
f 5359 5468 706
f 5359 818 5480
f 5484 842 5359
f 5487 102 5359
f 5359 128 5483
f 5483 5485 5359
f 5359 911 5491
f 5491 890 5359
f 5359 5488 874
f 5438 387 5359
f 5434 407 5359
f 5359 420 5434
f 5359 1638 5400
f 5400 1626 5359
f 5359 1595 5406
f 5354 5793 5359
f 5350 5754 5359
f 5336 6481 5359
f 5359 5694 5338
f 6550 5345 5359
f 5353 5355 5359
f 5334 5337 5359
f 5359 6460 5334
f 5349 6330 5359
f 5359 5904 5374
f 5343 6388 5359
f 5384 5381 5359
f 5359 7221 7208
f 6118 5449 5359
f 5359 5451 6118
f 44 43 5359
f 5376 1823 5359
f 5371 5629 5359
f 5359 1800 5380
f 5380 1784 5359
f 760 5474 5359
f 802 5478 5359
f 746 5471 5359
f 5359 5366 5847
f 5811 5356 5359
f 5359 5345 5717
f 5717 5342 5359
f 5359 6330 5351
f 5344 6372 5359
f 5370 5866 5359
f 5391 5996 5359
f 5433 7263 5359
f 5359 43 5373
f 5373 532 5359
f 5359 5476 760
f 720 5468 5359
f 5359 5425 7196
f 5359 5754 5348
f 5359 5358 5811
f 5359 5794 5354
f 5359 5769 5350
f 5359 5346 6550
f 5351 6316 5359
f 5359 5866 5368
f 5368 5859 5359
f 5359 5892 5372
f 7208 5425 5359
f 5471 5470 5359
f 5360 5821 5359
f 5359 5356 5794
f 5352 5769 5359
f 5359 5793 5352
f 5348 5753 5359
f 6198 5369 5359
f 5359 5846 5360
f 5359 5367 6198
f 5359 6388 5344
f 5859 5366 5359
f 5821 5358 5359
f 5847 5364 5359
f 5753 5346 5359
f 5369 6174 5359
f 5359 5363 6214
f 6214 5365 5359
f 5359 5357 6276
f 5359 5364 5362
f 5362 5846 5359
f 5359 5361 6230
f 5359 5355 6290
f 6250 5361 5359
f 5359 5365 5367
f 6290 5357 5359

