solid vial_2ml
  facet normal -1.3003286e-01 -4.2568350e-03 9.9150055e-01
    outer loop
      vertex 0.0000000e+00 0.0000000e+00 0.0000000e+00
      vertex 6.1000000e-03 0.0000000e+00 8.0000000e-04
      vertex 6.0869394e-03 3.9895909e-04 8.0000000e-04
    endloop
  endfacet
  facet normal -1.2947604e-01 -1.2752277e-02 9.9150055e-01
    outer loop
      vertex 0.0000000e+00 0.0000000e+00 0.0000000e+00
      vertex 6.0869394e-03 3.9895909e-04 8.0000000e-04
      vertex 6.0478137e-03 7.9620977e-04 8.0000000e-04
    endloop
  endfacet
  facet normal -1.2836478e-01 -2.1193111e-02 9.9150055e-01
    outer loop
      vertex 0.0000000e+00 0.0000000e+00 0.0000000e+00
      vertex 6.0478137e-03 7.9620977e-04 8.0000000e-04
      vertex 5.9827902e-03 1.1900510e-03 8.0000000e-04
    endloop
  endfacet
  facet normal -1.2670385e-01 -2.9543193e-02 9.9150055e-01
    outer loop
      vertex 0.0000000e+00 0.0000000e+00 0.0000000e+00
      vertex 5.9827902e-03 1.1900510e-03 8.0000000e-04
      vertex 5.8921475e-03 1.5787962e-03 8.0000000e-04
    endloop
  endfacet
  facet normal -1.2450035e-01 -3.7766767e-02 9.9150055e-01
    outer loop
      vertex 0.0000000e+00 0.0000000e+00 0.0000000e+00
      vertex 5.8921475e-03 1.5787962e-03 8.0000000e-04
      vertex 5.7762738e-03 1.9607807e-03 8.0000000e-04
    endloop
  endfacet
  facet normal -1.2176372e-01 -4.5828618e-02 9.9150055e-01
    outer loop
      vertex 0.0000000e+00 0.0000000e+00 0.0000000e+00
      vertex 5.7762738e-03 1.9607807e-03 8.0000000e-04
      vertex 5.6356651e-03 2.3343689e-03 8.0000000e-04
    endloop
  endfacet
  facet normal -1.1850568e-01 -5.3694223e-02 9.9150055e-01
    outer loop
      vertex 0.0000000e+00 0.0000000e+00 0.0000000e+00
      vertex 5.6356651e-03 2.3343689e-03 8.0000000e-04
      vertex 5.4709237e-03 2.6979610e-03 8.0000000e-04
    endloop
  endfacet
  facet normal -1.1474018e-01 -6.1329902e-02 9.9150055e-01
    outer loop
      vertex 0.0000000e+00 0.0000000e+00 0.0000000e+00
      vertex 5.4709237e-03 2.6979610e-03 8.0000000e-04
      vertex 5.2827550e-03 3.0500000e-03 8.0000000e-04
    endloop
  endfacet
  facet normal -1.1048334e-01 -6.8702957e-02 9.9150055e-01
    outer loop
      vertex 0.0000000e+00 0.0000000e+00 0.0000000e+00
      vertex 5.2827550e-03 3.0500000e-03 8.0000000e-04
      vertex 5.0719646e-03 3.3889784e-03 8.0000000e-04
    endloop
  endfacet
  facet normal -1.0575340e-01 -7.5781815e-02 9.9150055e-01
    outer loop
      vertex 0.0000000e+00 0.0000000e+00 0.0000000e+00
      vertex 5.0719646e-03 3.3889784e-03 8.0000000e-04
      vertex 4.8394554e-03 3.7134447e-03 8.0000000e-04
    endloop
  endfacet
  facet normal -1.0057061e-01 -8.2536163e-02 9.9150055e-01
    outer loop
      vertex 0.0000000e+00 0.0000000e+00 0.0000000e+00
      vertex 4.8394554e-03 3.7134447e-03 8.0000000e-04
      vertex 4.5862228e-03 4.0220095e-03 8.0000000e-04
    endloop
  endfacet
  facet normal -9.4957153e-02 -8.8937079e-02 9.9150055e-01
    outer loop
      vertex 0.0000000e+00 0.0000000e+00 0.0000000e+00
      vertex 4.5862228e-03 4.0220095e-03 8.0000000e-04
      vertex 4.3133514e-03 4.3133514e-03 8.0000000e-04
    endloop
  endfacet
  facet normal -8.8937079e-02 -9.4957153e-02 9.9150055e-01
    outer loop
      vertex 0.0000000e+00 0.0000000e+00 0.0000000e+00
      vertex 4.3133514e-03 4.3133514e-03 8.0000000e-04
      vertex 4.0220095e-03 4.5862228e-03 8.0000000e-04
    endloop
  endfacet
  facet normal -8.2536163e-02 -1.0057061e-01 9.9150055e-01
    outer loop
      vertex 0.0000000e+00 0.0000000e+00 0.0000000e+00
      vertex 4.0220095e-03 4.5862228e-03 8.0000000e-04
      vertex 3.7134447e-03 4.8394554e-03 8.0000000e-04
    endloop
  endfacet
  facet normal -7.5781815e-02 -1.0575340e-01 9.9150055e-01
    outer loop
      vertex 0.0000000e+00 0.0000000e+00 0.0000000e+00
      vertex 3.7134447e-03 4.8394554e-03 8.0000000e-04
      vertex 3.3889784e-03 5.0719646e-03 8.0000000e-04
    endloop
  endfacet
  facet normal -6.8702957e-02 -1.1048334e-01 9.9150055e-01
    outer loop
      vertex 0.0000000e+00 0.0000000e+00 0.0000000e+00
      vertex 3.3889784e-03 5.0719646e-03 8.0000000e-04
      vertex 3.0500000e-03 5.2827550e-03 8.0000000e-04
    endloop
  endfacet
  facet normal -6.1329902e-02 -1.1474018e-01 9.9150055e-01
    outer loop
      vertex 0.0000000e+00 0.0000000e+00 0.0000000e+00
      vertex 3.0500000e-03 5.2827550e-03 8.0000000e-04
      vertex 2.6979610e-03 5.4709237e-03 8.0000000e-04
    endloop
  endfacet
  facet normal -5.3694223e-02 -1.1850568e-01 9.9150055e-01
    outer loop
      vertex 0.0000000e+00 0.0000000e+00 0.0000000e+00
      vertex 2.6979610e-03 5.4709237e-03 8.0000000e-04
      vertex 2.3343689e-03 5.6356651e-03 8.0000000e-04
    endloop
  endfacet
  facet normal -4.5828618e-02 -1.2176372e-01 9.9150055e-01
    outer loop
      vertex 0.0000000e+00 0.0000000e+00 0.0000000e+00
      vertex 2.3343689e-03 5.6356651e-03 8.0000000e-04
      vertex 1.9607807e-03 5.7762738e-03 8.0000000e-04
    endloop
  endfacet
  facet normal -3.7766767e-02 -1.2450035e-01 9.9150055e-01
    outer loop
      vertex 0.0000000e+00 0.0000000e+00 0.0000000e+00
      vertex 1.9607807e-03 5.7762738e-03 8.0000000e-04
      vertex 1.5787962e-03 5.8921475e-03 8.0000000e-04
    endloop
  endfacet
  facet normal -2.9543193e-02 -1.2670385e-01 9.9150055e-01
    outer loop
      vertex 0.0000000e+00 0.0000000e+00 0.0000000e+00
      vertex 1.5787962e-03 5.8921475e-03 8.0000000e-04
      vertex 1.1900510e-03 5.9827902e-03 8.0000000e-04
    endloop
  endfacet
  facet normal -2.1193111e-02 -1.2836478e-01 9.9150055e-01
    outer loop
      vertex 0.0000000e+00 0.0000000e+00 0.0000000e+00
      vertex 1.1900510e-03 5.9827902e-03 8.0000000e-04
      vertex 7.9620977e-04 6.0478137e-03 8.0000000e-04
    endloop
  endfacet
  facet normal -1.2752277e-02 -1.2947604e-01 9.9150055e-01
    outer loop
      vertex 0.0000000e+00 0.0000000e+00 0.0000000e+00
      vertex 7.9620977e-04 6.0478137e-03 8.0000000e-04
      vertex 3.9895909e-04 6.0869394e-03 8.0000000e-04
    endloop
  endfacet
  facet normal -4.2568350e-03 -1.3003286e-01 9.9150055e-01
    outer loop
      vertex 0.0000000e+00 0.0000000e+00 0.0000000e+00
      vertex 3.9895909e-04 6.0869394e-03 8.0000000e-04
      vertex 3.7351727e-19 6.1000000e-03 8.0000000e-04
    endloop
  endfacet
  facet normal 4.2568350e-03 -1.3003286e-01 9.9150055e-01
    outer loop
      vertex 0.0000000e+00 0.0000000e+00 0.0000000e+00
      vertex 3.7351727e-19 6.1000000e-03 8.0000000e-04
      vertex -3.9895909e-04 6.0869394e-03 8.0000000e-04
    endloop
  endfacet
  facet normal 1.2752277e-02 -1.2947604e-01 9.9150055e-01
    outer loop
      vertex 0.0000000e+00 0.0000000e+00 0.0000000e+00
      vertex -3.9895909e-04 6.0869394e-03 8.0000000e-04
      vertex -7.9620977e-04 6.0478137e-03 8.0000000e-04
    endloop
  endfacet
  facet normal 2.1193111e-02 -1.2836478e-01 9.9150055e-01
    outer loop
      vertex 0.0000000e+00 0.0000000e+00 0.0000000e+00
      vertex -7.9620977e-04 6.0478137e-03 8.0000000e-04
      vertex -1.1900510e-03 5.9827902e-03 8.0000000e-04
    endloop
  endfacet
  facet normal 2.9543193e-02 -1.2670385e-01 9.9150055e-01
    outer loop
      vertex 0.0000000e+00 0.0000000e+00 0.0000000e+00
      vertex -1.1900510e-03 5.9827902e-03 8.0000000e-04
      vertex -1.5787962e-03 5.8921475e-03 8.0000000e-04
    endloop
  endfacet
  facet normal 3.7766767e-02 -1.2450035e-01 9.9150055e-01
    outer loop
      vertex 0.0000000e+00 0.0000000e+00 0.0000000e+00
      vertex -1.5787962e-03 5.8921475e-03 8.0000000e-04
      vertex -1.9607807e-03 5.7762738e-03 8.0000000e-04
    endloop
  endfacet
  facet normal 4.5828618e-02 -1.2176372e-01 9.9150055e-01
    outer loop
      vertex 0.0000000e+00 0.0000000e+00 0.0000000e+00
      vertex -1.9607807e-03 5.7762738e-03 8.0000000e-04
      vertex -2.3343689e-03 5.6356651e-03 8.0000000e-04
    endloop
  endfacet
  facet normal 5.3694223e-02 -1.1850568e-01 9.9150055e-01
    outer loop
      vertex 0.0000000e+00 0.0000000e+00 0.0000000e+00
      vertex -2.3343689e-03 5.6356651e-03 8.0000000e-04
      vertex -2.6979610e-03 5.4709237e-03 8.0000000e-04
    endloop
  endfacet
  facet normal 6.1329902e-02 -1.1474018e-01 9.9150055e-01
    outer loop
      vertex 0.0000000e+00 0.0000000e+00 0.0000000e+00
      vertex -2.6979610e-03 5.4709237e-03 8.0000000e-04
      vertex -3.0500000e-03 5.2827550e-03 8.0000000e-04
    endloop
  endfacet
  facet normal 6.8702957e-02 -1.1048334e-01 9.9150055e-01
    outer loop
      vertex 0.0000000e+00 0.0000000e+00 0.0000000e+00
      vertex -3.0500000e-03 5.2827550e-03 8.0000000e-04
      vertex -3.3889784e-03 5.0719646e-03 8.0000000e-04
    endloop
  endfacet
  facet normal 7.5781815e-02 -1.0575340e-01 9.9150055e-01
    outer loop
      vertex 0.0000000e+00 0.0000000e+00 0.0000000e+00
      vertex -3.3889784e-03 5.0719646e-03 8.0000000e-04
      vertex -3.7134447e-03 4.8394554e-03 8.0000000e-04
    endloop
  endfacet
  facet normal 8.2536163e-02 -1.0057061e-01 9.9150055e-01
    outer loop
      vertex 0.0000000e+00 0.0000000e+00 0.0000000e+00
      vertex -3.7134447e-03 4.8394554e-03 8.0000000e-04
      vertex -4.0220095e-03 4.5862228e-03 8.0000000e-04
    endloop
  endfacet
  facet normal 8.8937079e-02 -9.4957153e-02 9.9150055e-01
    outer loop
      vertex 0.0000000e+00 0.0000000e+00 0.0000000e+00
      vertex -4.0220095e-03 4.5862228e-03 8.0000000e-04
      vertex -4.3133514e-03 4.3133514e-03 8.0000000e-04
    endloop
  endfacet
  facet normal 9.4957153e-02 -8.8937079e-02 9.9150055e-01
    outer loop
      vertex 0.0000000e+00 0.0000000e+00 0.0000000e+00
      vertex -4.3133514e-03 4.3133514e-03 8.0000000e-04
      vertex -4.5862228e-03 4.0220095e-03 8.0000000e-04
    endloop
  endfacet
  facet normal 1.0057061e-01 -8.2536163e-02 9.9150055e-01
    outer loop
      vertex 0.0000000e+00 0.0000000e+00 0.0000000e+00
      vertex -4.5862228e-03 4.0220095e-03 8.0000000e-04
      vertex -4.8394554e-03 3.7134447e-03 8.0000000e-04
    endloop
  endfacet
  facet normal 1.0575340e-01 -7.5781815e-02 9.9150055e-01
    outer loop
      vertex 0.0000000e+00 0.0000000e+00 0.0000000e+00
      vertex -4.8394554e-03 3.7134447e-03 8.0000000e-04
      vertex -5.0719646e-03 3.3889784e-03 8.0000000e-04
    endloop
  endfacet
  facet normal 1.1048334e-01 -6.8702957e-02 9.9150055e-01
    outer loop
      vertex 0.0000000e+00 0.0000000e+00 0.0000000e+00
      vertex -5.0719646e-03 3.3889784e-03 8.0000000e-04
      vertex -5.2827550e-03 3.0500000e-03 8.0000000e-04
    endloop
  endfacet
  facet normal 1.1474018e-01 -6.1329902e-02 9.9150055e-01
    outer loop
      vertex 0.0000000e+00 0.0000000e+00 0.0000000e+00
      vertex -5.2827550e-03 3.0500000e-03 8.0000000e-04
      vertex -5.4709237e-03 2.6979610e-03 8.0000000e-04
    endloop
  endfacet
  facet normal 1.1850568e-01 -5.3694223e-02 9.9150055e-01
    outer loop
      vertex 0.0000000e+00 0.0000000e+00 0.0000000e+00
      vertex -5.4709237e-03 2.6979610e-03 8.0000000e-04
      vertex -5.6356651e-03 2.3343689e-03 8.0000000e-04
    endloop
  endfacet
  facet normal 1.2176372e-01 -4.5828618e-02 9.9150055e-01
    outer loop
      vertex 0.0000000e+00 0.0000000e+00 0.0000000e+00
      vertex -5.6356651e-03 2.3343689e-03 8.0000000e-04
      vertex -5.7762738e-03 1.9607807e-03 8.0000000e-04
    endloop
  endfacet
  facet normal 1.2450035e-01 -3.7766767e-02 9.9150055e-01
    outer loop
      vertex 0.0000000e+00 0.0000000e+00 0.0000000e+00
      vertex -5.7762738e-03 1.9607807e-03 8.0000000e-04
      vertex -5.8921475e-03 1.5787962e-03 8.0000000e-04
    endloop
  endfacet
  facet normal 1.2670385e-01 -2.9543193e-02 9.9150055e-01
    outer loop
      vertex 0.0000000e+00 0.0000000e+00 0.0000000e+00
      vertex -5.8921475e-03 1.5787962e-03 8.0000000e-04
      vertex -5.9827902e-03 1.1900510e-03 8.0000000e-04
    endloop
  endfacet
  facet normal 1.2836478e-01 -2.1193111e-02 9.9150055e-01
    outer loop
      vertex 0.0000000e+00 0.0000000e+00 0.0000000e+00
      vertex -5.9827902e-03 1.1900510e-03 8.0000000e-04
      vertex -6.0478137e-03 7.9620977e-04 8.0000000e-04
    endloop
  endfacet
  facet normal 1.2947604e-01 -1.2752277e-02 9.9150055e-01
    outer loop
      vertex 0.0000000e+00 0.0000000e+00 0.0000000e+00
      vertex -6.0478137e-03 7.9620977e-04 8.0000000e-04
      vertex -6.0869394e-03 3.9895909e-04 8.0000000e-04
    endloop
  endfacet
  facet normal 1.3003286e-01 -4.2568350e-03 9.9150055e-01
    outer loop
      vertex 0.0000000e+00 0.0000000e+00 0.0000000e+00
      vertex -6.0869394e-03 3.9895909e-04 8.0000000e-04
      vertex -6.1000000e-03 7.4703455e-19 8.0000000e-04
    endloop
  endfacet
  facet normal 1.3003286e-01 4.2568350e-03 9.9150055e-01
    outer loop
      vertex 0.0000000e+00 0.0000000e+00 0.0000000e+00
      vertex -6.1000000e-03 7.4703455e-19 8.0000000e-04
      vertex -6.0869394e-03 -3.9895909e-04 8.0000000e-04
    endloop
  endfacet
  facet normal 1.2947604e-01 1.2752277e-02 9.9150055e-01
    outer loop
      vertex 0.0000000e+00 0.0000000e+00 0.0000000e+00
      vertex -6.0869394e-03 -3.9895909e-04 8.0000000e-04
      vertex -6.0478137e-03 -7.9620977e-04 8.0000000e-04
    endloop
  endfacet
  facet normal 1.2836478e-01 2.1193111e-02 9.9150055e-01
    outer loop
      vertex 0.0000000e+00 0.0000000e+00 0.0000000e+00
      vertex -6.0478137e-03 -7.9620977e-04 8.0000000e-04
      vertex -5.9827902e-03 -1.1900510e-03 8.0000000e-04
    endloop
  endfacet
  facet normal 1.2670385e-01 2.9543193e-02 9.9150055e-01
    outer loop
      vertex 0.0000000e+00 0.0000000e+00 0.0000000e+00
      vertex -5.9827902e-03 -1.1900510e-03 8.0000000e-04
      vertex -5.8921475e-03 -1.5787962e-03 8.0000000e-04
    endloop
  endfacet
  facet normal 1.2450035e-01 3.7766767e-02 9.9150055e-01
    outer loop
      vertex 0.0000000e+00 0.0000000e+00 0.0000000e+00
      vertex -5.8921475e-03 -1.5787962e-03 8.0000000e-04
      vertex -5.7762738e-03 -1.9607807e-03 8.0000000e-04
    endloop
  endfacet
  facet normal 1.2176372e-01 4.5828618e-02 9.9150055e-01
    outer loop
      vertex 0.0000000e+00 0.0000000e+00 0.0000000e+00
      vertex -5.7762738e-03 -1.9607807e-03 8.0000000e-04
      vertex -5.6356651e-03 -2.3343689e-03 8.0000000e-04
    endloop
  endfacet
  facet normal 1.1850568e-01 5.3694223e-02 9.9150055e-01
    outer loop
      vertex 0.0000000e+00 0.0000000e+00 0.0000000e+00
      vertex -5.6356651e-03 -2.3343689e-03 8.0000000e-04
      vertex -5.4709237e-03 -2.6979610e-03 8.0000000e-04
    endloop
  endfacet
  facet normal 1.1474018e-01 6.1329902e-02 9.9150055e-01
    outer loop
      vertex 0.0000000e+00 0.0000000e+00 0.0000000e+00
      vertex -5.4709237e-03 -2.6979610e-03 8.0000000e-04
      vertex -5.2827550e-03 -3.0500000e-03 8.0000000e-04
    endloop
  endfacet
  facet normal 1.1048334e-01 6.8702957e-02 9.9150055e-01
    outer loop
      vertex 0.0000000e+00 0.0000000e+00 0.0000000e+00
      vertex -5.2827550e-03 -3.0500000e-03 8.0000000e-04
      vertex -5.0719646e-03 -3.3889784e-03 8.0000000e-04
    endloop
  endfacet
  facet normal 1.0575340e-01 7.5781815e-02 9.9150055e-01
    outer loop
      vertex 0.0000000e+00 0.0000000e+00 0.0000000e+00
      vertex -5.0719646e-03 -3.3889784e-03 8.0000000e-04
      vertex -4.8394554e-03 -3.7134447e-03 8.0000000e-04
    endloop
  endfacet
  facet normal 1.0057061e-01 8.2536163e-02 9.9150055e-01
    outer loop
      vertex 0.0000000e+00 0.0000000e+00 0.0000000e+00
      vertex -4.8394554e-03 -3.7134447e-03 8.0000000e-04
      vertex -4.5862228e-03 -4.0220095e-03 8.0000000e-04
    endloop
  endfacet
  facet normal 9.4957153e-02 8.8937079e-02 9.9150055e-01
    outer loop
      vertex 0.0000000e+00 0.0000000e+00 0.0000000e+00
      vertex -4.5862228e-03 -4.0220095e-03 8.0000000e-04
      vertex -4.3133514e-03 -4.3133514e-03 8.0000000e-04
    endloop
  endfacet
  facet normal 8.8937079e-02 9.4957153e-02 9.9150055e-01
    outer loop
      vertex 0.0000000e+00 0.0000000e+00 0.0000000e+00
      vertex -4.3133514e-03 -4.3133514e-03 8.0000000e-04
      vertex -4.0220095e-03 -4.5862228e-03 8.0000000e-04
    endloop
  endfacet
  facet normal 8.2536163e-02 1.0057061e-01 9.9150055e-01
    outer loop
      vertex 0.0000000e+00 0.0000000e+00 0.0000000e+00
      vertex -4.0220095e-03 -4.5862228e-03 8.0000000e-04
      vertex -3.7134447e-03 -4.8394554e-03 8.0000000e-04
    endloop
  endfacet
  facet normal 7.5781815e-02 1.0575340e-01 9.9150055e-01
    outer loop
      vertex 0.0000000e+00 0.0000000e+00 0.0000000e+00
      vertex -3.7134447e-03 -4.8394554e-03 8.0000000e-04
      vertex -3.3889784e-03 -5.0719646e-03 8.0000000e-04
    endloop
  endfacet
  facet normal 6.8702957e-02 1.1048334e-01 9.9150055e-01
    outer loop
      vertex 0.0000000e+00 0.0000000e+00 0.0000000e+00
      vertex -3.3889784e-03 -5.0719646e-03 8.0000000e-04
      vertex -3.0500000e-03 -5.2827550e-03 8.0000000e-04
    endloop
  endfacet
  facet normal 6.1329902e-02 1.1474018e-01 9.9150055e-01
    outer loop
      vertex 0.0000000e+00 0.0000000e+00 0.0000000e+00
      vertex -3.0500000e-03 -5.2827550e-03 8.0000000e-04
      vertex -2.6979610e-03 -5.4709237e-03 8.0000000e-04
    endloop
  endfacet
  facet normal 5.3694223e-02 1.1850568e-01 9.9150055e-01
    outer loop
      vertex 0.0000000e+00 0.0000000e+00 0.0000000e+00
      vertex -2.6979610e-03 -5.4709237e-03 8.0000000e-04
      vertex -2.3343689e-03 -5.6356651e-03 8.0000000e-04
    endloop
  endfacet
  facet normal 4.5828618e-02 1.2176372e-01 9.9150055e-01
    outer loop
      vertex 0.0000000e+00 0.0000000e+00 0.0000000e+00
      vertex -2.3343689e-03 -5.6356651e-03 8.0000000e-04
      vertex -1.9607807e-03 -5.7762738e-03 8.0000000e-04
    endloop
  endfacet
  facet normal 3.7766767e-02 1.2450035e-01 9.9150055e-01
    outer loop
      vertex 0.0000000e+00 0.0000000e+00 0.0000000e+00
      vertex -1.9607807e-03 -5.7762738e-03 8.0000000e-04
      vertex -1.5787962e-03 -5.8921475e-03 8.0000000e-04
    endloop
  endfacet
  facet normal 2.9543193e-02 1.2670385e-01 9.9150055e-01
    outer loop
      vertex 0.0000000e+00 0.0000000e+00 0.0000000e+00
      vertex -1.5787962e-03 -5.8921475e-03 8.0000000e-04
      vertex -1.1900510e-03 -5.9827902e-03 8.0000000e-04
    endloop
  endfacet
  facet normal 2.1193111e-02 1.2836478e-01 9.9150055e-01
    outer loop
      vertex 0.0000000e+00 0.0000000e+00 0.0000000e+00
      vertex -1.1900510e-03 -5.9827902e-03 8.0000000e-04
      vertex -7.9620977e-04 -6.0478137e-03 8.0000000e-04
    endloop
  endfacet
  facet normal 1.2752277e-02 1.2947604e-01 9.9150055e-01
    outer loop
      vertex 0.0000000e+00 0.0000000e+00 0.0000000e+00
      vertex -7.9620977e-04 -6.0478137e-03 8.0000000e-04
      vertex -3.9895909e-04 -6.0869394e-03 8.0000000e-04
    endloop
  endfacet
  facet normal 4.2568350e-03 1.3003286e-01 9.9150055e-01
    outer loop
      vertex 0.0000000e+00 0.0000000e+00 0.0000000e+00
      vertex -3.9895909e-04 -6.0869394e-03 8.0000000e-04
      vertex -1.1205518e-18 -6.1000000e-03 8.0000000e-04
    endloop
  endfacet
  facet normal -4.2568350e-03 1.3003286e-01 9.9150055e-01
    outer loop
      vertex 0.0000000e+00 0.0000000e+00 0.0000000e+00
      vertex -1.1205518e-18 -6.1000000e-03 8.0000000e-04
      vertex 3.9895909e-04 -6.0869394e-03 8.0000000e-04
    endloop
  endfacet
  facet normal -1.2752277e-02 1.2947604e-01 9.9150055e-01
    outer loop
      vertex 0.0000000e+00 0.0000000e+00 0.0000000e+00
      vertex 3.9895909e-04 -6.0869394e-03 8.0000000e-04
      vertex 7.9620977e-04 -6.0478137e-03 8.0000000e-04
    endloop
  endfacet
  facet normal -2.1193111e-02 1.2836478e-01 9.9150055e-01
    outer loop
      vertex 0.0000000e+00 0.0000000e+00 0.0000000e+00
      vertex 7.9620977e-04 -6.0478137e-03 8.0000000e-04
      vertex 1.1900510e-03 -5.9827902e-03 8.0000000e-04
    endloop
  endfacet
  facet normal -2.9543193e-02 1.2670385e-01 9.9150055e-01
    outer loop
      vertex 0.0000000e+00 0.0000000e+00 0.0000000e+00
      vertex 1.1900510e-03 -5.9827902e-03 8.0000000e-04
      vertex 1.5787962e-03 -5.8921475e-03 8.0000000e-04
    endloop
  endfacet
  facet normal -3.7766767e-02 1.2450035e-01 9.9150055e-01
    outer loop
      vertex 0.0000000e+00 0.0000000e+00 0.0000000e+00
      vertex 1.5787962e-03 -5.8921475e-03 8.0000000e-04
      vertex 1.9607807e-03 -5.7762738e-03 8.0000000e-04
    endloop
  endfacet
  facet normal -4.5828618e-02 1.2176372e-01 9.9150055e-01
    outer loop
      vertex 0.0000000e+00 0.0000000e+00 0.0000000e+00
      vertex 1.9607807e-03 -5.7762738e-03 8.0000000e-04
      vertex 2.3343689e-03 -5.6356651e-03 8.0000000e-04
    endloop
  endfacet
  facet normal -5.3694223e-02 1.1850568e-01 9.9150055e-01
    outer loop
      vertex 0.0000000e+00 0.0000000e+00 0.0000000e+00
      vertex 2.3343689e-03 -5.6356651e-03 8.0000000e-04
      vertex 2.6979610e-03 -5.4709237e-03 8.0000000e-04
    endloop
  endfacet
  facet normal -6.1329902e-02 1.1474018e-01 9.9150055e-01
    outer loop
      vertex 0.0000000e+00 0.0000000e+00 0.0000000e+00
      vertex 2.6979610e-03 -5.4709237e-03 8.0000000e-04
      vertex 3.0500000e-03 -5.2827550e-03 8.0000000e-04
    endloop
  endfacet
  facet normal -6.8702957e-02 1.1048334e-01 9.9150055e-01
    outer loop
      vertex 0.0000000e+00 0.0000000e+00 0.0000000e+00
      vertex 3.0500000e-03 -5.2827550e-03 8.0000000e-04
      vertex 3.3889784e-03 -5.0719646e-03 8.0000000e-04
    endloop
  endfacet
  facet normal -7.5781815e-02 1.0575340e-01 9.9150055e-01
    outer loop
      vertex 0.0000000e+00 0.0000000e+00 0.0000000e+00
      vertex 3.3889784e-03 -5.0719646e-03 8.0000000e-04
      vertex 3.7134447e-03 -4.8394554e-03 8.0000000e-04
    endloop
  endfacet
  facet normal -8.2536163e-02 1.0057061e-01 9.9150055e-01
    outer loop
      vertex 0.0000000e+00 0.0000000e+00 0.0000000e+00
      vertex 3.7134447e-03 -4.8394554e-03 8.0000000e-04
      vertex 4.0220095e-03 -4.5862228e-03 8.0000000e-04
    endloop
  endfacet
  facet normal -8.8937079e-02 9.4957153e-02 9.9150055e-01
    outer loop
      vertex 0.0000000e+00 0.0000000e+00 0.0000000e+00
      vertex 4.0220095e-03 -4.5862228e-03 8.0000000e-04
      vertex 4.3133514e-03 -4.3133514e-03 8.0000000e-04
    endloop
  endfacet
  facet normal -9.4957153e-02 8.8937079e-02 9.9150055e-01
    outer loop
      vertex 0.0000000e+00 0.0000000e+00 0.0000000e+00
      vertex 4.3133514e-03 -4.3133514e-03 8.0000000e-04
      vertex 4.5862228e-03 -4.0220095e-03 8.0000000e-04
    endloop
  endfacet
  facet normal -1.0057061e-01 8.2536163e-02 9.9150055e-01
    outer loop
      vertex 0.0000000e+00 0.0000000e+00 0.0000000e+00
      vertex 4.5862228e-03 -4.0220095e-03 8.0000000e-04
      vertex 4.8394554e-03 -3.7134447e-03 8.0000000e-04
    endloop
  endfacet
  facet normal -1.0575340e-01 7.5781815e-02 9.9150055e-01
    outer loop
      vertex 0.0000000e+00 0.0000000e+00 0.0000000e+00
      vertex 4.8394554e-03 -3.7134447e-03 8.0000000e-04
      vertex 5.0719646e-03 -3.3889784e-03 8.0000000e-04
    endloop
  endfacet
  facet normal -1.1048334e-01 6.8702957e-02 9.9150055e-01
    outer loop
      vertex 0.0000000e+00 0.0000000e+00 0.0000000e+00
      vertex 5.0719646e-03 -3.3889784e-03 8.0000000e-04
      vertex 5.2827550e-03 -3.0500000e-03 8.0000000e-04
    endloop
  endfacet
  facet normal -1.1474018e-01 6.1329902e-02 9.9150055e-01
    outer loop
      vertex 0.0000000e+00 0.0000000e+00 0.0000000e+00
      vertex 5.2827550e-03 -3.0500000e-03 8.0000000e-04
      vertex 5.4709237e-03 -2.6979610e-03 8.0000000e-04
    endloop
  endfacet
  facet normal -1.1850568e-01 5.3694223e-02 9.9150055e-01
    outer loop
      vertex 0.0000000e+00 0.0000000e+00 0.0000000e+00
      vertex 5.4709237e-03 -2.6979610e-03 8.0000000e-04
      vertex 5.6356651e-03 -2.3343689e-03 8.0000000e-04
    endloop
  endfacet
  facet normal -1.2176372e-01 4.5828618e-02 9.9150055e-01
    outer loop
      vertex 0.0000000e+00 0.0000000e+00 0.0000000e+00
      vertex 5.6356651e-03 -2.3343689e-03 8.0000000e-04
      vertex 5.7762738e-03 -1.9607807e-03 8.0000000e-04
    endloop
  endfacet
  facet normal -1.2450035e-01 3.7766767e-02 9.9150055e-01
    outer loop
      vertex 0.0000000e+00 0.0000000e+00 0.0000000e+00
      vertex 5.7762738e-03 -1.9607807e-03 8.0000000e-04
      vertex 5.8921475e-03 -1.5787962e-03 8.0000000e-04
    endloop
  endfacet
  facet normal -1.2670385e-01 2.9543193e-02 9.9150055e-01
    outer loop
      vertex 0.0000000e+00 0.0000000e+00 0.0000000e+00
      vertex 5.8921475e-03 -1.5787962e-03 8.0000000e-04
      vertex 5.9827902e-03 -1.1900510e-03 8.0000000e-04
    endloop
  endfacet
  facet normal -1.2836478e-01 2.1193111e-02 9.9150055e-01
    outer loop
      vertex 0.0000000e+00 0.0000000e+00 0.0000000e+00
      vertex 5.9827902e-03 -1.1900510e-03 8.0000000e-04
      vertex 6.0478137e-03 -7.9620977e-04 8.0000000e-04
    endloop
  endfacet
  facet normal -1.2947604e-01 1.2752277e-02 9.9150055e-01
    outer loop
      vertex 0.0000000e+00 0.0000000e+00 0.0000000e+00
      vertex 6.0478137e-03 -7.9620977e-04 8.0000000e-04
      vertex 6.0869394e-03 -3.9895909e-04 8.0000000e-04
    endloop
  endfacet
  facet normal -1.3003286e-01 4.2568350e-03 9.9150055e-01
    outer loop
      vertex 0.0000000e+00 0.0000000e+00 0.0000000e+00
      vertex 6.0869394e-03 -3.9895909e-04 8.0000000e-04
      vertex 6.1000000e-03 -1.4940691e-18 8.0000000e-04
    endloop
  endfacet
  facet normal -8.4767174e-01 -2.7749899e-02 5.2979484e-01
    outer loop
      vertex 6.1000000e-03 0.0000000e+00 8.0000000e-04
      vertex 6.6000000e-03 0.0000000e+00 1.6000000e-03
      vertex 6.5858689e-03 4.3166065e-04 1.6000000e-03
    endloop
  endfacet
  facet normal -8.4767174e-01 -2.7749899e-02 5.2979484e-01
    outer loop
      vertex 6.1000000e-03 0.0000000e+00 8.0000000e-04
      vertex 6.5858689e-03 4.3166065e-04 1.6000000e-03
      vertex 6.0869394e-03 3.9895909e-04 8.0000000e-04
    endloop
  endfacet
  facet normal -8.4404188e-01 -8.3130869e-02 5.2979484e-01
    outer loop
      vertex 6.0869394e-03 3.9895909e-04 8.0000000e-04
      vertex 6.5858689e-03 4.3166065e-04 1.6000000e-03
      vertex 6.5435361e-03 8.6147287e-04 1.6000000e-03
    endloop
  endfacet
  facet normal -8.4404188e-01 -8.3130869e-02 5.2979484e-01
    outer loop
      vertex 6.0869394e-03 3.9895909e-04 8.0000000e-04
      vertex 6.5435361e-03 8.6147287e-04 1.6000000e-03
      vertex 6.0478137e-03 7.9620977e-04 8.0000000e-04
    endloop
  endfacet
  facet normal -8.3679770e-01 -1.3815586e-01 5.2979484e-01
    outer loop
      vertex 6.0478137e-03 7.9620977e-04 8.0000000e-04
      vertex 6.5435361e-03 8.6147287e-04 1.6000000e-03
      vertex 6.4731829e-03 1.2875961e-03 1.6000000e-03
    endloop
  endfacet
  facet normal -8.3679770e-01 -1.3815586e-01 5.2979484e-01
    outer loop
      vertex 6.0478137e-03 7.9620977e-04 8.0000000e-04
      vertex 6.4731829e-03 1.2875961e-03 1.6000000e-03
      vertex 5.9827902e-03 1.1900510e-03 8.0000000e-04
    endloop
  endfacet
  facet normal -8.2597023e-01 -1.9258925e-01 5.2979484e-01
    outer loop
      vertex 5.9827902e-03 1.1900510e-03 8.0000000e-04
      vertex 6.4731829e-03 1.2875961e-03 1.6000000e-03
      vertex 6.3751105e-03 1.7082057e-03 1.6000000e-03
    endloop
  endfacet
  facet normal -8.2597023e-01 -1.9258925e-01 5.2979484e-01
    outer loop
      vertex 5.9827902e-03 1.1900510e-03 8.0000000e-04
      vertex 6.3751105e-03 1.7082057e-03 1.6000000e-03
      vertex 5.8921475e-03 1.5787962e-03 8.0000000e-04
    endloop
  endfacet
  facet normal -8.1160582e-01 -2.4619793e-01 5.2979484e-01
    outer loop
      vertex 5.8921475e-03 1.5787962e-03 8.0000000e-04
      vertex 6.3751105e-03 1.7082057e-03 1.6000000e-03
      vertex 6.2497389e-03 2.1215005e-03 1.6000000e-03
    endloop
  endfacet
  facet normal -8.1160582e-01 -2.4619793e-01 5.2979484e-01
    outer loop
      vertex 5.8921475e-03 1.5787962e-03 8.0000000e-04
      vertex 6.2497389e-03 2.1215005e-03 1.6000000e-03
      vertex 5.7762738e-03 1.9607807e-03 8.0000000e-04
    endloop
  endfacet
  facet normal -7.9376600e-01 -2.9875237e-01 5.2979484e-01
    outer loop
      vertex 5.7762738e-03 1.9607807e-03 8.0000000e-04
      vertex 6.2497389e-03 2.1215005e-03 1.6000000e-03
      vertex 6.0976049e-03 2.5257107e-03 1.6000000e-03
    endloop
  endfacet
  facet normal -7.9376600e-01 -2.9875237e-01 5.2979484e-01
    outer loop
      vertex 5.7762738e-03 1.9607807e-03 8.0000000e-04
      vertex 6.0976049e-03 2.5257107e-03 1.6000000e-03
      vertex 5.6356651e-03 2.3343689e-03 8.0000000e-04
    endloop
  endfacet
  facet normal -7.7252714e-01 -3.5002749e-01 5.2979484e-01
    outer loop
      vertex 5.6356651e-03 2.3343689e-03 8.0000000e-04
      vertex 6.0976049e-03 2.5257107e-03 1.6000000e-03
      vertex 5.9193601e-03 2.9191054e-03 1.6000000e-03
    endloop
  endfacet
  facet normal -7.7252714e-01 -3.5002749e-01 5.2979484e-01
    outer loop
      vertex 5.6356651e-03 2.3343689e-03 8.0000000e-04
      vertex 5.9193601e-03 2.9191054e-03 1.6000000e-03
      vertex 5.4709237e-03 2.6979610e-03 8.0000000e-04
    endloop
  endfacet
  facet normal -7.4798021e-01 -3.9980375e-01 5.2979484e-01
    outer loop
      vertex 5.4709237e-03 2.6979610e-03 8.0000000e-04
      vertex 5.9193601e-03 2.9191054e-03 1.6000000e-03
      vertex 5.7157677e-03 3.3000000e-03 1.6000000e-03
    endloop
  endfacet
  facet normal -7.4798021e-01 -3.9980375e-01 5.2979484e-01
    outer loop
      vertex 5.4709237e-03 2.6979610e-03 8.0000000e-04
      vertex 5.7157677e-03 3.3000000e-03 1.6000000e-03
      vertex 5.2827550e-03 3.0500000e-03 8.0000000e-04
    endloop
  endfacet
  facet normal -7.2023031e-01 -4.4786799e-01 5.2979484e-01
    outer loop
      vertex 5.2827550e-03 3.0500000e-03 8.0000000e-04
      vertex 5.7157677e-03 3.3000000e-03 1.6000000e-03
      vertex 5.4876994e-03 3.6667635e-03 1.6000000e-03
    endloop
  endfacet
  facet normal -7.2023031e-01 -4.4786799e-01 5.2979484e-01
    outer loop
      vertex 5.2827550e-03 3.0500000e-03 8.0000000e-04
      vertex 5.4876994e-03 3.6667635e-03 1.6000000e-03
      vertex 5.0719646e-03 3.3889784e-03 8.0000000e-04
    endloop
  endfacet
  facet normal -6.8939627e-01 -4.9401438e-01 5.2979484e-01
    outer loop
      vertex 5.0719646e-03 3.3889784e-03 8.0000000e-04
      vertex 5.4876994e-03 3.6667635e-03 1.6000000e-03
      vertex 5.2361320e-03 4.0178254e-03 1.6000000e-03
    endloop
  endfacet
  facet normal -6.8939627e-01 -4.9401438e-01 5.2979484e-01
    outer loop
      vertex 5.0719646e-03 3.3889784e-03 8.0000000e-04
      vertex 5.2361320e-03 4.0178254e-03 1.6000000e-03
      vertex 4.8394554e-03 3.7134447e-03 8.0000000e-04
    endloop
  endfacet
  facet normal -6.5561014e-01 -5.3804533e-01 5.2979484e-01
    outer loop
      vertex 4.8394554e-03 3.7134447e-03 8.0000000e-04
      vertex 5.2361320e-03 4.0178254e-03 1.6000000e-03
      vertex 4.9621427e-03 4.3516824e-03 1.6000000e-03
    endloop
  endfacet
  facet normal -6.5561014e-01 -5.3804533e-01 5.2979484e-01
    outer loop
      vertex 4.8394554e-03 3.7134447e-03 8.0000000e-04
      vertex 4.9621427e-03 4.3516824e-03 1.6000000e-03
      vertex 4.5862228e-03 4.0220095e-03 8.0000000e-04
    endloop
  endfacet
  facet normal -6.1901658e-01 -5.7977229e-01 5.2979484e-01
    outer loop
      vertex 4.5862228e-03 4.0220095e-03 8.0000000e-04
      vertex 4.9621427e-03 4.3516824e-03 1.6000000e-03
      vertex 4.6669048e-03 4.6669048e-03 1.6000000e-03
    endloop
  endfacet
  facet normal -6.1901658e-01 -5.7977229e-01 5.2979484e-01
    outer loop
      vertex 4.5862228e-03 4.0220095e-03 8.0000000e-04
      vertex 4.6669048e-03 4.6669048e-03 1.6000000e-03
      vertex 4.3133514e-03 4.3133514e-03 8.0000000e-04
    endloop
  endfacet
  facet normal -5.7977229e-01 -6.1901658e-01 5.2979484e-01
    outer loop
      vertex 4.3133514e-03 4.3133514e-03 8.0000000e-04
      vertex 4.6669048e-03 4.6669048e-03 1.6000000e-03
      vertex 4.3516824e-03 4.9621427e-03 1.6000000e-03
    endloop
  endfacet
  facet normal -5.7977229e-01 -6.1901658e-01 5.2979484e-01
    outer loop
      vertex 4.3133514e-03 4.3133514e-03 8.0000000e-04
      vertex 4.3516824e-03 4.9621427e-03 1.6000000e-03
      vertex 4.0220095e-03 4.5862228e-03 8.0000000e-04
    endloop
  endfacet
  facet normal -5.3804533e-01 -6.5561014e-01 5.2979484e-01
    outer loop
      vertex 4.0220095e-03 4.5862228e-03 8.0000000e-04
      vertex 4.3516824e-03 4.9621427e-03 1.6000000e-03
      vertex 4.0178254e-03 5.2361320e-03 1.6000000e-03
    endloop
  endfacet
  facet normal -5.3804533e-01 -6.5561014e-01 5.2979484e-01
    outer loop
      vertex 4.0220095e-03 4.5862228e-03 8.0000000e-04
      vertex 4.0178254e-03 5.2361320e-03 1.6000000e-03
      vertex 3.7134447e-03 4.8394554e-03 8.0000000e-04
    endloop
  endfacet
  facet normal -4.9401438e-01 -6.8939627e-01 5.2979484e-01
    outer loop
      vertex 3.7134447e-03 4.8394554e-03 8.0000000e-04
      vertex 4.0178254e-03 5.2361320e-03 1.6000000e-03
      vertex 3.6667635e-03 5.4876994e-03 1.6000000e-03
    endloop
  endfacet
  facet normal -4.9401438e-01 -6.8939627e-01 5.2979484e-01
    outer loop
      vertex 3.7134447e-03 4.8394554e-03 8.0000000e-04
      vertex 3.6667635e-03 5.4876994e-03 1.6000000e-03
      vertex 3.3889784e-03 5.0719646e-03 8.0000000e-04
    endloop
  endfacet
  facet normal -4.4786799e-01 -7.2023031e-01 5.2979484e-01
    outer loop
      vertex 3.3889784e-03 5.0719646e-03 8.0000000e-04
      vertex 3.6667635e-03 5.4876994e-03 1.6000000e-03
      vertex 3.3000000e-03 5.7157677e-03 1.6000000e-03
    endloop
  endfacet
  facet normal -4.4786799e-01 -7.2023031e-01 5.2979484e-01
    outer loop
      vertex 3.3889784e-03 5.0719646e-03 8.0000000e-04
      vertex 3.3000000e-03 5.7157677e-03 1.6000000e-03
      vertex 3.0500000e-03 5.2827550e-03 8.0000000e-04
    endloop
  endfacet
  facet normal -3.9980375e-01 -7.4798021e-01 5.2979484e-01
    outer loop
      vertex 3.0500000e-03 5.2827550e-03 8.0000000e-04
      vertex 3.3000000e-03 5.7157677e-03 1.6000000e-03
      vertex 2.9191054e-03 5.9193601e-03 1.6000000e-03
    endloop
  endfacet
  facet normal -3.9980375e-01 -7.4798021e-01 5.2979484e-01
    outer loop
      vertex 3.0500000e-03 5.2827550e-03 8.0000000e-04
      vertex 2.9191054e-03 5.9193601e-03 1.6000000e-03
      vertex 2.6979610e-03 5.4709237e-03 8.0000000e-04
    endloop
  endfacet
  facet normal -3.5002749e-01 -7.7252714e-01 5.2979484e-01
    outer loop
      vertex 2.6979610e-03 5.4709237e-03 8.0000000e-04
      vertex 2.9191054e-03 5.9193601e-03 1.6000000e-03
      vertex 2.5257107e-03 6.0976049e-03 1.6000000e-03
    endloop
  endfacet
  facet normal -3.5002749e-01 -7.7252714e-01 5.2979484e-01
    outer loop
      vertex 2.6979610e-03 5.4709237e-03 8.0000000e-04
      vertex 2.5257107e-03 6.0976049e-03 1.6000000e-03
      vertex 2.3343689e-03 5.6356651e-03 8.0000000e-04
    endloop
  endfacet
  facet normal -2.9875237e-01 -7.9376600e-01 5.2979484e-01
    outer loop
      vertex 2.3343689e-03 5.6356651e-03 8.0000000e-04
      vertex 2.5257107e-03 6.0976049e-03 1.6000000e-03
      vertex 2.1215005e-03 6.2497389e-03 1.6000000e-03
    endloop
  endfacet
  facet normal -2.9875237e-01 -7.9376600e-01 5.2979484e-01
    outer loop
      vertex 2.3343689e-03 5.6356651e-03 8.0000000e-04
      vertex 2.1215005e-03 6.2497389e-03 1.6000000e-03
      vertex 1.9607807e-03 5.7762738e-03 8.0000000e-04
    endloop
  endfacet
  facet normal -2.4619793e-01 -8.1160582e-01 5.2979484e-01
    outer loop
      vertex 1.9607807e-03 5.7762738e-03 8.0000000e-04
      vertex 2.1215005e-03 6.2497389e-03 1.6000000e-03
      vertex 1.7082057e-03 6.3751105e-03 1.6000000e-03
    endloop
  endfacet
  facet normal -2.4619793e-01 -8.1160582e-01 5.2979484e-01
    outer loop
      vertex 1.9607807e-03 5.7762738e-03 8.0000000e-04
      vertex 1.7082057e-03 6.3751105e-03 1.6000000e-03
      vertex 1.5787962e-03 5.8921475e-03 8.0000000e-04
    endloop
  endfacet
  facet normal -1.9258925e-01 -8.2597023e-01 5.2979484e-01
    outer loop
      vertex 1.5787962e-03 5.8921475e-03 8.0000000e-04
      vertex 1.7082057e-03 6.3751105e-03 1.6000000e-03
      vertex 1.2875961e-03 6.4731829e-03 1.6000000e-03
    endloop
  endfacet
  facet normal -1.9258925e-01 -8.2597023e-01 5.2979484e-01
    outer loop
      vertex 1.5787962e-03 5.8921475e-03 8.0000000e-04
      vertex 1.2875961e-03 6.4731829e-03 1.6000000e-03
      vertex 1.1900510e-03 5.9827902e-03 8.0000000e-04
    endloop
  endfacet
  facet normal -1.3815586e-01 -8.3679770e-01 5.2979484e-01
    outer loop
      vertex 1.1900510e-03 5.9827902e-03 8.0000000e-04
      vertex 1.2875961e-03 6.4731829e-03 1.6000000e-03
      vertex 8.6147287e-04 6.5435361e-03 1.6000000e-03
    endloop
  endfacet
  facet normal -1.3815586e-01 -8.3679770e-01 5.2979484e-01
    outer loop
      vertex 1.1900510e-03 5.9827902e-03 8.0000000e-04
      vertex 8.6147287e-04 6.5435361e-03 1.6000000e-03
      vertex 7.9620977e-04 6.0478137e-03 8.0000000e-04
    endloop
  endfacet
  facet normal -8.3130869e-02 -8.4404188e-01 5.2979484e-01
    outer loop
      vertex 7.9620977e-04 6.0478137e-03 8.0000000e-04
      vertex 8.6147287e-04 6.5435361e-03 1.6000000e-03
      vertex 4.3166065e-04 6.5858689e-03 1.6000000e-03
    endloop
  endfacet
  facet normal -8.3130869e-02 -8.4404188e-01 5.2979484e-01
    outer loop
      vertex 7.9620977e-04 6.0478137e-03 8.0000000e-04
      vertex 4.3166065e-04 6.5858689e-03 1.6000000e-03
      vertex 3.9895909e-04 6.0869394e-03 8.0000000e-04
    endloop
  endfacet
  facet normal -2.7749899e-02 -8.4767174e-01 5.2979484e-01
    outer loop
      vertex 3.9895909e-04 6.0869394e-03 8.0000000e-04
      vertex 4.3166065e-04 6.5858689e-03 1.6000000e-03
      vertex 4.0413344e-19 6.6000000e-03 1.6000000e-03
    endloop
  endfacet
  facet normal -2.7749899e-02 -8.4767174e-01 5.2979484e-01
    outer loop
      vertex 3.9895909e-04 6.0869394e-03 8.0000000e-04
      vertex 4.0413344e-19 6.6000000e-03 1.6000000e-03
      vertex 3.7351727e-19 6.1000000e-03 8.0000000e-04
    endloop
  endfacet
  facet normal 2.7749899e-02 -8.4767174e-01 5.2979484e-01
    outer loop
      vertex 3.7351727e-19 6.1000000e-03 8.0000000e-04
      vertex 4.0413344e-19 6.6000000e-03 1.6000000e-03
      vertex -4.3166065e-04 6.5858689e-03 1.6000000e-03
    endloop
  endfacet
  facet normal 2.7749899e-02 -8.4767174e-01 5.2979484e-01
    outer loop
      vertex 3.7351727e-19 6.1000000e-03 8.0000000e-04
      vertex -4.3166065e-04 6.5858689e-03 1.6000000e-03
      vertex -3.9895909e-04 6.0869394e-03 8.0000000e-04
    endloop
  endfacet
  facet normal 8.3130869e-02 -8.4404188e-01 5.2979484e-01
    outer loop
      vertex -3.9895909e-04 6.0869394e-03 8.0000000e-04
      vertex -4.3166065e-04 6.5858689e-03 1.6000000e-03
      vertex -8.6147287e-04 6.5435361e-03 1.6000000e-03
    endloop
  endfacet
  facet normal 8.3130869e-02 -8.4404188e-01 5.2979484e-01
    outer loop
      vertex -3.9895909e-04 6.0869394e-03 8.0000000e-04
      vertex -8.6147287e-04 6.5435361e-03 1.6000000e-03
      vertex -7.9620977e-04 6.0478137e-03 8.0000000e-04
    endloop
  endfacet
  facet normal 1.3815586e-01 -8.3679770e-01 5.2979484e-01
    outer loop
      vertex -7.9620977e-04 6.0478137e-03 8.0000000e-04
      vertex -8.6147287e-04 6.5435361e-03 1.6000000e-03
      vertex -1.2875961e-03 6.4731829e-03 1.6000000e-03
    endloop
  endfacet
  facet normal 1.3815586e-01 -8.3679770e-01 5.2979484e-01
    outer loop
      vertex -7.9620977e-04 6.0478137e-03 8.0000000e-04
      vertex -1.2875961e-03 6.4731829e-03 1.6000000e-03
      vertex -1.1900510e-03 5.9827902e-03 8.0000000e-04
    endloop
  endfacet
  facet normal 1.9258925e-01 -8.2597023e-01 5.2979484e-01
    outer loop
      vertex -1.1900510e-03 5.9827902e-03 8.0000000e-04
      vertex -1.2875961e-03 6.4731829e-03 1.6000000e-03
      vertex -1.7082057e-03 6.3751105e-03 1.6000000e-03
    endloop
  endfacet
  facet normal 1.9258925e-01 -8.2597023e-01 5.2979484e-01
    outer loop
      vertex -1.1900510e-03 5.9827902e-03 8.0000000e-04
      vertex -1.7082057e-03 6.3751105e-03 1.6000000e-03
      vertex -1.5787962e-03 5.8921475e-03 8.0000000e-04
    endloop
  endfacet
  facet normal 2.4619793e-01 -8.1160582e-01 5.2979484e-01
    outer loop
      vertex -1.5787962e-03 5.8921475e-03 8.0000000e-04
      vertex -1.7082057e-03 6.3751105e-03 1.6000000e-03
      vertex -2.1215005e-03 6.2497389e-03 1.6000000e-03
    endloop
  endfacet
  facet normal 2.4619793e-01 -8.1160582e-01 5.2979484e-01
    outer loop
      vertex -1.5787962e-03 5.8921475e-03 8.0000000e-04
      vertex -2.1215005e-03 6.2497389e-03 1.6000000e-03
      vertex -1.9607807e-03 5.7762738e-03 8.0000000e-04
    endloop
  endfacet
  facet normal 2.9875237e-01 -7.9376600e-01 5.2979484e-01
    outer loop
      vertex -1.9607807e-03 5.7762738e-03 8.0000000e-04
      vertex -2.1215005e-03 6.2497389e-03 1.6000000e-03
      vertex -2.5257107e-03 6.0976049e-03 1.6000000e-03
    endloop
  endfacet
  facet normal 2.9875237e-01 -7.9376600e-01 5.2979484e-01
    outer loop
      vertex -1.9607807e-03 5.7762738e-03 8.0000000e-04
      vertex -2.5257107e-03 6.0976049e-03 1.6000000e-03
      vertex -2.3343689e-03 5.6356651e-03 8.0000000e-04
    endloop
  endfacet
  facet normal 3.5002749e-01 -7.7252714e-01 5.2979484e-01
    outer loop
      vertex -2.3343689e-03 5.6356651e-03 8.0000000e-04
      vertex -2.5257107e-03 6.0976049e-03 1.6000000e-03
      vertex -2.9191054e-03 5.9193601e-03 1.6000000e-03
    endloop
  endfacet
  facet normal 3.5002749e-01 -7.7252714e-01 5.2979484e-01
    outer loop
      vertex -2.3343689e-03 5.6356651e-03 8.0000000e-04
      vertex -2.9191054e-03 5.9193601e-03 1.6000000e-03
      vertex -2.6979610e-03 5.4709237e-03 8.0000000e-04
    endloop
  endfacet
  facet normal 3.9980375e-01 -7.4798021e-01 5.2979484e-01
    outer loop
      vertex -2.6979610e-03 5.4709237e-03 8.0000000e-04
      vertex -2.9191054e-03 5.9193601e-03 1.6000000e-03
      vertex -3.3000000e-03 5.7157677e-03 1.6000000e-03
    endloop
  endfacet
  facet normal 3.9980375e-01 -7.4798021e-01 5.2979484e-01
    outer loop
      vertex -2.6979610e-03 5.4709237e-03 8.0000000e-04
      vertex -3.3000000e-03 5.7157677e-03 1.6000000e-03
      vertex -3.0500000e-03 5.2827550e-03 8.0000000e-04
    endloop
  endfacet
  facet normal 4.4786799e-01 -7.2023031e-01 5.2979484e-01
    outer loop
      vertex -3.0500000e-03 5.2827550e-03 8.0000000e-04
      vertex -3.3000000e-03 5.7157677e-03 1.6000000e-03
      vertex -3.6667635e-03 5.4876994e-03 1.6000000e-03
    endloop
  endfacet
  facet normal 4.4786799e-01 -7.2023031e-01 5.2979484e-01
    outer loop
      vertex -3.0500000e-03 5.2827550e-03 8.0000000e-04
      vertex -3.6667635e-03 5.4876994e-03 1.6000000e-03
      vertex -3.3889784e-03 5.0719646e-03 8.0000000e-04
    endloop
  endfacet
  facet normal 4.9401438e-01 -6.8939627e-01 5.2979484e-01
    outer loop
      vertex -3.3889784e-03 5.0719646e-03 8.0000000e-04
      vertex -3.6667635e-03 5.4876994e-03 1.6000000e-03
      vertex -4.0178254e-03 5.2361320e-03 1.6000000e-03
    endloop
  endfacet
  facet normal 4.9401438e-01 -6.8939627e-01 5.2979484e-01
    outer loop
      vertex -3.3889784e-03 5.0719646e-03 8.0000000e-04
      vertex -4.0178254e-03 5.2361320e-03 1.6000000e-03
      vertex -3.7134447e-03 4.8394554e-03 8.0000000e-04
    endloop
  endfacet
  facet normal 5.3804533e-01 -6.5561014e-01 5.2979484e-01
    outer loop
      vertex -3.7134447e-03 4.8394554e-03 8.0000000e-04
      vertex -4.0178254e-03 5.2361320e-03 1.6000000e-03
      vertex -4.3516824e-03 4.9621427e-03 1.6000000e-03
    endloop
  endfacet
  facet normal 5.3804533e-01 -6.5561014e-01 5.2979484e-01
    outer loop
      vertex -3.7134447e-03 4.8394554e-03 8.0000000e-04
      vertex -4.3516824e-03 4.9621427e-03 1.6000000e-03
      vertex -4.0220095e-03 4.5862228e-03 8.0000000e-04
    endloop
  endfacet
  facet normal 5.7977229e-01 -6.1901658e-01 5.2979484e-01
    outer loop
      vertex -4.0220095e-03 4.5862228e-03 8.0000000e-04
      vertex -4.3516824e-03 4.9621427e-03 1.6000000e-03
      vertex -4.6669048e-03 4.6669048e-03 1.6000000e-03
    endloop
  endfacet
  facet normal 5.7977229e-01 -6.1901658e-01 5.2979484e-01
    outer loop
      vertex -4.0220095e-03 4.5862228e-03 8.0000000e-04
      vertex -4.6669048e-03 4.6669048e-03 1.6000000e-03
      vertex -4.3133514e-03 4.3133514e-03 8.0000000e-04
    endloop
  endfacet
  facet normal 6.1901658e-01 -5.7977229e-01 5.2979484e-01
    outer loop
      vertex -4.3133514e-03 4.3133514e-03 8.0000000e-04
      vertex -4.6669048e-03 4.6669048e-03 1.6000000e-03
      vertex -4.9621427e-03 4.3516824e-03 1.6000000e-03
    endloop
  endfacet
  facet normal 6.1901658e-01 -5.7977229e-01 5.2979484e-01
    outer loop
      vertex -4.3133514e-03 4.3133514e-03 8.0000000e-04
      vertex -4.9621427e-03 4.3516824e-03 1.6000000e-03
      vertex -4.5862228e-03 4.0220095e-03 8.0000000e-04
    endloop
  endfacet
  facet normal 6.5561014e-01 -5.3804533e-01 5.2979484e-01
    outer loop
      vertex -4.5862228e-03 4.0220095e-03 8.0000000e-04
      vertex -4.9621427e-03 4.3516824e-03 1.6000000e-03
      vertex -5.2361320e-03 4.0178254e-03 1.6000000e-03
    endloop
  endfacet
  facet normal 6.5561014e-01 -5.3804533e-01 5.2979484e-01
    outer loop
      vertex -4.5862228e-03 4.0220095e-03 8.0000000e-04
      vertex -5.2361320e-03 4.0178254e-03 1.6000000e-03
      vertex -4.8394554e-03 3.7134447e-03 8.0000000e-04
    endloop
  endfacet
  facet normal 6.8939627e-01 -4.9401438e-01 5.2979484e-01
    outer loop
      vertex -4.8394554e-03 3.7134447e-03 8.0000000e-04
      vertex -5.2361320e-03 4.0178254e-03 1.6000000e-03
      vertex -5.4876994e-03 3.6667635e-03 1.6000000e-03
    endloop
  endfacet
  facet normal 6.8939627e-01 -4.9401438e-01 5.2979484e-01
    outer loop
      vertex -4.8394554e-03 3.7134447e-03 8.0000000e-04
      vertex -5.4876994e-03 3.6667635e-03 1.6000000e-03
      vertex -5.0719646e-03 3.3889784e-03 8.0000000e-04
    endloop
  endfacet
  facet normal 7.2023031e-01 -4.4786799e-01 5.2979484e-01
    outer loop
      vertex -5.0719646e-03 3.3889784e-03 8.0000000e-04
      vertex -5.4876994e-03 3.6667635e-03 1.6000000e-03
      vertex -5.7157677e-03 3.3000000e-03 1.6000000e-03
    endloop
  endfacet
  facet normal 7.2023031e-01 -4.4786799e-01 5.2979484e-01
    outer loop
      vertex -5.0719646e-03 3.3889784e-03 8.0000000e-04
      vertex -5.7157677e-03 3.3000000e-03 1.6000000e-03
      vertex -5.2827550e-03 3.0500000e-03 8.0000000e-04
    endloop
  endfacet
  facet normal 7.4798021e-01 -3.9980375e-01 5.2979484e-01
    outer loop
      vertex -5.2827550e-03 3.0500000e-03 8.0000000e-04
      vertex -5.7157677e-03 3.3000000e-03 1.6000000e-03
      vertex -5.9193601e-03 2.9191054e-03 1.6000000e-03
    endloop
  endfacet
  facet normal 7.4798021e-01 -3.9980375e-01 5.2979484e-01
    outer loop
      vertex -5.2827550e-03 3.0500000e-03 8.0000000e-04
      vertex -5.9193601e-03 2.9191054e-03 1.6000000e-03
      vertex -5.4709237e-03 2.6979610e-03 8.0000000e-04
    endloop
  endfacet
  facet normal 7.7252714e-01 -3.5002749e-01 5.2979484e-01
    outer loop
      vertex -5.4709237e-03 2.6979610e-03 8.0000000e-04
      vertex -5.9193601e-03 2.9191054e-03 1.6000000e-03
      vertex -6.0976049e-03 2.5257107e-03 1.6000000e-03
    endloop
  endfacet
  facet normal 7.7252714e-01 -3.5002749e-01 5.2979484e-01
    outer loop
      vertex -5.4709237e-03 2.6979610e-03 8.0000000e-04
      vertex -6.0976049e-03 2.5257107e-03 1.6000000e-03
      vertex -5.6356651e-03 2.3343689e-03 8.0000000e-04
    endloop
  endfacet
  facet normal 7.9376600e-01 -2.9875237e-01 5.2979484e-01
    outer loop
      vertex -5.6356651e-03 2.3343689e-03 8.0000000e-04
      vertex -6.0976049e-03 2.5257107e-03 1.6000000e-03
      vertex -6.2497389e-03 2.1215005e-03 1.6000000e-03
    endloop
  endfacet
  facet normal 7.9376600e-01 -2.9875237e-01 5.2979484e-01
    outer loop
      vertex -5.6356651e-03 2.3343689e-03 8.0000000e-04
      vertex -6.2497389e-03 2.1215005e-03 1.6000000e-03
      vertex -5.7762738e-03 1.9607807e-03 8.0000000e-04
    endloop
  endfacet
  facet normal 8.1160582e-01 -2.4619793e-01 5.2979484e-01
    outer loop
      vertex -5.7762738e-03 1.9607807e-03 8.0000000e-04
      vertex -6.2497389e-03 2.1215005e-03 1.6000000e-03
      vertex -6.3751105e-03 1.7082057e-03 1.6000000e-03
    endloop
  endfacet
  facet normal 8.1160582e-01 -2.4619793e-01 5.2979484e-01
    outer loop
      vertex -5.7762738e-03 1.9607807e-03 8.0000000e-04
      vertex -6.3751105e-03 1.7082057e-03 1.6000000e-03
      vertex -5.8921475e-03 1.5787962e-03 8.0000000e-04
    endloop
  endfacet
  facet normal 8.2597023e-01 -1.9258925e-01 5.2979484e-01
    outer loop
      vertex -5.8921475e-03 1.5787962e-03 8.0000000e-04
      vertex -6.3751105e-03 1.7082057e-03 1.6000000e-03
      vertex -6.4731829e-03 1.2875961e-03 1.6000000e-03
    endloop
  endfacet
  facet normal 8.2597023e-01 -1.9258925e-01 5.2979484e-01
    outer loop
      vertex -5.8921475e-03 1.5787962e-03 8.0000000e-04
      vertex -6.4731829e-03 1.2875961e-03 1.6000000e-03
      vertex -5.9827902e-03 1.1900510e-03 8.0000000e-04
    endloop
  endfacet
  facet normal 8.3679770e-01 -1.3815586e-01 5.2979484e-01
    outer loop
      vertex -5.9827902e-03 1.1900510e-03 8.0000000e-04
      vertex -6.4731829e-03 1.2875961e-03 1.6000000e-03
      vertex -6.5435361e-03 8.6147287e-04 1.6000000e-03
    endloop
  endfacet
  facet normal 8.3679770e-01 -1.3815586e-01 5.2979484e-01
    outer loop
      vertex -5.9827902e-03 1.1900510e-03 8.0000000e-04
      vertex -6.5435361e-03 8.6147287e-04 1.6000000e-03
      vertex -6.0478137e-03 7.9620977e-04 8.0000000e-04
    endloop
  endfacet
  facet normal 8.4404188e-01 -8.3130869e-02 5.2979484e-01
    outer loop
      vertex -6.0478137e-03 7.9620977e-04 8.0000000e-04
      vertex -6.5435361e-03 8.6147287e-04 1.6000000e-03
      vertex -6.5858689e-03 4.3166065e-04 1.6000000e-03
    endloop
  endfacet
  facet normal 8.4404188e-01 -8.3130869e-02 5.2979484e-01
    outer loop
      vertex -6.0478137e-03 7.9620977e-04 8.0000000e-04
      vertex -6.5858689e-03 4.3166065e-04 1.6000000e-03
      vertex -6.0869394e-03 3.9895909e-04 8.0000000e-04
    endloop
  endfacet
  facet normal 8.4767174e-01 -2.7749899e-02 5.2979484e-01
    outer loop
      vertex -6.0869394e-03 3.9895909e-04 8.0000000e-04
      vertex -6.5858689e-03 4.3166065e-04 1.6000000e-03
      vertex -6.6000000e-03 8.0826689e-19 1.6000000e-03
    endloop
  endfacet
  facet normal 8.4767174e-01 -2.7749899e-02 5.2979484e-01
    outer loop
      vertex -6.0869394e-03 3.9895909e-04 8.0000000e-04
      vertex -6.6000000e-03 8.0826689e-19 1.6000000e-03
      vertex -6.1000000e-03 7.4703455e-19 8.0000000e-04
    endloop
  endfacet
  facet normal 8.4767174e-01 2.7749899e-02 5.2979484e-01
    outer loop
      vertex -6.1000000e-03 7.4703455e-19 8.0000000e-04
      vertex -6.6000000e-03 8.0826689e-19 1.6000000e-03
      vertex -6.5858689e-03 -4.3166065e-04 1.6000000e-03
    endloop
  endfacet
  facet normal 8.4767174e-01 2.7749899e-02 5.2979484e-01
    outer loop
      vertex -6.1000000e-03 7.4703455e-19 8.0000000e-04
      vertex -6.5858689e-03 -4.3166065e-04 1.6000000e-03
      vertex -6.0869394e-03 -3.9895909e-04 8.0000000e-04
    endloop
  endfacet
  facet normal 8.4404188e-01 8.3130869e-02 5.2979484e-01
    outer loop
      vertex -6.0869394e-03 -3.9895909e-04 8.0000000e-04
      vertex -6.5858689e-03 -4.3166065e-04 1.6000000e-03
      vertex -6.5435361e-03 -8.6147287e-04 1.6000000e-03
    endloop
  endfacet
  facet normal 8.4404188e-01 8.3130869e-02 5.2979484e-01
    outer loop
      vertex -6.0869394e-03 -3.9895909e-04 8.0000000e-04
      vertex -6.5435361e-03 -8.6147287e-04 1.6000000e-03
      vertex -6.0478137e-03 -7.9620977e-04 8.0000000e-04
    endloop
  endfacet
  facet normal 8.3679770e-01 1.3815586e-01 5.2979484e-01
    outer loop
      vertex -6.0478137e-03 -7.9620977e-04 8.0000000e-04
      vertex -6.5435361e-03 -8.6147287e-04 1.6000000e-03
      vertex -6.4731829e-03 -1.2875961e-03 1.6000000e-03
    endloop
  endfacet
  facet normal 8.3679770e-01 1.3815586e-01 5.2979484e-01
    outer loop
      vertex -6.0478137e-03 -7.9620977e-04 8.0000000e-04
      vertex -6.4731829e-03 -1.2875961e-03 1.6000000e-03
      vertex -5.9827902e-03 -1.1900510e-03 8.0000000e-04
    endloop
  endfacet
  facet normal 8.2597023e-01 1.9258925e-01 5.2979484e-01
    outer loop
      vertex -5.9827902e-03 -1.1900510e-03 8.0000000e-04
      vertex -6.4731829e-03 -1.2875961e-03 1.6000000e-03
      vertex -6.3751105e-03 -1.7082057e-03 1.6000000e-03
    endloop
  endfacet
  facet normal 8.2597023e-01 1.9258925e-01 5.2979484e-01
    outer loop
      vertex -5.9827902e-03 -1.1900510e-03 8.0000000e-04
      vertex -6.3751105e-03 -1.7082057e-03 1.6000000e-03
      vertex -5.8921475e-03 -1.5787962e-03 8.0000000e-04
    endloop
  endfacet
  facet normal 8.1160582e-01 2.4619793e-01 5.2979484e-01
    outer loop
      vertex -5.8921475e-03 -1.5787962e-03 8.0000000e-04
      vertex -6.3751105e-03 -1.7082057e-03 1.6000000e-03
      vertex -6.2497389e-03 -2.1215005e-03 1.6000000e-03
    endloop
  endfacet
  facet normal 8.1160582e-01 2.4619793e-01 5.2979484e-01
    outer loop
      vertex -5.8921475e-03 -1.5787962e-03 8.0000000e-04
      vertex -6.2497389e-03 -2.1215005e-03 1.6000000e-03
      vertex -5.7762738e-03 -1.9607807e-03 8.0000000e-04
    endloop
  endfacet
  facet normal 7.9376600e-01 2.9875237e-01 5.2979484e-01
    outer loop
      vertex -5.7762738e-03 -1.9607807e-03 8.0000000e-04
      vertex -6.2497389e-03 -2.1215005e-03 1.6000000e-03
      vertex -6.0976049e-03 -2.5257107e-03 1.6000000e-03
    endloop
  endfacet
  facet normal 7.9376600e-01 2.9875237e-01 5.2979484e-01
    outer loop
      vertex -5.7762738e-03 -1.9607807e-03 8.0000000e-04
      vertex -6.0976049e-03 -2.5257107e-03 1.6000000e-03
      vertex -5.6356651e-03 -2.3343689e-03 8.0000000e-04
    endloop
  endfacet
  facet normal 7.7252714e-01 3.5002749e-01 5.2979484e-01
    outer loop
      vertex -5.6356651e-03 -2.3343689e-03 8.0000000e-04
      vertex -6.0976049e-03 -2.5257107e-03 1.6000000e-03
      vertex -5.9193601e-03 -2.9191054e-03 1.6000000e-03
    endloop
  endfacet
  facet normal 7.7252714e-01 3.5002749e-01 5.2979484e-01
    outer loop
      vertex -5.6356651e-03 -2.3343689e-03 8.0000000e-04
      vertex -5.9193601e-03 -2.9191054e-03 1.6000000e-03
      vertex -5.4709237e-03 -2.6979610e-03 8.0000000e-04
    endloop
  endfacet
  facet normal 7.4798021e-01 3.9980375e-01 5.2979484e-01
    outer loop
      vertex -5.4709237e-03 -2.6979610e-03 8.0000000e-04
      vertex -5.9193601e-03 -2.9191054e-03 1.6000000e-03
      vertex -5.7157677e-03 -3.3000000e-03 1.6000000e-03
    endloop
  endfacet
  facet normal 7.4798021e-01 3.9980375e-01 5.2979484e-01
    outer loop
      vertex -5.4709237e-03 -2.6979610e-03 8.0000000e-04
      vertex -5.7157677e-03 -3.3000000e-03 1.6000000e-03
      vertex -5.2827550e-03 -3.0500000e-03 8.0000000e-04
    endloop
  endfacet
  facet normal 7.2023031e-01 4.4786799e-01 5.2979484e-01
    outer loop
      vertex -5.2827550e-03 -3.0500000e-03 8.0000000e-04
      vertex -5.7157677e-03 -3.3000000e-03 1.6000000e-03
      vertex -5.4876994e-03 -3.6667635e-03 1.6000000e-03
    endloop
  endfacet
  facet normal 7.2023031e-01 4.4786799e-01 5.2979484e-01
    outer loop
      vertex -5.2827550e-03 -3.0500000e-03 8.0000000e-04
      vertex -5.4876994e-03 -3.6667635e-03 1.6000000e-03
      vertex -5.0719646e-03 -3.3889784e-03 8.0000000e-04
    endloop
  endfacet
  facet normal 6.8939627e-01 4.9401438e-01 5.2979484e-01
    outer loop
      vertex -5.0719646e-03 -3.3889784e-03 8.0000000e-04
      vertex -5.4876994e-03 -3.6667635e-03 1.6000000e-03
      vertex -5.2361320e-03 -4.0178254e-03 1.6000000e-03
    endloop
  endfacet
  facet normal 6.8939627e-01 4.9401438e-01 5.2979484e-01
    outer loop
      vertex -5.0719646e-03 -3.3889784e-03 8.0000000e-04
      vertex -5.2361320e-03 -4.0178254e-03 1.6000000e-03
      vertex -4.8394554e-03 -3.7134447e-03 8.0000000e-04
    endloop
  endfacet
  facet normal 6.5561014e-01 5.3804533e-01 5.2979484e-01
    outer loop
      vertex -4.8394554e-03 -3.7134447e-03 8.0000000e-04
      vertex -5.2361320e-03 -4.0178254e-03 1.6000000e-03
      vertex -4.9621427e-03 -4.3516824e-03 1.6000000e-03
    endloop
  endfacet
  facet normal 6.5561014e-01 5.3804533e-01 5.2979484e-01
    outer loop
      vertex -4.8394554e-03 -3.7134447e-03 8.0000000e-04
      vertex -4.9621427e-03 -4.3516824e-03 1.6000000e-03
      vertex -4.5862228e-03 -4.0220095e-03 8.0000000e-04
    endloop
  endfacet
  facet normal 6.1901658e-01 5.7977229e-01 5.2979484e-01
    outer loop
      vertex -4.5862228e-03 -4.0220095e-03 8.0000000e-04
      vertex -4.9621427e-03 -4.3516824e-03 1.6000000e-03
      vertex -4.6669048e-03 -4.6669048e-03 1.6000000e-03
    endloop
  endfacet
  facet normal 6.1901658e-01 5.7977229e-01 5.2979484e-01
    outer loop
      vertex -4.5862228e-03 -4.0220095e-03 8.0000000e-04
      vertex -4.6669048e-03 -4.6669048e-03 1.6000000e-03
      vertex -4.3133514e-03 -4.3133514e-03 8.0000000e-04
    endloop
  endfacet
  facet normal 5.7977229e-01 6.1901658e-01 5.2979484e-01
    outer loop
      vertex -4.3133514e-03 -4.3133514e-03 8.0000000e-04
      vertex -4.6669048e-03 -4.6669048e-03 1.6000000e-03
      vertex -4.3516824e-03 -4.9621427e-03 1.6000000e-03
    endloop
  endfacet
  facet normal 5.7977229e-01 6.1901658e-01 5.2979484e-01
    outer loop
      vertex -4.3133514e-03 -4.3133514e-03 8.0000000e-04
      vertex -4.3516824e-03 -4.9621427e-03 1.6000000e-03
      vertex -4.0220095e-03 -4.5862228e-03 8.0000000e-04
    endloop
  endfacet
  facet normal 5.3804533e-01 6.5561014e-01 5.2979484e-01
    outer loop
      vertex -4.0220095e-03 -4.5862228e-03 8.0000000e-04
      vertex -4.3516824e-03 -4.9621427e-03 1.6000000e-03
      vertex -4.0178254e-03 -5.2361320e-03 1.6000000e-03
    endloop
  endfacet
  facet normal 5.3804533e-01 6.5561014e-01 5.2979484e-01
    outer loop
      vertex -4.0220095e-03 -4.5862228e-03 8.0000000e-04
      vertex -4.0178254e-03 -5.2361320e-03 1.6000000e-03
      vertex -3.7134447e-03 -4.8394554e-03 8.0000000e-04
    endloop
  endfacet
  facet normal 4.9401438e-01 6.8939627e-01 5.2979484e-01
    outer loop
      vertex -3.7134447e-03 -4.8394554e-03 8.0000000e-04
      vertex -4.0178254e-03 -5.2361320e-03 1.6000000e-03
      vertex -3.6667635e-03 -5.4876994e-03 1.6000000e-03
    endloop
  endfacet
  facet normal 4.9401438e-01 6.8939627e-01 5.2979484e-01
    outer loop
      vertex -3.7134447e-03 -4.8394554e-03 8.0000000e-04
      vertex -3.6667635e-03 -5.4876994e-03 1.6000000e-03
      vertex -3.3889784e-03 -5.0719646e-03 8.0000000e-04
    endloop
  endfacet
  facet normal 4.4786799e-01 7.2023031e-01 5.2979484e-01
    outer loop
      vertex -3.3889784e-03 -5.0719646e-03 8.0000000e-04
      vertex -3.6667635e-03 -5.4876994e-03 1.6000000e-03
      vertex -3.3000000e-03 -5.7157677e-03 1.6000000e-03
    endloop
  endfacet
  facet normal 4.4786799e-01 7.2023031e-01 5.2979484e-01
    outer loop
      vertex -3.3889784e-03 -5.0719646e-03 8.0000000e-04
      vertex -3.3000000e-03 -5.7157677e-03 1.6000000e-03
      vertex -3.0500000e-03 -5.2827550e-03 8.0000000e-04
    endloop
  endfacet
  facet normal 3.9980375e-01 7.4798021e-01 5.2979484e-01
    outer loop
      vertex -3.0500000e-03 -5.2827550e-03 8.0000000e-04
      vertex -3.3000000e-03 -5.7157677e-03 1.6000000e-03
      vertex -2.9191054e-03 -5.9193601e-03 1.6000000e-03
    endloop
  endfacet
  facet normal 3.9980375e-01 7.4798021e-01 5.2979484e-01
    outer loop
      vertex -3.0500000e-03 -5.2827550e-03 8.0000000e-04
      vertex -2.9191054e-03 -5.9193601e-03 1.6000000e-03
      vertex -2.6979610e-03 -5.4709237e-03 8.0000000e-04
    endloop
  endfacet
  facet normal 3.5002749e-01 7.7252714e-01 5.2979484e-01
    outer loop
      vertex -2.6979610e-03 -5.4709237e-03 8.0000000e-04
      vertex -2.9191054e-03 -5.9193601e-03 1.6000000e-03
      vertex -2.5257107e-03 -6.0976049e-03 1.6000000e-03
    endloop
  endfacet
  facet normal 3.5002749e-01 7.7252714e-01 5.2979484e-01
    outer loop
      vertex -2.6979610e-03 -5.4709237e-03 8.0000000e-04
      vertex -2.5257107e-03 -6.0976049e-03 1.6000000e-03
      vertex -2.3343689e-03 -5.6356651e-03 8.0000000e-04
    endloop
  endfacet
  facet normal 2.9875237e-01 7.9376600e-01 5.2979484e-01
    outer loop
      vertex -2.3343689e-03 -5.6356651e-03 8.0000000e-04
      vertex -2.5257107e-03 -6.0976049e-03 1.6000000e-03
      vertex -2.1215005e-03 -6.2497389e-03 1.6000000e-03
    endloop
  endfacet
  facet normal 2.9875237e-01 7.9376600e-01 5.2979484e-01
    outer loop
      vertex -2.3343689e-03 -5.6356651e-03 8.0000000e-04
      vertex -2.1215005e-03 -6.2497389e-03 1.6000000e-03
      vertex -1.9607807e-03 -5.7762738e-03 8.0000000e-04
    endloop
  endfacet
  facet normal 2.4619793e-01 8.1160582e-01 5.2979484e-01
    outer loop
      vertex -1.9607807e-03 -5.7762738e-03 8.0000000e-04
      vertex -2.1215005e-03 -6.2497389e-03 1.6000000e-03
      vertex -1.7082057e-03 -6.3751105e-03 1.6000000e-03
    endloop
  endfacet
  facet normal 2.4619793e-01 8.1160582e-01 5.2979484e-01
    outer loop
      vertex -1.9607807e-03 -5.7762738e-03 8.0000000e-04
      vertex -1.7082057e-03 -6.3751105e-03 1.6000000e-03
      vertex -1.5787962e-03 -5.8921475e-03 8.0000000e-04
    endloop
  endfacet
  facet normal 1.9258925e-01 8.2597023e-01 5.2979484e-01
    outer loop
      vertex -1.5787962e-03 -5.8921475e-03 8.0000000e-04
      vertex -1.7082057e-03 -6.3751105e-03 1.6000000e-03
      vertex -1.2875961e-03 -6.4731829e-03 1.6000000e-03
    endloop
  endfacet
  facet normal 1.9258925e-01 8.2597023e-01 5.2979484e-01
    outer loop
      vertex -1.5787962e-03 -5.8921475e-03 8.0000000e-04
      vertex -1.2875961e-03 -6.4731829e-03 1.6000000e-03
      vertex -1.1900510e-03 -5.9827902e-03 8.0000000e-04
    endloop
  endfacet
  facet normal 1.3815586e-01 8.3679770e-01 5.2979484e-01
    outer loop
      vertex -1.1900510e-03 -5.9827902e-03 8.0000000e-04
      vertex -1.2875961e-03 -6.4731829e-03 1.6000000e-03
      vertex -8.6147287e-04 -6.5435361e-03 1.6000000e-03
    endloop
  endfacet
  facet normal 1.3815586e-01 8.3679770e-01 5.2979484e-01
    outer loop
      vertex -1.1900510e-03 -5.9827902e-03 8.0000000e-04
      vertex -8.6147287e-04 -6.5435361e-03 1.6000000e-03
      vertex -7.9620977e-04 -6.0478137e-03 8.0000000e-04
    endloop
  endfacet
  facet normal 8.3130869e-02 8.4404188e-01 5.2979484e-01
    outer loop
      vertex -7.9620977e-04 -6.0478137e-03 8.0000000e-04
      vertex -8.6147287e-04 -6.5435361e-03 1.6000000e-03
      vertex -4.3166065e-04 -6.5858689e-03 1.6000000e-03
    endloop
  endfacet
  facet normal 8.3130869e-02 8.4404188e-01 5.2979484e-01
    outer loop
      vertex -7.9620977e-04 -6.0478137e-03 8.0000000e-04
      vertex -4.3166065e-04 -6.5858689e-03 1.6000000e-03
      vertex -3.9895909e-04 -6.0869394e-03 8.0000000e-04
    endloop
  endfacet
  facet normal 2.7749899e-02 8.4767174e-01 5.2979484e-01
    outer loop
      vertex -3.9895909e-04 -6.0869394e-03 8.0000000e-04
      vertex -4.3166065e-04 -6.5858689e-03 1.6000000e-03
      vertex -1.2124003e-18 -6.6000000e-03 1.6000000e-03
    endloop
  endfacet
  facet normal 2.7749899e-02 8.4767174e-01 5.2979484e-01
    outer loop
      vertex -3.9895909e-04 -6.0869394e-03 8.0000000e-04
      vertex -1.2124003e-18 -6.6000000e-03 1.6000000e-03
      vertex -1.1205518e-18 -6.1000000e-03 8.0000000e-04
    endloop
  endfacet
  facet normal -2.7749899e-02 8.4767174e-01 5.2979484e-01
    outer loop
      vertex -1.1205518e-18 -6.1000000e-03 8.0000000e-04
      vertex -1.2124003e-18 -6.6000000e-03 1.6000000e-03
      vertex 4.3166065e-04 -6.5858689e-03 1.6000000e-03
    endloop
  endfacet
  facet normal -2.7749899e-02 8.4767174e-01 5.2979484e-01
    outer loop
      vertex -1.1205518e-18 -6.1000000e-03 8.0000000e-04
      vertex 4.3166065e-04 -6.5858689e-03 1.6000000e-03
      vertex 3.9895909e-04 -6.0869394e-03 8.0000000e-04
    endloop
  endfacet
  facet normal -8.3130869e-02 8.4404188e-01 5.2979484e-01
    outer loop
      vertex 3.9895909e-04 -6.0869394e-03 8.0000000e-04
      vertex 4.3166065e-04 -6.5858689e-03 1.6000000e-03
      vertex 8.6147287e-04 -6.5435361e-03 1.6000000e-03
    endloop
  endfacet
  facet normal -8.3130869e-02 8.4404188e-01 5.2979484e-01
    outer loop
      vertex 3.9895909e-04 -6.0869394e-03 8.0000000e-04
      vertex 8.6147287e-04 -6.5435361e-03 1.6000000e-03
      vertex 7.9620977e-04 -6.0478137e-03 8.0000000e-04
    endloop
  endfacet
  facet normal -1.3815586e-01 8.3679770e-01 5.2979484e-01
    outer loop
      vertex 7.9620977e-04 -6.0478137e-03 8.0000000e-04
      vertex 8.6147287e-04 -6.5435361e-03 1.6000000e-03
      vertex 1.2875961e-03 -6.4731829e-03 1.6000000e-03
    endloop
  endfacet
  facet normal -1.3815586e-01 8.3679770e-01 5.2979484e-01
    outer loop
      vertex 7.9620977e-04 -6.0478137e-03 8.0000000e-04
      vertex 1.2875961e-03 -6.4731829e-03 1.6000000e-03
      vertex 1.1900510e-03 -5.9827902e-03 8.0000000e-04
    endloop
  endfacet
  facet normal -1.9258925e-01 8.2597023e-01 5.2979484e-01
    outer loop
      vertex 1.1900510e-03 -5.9827902e-03 8.0000000e-04
      vertex 1.2875961e-03 -6.4731829e-03 1.6000000e-03
      vertex 1.7082057e-03 -6.3751105e-03 1.6000000e-03
    endloop
  endfacet
  facet normal -1.9258925e-01 8.2597023e-01 5.2979484e-01
    outer loop
      vertex 1.1900510e-03 -5.9827902e-03 8.0000000e-04
      vertex 1.7082057e-03 -6.3751105e-03 1.6000000e-03
      vertex 1.5787962e-03 -5.8921475e-03 8.0000000e-04
    endloop
  endfacet
  facet normal -2.4619793e-01 8.1160582e-01 5.2979484e-01
    outer loop
      vertex 1.5787962e-03 -5.8921475e-03 8.0000000e-04
      vertex 1.7082057e-03 -6.3751105e-03 1.6000000e-03
      vertex 2.1215005e-03 -6.2497389e-03 1.6000000e-03
    endloop
  endfacet
  facet normal -2.4619793e-01 8.1160582e-01 5.2979484e-01
    outer loop
      vertex 1.5787962e-03 -5.8921475e-03 8.0000000e-04
      vertex 2.1215005e-03 -6.2497389e-03 1.6000000e-03
      vertex 1.9607807e-03 -5.7762738e-03 8.0000000e-04
    endloop
  endfacet
  facet normal -2.9875237e-01 7.9376600e-01 5.2979484e-01
    outer loop
      vertex 1.9607807e-03 -5.7762738e-03 8.0000000e-04
      vertex 2.1215005e-03 -6.2497389e-03 1.6000000e-03
      vertex 2.5257107e-03 -6.0976049e-03 1.6000000e-03
    endloop
  endfacet
  facet normal -2.9875237e-01 7.9376600e-01 5.2979484e-01
    outer loop
      vertex 1.9607807e-03 -5.7762738e-03 8.0000000e-04
      vertex 2.5257107e-03 -6.0976049e-03 1.6000000e-03
      vertex 2.3343689e-03 -5.6356651e-03 8.0000000e-04
    endloop
  endfacet
  facet normal -3.5002749e-01 7.7252714e-01 5.2979484e-01
    outer loop
      vertex 2.3343689e-03 -5.6356651e-03 8.0000000e-04
      vertex 2.5257107e-03 -6.0976049e-03 1.6000000e-03
      vertex 2.9191054e-03 -5.9193601e-03 1.6000000e-03
    endloop
  endfacet
  facet normal -3.5002749e-01 7.7252714e-01 5.2979484e-01
    outer loop
      vertex 2.3343689e-03 -5.6356651e-03 8.0000000e-04
      vertex 2.9191054e-03 -5.9193601e-03 1.6000000e-03
      vertex 2.6979610e-03 -5.4709237e-03 8.0000000e-04
    endloop
  endfacet
  facet normal -3.9980375e-01 7.4798021e-01 5.2979484e-01
    outer loop
      vertex 2.6979610e-03 -5.4709237e-03 8.0000000e-04
      vertex 2.9191054e-03 -5.9193601e-03 1.6000000e-03
      vertex 3.3000000e-03 -5.7157677e-03 1.6000000e-03
    endloop
  endfacet
  facet normal -3.9980375e-01 7.4798021e-01 5.2979484e-01
    outer loop
      vertex 2.6979610e-03 -5.4709237e-03 8.0000000e-04
      vertex 3.3000000e-03 -5.7157677e-03 1.6000000e-03
      vertex 3.0500000e-03 -5.2827550e-03 8.0000000e-04
    endloop
  endfacet
  facet normal -4.4786799e-01 7.2023031e-01 5.2979484e-01
    outer loop
      vertex 3.0500000e-03 -5.2827550e-03 8.0000000e-04
      vertex 3.3000000e-03 -5.7157677e-03 1.6000000e-03
      vertex 3.6667635e-03 -5.4876994e-03 1.6000000e-03
    endloop
  endfacet
  facet normal -4.4786799e-01 7.2023031e-01 5.2979484e-01
    outer loop
      vertex 3.0500000e-03 -5.2827550e-03 8.0000000e-04
      vertex 3.6667635e-03 -5.4876994e-03 1.6000000e-03
      vertex 3.3889784e-03 -5.0719646e-03 8.0000000e-04
    endloop
  endfacet
  facet normal -4.9401438e-01 6.8939627e-01 5.2979484e-01
    outer loop
      vertex 3.3889784e-03 -5.0719646e-03 8.0000000e-04
      vertex 3.6667635e-03 -5.4876994e-03 1.6000000e-03
      vertex 4.0178254e-03 -5.2361320e-03 1.6000000e-03
    endloop
  endfacet
  facet normal -4.9401438e-01 6.8939627e-01 5.2979484e-01
    outer loop
      vertex 3.3889784e-03 -5.0719646e-03 8.0000000e-04
      vertex 4.0178254e-03 -5.2361320e-03 1.6000000e-03
      vertex 3.7134447e-03 -4.8394554e-03 8.0000000e-04
    endloop
  endfacet
  facet normal -5.3804533e-01 6.5561014e-01 5.2979484e-01
    outer loop
      vertex 3.7134447e-03 -4.8394554e-03 8.0000000e-04
      vertex 4.0178254e-03 -5.2361320e-03 1.6000000e-03
      vertex 4.3516824e-03 -4.9621427e-03 1.6000000e-03
    endloop
  endfacet
  facet normal -5.3804533e-01 6.5561014e-01 5.2979484e-01
    outer loop
      vertex 3.7134447e-03 -4.8394554e-03 8.0000000e-04
      vertex 4.3516824e-03 -4.9621427e-03 1.6000000e-03
      vertex 4.0220095e-03 -4.5862228e-03 8.0000000e-04
    endloop
  endfacet
  facet normal -5.7977229e-01 6.1901658e-01 5.2979484e-01
    outer loop
      vertex 4.0220095e-03 -4.5862228e-03 8.0000000e-04
      vertex 4.3516824e-03 -4.9621427e-03 1.6000000e-03
      vertex 4.6669048e-03 -4.6669048e-03 1.6000000e-03
    endloop
  endfacet
  facet normal -5.7977229e-01 6.1901658e-01 5.2979484e-01
    outer loop
      vertex 4.0220095e-03 -4.5862228e-03 8.0000000e-04
      vertex 4.6669048e-03 -4.6669048e-03 1.6000000e-03
      vertex 4.3133514e-03 -4.3133514e-03 8.0000000e-04
    endloop
  endfacet
  facet normal -6.1901658e-01 5.7977229e-01 5.2979484e-01
    outer loop
      vertex 4.3133514e-03 -4.3133514e-03 8.0000000e-04
      vertex 4.6669048e-03 -4.6669048e-03 1.6000000e-03
      vertex 4.9621427e-03 -4.3516824e-03 1.6000000e-03
    endloop
  endfacet
  facet normal -6.1901658e-01 5.7977229e-01 5.2979484e-01
    outer loop
      vertex 4.3133514e-03 -4.3133514e-03 8.0000000e-04
      vertex 4.9621427e-03 -4.3516824e-03 1.6000000e-03
      vertex 4.5862228e-03 -4.0220095e-03 8.0000000e-04
    endloop
  endfacet
  facet normal -6.5561014e-01 5.3804533e-01 5.2979484e-01
    outer loop
      vertex 4.5862228e-03 -4.0220095e-03 8.0000000e-04
      vertex 4.9621427e-03 -4.3516824e-03 1.6000000e-03
      vertex 5.2361320e-03 -4.0178254e-03 1.6000000e-03
    endloop
  endfacet
  facet normal -6.5561014e-01 5.3804533e-01 5.2979484e-01
    outer loop
      vertex 4.5862228e-03 -4.0220095e-03 8.0000000e-04
      vertex 5.2361320e-03 -4.0178254e-03 1.6000000e-03
      vertex 4.8394554e-03 -3.7134447e-03 8.0000000e-04
    endloop
  endfacet
  facet normal -6.8939627e-01 4.9401438e-01 5.2979484e-01
    outer loop
      vertex 4.8394554e-03 -3.7134447e-03 8.0000000e-04
      vertex 5.2361320e-03 -4.0178254e-03 1.6000000e-03
      vertex 5.4876994e-03 -3.6667635e-03 1.6000000e-03
    endloop
  endfacet
  facet normal -6.8939627e-01 4.9401438e-01 5.2979484e-01
    outer loop
      vertex 4.8394554e-03 -3.7134447e-03 8.0000000e-04
      vertex 5.4876994e-03 -3.6667635e-03 1.6000000e-03
      vertex 5.0719646e-03 -3.3889784e-03 8.0000000e-04
    endloop
  endfacet
  facet normal -7.2023031e-01 4.4786799e-01 5.2979484e-01
    outer loop
      vertex 5.0719646e-03 -3.3889784e-03 8.0000000e-04
      vertex 5.4876994e-03 -3.6667635e-03 1.6000000e-03
      vertex 5.7157677e-03 -3.3000000e-03 1.6000000e-03
    endloop
  endfacet
  facet normal -7.2023031e-01 4.4786799e-01 5.2979484e-01
    outer loop
      vertex 5.0719646e-03 -3.3889784e-03 8.0000000e-04
      vertex 5.7157677e-03 -3.3000000e-03 1.6000000e-03
      vertex 5.2827550e-03 -3.0500000e-03 8.0000000e-04
    endloop
  endfacet
  facet normal -7.4798021e-01 3.9980375e-01 5.2979484e-01
    outer loop
      vertex 5.2827550e-03 -3.0500000e-03 8.0000000e-04
      vertex 5.7157677e-03 -3.3000000e-03 1.6000000e-03
      vertex 5.9193601e-03 -2.9191054e-03 1.6000000e-03
    endloop
  endfacet
  facet normal -7.4798021e-01 3.9980375e-01 5.2979484e-01
    outer loop
      vertex 5.2827550e-03 -3.0500000e-03 8.0000000e-04
      vertex 5.9193601e-03 -2.9191054e-03 1.6000000e-03
      vertex 5.4709237e-03 -2.6979610e-03 8.0000000e-04
    endloop
  endfacet
  facet normal -7.7252714e-01 3.5002749e-01 5.2979484e-01
    outer loop
      vertex 5.4709237e-03 -2.6979610e-03 8.0000000e-04
      vertex 5.9193601e-03 -2.9191054e-03 1.6000000e-03
      vertex 6.0976049e-03 -2.5257107e-03 1.6000000e-03
    endloop
  endfacet
  facet normal -7.7252714e-01 3.5002749e-01 5.2979484e-01
    outer loop
      vertex 5.4709237e-03 -2.6979610e-03 8.0000000e-04
      vertex 6.0976049e-03 -2.5257107e-03 1.6000000e-03
      vertex 5.6356651e-03 -2.3343689e-03 8.0000000e-04
    endloop
  endfacet
  facet normal -7.9376600e-01 2.9875237e-01 5.2979484e-01
    outer loop
      vertex 5.6356651e-03 -2.3343689e-03 8.0000000e-04
      vertex 6.0976049e-03 -2.5257107e-03 1.6000000e-03
      vertex 6.2497389e-03 -2.1215005e-03 1.6000000e-03
    endloop
  endfacet
  facet normal -7.9376600e-01 2.9875237e-01 5.2979484e-01
    outer loop
      vertex 5.6356651e-03 -2.3343689e-03 8.0000000e-04
      vertex 6.2497389e-03 -2.1215005e-03 1.6000000e-03
      vertex 5.7762738e-03 -1.9607807e-03 8.0000000e-04
    endloop
  endfacet
  facet normal -8.1160582e-01 2.4619793e-01 5.2979484e-01
    outer loop
      vertex 5.7762738e-03 -1.9607807e-03 8.0000000e-04
      vertex 6.2497389e-03 -2.1215005e-03 1.6000000e-03
      vertex 6.3751105e-03 -1.7082057e-03 1.6000000e-03
    endloop
  endfacet
  facet normal -8.1160582e-01 2.4619793e-01 5.2979484e-01
    outer loop
      vertex 5.7762738e-03 -1.9607807e-03 8.0000000e-04
      vertex 6.3751105e-03 -1.7082057e-03 1.6000000e-03
      vertex 5.8921475e-03 -1.5787962e-03 8.0000000e-04
    endloop
  endfacet
  facet normal -8.2597023e-01 1.9258925e-01 5.2979484e-01
    outer loop
      vertex 5.8921475e-03 -1.5787962e-03 8.0000000e-04
      vertex 6.3751105e-03 -1.7082057e-03 1.6000000e-03
      vertex 6.4731829e-03 -1.2875961e-03 1.6000000e-03
    endloop
  endfacet
  facet normal -8.2597023e-01 1.9258925e-01 5.2979484e-01
    outer loop
      vertex 5.8921475e-03 -1.5787962e-03 8.0000000e-04
      vertex 6.4731829e-03 -1.2875961e-03 1.6000000e-03
      vertex 5.9827902e-03 -1.1900510e-03 8.0000000e-04
    endloop
  endfacet
  facet normal -8.3679770e-01 1.3815586e-01 5.2979484e-01
    outer loop
      vertex 5.9827902e-03 -1.1900510e-03 8.0000000e-04
      vertex 6.4731829e-03 -1.2875961e-03 1.6000000e-03
      vertex 6.5435361e-03 -8.6147287e-04 1.6000000e-03
    endloop
  endfacet
  facet normal -8.3679770e-01 1.3815586e-01 5.2979484e-01
    outer loop
      vertex 5.9827902e-03 -1.1900510e-03 8.0000000e-04
      vertex 6.5435361e-03 -8.6147287e-04 1.6000000e-03
      vertex 6.0478137e-03 -7.9620977e-04 8.0000000e-04
    endloop
  endfacet
  facet normal -8.4404188e-01 8.3130869e-02 5.2979484e-01
    outer loop
      vertex 6.0478137e-03 -7.9620977e-04 8.0000000e-04
      vertex 6.5435361e-03 -8.6147287e-04 1.6000000e-03
      vertex 6.5858689e-03 -4.3166065e-04 1.6000000e-03
    endloop
  endfacet
  facet normal -8.4404188e-01 8.3130869e-02 5.2979484e-01
    outer loop
      vertex 6.0478137e-03 -7.9620977e-04 8.0000000e-04
      vertex 6.5858689e-03 -4.3166065e-04 1.6000000e-03
      vertex 6.0869394e-03 -3.9895909e-04 8.0000000e-04
    endloop
  endfacet
  facet normal -8.4767174e-01 2.7749899e-02 5.2979484e-01
    outer loop
      vertex 6.0869394e-03 -3.9895909e-04 8.0000000e-04
      vertex 6.5858689e-03 -4.3166065e-04 1.6000000e-03
      vertex 6.6000000e-03 -1.6165338e-18 1.6000000e-03
    endloop
  endfacet
  facet normal -8.4767174e-01 2.7749899e-02 5.2979484e-01
    outer loop
      vertex 6.0869394e-03 -3.9895909e-04 8.0000000e-04
      vertex 6.6000000e-03 -1.6165338e-18 1.6000000e-03
      vertex 6.1000000e-03 -1.4940691e-18 8.0000000e-04
    endloop
  endfacet
  facet normal -9.9916287e-01 -3.2709206e-02 -2.4569579e-02
    outer loop
      vertex 6.6000000e-03 0.0000000e+00 1.6000000e-03
      vertex 6.0000000e-03 0.0000000e+00 2.6000000e-02
      vertex 5.9871535e-03 3.9241878e-04 2.6000000e-02
    endloop
  endfacet
  facet normal -9.9916287e-01 -3.2709206e-02 -2.4569579e-02
    outer loop
      vertex 6.6000000e-03 0.0000000e+00 1.6000000e-03
      vertex 5.9871535e-03 3.9241878e-04 2.6000000e-02
      vertex 6.5858689e-03 4.3166065e-04 1.6000000e-03
    endloop
  endfacet
  facet normal -9.9488430e-01 -9.7987551e-02 -2.4569579e-02
    outer loop
      vertex 6.5858689e-03 4.3166065e-04 1.6000000e-03
      vertex 5.9871535e-03 3.9241878e-04 2.6000000e-02
      vertex 5.9486692e-03 7.8315715e-04 2.6000000e-02
    endloop
  endfacet
  facet normal -9.9488430e-01 -9.7987551e-02 -2.4569579e-02
    outer loop
      vertex 6.5858689e-03 4.3166065e-04 1.6000000e-03
      vertex 5.9486692e-03 7.8315715e-04 2.6000000e-02
      vertex 6.5435361e-03 8.6147287e-04 1.6000000e-03
    endloop
  endfacet
  facet normal -9.8634549e-01 -1.6284630e-01 -2.4569579e-02
    outer loop
      vertex 6.5435361e-03 8.6147287e-04 1.6000000e-03
      vertex 5.9486692e-03 7.8315715e-04 2.6000000e-02
      vertex 5.8847117e-03 1.1705419e-03 2.6000000e-02
    endloop
  endfacet
  facet normal -9.8634549e-01 -1.6284630e-01 -2.4569579e-02
    outer loop
      vertex 6.5435361e-03 8.6147287e-04 1.6000000e-03
      vertex 5.8847117e-03 1.1705419e-03 2.6000000e-02
      vertex 6.4731829e-03 1.2875961e-03 1.6000000e-03
    endloop
  endfacet
  facet normal -9.7358299e-01 -2.2700771e-01 -2.4569579e-02
    outer loop
      vertex 6.4731829e-03 1.2875961e-03 1.6000000e-03
      vertex 5.8847117e-03 1.1705419e-03 2.6000000e-02
      vertex 5.7955550e-03 1.5529143e-03 2.6000000e-02
    endloop
  endfacet
  facet normal -9.7358299e-01 -2.2700771e-01 -2.4569579e-02
    outer loop
      vertex 6.4731829e-03 1.2875961e-03 1.6000000e-03
      vertex 5.7955550e-03 1.5529143e-03 2.6000000e-02
      vertex 6.3751105e-03 1.7082057e-03 1.6000000e-03
    endloop
  endfacet
  facet normal -9.5665146e-01 -2.9019705e-01 -2.4569579e-02
    outer loop
      vertex 6.3751105e-03 1.7082057e-03 1.6000000e-03
      vertex 5.7955550e-03 1.5529143e-03 2.6000000e-02
      vertex 5.6815808e-03 1.9286368e-03 2.6000000e-02
    endloop
  endfacet
  facet normal -9.5665146e-01 -2.9019705e-01 -2.4569579e-02
    outer loop
      vertex 6.3751105e-03 1.7082057e-03 1.6000000e-03
      vertex 5.6815808e-03 1.9286368e-03 2.6000000e-02
      vertex 6.2497389e-03 2.1215005e-03 1.6000000e-03
    endloop
  endfacet
  facet normal -9.3562340e-01 -3.5214371e-01 -2.4569579e-02
    outer loop
      vertex 6.2497389e-03 2.1215005e-03 1.6000000e-03
      vertex 5.6815808e-03 1.9286368e-03 2.6000000e-02
      vertex 5.5432772e-03 2.2961006e-03 2.6000000e-02
    endloop
  endfacet
  facet normal -9.3562340e-01 -3.5214371e-01 -2.4569579e-02
    outer loop
      vertex 6.2497389e-03 2.1215005e-03 1.6000000e-03
      vertex 5.5432772e-03 2.2961006e-03 2.6000000e-02
      vertex 6.0976049e-03 2.5257107e-03 1.6000000e-03
    endloop
  endfacet
  facet normal -9.1058886e-01 -4.1258244e-01 -2.4569579e-02
    outer loop
      vertex 6.0976049e-03 2.5257107e-03 1.6000000e-03
      vertex 5.5432772e-03 2.2961006e-03 2.6000000e-02
      vertex 5.3812364e-03 2.6537321e-03 2.6000000e-02
    endloop
  endfacet
  facet normal -9.1058886e-01 -4.1258244e-01 -2.4569579e-02
    outer loop
      vertex 6.0976049e-03 2.5257107e-03 1.6000000e-03
      vertex 5.3812364e-03 2.6537321e-03 2.6000000e-02
      vertex 5.9193601e-03 2.9191054e-03 1.6000000e-03
    endloop
  endfacet
  facet normal -8.8165503e-01 -4.7125443e-01 -2.4569579e-02
    outer loop
      vertex 5.9193601e-03 2.9191054e-03 1.6000000e-03
      vertex 5.3812364e-03 2.6537321e-03 2.6000000e-02
      vertex 5.1961524e-03 3.0000000e-03 2.6000000e-02
    endloop
  endfacet
  facet normal -8.8165503e-01 -4.7125443e-01 -2.4569579e-02
    outer loop
      vertex 5.9193601e-03 2.9191054e-03 1.6000000e-03
      vertex 5.1961524e-03 3.0000000e-03 2.6000000e-02
      vertex 5.7157677e-03 3.3000000e-03 1.6000000e-03
    endloop
  endfacet
  facet normal -8.4894583e-01 -5.2790844e-01 -2.4569579e-02
    outer loop
      vertex 5.7157677e-03 3.3000000e-03 1.6000000e-03
      vertex 5.1961524e-03 3.0000000e-03 2.6000000e-02
      vertex 4.9888177e-03 3.3334214e-03 2.6000000e-02
    endloop
  endfacet
  facet normal -8.4894583e-01 -5.2790844e-01 -2.4569579e-02
    outer loop
      vertex 5.7157677e-03 3.3000000e-03 1.6000000e-03
      vertex 4.9888177e-03 3.3334214e-03 2.6000000e-02
      vertex 5.4876994e-03 3.6667635e-03 1.6000000e-03
    endloop
  endfacet
  facet normal -8.1260130e-01 -5.8230186e-01 -2.4569579e-02
    outer loop
      vertex 5.4876994e-03 3.6667635e-03 1.6000000e-03
      vertex 4.9888177e-03 3.3334214e-03 2.6000000e-02
      vertex 4.7601200e-03 3.6525686e-03 2.6000000e-02
    endloop
  endfacet
  facet normal -8.1260130e-01 -5.8230186e-01 -2.4569579e-02
    outer loop
      vertex 5.4876994e-03 3.6667635e-03 1.6000000e-03
      vertex 4.7601200e-03 3.6525686e-03 2.6000000e-02
      vertex 5.2361320e-03 4.0178254e-03 1.6000000e-03
    endloop
  endfacet
  facet normal -7.7277710e-01 -6.3420177e-01 -2.4569579e-02
    outer loop
      vertex 5.2361320e-03 4.0178254e-03 1.6000000e-03
      vertex 4.7601200e-03 3.6525686e-03 2.6000000e-02
      vertex 4.5110388e-03 3.9560749e-03 2.6000000e-02
    endloop
  endfacet
  facet normal -7.7277710e-01 -6.3420177e-01 -2.4569579e-02
    outer loop
      vertex 5.2361320e-03 4.0178254e-03 1.6000000e-03
      vertex 4.5110388e-03 3.9560749e-03 2.6000000e-02
      vertex 4.9621427e-03 4.3516824e-03 1.6000000e-03
    endloop
  endfacet
  facet normal -7.2964374e-01 -6.8338594e-01 -2.4569579e-02
    outer loop
      vertex 4.9621427e-03 4.3516824e-03 1.6000000e-03
      vertex 4.5110388e-03 3.9560749e-03 2.6000000e-02
      vertex 4.2426407e-03 4.2426407e-03 2.6000000e-02
    endloop
  endfacet
  facet normal -7.2964374e-01 -6.8338594e-01 -2.4569579e-02
    outer loop
      vertex 4.9621427e-03 4.3516824e-03 1.6000000e-03
      vertex 4.2426407e-03 4.2426407e-03 2.6000000e-02
      vertex 4.6669048e-03 4.6669048e-03 1.6000000e-03
    endloop
  endfacet
  facet normal -6.8338594e-01 -7.2964374e-01 -2.4569579e-02
    outer loop
      vertex 4.6669048e-03 4.6669048e-03 1.6000000e-03
      vertex 4.2426407e-03 4.2426407e-03 2.6000000e-02
      vertex 3.9560749e-03 4.5110388e-03 2.6000000e-02
    endloop
  endfacet
  facet normal -6.8338594e-01 -7.2964374e-01 -2.4569579e-02
    outer loop
      vertex 4.6669048e-03 4.6669048e-03 1.6000000e-03
      vertex 3.9560749e-03 4.5110388e-03 2.6000000e-02
      vertex 4.3516824e-03 4.9621427e-03 1.6000000e-03
    endloop
  endfacet
  facet normal -6.3420177e-01 -7.7277710e-01 -2.4569579e-02
    outer loop
      vertex 4.3516824e-03 4.9621427e-03 1.6000000e-03
      vertex 3.9560749e-03 4.5110388e-03 2.6000000e-02
      vertex 3.6525686e-03 4.7601200e-03 2.6000000e-02
    endloop
  endfacet
  facet normal -6.3420177e-01 -7.7277710e-01 -2.4569579e-02
    outer loop
      vertex 4.3516824e-03 4.9621427e-03 1.6000000e-03
      vertex 3.6525686e-03 4.7601200e-03 2.6000000e-02
      vertex 4.0178254e-03 5.2361320e-03 1.6000000e-03
    endloop
  endfacet
  facet normal -5.8230186e-01 -8.1260130e-01 -2.4569579e-02
    outer loop
      vertex 4.0178254e-03 5.2361320e-03 1.6000000e-03
      vertex 3.6525686e-03 4.7601200e-03 2.6000000e-02
      vertex 3.3334214e-03 4.9888177e-03 2.6000000e-02
    endloop
  endfacet
  facet normal -5.8230186e-01 -8.1260130e-01 -2.4569579e-02
    outer loop
      vertex 4.0178254e-03 5.2361320e-03 1.6000000e-03
      vertex 3.3334214e-03 4.9888177e-03 2.6000000e-02
      vertex 3.6667635e-03 5.4876994e-03 1.6000000e-03
    endloop
  endfacet
  facet normal -5.2790844e-01 -8.4894583e-01 -2.4569579e-02
    outer loop
      vertex 3.6667635e-03 5.4876994e-03 1.6000000e-03
      vertex 3.3334214e-03 4.9888177e-03 2.6000000e-02
      vertex 3.0000000e-03 5.1961524e-03 2.6000000e-02
    endloop
  endfacet
  facet normal -5.2790844e-01 -8.4894583e-01 -2.4569579e-02
    outer loop
      vertex 3.6667635e-03 5.4876994e-03 1.6000000e-03
      vertex 3.0000000e-03 5.1961524e-03 2.6000000e-02
      vertex 3.3000000e-03 5.7157677e-03 1.6000000e-03
    endloop
  endfacet
  facet normal -4.7125443e-01 -8.8165503e-01 -2.4569579e-02
    outer loop
      vertex 3.3000000e-03 5.7157677e-03 1.6000000e-03
      vertex 3.0000000e-03 5.1961524e-03 2.6000000e-02
      vertex 2.6537321e-03 5.3812364e-03 2.6000000e-02
    endloop
  endfacet
  facet normal -4.7125443e-01 -8.8165503e-01 -2.4569579e-02
    outer loop
      vertex 3.3000000e-03 5.7157677e-03 1.6000000e-03
      vertex 2.6537321e-03 5.3812364e-03 2.6000000e-02
      vertex 2.9191054e-03 5.9193601e-03 1.6000000e-03
    endloop
  endfacet
  facet normal -4.1258244e-01 -9.1058886e-01 -2.4569579e-02
    outer loop
      vertex 2.9191054e-03 5.9193601e-03 1.6000000e-03
      vertex 2.6537321e-03 5.3812364e-03 2.6000000e-02
      vertex 2.2961006e-03 5.5432772e-03 2.6000000e-02
    endloop
  endfacet
  facet normal -4.1258244e-01 -9.1058886e-01 -2.4569579e-02
    outer loop
      vertex 2.9191054e-03 5.9193601e-03 1.6000000e-03
      vertex 2.2961006e-03 5.5432772e-03 2.6000000e-02
      vertex 2.5257107e-03 6.0976049e-03 1.6000000e-03
    endloop
  endfacet
  facet normal -3.5214371e-01 -9.3562340e-01 -2.4569579e-02
    outer loop
      vertex 2.5257107e-03 6.0976049e-03 1.6000000e-03
      vertex 2.2961006e-03 5.5432772e-03 2.6000000e-02
      vertex 1.9286368e-03 5.6815808e-03 2.6000000e-02
    endloop
  endfacet
  facet normal -3.5214371e-01 -9.3562340e-01 -2.4569579e-02
    outer loop
      vertex 2.5257107e-03 6.0976049e-03 1.6000000e-03
      vertex 1.9286368e-03 5.6815808e-03 2.6000000e-02
      vertex 2.1215005e-03 6.2497389e-03 1.6000000e-03
    endloop
  endfacet
  facet normal -2.9019705e-01 -9.5665146e-01 -2.4569579e-02
    outer loop
      vertex 2.1215005e-03 6.2497389e-03 1.6000000e-03
      vertex 1.9286368e-03 5.6815808e-03 2.6000000e-02
      vertex 1.5529143e-03 5.7955550e-03 2.6000000e-02
    endloop
  endfacet
  facet normal -2.9019705e-01 -9.5665146e-01 -2.4569579e-02
    outer loop
      vertex 2.1215005e-03 6.2497389e-03 1.6000000e-03
      vertex 1.5529143e-03 5.7955550e-03 2.6000000e-02
      vertex 1.7082057e-03 6.3751105e-03 1.6000000e-03
    endloop
  endfacet
  facet normal -2.2700771e-01 -9.7358299e-01 -2.4569579e-02
    outer loop
      vertex 1.7082057e-03 6.3751105e-03 1.6000000e-03
      vertex 1.5529143e-03 5.7955550e-03 2.6000000e-02
      vertex 1.1705419e-03 5.8847117e-03 2.6000000e-02
    endloop
  endfacet
  facet normal -2.2700771e-01 -9.7358299e-01 -2.4569579e-02
    outer loop
      vertex 1.7082057e-03 6.3751105e-03 1.6000000e-03
      vertex 1.1705419e-03 5.8847117e-03 2.6000000e-02
      vertex 1.2875961e-03 6.4731829e-03 1.6000000e-03
    endloop
  endfacet
  facet normal -1.6284630e-01 -9.8634549e-01 -2.4569579e-02
    outer loop
      vertex 1.2875961e-03 6.4731829e-03 1.6000000e-03
      vertex 1.1705419e-03 5.8847117e-03 2.6000000e-02
      vertex 7.8315715e-04 5.9486692e-03 2.6000000e-02
    endloop
  endfacet
  facet normal -1.6284630e-01 -9.8634549e-01 -2.4569579e-02
    outer loop
      vertex 1.2875961e-03 6.4731829e-03 1.6000000e-03
      vertex 7.8315715e-04 5.9486692e-03 2.6000000e-02
      vertex 8.6147287e-04 6.5435361e-03 1.6000000e-03
    endloop
  endfacet
  facet normal -9.7987551e-02 -9.9488430e-01 -2.4569579e-02
    outer loop
      vertex 8.6147287e-04 6.5435361e-03 1.6000000e-03
      vertex 7.8315715e-04 5.9486692e-03 2.6000000e-02
      vertex 3.9241878e-04 5.9871535e-03 2.6000000e-02
    endloop
  endfacet
  facet normal -9.7987551e-02 -9.9488430e-01 -2.4569579e-02
    outer loop
      vertex 8.6147287e-04 6.5435361e-03 1.6000000e-03
      vertex 3.9241878e-04 5.9871535e-03 2.6000000e-02
      vertex 4.3166065e-04 6.5858689e-03 1.6000000e-03
    endloop
  endfacet
  facet normal -3.2709206e-02 -9.9916287e-01 -2.4569579e-02
    outer loop
      vertex 4.3166065e-04 6.5858689e-03 1.6000000e-03
      vertex 3.9241878e-04 5.9871535e-03 2.6000000e-02
      vertex 3.6739404e-19 6.0000000e-03 2.6000000e-02
    endloop
  endfacet
  facet normal -3.2709206e-02 -9.9916287e-01 -2.4569579e-02
    outer loop
      vertex 4.3166065e-04 6.5858689e-03 1.6000000e-03
      vertex 3.6739404e-19 6.0000000e-03 2.6000000e-02
      vertex 4.0413344e-19 6.6000000e-03 1.6000000e-03
    endloop
  endfacet
  facet normal 3.2709206e-02 -9.9916287e-01 -2.4569579e-02
    outer loop
      vertex 4.0413344e-19 6.6000000e-03 1.6000000e-03
      vertex 3.6739404e-19 6.0000000e-03 2.6000000e-02
      vertex -3.9241878e-04 5.9871535e-03 2.6000000e-02
    endloop
  endfacet
  facet normal 3.2709206e-02 -9.9916287e-01 -2.4569579e-02
    outer loop
      vertex 4.0413344e-19 6.6000000e-03 1.6000000e-03
      vertex -3.9241878e-04 5.9871535e-03 2.6000000e-02
      vertex -4.3166065e-04 6.5858689e-03 1.6000000e-03
    endloop
  endfacet
  facet normal 9.7987551e-02 -9.9488430e-01 -2.4569579e-02
    outer loop
      vertex -4.3166065e-04 6.5858689e-03 1.6000000e-03
      vertex -3.9241878e-04 5.9871535e-03 2.6000000e-02
      vertex -7.8315715e-04 5.9486692e-03 2.6000000e-02
    endloop
  endfacet
  facet normal 9.7987551e-02 -9.9488430e-01 -2.4569579e-02
    outer loop
      vertex -4.3166065e-04 6.5858689e-03 1.6000000e-03
      vertex -7.8315715e-04 5.9486692e-03 2.6000000e-02
      vertex -8.6147287e-04 6.5435361e-03 1.6000000e-03
    endloop
  endfacet
  facet normal 1.6284630e-01 -9.8634549e-01 -2.4569579e-02
    outer loop
      vertex -8.6147287e-04 6.5435361e-03 1.6000000e-03
      vertex -7.8315715e-04 5.9486692e-03 2.6000000e-02
      vertex -1.1705419e-03 5.8847117e-03 2.6000000e-02
    endloop
  endfacet
  facet normal 1.6284630e-01 -9.8634549e-01 -2.4569579e-02
    outer loop
      vertex -8.6147287e-04 6.5435361e-03 1.6000000e-03
      vertex -1.1705419e-03 5.8847117e-03 2.6000000e-02
      vertex -1.2875961e-03 6.4731829e-03 1.6000000e-03
    endloop
  endfacet
  facet normal 2.2700771e-01 -9.7358299e-01 -2.4569579e-02
    outer loop
      vertex -1.2875961e-03 6.4731829e-03 1.6000000e-03
      vertex -1.1705419e-03 5.8847117e-03 2.6000000e-02
      vertex -1.5529143e-03 5.7955550e-03 2.6000000e-02
    endloop
  endfacet
  facet normal 2.2700771e-01 -9.7358299e-01 -2.4569579e-02
    outer loop
      vertex -1.2875961e-03 6.4731829e-03 1.6000000e-03
      vertex -1.5529143e-03 5.7955550e-03 2.6000000e-02
      vertex -1.7082057e-03 6.3751105e-03 1.6000000e-03
    endloop
  endfacet
  facet normal 2.9019705e-01 -9.5665146e-01 -2.4569579e-02
    outer loop
      vertex -1.7082057e-03 6.3751105e-03 1.6000000e-03
      vertex -1.5529143e-03 5.7955550e-03 2.6000000e-02
      vertex -1.9286368e-03 5.6815808e-03 2.6000000e-02
    endloop
  endfacet
  facet normal 2.9019705e-01 -9.5665146e-01 -2.4569579e-02
    outer loop
      vertex -1.7082057e-03 6.3751105e-03 1.6000000e-03
      vertex -1.9286368e-03 5.6815808e-03 2.6000000e-02
      vertex -2.1215005e-03 6.2497389e-03 1.6000000e-03
    endloop
  endfacet
  facet normal 3.5214371e-01 -9.3562340e-01 -2.4569579e-02
    outer loop
      vertex -2.1215005e-03 6.2497389e-03 1.6000000e-03
      vertex -1.9286368e-03 5.6815808e-03 2.6000000e-02
      vertex -2.2961006e-03 5.5432772e-03 2.6000000e-02
    endloop
  endfacet
  facet normal 3.5214371e-01 -9.3562340e-01 -2.4569579e-02
    outer loop
      vertex -2.1215005e-03 6.2497389e-03 1.6000000e-03
      vertex -2.2961006e-03 5.5432772e-03 2.6000000e-02
      vertex -2.5257107e-03 6.0976049e-03 1.6000000e-03
    endloop
  endfacet
  facet normal 4.1258244e-01 -9.1058886e-01 -2.4569579e-02
    outer loop
      vertex -2.5257107e-03 6.0976049e-03 1.6000000e-03
      vertex -2.2961006e-03 5.5432772e-03 2.6000000e-02
      vertex -2.6537321e-03 5.3812364e-03 2.6000000e-02
    endloop
  endfacet
  facet normal 4.1258244e-01 -9.1058886e-01 -2.4569579e-02
    outer loop
      vertex -2.5257107e-03 6.0976049e-03 1.6000000e-03
      vertex -2.6537321e-03 5.3812364e-03 2.6000000e-02
      vertex -2.9191054e-03 5.9193601e-03 1.6000000e-03
    endloop
  endfacet
  facet normal 4.7125443e-01 -8.8165503e-01 -2.4569579e-02
    outer loop
      vertex -2.9191054e-03 5.9193601e-03 1.6000000e-03
      vertex -2.6537321e-03 5.3812364e-03 2.6000000e-02
      vertex -3.0000000e-03 5.1961524e-03 2.6000000e-02
    endloop
  endfacet
  facet normal 4.7125443e-01 -8.8165503e-01 -2.4569579e-02
    outer loop
      vertex -2.9191054e-03 5.9193601e-03 1.6000000e-03
      vertex -3.0000000e-03 5.1961524e-03 2.6000000e-02
      vertex -3.3000000e-03 5.7157677e-03 1.6000000e-03
    endloop
  endfacet
  facet normal 5.2790844e-01 -8.4894583e-01 -2.4569579e-02
    outer loop
      vertex -3.3000000e-03 5.7157677e-03 1.6000000e-03
      vertex -3.0000000e-03 5.1961524e-03 2.6000000e-02
      vertex -3.3334214e-03 4.9888177e-03 2.6000000e-02
    endloop
  endfacet
  facet normal 5.2790844e-01 -8.4894583e-01 -2.4569579e-02
    outer loop
      vertex -3.3000000e-03 5.7157677e-03 1.6000000e-03
      vertex -3.3334214e-03 4.9888177e-03 2.6000000e-02
      vertex -3.6667635e-03 5.4876994e-03 1.6000000e-03
    endloop
  endfacet
  facet normal 5.8230186e-01 -8.1260130e-01 -2.4569579e-02
    outer loop
      vertex -3.6667635e-03 5.4876994e-03 1.6000000e-03
      vertex -3.3334214e-03 4.9888177e-03 2.6000000e-02
      vertex -3.6525686e-03 4.7601200e-03 2.6000000e-02
    endloop
  endfacet
  facet normal 5.8230186e-01 -8.1260130e-01 -2.4569579e-02
    outer loop
      vertex -3.6667635e-03 5.4876994e-03 1.6000000e-03
      vertex -3.6525686e-03 4.7601200e-03 2.6000000e-02
      vertex -4.0178254e-03 5.2361320e-03 1.6000000e-03
    endloop
  endfacet
  facet normal 6.3420177e-01 -7.7277710e-01 -2.4569579e-02
    outer loop
      vertex -4.0178254e-03 5.2361320e-03 1.6000000e-03
      vertex -3.6525686e-03 4.7601200e-03 2.6000000e-02
      vertex -3.9560749e-03 4.5110388e-03 2.6000000e-02
    endloop
  endfacet
  facet normal 6.3420177e-01 -7.7277710e-01 -2.4569579e-02
    outer loop
      vertex -4.0178254e-03 5.2361320e-03 1.6000000e-03
      vertex -3.9560749e-03 4.5110388e-03 2.6000000e-02
      vertex -4.3516824e-03 4.9621427e-03 1.6000000e-03
    endloop
  endfacet
  facet normal 6.8338594e-01 -7.2964374e-01 -2.4569579e-02
    outer loop
      vertex -4.3516824e-03 4.9621427e-03 1.6000000e-03
      vertex -3.9560749e-03 4.5110388e-03 2.6000000e-02
      vertex -4.2426407e-03 4.2426407e-03 2.6000000e-02
    endloop
  endfacet
  facet normal 6.8338594e-01 -7.2964374e-01 -2.4569579e-02
    outer loop
      vertex -4.3516824e-03 4.9621427e-03 1.6000000e-03
      vertex -4.2426407e-03 4.2426407e-03 2.6000000e-02
      vertex -4.6669048e-03 4.6669048e-03 1.6000000e-03
    endloop
  endfacet
  facet normal 7.2964374e-01 -6.8338594e-01 -2.4569579e-02
    outer loop
      vertex -4.6669048e-03 4.6669048e-03 1.6000000e-03
      vertex -4.2426407e-03 4.2426407e-03 2.6000000e-02
      vertex -4.5110388e-03 3.9560749e-03 2.6000000e-02
    endloop
  endfacet
  facet normal 7.2964374e-01 -6.8338594e-01 -2.4569579e-02
    outer loop
      vertex -4.6669048e-03 4.6669048e-03 1.6000000e-03
      vertex -4.5110388e-03 3.9560749e-03 2.6000000e-02
      vertex -4.9621427e-03 4.3516824e-03 1.6000000e-03
    endloop
  endfacet
  facet normal 7.7277710e-01 -6.3420177e-01 -2.4569579e-02
    outer loop
      vertex -4.9621427e-03 4.3516824e-03 1.6000000e-03
      vertex -4.5110388e-03 3.9560749e-03 2.6000000e-02
      vertex -4.7601200e-03 3.6525686e-03 2.6000000e-02
    endloop
  endfacet
  facet normal 7.7277710e-01 -6.3420177e-01 -2.4569579e-02
    outer loop
      vertex -4.9621427e-03 4.3516824e-03 1.6000000e-03
      vertex -4.7601200e-03 3.6525686e-03 2.6000000e-02
      vertex -5.2361320e-03 4.0178254e-03 1.6000000e-03
    endloop
  endfacet
  facet normal 8.1260130e-01 -5.8230186e-01 -2.4569579e-02
    outer loop
      vertex -5.2361320e-03 4.0178254e-03 1.6000000e-03
      vertex -4.7601200e-03 3.6525686e-03 2.6000000e-02
      vertex -4.9888177e-03 3.3334214e-03 2.6000000e-02
    endloop
  endfacet
  facet normal 8.1260130e-01 -5.8230186e-01 -2.4569579e-02
    outer loop
      vertex -5.2361320e-03 4.0178254e-03 1.6000000e-03
      vertex -4.9888177e-03 3.3334214e-03 2.6000000e-02
      vertex -5.4876994e-03 3.6667635e-03 1.6000000e-03
    endloop
  endfacet
  facet normal 8.4894583e-01 -5.2790844e-01 -2.4569579e-02
    outer loop
      vertex -5.4876994e-03 3.6667635e-03 1.6000000e-03
      vertex -4.9888177e-03 3.3334214e-03 2.6000000e-02
      vertex -5.1961524e-03 3.0000000e-03 2.6000000e-02
    endloop
  endfacet
  facet normal 8.4894583e-01 -5.2790844e-01 -2.4569579e-02
    outer loop
      vertex -5.4876994e-03 3.6667635e-03 1.6000000e-03
      vertex -5.1961524e-03 3.0000000e-03 2.6000000e-02
      vertex -5.7157677e-03 3.3000000e-03 1.6000000e-03
    endloop
  endfacet
  facet normal 8.8165503e-01 -4.7125443e-01 -2.4569579e-02
    outer loop
      vertex -5.7157677e-03 3.3000000e-03 1.6000000e-03
      vertex -5.1961524e-03 3.0000000e-03 2.6000000e-02
      vertex -5.3812364e-03 2.6537321e-03 2.6000000e-02
    endloop
  endfacet
  facet normal 8.8165503e-01 -4.7125443e-01 -2.4569579e-02
    outer loop
      vertex -5.7157677e-03 3.3000000e-03 1.6000000e-03
      vertex -5.3812364e-03 2.6537321e-03 2.6000000e-02
      vertex -5.9193601e-03 2.9191054e-03 1.6000000e-03
    endloop
  endfacet
  facet normal 9.1058886e-01 -4.1258244e-01 -2.4569579e-02
    outer loop
      vertex -5.9193601e-03 2.9191054e-03 1.6000000e-03
      vertex -5.3812364e-03 2.6537321e-03 2.6000000e-02
      vertex -5.5432772e-03 2.2961006e-03 2.6000000e-02
    endloop
  endfacet
  facet normal 9.1058886e-01 -4.1258244e-01 -2.4569579e-02
    outer loop
      vertex -5.9193601e-03 2.9191054e-03 1.6000000e-03
      vertex -5.5432772e-03 2.2961006e-03 2.6000000e-02
      vertex -6.0976049e-03 2.5257107e-03 1.6000000e-03
    endloop
  endfacet
  facet normal 9.3562340e-01 -3.5214371e-01 -2.4569579e-02
    outer loop
      vertex -6.0976049e-03 2.5257107e-03 1.6000000e-03
      vertex -5.5432772e-03 2.2961006e-03 2.6000000e-02
      vertex -5.6815808e-03 1.9286368e-03 2.6000000e-02
    endloop
  endfacet
  facet normal 9.3562340e-01 -3.5214371e-01 -2.4569579e-02
    outer loop
      vertex -6.0976049e-03 2.5257107e-03 1.6000000e-03
      vertex -5.6815808e-03 1.9286368e-03 2.6000000e-02
      vertex -6.2497389e-03 2.1215005e-03 1.6000000e-03
    endloop
  endfacet
  facet normal 9.5665146e-01 -2.9019705e-01 -2.4569579e-02
    outer loop
      vertex -6.2497389e-03 2.1215005e-03 1.6000000e-03
      vertex -5.6815808e-03 1.9286368e-03 2.6000000e-02
      vertex -5.7955550e-03 1.5529143e-03 2.6000000e-02
    endloop
  endfacet
  facet normal 9.5665146e-01 -2.9019705e-01 -2.4569579e-02
    outer loop
      vertex -6.2497389e-03 2.1215005e-03 1.6000000e-03
      vertex -5.7955550e-03 1.5529143e-03 2.6000000e-02
      vertex -6.3751105e-03 1.7082057e-03 1.6000000e-03
    endloop
  endfacet
  facet normal 9.7358299e-01 -2.2700771e-01 -2.4569579e-02
    outer loop
      vertex -6.3751105e-03 1.7082057e-03 1.6000000e-03
      vertex -5.7955550e-03 1.5529143e-03 2.6000000e-02
      vertex -5.8847117e-03 1.1705419e-03 2.6000000e-02
    endloop
  endfacet
  facet normal 9.7358299e-01 -2.2700771e-01 -2.4569579e-02
    outer loop
      vertex -6.3751105e-03 1.7082057e-03 1.6000000e-03
      vertex -5.8847117e-03 1.1705419e-03 2.6000000e-02
      vertex -6.4731829e-03 1.2875961e-03 1.6000000e-03
    endloop
  endfacet
  facet normal 9.8634549e-01 -1.6284630e-01 -2.4569579e-02
    outer loop
      vertex -6.4731829e-03 1.2875961e-03 1.6000000e-03
      vertex -5.8847117e-03 1.1705419e-03 2.6000000e-02
      vertex -5.9486692e-03 7.8315715e-04 2.6000000e-02
    endloop
  endfacet
  facet normal 9.8634549e-01 -1.6284630e-01 -2.4569579e-02
    outer loop
      vertex -6.4731829e-03 1.2875961e-03 1.6000000e-03
      vertex -5.9486692e-03 7.8315715e-04 2.6000000e-02
      vertex -6.5435361e-03 8.6147287e-04 1.6000000e-03
    endloop
  endfacet
  facet normal 9.9488430e-01 -9.7987551e-02 -2.4569579e-02
    outer loop
      vertex -6.5435361e-03 8.6147287e-04 1.6000000e-03
      vertex -5.9486692e-03 7.8315715e-04 2.6000000e-02
      vertex -5.9871535e-03 3.9241878e-04 2.6000000e-02
    endloop
  endfacet
  facet normal 9.9488430e-01 -9.7987551e-02 -2.4569579e-02
    outer loop
      vertex -6.5435361e-03 8.6147287e-04 1.6000000e-03
      vertex -5.9871535e-03 3.9241878e-04 2.6000000e-02
      vertex -6.5858689e-03 4.3166065e-04 1.6000000e-03
    endloop
  endfacet
  facet normal 9.9916287e-01 -3.2709206e-02 -2.4569579e-02
    outer loop
      vertex -6.5858689e-03 4.3166065e-04 1.6000000e-03
      vertex -5.9871535e-03 3.9241878e-04 2.6000000e-02
      vertex -6.0000000e-03 7.3478808e-19 2.6000000e-02
    endloop
  endfacet
  facet normal 9.9916287e-01 -3.2709206e-02 -2.4569579e-02
    outer loop
      vertex -6.5858689e-03 4.3166065e-04 1.6000000e-03
      vertex -6.0000000e-03 7.3478808e-19 2.6000000e-02
      vertex -6.6000000e-03 8.0826689e-19 1.6000000e-03
    endloop
  endfacet
  facet normal 9.9916287e-01 3.2709206e-02 -2.4569579e-02
    outer loop
      vertex -6.6000000e-03 8.0826689e-19 1.6000000e-03
      vertex -6.0000000e-03 7.3478808e-19 2.6000000e-02
      vertex -5.9871535e-03 -3.9241878e-04 2.6000000e-02
    endloop
  endfacet
  facet normal 9.9916287e-01 3.2709206e-02 -2.4569579e-02
    outer loop
      vertex -6.6000000e-03 8.0826689e-19 1.6000000e-03
      vertex -5.9871535e-03 -3.9241878e-04 2.6000000e-02
      vertex -6.5858689e-03 -4.3166065e-04 1.6000000e-03
    endloop
  endfacet
  facet normal 9.9488430e-01 9.7987551e-02 -2.4569579e-02
    outer loop
      vertex -6.5858689e-03 -4.3166065e-04 1.6000000e-03
      vertex -5.9871535e-03 -3.9241878e-04 2.6000000e-02
      vertex -5.9486692e-03 -7.8315715e-04 2.6000000e-02
    endloop
  endfacet
  facet normal 9.9488430e-01 9.7987551e-02 -2.4569579e-02
    outer loop
      vertex -6.5858689e-03 -4.3166065e-04 1.6000000e-03
      vertex -5.9486692e-03 -7.8315715e-04 2.6000000e-02
      vertex -6.5435361e-03 -8.6147287e-04 1.6000000e-03
    endloop
  endfacet
  facet normal 9.8634549e-01 1.6284630e-01 -2.4569579e-02
    outer loop
      vertex -6.5435361e-03 -8.6147287e-04 1.6000000e-03
      vertex -5.9486692e-03 -7.8315715e-04 2.6000000e-02
      vertex -5.8847117e-03 -1.1705419e-03 2.6000000e-02
    endloop
  endfacet
  facet normal 9.8634549e-01 1.6284630e-01 -2.4569579e-02
    outer loop
      vertex -6.5435361e-03 -8.6147287e-04 1.6000000e-03
      vertex -5.8847117e-03 -1.1705419e-03 2.6000000e-02
      vertex -6.4731829e-03 -1.2875961e-03 1.6000000e-03
    endloop
  endfacet
  facet normal 9.7358299e-01 2.2700771e-01 -2.4569579e-02
    outer loop
      vertex -6.4731829e-03 -1.2875961e-03 1.6000000e-03
      vertex -5.8847117e-03 -1.1705419e-03 2.6000000e-02
      vertex -5.7955550e-03 -1.5529143e-03 2.6000000e-02
    endloop
  endfacet
  facet normal 9.7358299e-01 2.2700771e-01 -2.4569579e-02
    outer loop
      vertex -6.4731829e-03 -1.2875961e-03 1.6000000e-03
      vertex -5.7955550e-03 -1.5529143e-03 2.6000000e-02
      vertex -6.3751105e-03 -1.7082057e-03 1.6000000e-03
    endloop
  endfacet
  facet normal 9.5665146e-01 2.9019705e-01 -2.4569579e-02
    outer loop
      vertex -6.3751105e-03 -1.7082057e-03 1.6000000e-03
      vertex -5.7955550e-03 -1.5529143e-03 2.6000000e-02
      vertex -5.6815808e-03 -1.9286368e-03 2.6000000e-02
    endloop
  endfacet
  facet normal 9.5665146e-01 2.9019705e-01 -2.4569579e-02
    outer loop
      vertex -6.3751105e-03 -1.7082057e-03 1.6000000e-03
      vertex -5.6815808e-03 -1.9286368e-03 2.6000000e-02
      vertex -6.2497389e-03 -2.1215005e-03 1.6000000e-03
    endloop
  endfacet
  facet normal 9.3562340e-01 3.5214371e-01 -2.4569579e-02
    outer loop
      vertex -6.2497389e-03 -2.1215005e-03 1.6000000e-03
      vertex -5.6815808e-03 -1.9286368e-03 2.6000000e-02
      vertex -5.5432772e-03 -2.2961006e-03 2.6000000e-02
    endloop
  endfacet
  facet normal 9.3562340e-01 3.5214371e-01 -2.4569579e-02
    outer loop
      vertex -6.2497389e-03 -2.1215005e-03 1.6000000e-03
      vertex -5.5432772e-03 -2.2961006e-03 2.6000000e-02
      vertex -6.0976049e-03 -2.5257107e-03 1.6000000e-03
    endloop
  endfacet
  facet normal 9.1058886e-01 4.1258244e-01 -2.4569579e-02
    outer loop
      vertex -6.0976049e-03 -2.5257107e-03 1.6000000e-03
      vertex -5.5432772e-03 -2.2961006e-03 2.6000000e-02
      vertex -5.3812364e-03 -2.6537321e-03 2.6000000e-02
    endloop
  endfacet
  facet normal 9.1058886e-01 4.1258244e-01 -2.4569579e-02
    outer loop
      vertex -6.0976049e-03 -2.5257107e-03 1.6000000e-03
      vertex -5.3812364e-03 -2.6537321e-03 2.6000000e-02
      vertex -5.9193601e-03 -2.9191054e-03 1.6000000e-03
    endloop
  endfacet
  facet normal 8.8165503e-01 4.7125443e-01 -2.4569579e-02
    outer loop
      vertex -5.9193601e-03 -2.9191054e-03 1.6000000e-03
      vertex -5.3812364e-03 -2.6537321e-03 2.6000000e-02
      vertex -5.1961524e-03 -3.0000000e-03 2.6000000e-02
    endloop
  endfacet
  facet normal 8.8165503e-01 4.7125443e-01 -2.4569579e-02
    outer loop
      vertex -5.9193601e-03 -2.9191054e-03 1.6000000e-03
      vertex -5.1961524e-03 -3.0000000e-03 2.6000000e-02
      vertex -5.7157677e-03 -3.3000000e-03 1.6000000e-03
    endloop
  endfacet
  facet normal 8.4894583e-01 5.2790844e-01 -2.4569579e-02
    outer loop
      vertex -5.7157677e-03 -3.3000000e-03 1.6000000e-03
      vertex -5.1961524e-03 -3.0000000e-03 2.6000000e-02
      vertex -4.9888177e-03 -3.3334214e-03 2.6000000e-02
    endloop
  endfacet
  facet normal 8.4894583e-01 5.2790844e-01 -2.4569579e-02
    outer loop
      vertex -5.7157677e-03 -3.3000000e-03 1.6000000e-03
      vertex -4.9888177e-03 -3.3334214e-03 2.6000000e-02
      vertex -5.4876994e-03 -3.6667635e-03 1.6000000e-03
    endloop
  endfacet
  facet normal 8.1260130e-01 5.8230186e-01 -2.4569579e-02
    outer loop
      vertex -5.4876994e-03 -3.6667635e-03 1.6000000e-03
      vertex -4.9888177e-03 -3.3334214e-03 2.6000000e-02
      vertex -4.7601200e-03 -3.6525686e-03 2.6000000e-02
    endloop
  endfacet
  facet normal 8.1260130e-01 5.8230186e-01 -2.4569579e-02
    outer loop
      vertex -5.4876994e-03 -3.6667635e-03 1.6000000e-03
      vertex -4.7601200e-03 -3.6525686e-03 2.6000000e-02
      vertex -5.2361320e-03 -4.0178254e-03 1.6000000e-03
    endloop
  endfacet
  facet normal 7.7277710e-01 6.3420177e-01 -2.4569579e-02
    outer loop
      vertex -5.2361320e-03 -4.0178254e-03 1.6000000e-03
      vertex -4.7601200e-03 -3.6525686e-03 2.6000000e-02
      vertex -4.5110388e-03 -3.9560749e-03 2.6000000e-02
    endloop
  endfacet
  facet normal 7.7277710e-01 6.3420177e-01 -2.4569579e-02
    outer loop
      vertex -5.2361320e-03 -4.0178254e-03 1.6000000e-03
      vertex -4.5110388e-03 -3.9560749e-03 2.6000000e-02
      vertex -4.9621427e-03 -4.3516824e-03 1.6000000e-03
    endloop
  endfacet
  facet normal 7.2964374e-01 6.8338594e-01 -2.4569579e-02
    outer loop
      vertex -4.9621427e-03 -4.3516824e-03 1.6000000e-03
      vertex -4.5110388e-03 -3.9560749e-03 2.6000000e-02
      vertex -4.2426407e-03 -4.2426407e-03 2.6000000e-02
    endloop
  endfacet
  facet normal 7.2964374e-01 6.8338594e-01 -2.4569579e-02
    outer loop
      vertex -4.9621427e-03 -4.3516824e-03 1.6000000e-03
      vertex -4.2426407e-03 -4.2426407e-03 2.6000000e-02
      vertex -4.6669048e-03 -4.6669048e-03 1.6000000e-03
    endloop
  endfacet
  facet normal 6.8338594e-01 7.2964374e-01 -2.4569579e-02
    outer loop
      vertex -4.6669048e-03 -4.6669048e-03 1.6000000e-03
      vertex -4.2426407e-03 -4.2426407e-03 2.6000000e-02
      vertex -3.9560749e-03 -4.5110388e-03 2.6000000e-02
    endloop
  endfacet
  facet normal 6.8338594e-01 7.2964374e-01 -2.4569579e-02
    outer loop
      vertex -4.6669048e-03 -4.6669048e-03 1.6000000e-03
      vertex -3.9560749e-03 -4.5110388e-03 2.6000000e-02
      vertex -4.3516824e-03 -4.9621427e-03 1.6000000e-03
    endloop
  endfacet
  facet normal 6.3420177e-01 7.7277710e-01 -2.4569579e-02
    outer loop
      vertex -4.3516824e-03 -4.9621427e-03 1.6000000e-03
      vertex -3.9560749e-03 -4.5110388e-03 2.6000000e-02
      vertex -3.6525686e-03 -4.7601200e-03 2.6000000e-02
    endloop
  endfacet
  facet normal 6.3420177e-01 7.7277710e-01 -2.4569579e-02
    outer loop
      vertex -4.3516824e-03 -4.9621427e-03 1.6000000e-03
      vertex -3.6525686e-03 -4.7601200e-03 2.6000000e-02
      vertex -4.0178254e-03 -5.2361320e-03 1.6000000e-03
    endloop
  endfacet
  facet normal 5.8230186e-01 8.1260130e-01 -2.4569579e-02
    outer loop
      vertex -4.0178254e-03 -5.2361320e-03 1.6000000e-03
      vertex -3.6525686e-03 -4.7601200e-03 2.6000000e-02
      vertex -3.3334214e-03 -4.9888177e-03 2.6000000e-02
    endloop
  endfacet
  facet normal 5.8230186e-01 8.1260130e-01 -2.4569579e-02
    outer loop
      vertex -4.0178254e-03 -5.2361320e-03 1.6000000e-03
      vertex -3.3334214e-03 -4.9888177e-03 2.6000000e-02
      vertex -3.6667635e-03 -5.4876994e-03 1.6000000e-03
    endloop
  endfacet
  facet normal 5.2790844e-01 8.4894583e-01 -2.4569579e-02
    outer loop
      vertex -3.6667635e-03 -5.4876994e-03 1.6000000e-03
      vertex -3.3334214e-03 -4.9888177e-03 2.6000000e-02
      vertex -3.0000000e-03 -5.1961524e-03 2.6000000e-02
    endloop
  endfacet
  facet normal 5.2790844e-01 8.4894583e-01 -2.4569579e-02
    outer loop
      vertex -3.6667635e-03 -5.4876994e-03 1.6000000e-03
      vertex -3.0000000e-03 -5.1961524e-03 2.6000000e-02
      vertex -3.3000000e-03 -5.7157677e-03 1.6000000e-03
    endloop
  endfacet
  facet normal 4.7125443e-01 8.8165503e-01 -2.4569579e-02
    outer loop
      vertex -3.3000000e-03 -5.7157677e-03 1.6000000e-03
      vertex -3.0000000e-03 -5.1961524e-03 2.6000000e-02
      vertex -2.6537321e-03 -5.3812364e-03 2.6000000e-02
    endloop
  endfacet
  facet normal 4.7125443e-01 8.8165503e-01 -2.4569579e-02
    outer loop
      vertex -3.3000000e-03 -5.7157677e-03 1.6000000e-03
      vertex -2.6537321e-03 -5.3812364e-03 2.6000000e-02
      vertex -2.9191054e-03 -5.9193601e-03 1.6000000e-03
    endloop
  endfacet
  facet normal 4.1258244e-01 9.1058886e-01 -2.4569579e-02
    outer loop
      vertex -2.9191054e-03 -5.9193601e-03 1.6000000e-03
      vertex -2.6537321e-03 -5.3812364e-03 2.6000000e-02
      vertex -2.2961006e-03 -5.5432772e-03 2.6000000e-02
    endloop
  endfacet
  facet normal 4.1258244e-01 9.1058886e-01 -2.4569579e-02
    outer loop
      vertex -2.9191054e-03 -5.9193601e-03 1.6000000e-03
      vertex -2.2961006e-03 -5.5432772e-03 2.6000000e-02
      vertex -2.5257107e-03 -6.0976049e-03 1.6000000e-03
    endloop
  endfacet
  facet normal 3.5214371e-01 9.3562340e-01 -2.4569579e-02
    outer loop
      vertex -2.5257107e-03 -6.0976049e-03 1.6000000e-03
      vertex -2.2961006e-03 -5.5432772e-03 2.6000000e-02
      vertex -1.9286368e-03 -5.6815808e-03 2.6000000e-02
    endloop
  endfacet
  facet normal 3.5214371e-01 9.3562340e-01 -2.4569579e-02
    outer loop
      vertex -2.5257107e-03 -6.0976049e-03 1.6000000e-03
      vertex -1.9286368e-03 -5.6815808e-03 2.6000000e-02
      vertex -2.1215005e-03 -6.2497389e-03 1.6000000e-03
    endloop
  endfacet
  facet normal 2.9019705e-01 9.5665146e-01 -2.4569579e-02
    outer loop
      vertex -2.1215005e-03 -6.2497389e-03 1.6000000e-03
      vertex -1.9286368e-03 -5.6815808e-03 2.6000000e-02
      vertex -1.5529143e-03 -5.7955550e-03 2.6000000e-02
    endloop
  endfacet
  facet normal 2.9019705e-01 9.5665146e-01 -2.4569579e-02
    outer loop
      vertex -2.1215005e-03 -6.2497389e-03 1.6000000e-03
      vertex -1.5529143e-03 -5.7955550e-03 2.6000000e-02
      vertex -1.7082057e-03 -6.3751105e-03 1.6000000e-03
    endloop
  endfacet
  facet normal 2.2700771e-01 9.7358299e-01 -2.4569579e-02
    outer loop
      vertex -1.7082057e-03 -6.3751105e-03 1.6000000e-03
      vertex -1.5529143e-03 -5.7955550e-03 2.6000000e-02
      vertex -1.1705419e-03 -5.8847117e-03 2.6000000e-02
    endloop
  endfacet
  facet normal 2.2700771e-01 9.7358299e-01 -2.4569579e-02
    outer loop
      vertex -1.7082057e-03 -6.3751105e-03 1.6000000e-03
      vertex -1.1705419e-03 -5.8847117e-03 2.6000000e-02
      vertex -1.2875961e-03 -6.4731829e-03 1.6000000e-03
    endloop
  endfacet
  facet normal 1.6284630e-01 9.8634549e-01 -2.4569579e-02
    outer loop
      vertex -1.2875961e-03 -6.4731829e-03 1.6000000e-03
      vertex -1.1705419e-03 -5.8847117e-03 2.6000000e-02
      vertex -7.8315715e-04 -5.9486692e-03 2.6000000e-02
    endloop
  endfacet
  facet normal 1.6284630e-01 9.8634549e-01 -2.4569579e-02
    outer loop
      vertex -1.2875961e-03 -6.4731829e-03 1.6000000e-03
      vertex -7.8315715e-04 -5.9486692e-03 2.6000000e-02
      vertex -8.6147287e-04 -6.5435361e-03 1.6000000e-03
    endloop
  endfacet
  facet normal 9.7987551e-02 9.9488430e-01 -2.4569579e-02
    outer loop
      vertex -8.6147287e-04 -6.5435361e-03 1.6000000e-03
      vertex -7.8315715e-04 -5.9486692e-03 2.6000000e-02
      vertex -3.9241878e-04 -5.9871535e-03 2.6000000e-02
    endloop
  endfacet
  facet normal 9.7987551e-02 9.9488430e-01 -2.4569579e-02
    outer loop
      vertex -8.6147287e-04 -6.5435361e-03 1.6000000e-03
      vertex -3.9241878e-04 -5.9871535e-03 2.6000000e-02
      vertex -4.3166065e-04 -6.5858689e-03 1.6000000e-03
    endloop
  endfacet
  facet normal 3.2709206e-02 9.9916287e-01 -2.4569579e-02
    outer loop
      vertex -4.3166065e-04 -6.5858689e-03 1.6000000e-03
      vertex -3.9241878e-04 -5.9871535e-03 2.6000000e-02
      vertex -1.1021821e-18 -6.0000000e-03 2.6000000e-02
    endloop
  endfacet
  facet normal 3.2709206e-02 9.9916287e-01 -2.4569579e-02
    outer loop
      vertex -4.3166065e-04 -6.5858689e-03 1.6000000e-03
      vertex -1.1021821e-18 -6.0000000e-03 2.6000000e-02
      vertex -1.2124003e-18 -6.6000000e-03 1.6000000e-03
    endloop
  endfacet
  facet normal -3.2709206e-02 9.9916287e-01 -2.4569579e-02
    outer loop
      vertex -1.2124003e-18 -6.6000000e-03 1.6000000e-03
      vertex -1.1021821e-18 -6.0000000e-03 2.6000000e-02
      vertex 3.9241878e-04 -5.9871535e-03 2.6000000e-02
    endloop
  endfacet
  facet normal -3.2709206e-02 9.9916287e-01 -2.4569579e-02
    outer loop
      vertex -1.2124003e-18 -6.6000000e-03 1.6000000e-03
      vertex 3.9241878e-04 -5.9871535e-03 2.6000000e-02
      vertex 4.3166065e-04 -6.5858689e-03 1.6000000e-03
    endloop
  endfacet
  facet normal -9.7987551e-02 9.9488430e-01 -2.4569579e-02
    outer loop
      vertex 4.3166065e-04 -6.5858689e-03 1.6000000e-03
      vertex 3.9241878e-04 -5.9871535e-03 2.6000000e-02
      vertex 7.8315715e-04 -5.9486692e-03 2.6000000e-02
    endloop
  endfacet
  facet normal -9.7987551e-02 9.9488430e-01 -2.4569579e-02
    outer loop
      vertex 4.3166065e-04 -6.5858689e-03 1.6000000e-03
      vertex 7.8315715e-04 -5.9486692e-03 2.6000000e-02
      vertex 8.6147287e-04 -6.5435361e-03 1.6000000e-03
    endloop
  endfacet
  facet normal -1.6284630e-01 9.8634549e-01 -2.4569579e-02
    outer loop
      vertex 8.6147287e-04 -6.5435361e-03 1.6000000e-03
      vertex 7.8315715e-04 -5.9486692e-03 2.6000000e-02
      vertex 1.1705419e-03 -5.8847117e-03 2.6000000e-02
    endloop
  endfacet
  facet normal -1.6284630e-01 9.8634549e-01 -2.4569579e-02
    outer loop
      vertex 8.6147287e-04 -6.5435361e-03 1.6000000e-03
      vertex 1.1705419e-03 -5.8847117e-03 2.6000000e-02
      vertex 1.2875961e-03 -6.4731829e-03 1.6000000e-03
    endloop
  endfacet
  facet normal -2.2700771e-01 9.7358299e-01 -2.4569579e-02
    outer loop
      vertex 1.2875961e-03 -6.4731829e-03 1.6000000e-03
      vertex 1.1705419e-03 -5.8847117e-03 2.6000000e-02
      vertex 1.5529143e-03 -5.7955550e-03 2.6000000e-02
    endloop
  endfacet
  facet normal -2.2700771e-01 9.7358299e-01 -2.4569579e-02
    outer loop
      vertex 1.2875961e-03 -6.4731829e-03 1.6000000e-03
      vertex 1.5529143e-03 -5.7955550e-03 2.6000000e-02
      vertex 1.7082057e-03 -6.3751105e-03 1.6000000e-03
    endloop
  endfacet
  facet normal -2.9019705e-01 9.5665146e-01 -2.4569579e-02
    outer loop
      vertex 1.7082057e-03 -6.3751105e-03 1.6000000e-03
      vertex 1.5529143e-03 -5.7955550e-03 2.6000000e-02
      vertex 1.9286368e-03 -5.6815808e-03 2.6000000e-02
    endloop
  endfacet
  facet normal -2.9019705e-01 9.5665146e-01 -2.4569579e-02
    outer loop
      vertex 1.7082057e-03 -6.3751105e-03 1.6000000e-03
      vertex 1.9286368e-03 -5.6815808e-03 2.6000000e-02
      vertex 2.1215005e-03 -6.2497389e-03 1.6000000e-03
    endloop
  endfacet
  facet normal -3.5214371e-01 9.3562340e-01 -2.4569579e-02
    outer loop
      vertex 2.1215005e-03 -6.2497389e-03 1.6000000e-03
      vertex 1.9286368e-03 -5.6815808e-03 2.6000000e-02
      vertex 2.2961006e-03 -5.5432772e-03 2.6000000e-02
    endloop
  endfacet
  facet normal -3.5214371e-01 9.3562340e-01 -2.4569579e-02
    outer loop
      vertex 2.1215005e-03 -6.2497389e-03 1.6000000e-03
      vertex 2.2961006e-03 -5.5432772e-03 2.6000000e-02
      vertex 2.5257107e-03 -6.0976049e-03 1.6000000e-03
    endloop
  endfacet
  facet normal -4.1258244e-01 9.1058886e-01 -2.4569579e-02
    outer loop
      vertex 2.5257107e-03 -6.0976049e-03 1.6000000e-03
      vertex 2.2961006e-03 -5.5432772e-03 2.6000000e-02
      vertex 2.6537321e-03 -5.3812364e-03 2.6000000e-02
    endloop
  endfacet
  facet normal -4.1258244e-01 9.1058886e-01 -2.4569579e-02
    outer loop
      vertex 2.5257107e-03 -6.0976049e-03 1.6000000e-03
      vertex 2.6537321e-03 -5.3812364e-03 2.6000000e-02
      vertex 2.9191054e-03 -5.9193601e-03 1.6000000e-03
    endloop
  endfacet
  facet normal -4.7125443e-01 8.8165503e-01 -2.4569579e-02
    outer loop
      vertex 2.9191054e-03 -5.9193601e-03 1.6000000e-03
      vertex 2.6537321e-03 -5.3812364e-03 2.6000000e-02
      vertex 3.0000000e-03 -5.1961524e-03 2.6000000e-02
    endloop
  endfacet
  facet normal -4.7125443e-01 8.8165503e-01 -2.4569579e-02
    outer loop
      vertex 2.9191054e-03 -5.9193601e-03 1.6000000e-03
      vertex 3.0000000e-03 -5.1961524e-03 2.6000000e-02
      vertex 3.3000000e-03 -5.7157677e-03 1.6000000e-03
    endloop
  endfacet
  facet normal -5.2790844e-01 8.4894583e-01 -2.4569579e-02
    outer loop
      vertex 3.3000000e-03 -5.7157677e-03 1.6000000e-03
      vertex 3.0000000e-03 -5.1961524e-03 2.6000000e-02
      vertex 3.3334214e-03 -4.9888177e-03 2.6000000e-02
    endloop
  endfacet
  facet normal -5.2790844e-01 8.4894583e-01 -2.4569579e-02
    outer loop
      vertex 3.3000000e-03 -5.7157677e-03 1.6000000e-03
      vertex 3.3334214e-03 -4.9888177e-03 2.6000000e-02
      vertex 3.6667635e-03 -5.4876994e-03 1.6000000e-03
    endloop
  endfacet
  facet normal -5.8230186e-01 8.1260130e-01 -2.4569579e-02
    outer loop
      vertex 3.6667635e-03 -5.4876994e-03 1.6000000e-03
      vertex 3.3334214e-03 -4.9888177e-03 2.6000000e-02
      vertex 3.6525686e-03 -4.7601200e-03 2.6000000e-02
    endloop
  endfacet
  facet normal -5.8230186e-01 8.1260130e-01 -2.4569579e-02
    outer loop
      vertex 3.6667635e-03 -5.4876994e-03 1.6000000e-03
      vertex 3.6525686e-03 -4.7601200e-03 2.6000000e-02
      vertex 4.0178254e-03 -5.2361320e-03 1.6000000e-03
    endloop
  endfacet
  facet normal -6.3420177e-01 7.7277710e-01 -2.4569579e-02
    outer loop
      vertex 4.0178254e-03 -5.2361320e-03 1.6000000e-03
      vertex 3.6525686e-03 -4.7601200e-03 2.6000000e-02
      vertex 3.9560749e-03 -4.5110388e-03 2.6000000e-02
    endloop
  endfacet
  facet normal -6.3420177e-01 7.7277710e-01 -2.4569579e-02
    outer loop
      vertex 4.0178254e-03 -5.2361320e-03 1.6000000e-03
      vertex 3.9560749e-03 -4.5110388e-03 2.6000000e-02
      vertex 4.3516824e-03 -4.9621427e-03 1.6000000e-03
    endloop
  endfacet
  facet normal -6.8338594e-01 7.2964374e-01 -2.4569579e-02
    outer loop
      vertex 4.3516824e-03 -4.9621427e-03 1.6000000e-03
      vertex 3.9560749e-03 -4.5110388e-03 2.6000000e-02
      vertex 4.2426407e-03 -4.2426407e-03 2.6000000e-02
    endloop
  endfacet
  facet normal -6.8338594e-01 7.2964374e-01 -2.4569579e-02
    outer loop
      vertex 4.3516824e-03 -4.9621427e-03 1.6000000e-03
      vertex 4.2426407e-03 -4.2426407e-03 2.6000000e-02
      vertex 4.6669048e-03 -4.6669048e-03 1.6000000e-03
    endloop
  endfacet
  facet normal -7.2964374e-01 6.8338594e-01 -2.4569579e-02
    outer loop
      vertex 4.6669048e-03 -4.6669048e-03 1.6000000e-03
      vertex 4.2426407e-03 -4.2426407e-03 2.6000000e-02
      vertex 4.5110388e-03 -3.9560749e-03 2.6000000e-02
    endloop
  endfacet
  facet normal -7.2964374e-01 6.8338594e-01 -2.4569579e-02
    outer loop
      vertex 4.6669048e-03 -4.6669048e-03 1.6000000e-03
      vertex 4.5110388e-03 -3.9560749e-03 2.6000000e-02
      vertex 4.9621427e-03 -4.3516824e-03 1.6000000e-03
    endloop
  endfacet
  facet normal -7.7277710e-01 6.3420177e-01 -2.4569579e-02
    outer loop
      vertex 4.9621427e-03 -4.3516824e-03 1.6000000e-03
      vertex 4.5110388e-03 -3.9560749e-03 2.6000000e-02
      vertex 4.7601200e-03 -3.6525686e-03 2.6000000e-02
    endloop
  endfacet
  facet normal -7.7277710e-01 6.3420177e-01 -2.4569579e-02
    outer loop
      vertex 4.9621427e-03 -4.3516824e-03 1.6000000e-03
      vertex 4.7601200e-03 -3.6525686e-03 2.6000000e-02
      vertex 5.2361320e-03 -4.0178254e-03 1.6000000e-03
    endloop
  endfacet
  facet normal -8.1260130e-01 5.8230186e-01 -2.4569579e-02
    outer loop
      vertex 5.2361320e-03 -4.0178254e-03 1.6000000e-03
      vertex 4.7601200e-03 -3.6525686e-03 2.6000000e-02
      vertex 4.9888177e-03 -3.3334214e-03 2.6000000e-02
    endloop
  endfacet
  facet normal -8.1260130e-01 5.8230186e-01 -2.4569579e-02
    outer loop
      vertex 5.2361320e-03 -4.0178254e-03 1.6000000e-03
      vertex 4.9888177e-03 -3.3334214e-03 2.6000000e-02
      vertex 5.4876994e-03 -3.6667635e-03 1.6000000e-03
    endloop
  endfacet
  facet normal -8.4894583e-01 5.2790844e-01 -2.4569579e-02
    outer loop
      vertex 5.4876994e-03 -3.6667635e-03 1.6000000e-03
      vertex 4.9888177e-03 -3.3334214e-03 2.6000000e-02
      vertex 5.1961524e-03 -3.0000000e-03 2.6000000e-02
    endloop
  endfacet
  facet normal -8.4894583e-01 5.2790844e-01 -2.4569579e-02
    outer loop
      vertex 5.4876994e-03 -3.6667635e-03 1.6000000e-03
      vertex 5.1961524e-03 -3.0000000e-03 2.6000000e-02
      vertex 5.7157677e-03 -3.3000000e-03 1.6000000e-03
    endloop
  endfacet
  facet normal -8.8165503e-01 4.7125443e-01 -2.4569579e-02
    outer loop
      vertex 5.7157677e-03 -3.3000000e-03 1.6000000e-03
      vertex 5.1961524e-03 -3.0000000e-03 2.6000000e-02
      vertex 5.3812364e-03 -2.6537321e-03 2.6000000e-02
    endloop
  endfacet
  facet normal -8.8165503e-01 4.7125443e-01 -2.4569579e-02
    outer loop
      vertex 5.7157677e-03 -3.3000000e-03 1.6000000e-03
      vertex 5.3812364e-03 -2.6537321e-03 2.6000000e-02
      vertex 5.9193601e-03 -2.9191054e-03 1.6000000e-03
    endloop
  endfacet
  facet normal -9.1058886e-01 4.1258244e-01 -2.4569579e-02
    outer loop
      vertex 5.9193601e-03 -2.9191054e-03 1.6000000e-03
      vertex 5.3812364e-03 -2.6537321e-03 2.6000000e-02
      vertex 5.5432772e-03 -2.2961006e-03 2.6000000e-02
    endloop
  endfacet
  facet normal -9.1058886e-01 4.1258244e-01 -2.4569579e-02
    outer loop
      vertex 5.9193601e-03 -2.9191054e-03 1.6000000e-03
      vertex 5.5432772e-03 -2.2961006e-03 2.6000000e-02
      vertex 6.0976049e-03 -2.5257107e-03 1.6000000e-03
    endloop
  endfacet
  facet normal -9.3562340e-01 3.5214371e-01 -2.4569579e-02
    outer loop
      vertex 6.0976049e-03 -2.5257107e-03 1.6000000e-03
      vertex 5.5432772e-03 -2.2961006e-03 2.6000000e-02
      vertex 5.6815808e-03 -1.9286368e-03 2.6000000e-02
    endloop
  endfacet
  facet normal -9.3562340e-01 3.5214371e-01 -2.4569579e-02
    outer loop
      vertex 6.0976049e-03 -2.5257107e-03 1.6000000e-03
      vertex 5.6815808e-03 -1.9286368e-03 2.6000000e-02
      vertex 6.2497389e-03 -2.1215005e-03 1.6000000e-03
    endloop
  endfacet
  facet normal -9.5665146e-01 2.9019705e-01 -2.4569579e-02
    outer loop
      vertex 6.2497389e-03 -2.1215005e-03 1.6000000e-03
      vertex 5.6815808e-03 -1.9286368e-03 2.6000000e-02
      vertex 5.7955550e-03 -1.5529143e-03 2.6000000e-02
    endloop
  endfacet
  facet normal -9.5665146e-01 2.9019705e-01 -2.4569579e-02
    outer loop
      vertex 6.2497389e-03 -2.1215005e-03 1.6000000e-03
      vertex 5.7955550e-03 -1.5529143e-03 2.6000000e-02
      vertex 6.3751105e-03 -1.7082057e-03 1.6000000e-03
    endloop
  endfacet
  facet normal -9.7358299e-01 2.2700771e-01 -2.4569579e-02
    outer loop
      vertex 6.3751105e-03 -1.7082057e-03 1.6000000e-03
      vertex 5.7955550e-03 -1.5529143e-03 2.6000000e-02
      vertex 5.8847117e-03 -1.1705419e-03 2.6000000e-02
    endloop
  endfacet
  facet normal -9.7358299e-01 2.2700771e-01 -2.4569579e-02
    outer loop
      vertex 6.3751105e-03 -1.7082057e-03 1.6000000e-03
      vertex 5.8847117e-03 -1.1705419e-03 2.6000000e-02
      vertex 6.4731829e-03 -1.2875961e-03 1.6000000e-03
    endloop
  endfacet
  facet normal -9.8634549e-01 1.6284630e-01 -2.4569579e-02
    outer loop
      vertex 6.4731829e-03 -1.2875961e-03 1.6000000e-03
      vertex 5.8847117e-03 -1.1705419e-03 2.6000000e-02
      vertex 5.9486692e-03 -7.8315715e-04 2.6000000e-02
    endloop
  endfacet
  facet normal -9.8634549e-01 1.6284630e-01 -2.4569579e-02
    outer loop
      vertex 6.4731829e-03 -1.2875961e-03 1.6000000e-03
      vertex 5.9486692e-03 -7.8315715e-04 2.6000000e-02
      vertex 6.5435361e-03 -8.6147287e-04 1.6000000e-03
    endloop
  endfacet
  facet normal -9.9488430e-01 9.7987551e-02 -2.4569579e-02
    outer loop
      vertex 6.5435361e-03 -8.6147287e-04 1.6000000e-03
      vertex 5.9486692e-03 -7.8315715e-04 2.6000000e-02
      vertex 5.9871535e-03 -3.9241878e-04 2.6000000e-02
    endloop
  endfacet
  facet normal -9.9488430e-01 9.7987551e-02 -2.4569579e-02
    outer loop
      vertex 6.5435361e-03 -8.6147287e-04 1.6000000e-03
      vertex 5.9871535e-03 -3.9241878e-04 2.6000000e-02
      vertex 6.5858689e-03 -4.3166065e-04 1.6000000e-03
    endloop
  endfacet
  facet normal -9.9916287e-01 3.2709206e-02 -2.4569579e-02
    outer loop
      vertex 6.5858689e-03 -4.3166065e-04 1.6000000e-03
      vertex 5.9871535e-03 -3.9241878e-04 2.6000000e-02
      vertex 6.0000000e-03 -1.4695762e-18 2.6000000e-02
    endloop
  endfacet
  facet normal -9.9916287e-01 3.2709206e-02 -2.4569579e-02
    outer loop
      vertex 6.5858689e-03 -4.3166065e-04 1.6000000e-03
      vertex 6.0000000e-03 -1.4695762e-18 2.6000000e-02
      vertex 6.6000000e-03 -1.6165338e-18 1.6000000e-03
    endloop
  endfacet
  facet normal -9.9628496e-01 -3.2614993e-02 -7.9702797e-02
    outer loop
      vertex 6.0000000e-03 0.0000000e+00 2.6000000e-02
      vertex 5.8000000e-03 0.0000000e+00 2.8500000e-02
      vertex 5.7875818e-03 3.7933815e-04 2.8500000e-02
    endloop
  endfacet
  facet normal -9.9628496e-01 -3.2614993e-02 -7.9702797e-02
    outer loop
      vertex 6.0000000e-03 0.0000000e+00 2.6000000e-02
      vertex 5.7875818e-03 3.7933815e-04 2.8500000e-02
      vertex 5.9871535e-03 3.9241878e-04 2.6000000e-02
    endloop
  endfacet
  facet normal -9.9201872e-01 -9.7705316e-02 -7.9702797e-02
    outer loop
      vertex 5.9871535e-03 3.9241878e-04 2.6000000e-02
      vertex 5.7875818e-03 3.7933815e-04 2.8500000e-02
      vertex 5.7503802e-03 7.5705191e-04 2.8500000e-02
    endloop
  endfacet
  facet normal -9.9201872e-01 -9.7705316e-02 -7.9702797e-02
    outer loop
      vertex 5.9871535e-03 3.9241878e-04 2.6000000e-02
      vertex 5.7503802e-03 7.5705191e-04 2.8500000e-02
      vertex 5.9486692e-03 7.8315715e-04 2.6000000e-02
    endloop
  endfacet
  facet normal -9.8350450e-01 -1.6237725e-01 -7.9702797e-02
    outer loop
      vertex 5.9486692e-03 7.8315715e-04 2.6000000e-02
      vertex 5.7503802e-03 7.5705191e-04 2.8500000e-02
      vertex 5.6885546e-03 1.1315239e-03 2.8500000e-02
    endloop
  endfacet
  facet normal -9.8350450e-01 -1.6237725e-01 -7.9702797e-02
    outer loop
      vertex 5.9486692e-03 7.8315715e-04 2.6000000e-02
      vertex 5.6885546e-03 1.1315239e-03 2.8500000e-02
      vertex 5.8847117e-03 1.1705419e-03 2.6000000e-02
    endloop
  endfacet
  facet normal -9.7077876e-01 -2.2635386e-01 -7.9702797e-02
    outer loop
      vertex 5.8847117e-03 1.1705419e-03 2.6000000e-02
      vertex 5.6885546e-03 1.1315239e-03 2.8500000e-02
      vertex 5.6023698e-03 1.5011505e-03 2.8500000e-02
    endloop
  endfacet
  facet normal -9.7077876e-01 -2.2635386e-01 -7.9702797e-02
    outer loop
      vertex 5.8847117e-03 1.1705419e-03 2.6000000e-02
      vertex 5.6023698e-03 1.5011505e-03 2.8500000e-02
      vertex 5.7955550e-03 1.5529143e-03 2.6000000e-02
    endloop
  endfacet
  facet normal -9.5389599e-01 -2.8936119e-01 -7.9702797e-02
    outer loop
      vertex 5.7955550e-03 1.5529143e-03 2.6000000e-02
      vertex 5.6023698e-03 1.5011505e-03 2.8500000e-02
      vertex 5.4921948e-03 1.8643489e-03 2.8500000e-02
    endloop
  endfacet
  facet normal -9.5389599e-01 -2.8936119e-01 -7.9702797e-02
    outer loop
      vertex 5.7955550e-03 1.5529143e-03 2.6000000e-02
      vertex 5.4921948e-03 1.8643489e-03 2.8500000e-02
      vertex 5.6815808e-03 1.9286368e-03 2.6000000e-02
    endloop
  endfacet
  facet normal -9.3292850e-01 -3.5112942e-01 -7.9702797e-02
    outer loop
      vertex 5.6815808e-03 1.9286368e-03 2.6000000e-02
      vertex 5.4921948e-03 1.8643489e-03 2.8500000e-02
      vertex 5.3585013e-03 2.2195639e-03 2.8500000e-02
    endloop
  endfacet
  facet normal -9.3292850e-01 -3.5112942e-01 -7.9702797e-02
    outer loop
      vertex 5.6815808e-03 1.9286368e-03 2.6000000e-02
      vertex 5.3585013e-03 2.2195639e-03 2.8500000e-02
      vertex 5.5432772e-03 2.2961006e-03 2.6000000e-02
    endloop
  endfacet
  facet normal -9.0796607e-01 -4.1139407e-01 -7.9702797e-02
    outer loop
      vertex 5.5432772e-03 2.2961006e-03 2.6000000e-02
      vertex 5.3585013e-03 2.2195639e-03 2.8500000e-02
      vertex 5.2018619e-03 2.5652744e-03 2.8500000e-02
    endloop
  endfacet
  facet normal -9.0796607e-01 -4.1139407e-01 -7.9702797e-02
    outer loop
      vertex 5.5432772e-03 2.2961006e-03 2.6000000e-02
      vertex 5.2018619e-03 2.5652744e-03 2.8500000e-02
      vertex 5.3812364e-03 2.6537321e-03 2.6000000e-02
    endloop
  endfacet
  facet normal -8.7911558e-01 -4.6989707e-01 -7.9702797e-02
    outer loop
      vertex 5.3812364e-03 2.6537321e-03 2.6000000e-02
      vertex 5.2018619e-03 2.5652744e-03 2.8500000e-02
      vertex 5.0229473e-03 2.9000000e-03 2.8500000e-02
    endloop
  endfacet
  facet normal -8.7911558e-01 -4.6989707e-01 -7.9702797e-02
    outer loop
      vertex 5.3812364e-03 2.6537321e-03 2.6000000e-02
      vertex 5.0229473e-03 2.9000000e-03 2.8500000e-02
      vertex 5.1961524e-03 3.0000000e-03 2.6000000e-02
    endloop
  endfacet
  facet normal -8.4650059e-01 -5.2638789e-01 -7.9702797e-02
    outer loop
      vertex 5.1961524e-03 3.0000000e-03 2.6000000e-02
      vertex 5.0229473e-03 2.9000000e-03 2.8500000e-02
      vertex 4.8225238e-03 3.2223074e-03 2.8500000e-02
    endloop
  endfacet
  facet normal -8.4650059e-01 -5.2638789e-01 -7.9702797e-02
    outer loop
      vertex 5.1961524e-03 3.0000000e-03 2.6000000e-02
      vertex 4.8225238e-03 3.2223074e-03 2.8500000e-02
      vertex 4.9888177e-03 3.3334214e-03 2.6000000e-02
    endloop
  endfacet
  facet normal -8.1026075e-01 -5.8062464e-01 -7.9702797e-02
    outer loop
      vertex 4.9888177e-03 3.3334214e-03 2.6000000e-02
      vertex 4.8225238e-03 3.2223074e-03 2.8500000e-02
      vertex 4.6014494e-03 3.5308163e-03 2.8500000e-02
    endloop
  endfacet
  facet normal -8.1026075e-01 -5.8062464e-01 -7.9702797e-02
    outer loop
      vertex 4.9888177e-03 3.3334214e-03 2.6000000e-02
      vertex 4.6014494e-03 3.5308163e-03 2.8500000e-02
      vertex 4.7601200e-03 3.6525686e-03 2.6000000e-02
    endloop
  endfacet
  facet normal -7.7055125e-01 -6.3237507e-01 -7.9702797e-02
    outer loop
      vertex 4.7601200e-03 3.6525686e-03 2.6000000e-02
      vertex 4.6014494e-03 3.5308163e-03 2.8500000e-02
      vertex 4.3606709e-03 3.8242057e-03 2.8500000e-02
    endloop
  endfacet
  facet normal -7.7055125e-01 -6.3237507e-01 -7.9702797e-02
    outer loop
      vertex 4.7601200e-03 3.6525686e-03 2.6000000e-02
      vertex 4.3606709e-03 3.8242057e-03 2.8500000e-02
      vertex 4.5110388e-03 3.9560749e-03 2.6000000e-02
    endloop
  endfacet
  facet normal -7.2754214e-01 -6.8141757e-01 -7.9702797e-02
    outer loop
      vertex 4.5110388e-03 3.9560749e-03 2.6000000e-02
      vertex 4.3606709e-03 3.8242057e-03 2.8500000e-02
      vertex 4.1012193e-03 4.1012193e-03 2.8500000e-02
    endloop
  endfacet
  facet normal -7.2754214e-01 -6.8141757e-01 -7.9702797e-02
    outer loop
      vertex 4.5110388e-03 3.9560749e-03 2.6000000e-02
      vertex 4.1012193e-03 4.1012193e-03 2.8500000e-02
      vertex 4.2426407e-03 4.2426407e-03 2.6000000e-02
    endloop
  endfacet
  facet normal -6.8141757e-01 -7.2754214e-01 -7.9702797e-02
    outer loop
      vertex 4.2426407e-03 4.2426407e-03 2.6000000e-02
      vertex 4.1012193e-03 4.1012193e-03 2.8500000e-02
      vertex 3.8242057e-03 4.3606709e-03 2.8500000e-02
    endloop
  endfacet
  facet normal -6.8141757e-01 -7.2754214e-01 -7.9702797e-02
    outer loop
      vertex 4.2426407e-03 4.2426407e-03 2.6000000e-02
      vertex 3.8242057e-03 4.3606709e-03 2.8500000e-02
      vertex 3.9560749e-03 4.5110388e-03 2.6000000e-02
    endloop
  endfacet
  facet normal -6.3237507e-01 -7.7055125e-01 -7.9702797e-02
    outer loop
      vertex 3.9560749e-03 4.5110388e-03 2.6000000e-02
      vertex 3.8242057e-03 4.3606709e-03 2.8500000e-02
      vertex 3.5308163e-03 4.6014494e-03 2.8500000e-02
    endloop
  endfacet
  facet normal -6.3237507e-01 -7.7055125e-01 -7.9702797e-02
    outer loop
      vertex 3.9560749e-03 4.5110388e-03 2.6000000e-02
      vertex 3.5308163e-03 4.6014494e-03 2.8500000e-02
      vertex 3.6525686e-03 4.7601200e-03 2.6000000e-02
    endloop
  endfacet
  facet normal -5.8062464e-01 -8.1026075e-01 -7.9702797e-02
    outer loop
      vertex 3.6525686e-03 4.7601200e-03 2.6000000e-02
      vertex 3.5308163e-03 4.6014494e-03 2.8500000e-02
      vertex 3.2223074e-03 4.8225238e-03 2.8500000e-02
    endloop
  endfacet
  facet normal -5.8062464e-01 -8.1026075e-01 -7.9702797e-02
    outer loop
      vertex 3.6525686e-03 4.7601200e-03 2.6000000e-02
      vertex 3.2223074e-03 4.8225238e-03 2.8500000e-02
      vertex 3.3334214e-03 4.9888177e-03 2.6000000e-02
    endloop
  endfacet
  facet normal -5.2638789e-01 -8.4650059e-01 -7.9702797e-02
    outer loop
      vertex 3.3334214e-03 4.9888177e-03 2.6000000e-02
      vertex 3.2223074e-03 4.8225238e-03 2.8500000e-02
      vertex 2.9000000e-03 5.0229473e-03 2.8500000e-02
    endloop
  endfacet
  facet normal -5.2638789e-01 -8.4650059e-01 -7.9702797e-02
    outer loop
      vertex 3.3334214e-03 4.9888177e-03 2.6000000e-02
      vertex 2.9000000e-03 5.0229473e-03 2.8500000e-02
      vertex 3.0000000e-03 5.1961524e-03 2.6000000e-02
    endloop
  endfacet
  facet normal -4.6989707e-01 -8.7911558e-01 -7.9702797e-02
    outer loop
      vertex 3.0000000e-03 5.1961524e-03 2.6000000e-02
      vertex 2.9000000e-03 5.0229473e-03 2.8500000e-02
      vertex 2.5652744e-03 5.2018619e-03 2.8500000e-02
    endloop
  endfacet
  facet normal -4.6989707e-01 -8.7911558e-01 -7.9702797e-02
    outer loop
      vertex 3.0000000e-03 5.1961524e-03 2.6000000e-02
      vertex 2.5652744e-03 5.2018619e-03 2.8500000e-02
      vertex 2.6537321e-03 5.3812364e-03 2.6000000e-02
    endloop
  endfacet
  facet normal -4.1139407e-01 -9.0796607e-01 -7.9702797e-02
    outer loop
      vertex 2.6537321e-03 5.3812364e-03 2.6000000e-02
      vertex 2.5652744e-03 5.2018619e-03 2.8500000e-02
      vertex 2.2195639e-03 5.3585013e-03 2.8500000e-02
    endloop
  endfacet
  facet normal -4.1139407e-01 -9.0796607e-01 -7.9702797e-02
    outer loop
      vertex 2.6537321e-03 5.3812364e-03 2.6000000e-02
      vertex 2.2195639e-03 5.3585013e-03 2.8500000e-02
      vertex 2.2961006e-03 5.5432772e-03 2.6000000e-02
    endloop
  endfacet
  facet normal -3.5112942e-01 -9.3292850e-01 -7.9702797e-02
    outer loop
      vertex 2.2961006e-03 5.5432772e-03 2.6000000e-02
      vertex 2.2195639e-03 5.3585013e-03 2.8500000e-02
      vertex 1.8643489e-03 5.4921948e-03 2.8500000e-02
    endloop
  endfacet
  facet normal -3.5112942e-01 -9.3292850e-01 -7.9702797e-02
    outer loop
      vertex 2.2961006e-03 5.5432772e-03 2.6000000e-02
      vertex 1.8643489e-03 5.4921948e-03 2.8500000e-02
      vertex 1.9286368e-03 5.6815808e-03 2.6000000e-02
    endloop
  endfacet
  facet normal -2.8936119e-01 -9.5389599e-01 -7.9702797e-02
    outer loop
      vertex 1.9286368e-03 5.6815808e-03 2.6000000e-02
      vertex 1.8643489e-03 5.4921948e-03 2.8500000e-02
      vertex 1.5011505e-03 5.6023698e-03 2.8500000e-02
    endloop
  endfacet
  facet normal -2.8936119e-01 -9.5389599e-01 -7.9702797e-02
    outer loop
      vertex 1.9286368e-03 5.6815808e-03 2.6000000e-02
      vertex 1.5011505e-03 5.6023698e-03 2.8500000e-02
      vertex 1.5529143e-03 5.7955550e-03 2.6000000e-02
    endloop
  endfacet
  facet normal -2.2635386e-01 -9.7077876e-01 -7.9702797e-02
    outer loop
      vertex 1.5529143e-03 5.7955550e-03 2.6000000e-02
      vertex 1.5011505e-03 5.6023698e-03 2.8500000e-02
      vertex 1.1315239e-03 5.6885546e-03 2.8500000e-02
    endloop
  endfacet
  facet normal -2.2635386e-01 -9.7077876e-01 -7.9702797e-02
    outer loop
      vertex 1.5529143e-03 5.7955550e-03 2.6000000e-02
      vertex 1.1315239e-03 5.6885546e-03 2.8500000e-02
      vertex 1.1705419e-03 5.8847117e-03 2.6000000e-02
    endloop
  endfacet
  facet normal -1.6237725e-01 -9.8350450e-01 -7.9702797e-02
    outer loop
      vertex 1.1705419e-03 5.8847117e-03 2.6000000e-02
      vertex 1.1315239e-03 5.6885546e-03 2.8500000e-02
      vertex 7.5705191e-04 5.7503802e-03 2.8500000e-02
    endloop
  endfacet
  facet normal -1.6237725e-01 -9.8350450e-01 -7.9702797e-02
    outer loop
      vertex 1.1705419e-03 5.8847117e-03 2.6000000e-02
      vertex 7.5705191e-04 5.7503802e-03 2.8500000e-02
      vertex 7.8315715e-04 5.9486692e-03 2.6000000e-02
    endloop
  endfacet
  facet normal -9.7705316e-02 -9.9201872e-01 -7.9702797e-02
    outer loop
      vertex 7.8315715e-04 5.9486692e-03 2.6000000e-02
      vertex 7.5705191e-04 5.7503802e-03 2.8500000e-02
      vertex 3.7933815e-04 5.7875818e-03 2.8500000e-02
    endloop
  endfacet
  facet normal -9.7705316e-02 -9.9201872e-01 -7.9702797e-02
    outer loop
      vertex 7.8315715e-04 5.9486692e-03 2.6000000e-02
      vertex 3.7933815e-04 5.7875818e-03 2.8500000e-02
      vertex 3.9241878e-04 5.9871535e-03 2.6000000e-02
    endloop
  endfacet
  facet normal -3.2614993e-02 -9.9628496e-01 -7.9702797e-02
    outer loop
      vertex 3.9241878e-04 5.9871535e-03 2.6000000e-02
      vertex 3.7933815e-04 5.7875818e-03 2.8500000e-02
      vertex 3.5514757e-19 5.8000000e-03 2.8500000e-02
    endloop
  endfacet
  facet normal -3.2614993e-02 -9.9628496e-01 -7.9702797e-02
    outer loop
      vertex 3.9241878e-04 5.9871535e-03 2.6000000e-02
      vertex 3.5514757e-19 5.8000000e-03 2.8500000e-02
      vertex 3.6739404e-19 6.0000000e-03 2.6000000e-02
    endloop
  endfacet
  facet normal 3.2614993e-02 -9.9628496e-01 -7.9702797e-02
    outer loop
      vertex 3.6739404e-19 6.0000000e-03 2.6000000e-02
      vertex 3.5514757e-19 5.8000000e-03 2.8500000e-02
      vertex -3.7933815e-04 5.7875818e-03 2.8500000e-02
    endloop
  endfacet
  facet normal 3.2614993e-02 -9.9628496e-01 -7.9702797e-02
    outer loop
      vertex 3.6739404e-19 6.0000000e-03 2.6000000e-02
      vertex -3.7933815e-04 5.7875818e-03 2.8500000e-02
      vertex -3.9241878e-04 5.9871535e-03 2.6000000e-02
    endloop
  endfacet
  facet normal 9.7705316e-02 -9.9201872e-01 -7.9702797e-02
    outer loop
      vertex -3.9241878e-04 5.9871535e-03 2.6000000e-02
      vertex -3.7933815e-04 5.7875818e-03 2.8500000e-02
      vertex -7.5705191e-04 5.7503802e-03 2.8500000e-02
    endloop
  endfacet
  facet normal 9.7705316e-02 -9.9201872e-01 -7.9702797e-02
    outer loop
      vertex -3.9241878e-04 5.9871535e-03 2.6000000e-02
      vertex -7.5705191e-04 5.7503802e-03 2.8500000e-02
      vertex -7.8315715e-04 5.9486692e-03 2.6000000e-02
    endloop
  endfacet
  facet normal 1.6237725e-01 -9.8350450e-01 -7.9702797e-02
    outer loop
      vertex -7.8315715e-04 5.9486692e-03 2.6000000e-02
      vertex -7.5705191e-04 5.7503802e-03 2.8500000e-02
      vertex -1.1315239e-03 5.6885546e-03 2.8500000e-02
    endloop
  endfacet
  facet normal 1.6237725e-01 -9.8350450e-01 -7.9702797e-02
    outer loop
      vertex -7.8315715e-04 5.9486692e-03 2.6000000e-02
      vertex -1.1315239e-03 5.6885546e-03 2.8500000e-02
      vertex -1.1705419e-03 5.8847117e-03 2.6000000e-02
    endloop
  endfacet
  facet normal 2.2635386e-01 -9.7077876e-01 -7.9702797e-02
    outer loop
      vertex -1.1705419e-03 5.8847117e-03 2.6000000e-02
      vertex -1.1315239e-03 5.6885546e-03 2.8500000e-02
      vertex -1.5011505e-03 5.6023698e-03 2.8500000e-02
    endloop
  endfacet
  facet normal 2.2635386e-01 -9.7077876e-01 -7.9702797e-02
    outer loop
      vertex -1.1705419e-03 5.8847117e-03 2.6000000e-02
      vertex -1.5011505e-03 5.6023698e-03 2.8500000e-02
      vertex -1.5529143e-03 5.7955550e-03 2.6000000e-02
    endloop
  endfacet
  facet normal 2.8936119e-01 -9.5389599e-01 -7.9702797e-02
    outer loop
      vertex -1.5529143e-03 5.7955550e-03 2.6000000e-02
      vertex -1.5011505e-03 5.6023698e-03 2.8500000e-02
      vertex -1.8643489e-03 5.4921948e-03 2.8500000e-02
    endloop
  endfacet
  facet normal 2.8936119e-01 -9.5389599e-01 -7.9702797e-02
    outer loop
      vertex -1.5529143e-03 5.7955550e-03 2.6000000e-02
      vertex -1.8643489e-03 5.4921948e-03 2.8500000e-02
      vertex -1.9286368e-03 5.6815808e-03 2.6000000e-02
    endloop
  endfacet
  facet normal 3.5112942e-01 -9.3292850e-01 -7.9702797e-02
    outer loop
      vertex -1.9286368e-03 5.6815808e-03 2.6000000e-02
      vertex -1.8643489e-03 5.4921948e-03 2.8500000e-02
      vertex -2.2195639e-03 5.3585013e-03 2.8500000e-02
    endloop
  endfacet
  facet normal 3.5112942e-01 -9.3292850e-01 -7.9702797e-02
    outer loop
      vertex -1.9286368e-03 5.6815808e-03 2.6000000e-02
      vertex -2.2195639e-03 5.3585013e-03 2.8500000e-02
      vertex -2.2961006e-03 5.5432772e-03 2.6000000e-02
    endloop
  endfacet
  facet normal 4.1139407e-01 -9.0796607e-01 -7.9702797e-02
    outer loop
      vertex -2.2961006e-03 5.5432772e-03 2.6000000e-02
      vertex -2.2195639e-03 5.3585013e-03 2.8500000e-02
      vertex -2.5652744e-03 5.2018619e-03 2.8500000e-02
    endloop
  endfacet
  facet normal 4.1139407e-01 -9.0796607e-01 -7.9702797e-02
    outer loop
      vertex -2.2961006e-03 5.5432772e-03 2.6000000e-02
      vertex -2.5652744e-03 5.2018619e-03 2.8500000e-02
      vertex -2.6537321e-03 5.3812364e-03 2.6000000e-02
    endloop
  endfacet
  facet normal 4.6989707e-01 -8.7911558e-01 -7.9702797e-02
    outer loop
      vertex -2.6537321e-03 5.3812364e-03 2.6000000e-02
      vertex -2.5652744e-03 5.2018619e-03 2.8500000e-02
      vertex -2.9000000e-03 5.0229473e-03 2.8500000e-02
    endloop
  endfacet
  facet normal 4.6989707e-01 -8.7911558e-01 -7.9702797e-02
    outer loop
      vertex -2.6537321e-03 5.3812364e-03 2.6000000e-02
      vertex -2.9000000e-03 5.0229473e-03 2.8500000e-02
      vertex -3.0000000e-03 5.1961524e-03 2.6000000e-02
    endloop
  endfacet
  facet normal 5.2638789e-01 -8.4650059e-01 -7.9702797e-02
    outer loop
      vertex -3.0000000e-03 5.1961524e-03 2.6000000e-02
      vertex -2.9000000e-03 5.0229473e-03 2.8500000e-02
      vertex -3.2223074e-03 4.8225238e-03 2.8500000e-02
    endloop
  endfacet
  facet normal 5.2638789e-01 -8.4650059e-01 -7.9702797e-02
    outer loop
      vertex -3.0000000e-03 5.1961524e-03 2.6000000e-02
      vertex -3.2223074e-03 4.8225238e-03 2.8500000e-02
      vertex -3.3334214e-03 4.9888177e-03 2.6000000e-02
    endloop
  endfacet
  facet normal 5.8062464e-01 -8.1026075e-01 -7.9702797e-02
    outer loop
      vertex -3.3334214e-03 4.9888177e-03 2.6000000e-02
      vertex -3.2223074e-03 4.8225238e-03 2.8500000e-02
      vertex -3.5308163e-03 4.6014494e-03 2.8500000e-02
    endloop
  endfacet
  facet normal 5.8062464e-01 -8.1026075e-01 -7.9702797e-02
    outer loop
      vertex -3.3334214e-03 4.9888177e-03 2.6000000e-02
      vertex -3.5308163e-03 4.6014494e-03 2.8500000e-02
      vertex -3.6525686e-03 4.7601200e-03 2.6000000e-02
    endloop
  endfacet
  facet normal 6.3237507e-01 -7.7055125e-01 -7.9702797e-02
    outer loop
      vertex -3.6525686e-03 4.7601200e-03 2.6000000e-02
      vertex -3.5308163e-03 4.6014494e-03 2.8500000e-02
      vertex -3.8242057e-03 4.3606709e-03 2.8500000e-02
    endloop
  endfacet
  facet normal 6.3237507e-01 -7.7055125e-01 -7.9702797e-02
    outer loop
      vertex -3.6525686e-03 4.7601200e-03 2.6000000e-02
      vertex -3.8242057e-03 4.3606709e-03 2.8500000e-02
      vertex -3.9560749e-03 4.5110388e-03 2.6000000e-02
    endloop
  endfacet
  facet normal 6.8141757e-01 -7.2754214e-01 -7.9702797e-02
    outer loop
      vertex -3.9560749e-03 4.5110388e-03 2.6000000e-02
      vertex -3.8242057e-03 4.3606709e-03 2.8500000e-02
      vertex -4.1012193e-03 4.1012193e-03 2.8500000e-02
    endloop
  endfacet
  facet normal 6.8141757e-01 -7.2754214e-01 -7.9702797e-02
    outer loop
      vertex -3.9560749e-03 4.5110388e-03 2.6000000e-02
      vertex -4.1012193e-03 4.1012193e-03 2.8500000e-02
      vertex -4.2426407e-03 4.2426407e-03 2.6000000e-02
    endloop
  endfacet
  facet normal 7.2754214e-01 -6.8141757e-01 -7.9702797e-02
    outer loop
      vertex -4.2426407e-03 4.2426407e-03 2.6000000e-02
      vertex -4.1012193e-03 4.1012193e-03 2.8500000e-02
      vertex -4.3606709e-03 3.8242057e-03 2.8500000e-02
    endloop
  endfacet
  facet normal 7.2754214e-01 -6.8141757e-01 -7.9702797e-02
    outer loop
      vertex -4.2426407e-03 4.2426407e-03 2.6000000e-02
      vertex -4.3606709e-03 3.8242057e-03 2.8500000e-02
      vertex -4.5110388e-03 3.9560749e-03 2.6000000e-02
    endloop
  endfacet
  facet normal 7.7055125e-01 -6.3237507e-01 -7.9702797e-02
    outer loop
      vertex -4.5110388e-03 3.9560749e-03 2.6000000e-02
      vertex -4.3606709e-03 3.8242057e-03 2.8500000e-02
      vertex -4.6014494e-03 3.5308163e-03 2.8500000e-02
    endloop
  endfacet
  facet normal 7.7055125e-01 -6.3237507e-01 -7.9702797e-02
    outer loop
      vertex -4.5110388e-03 3.9560749e-03 2.6000000e-02
      vertex -4.6014494e-03 3.5308163e-03 2.8500000e-02
      vertex -4.7601200e-03 3.6525686e-03 2.6000000e-02
    endloop
  endfacet
  facet normal 8.1026075e-01 -5.8062464e-01 -7.9702797e-02
    outer loop
      vertex -4.7601200e-03 3.6525686e-03 2.6000000e-02
      vertex -4.6014494e-03 3.5308163e-03 2.8500000e-02
      vertex -4.8225238e-03 3.2223074e-03 2.8500000e-02
    endloop
  endfacet
  facet normal 8.1026075e-01 -5.8062464e-01 -7.9702797e-02
    outer loop
      vertex -4.7601200e-03 3.6525686e-03 2.6000000e-02
      vertex -4.8225238e-03 3.2223074e-03 2.8500000e-02
      vertex -4.9888177e-03 3.3334214e-03 2.6000000e-02
    endloop
  endfacet
  facet normal 8.4650059e-01 -5.2638789e-01 -7.9702797e-02
    outer loop
      vertex -4.9888177e-03 3.3334214e-03 2.6000000e-02
      vertex -4.8225238e-03 3.2223074e-03 2.8500000e-02
      vertex -5.0229473e-03 2.9000000e-03 2.8500000e-02
    endloop
  endfacet
  facet normal 8.4650059e-01 -5.2638789e-01 -7.9702797e-02
    outer loop
      vertex -4.9888177e-03 3.3334214e-03 2.6000000e-02
      vertex -5.0229473e-03 2.9000000e-03 2.8500000e-02
      vertex -5.1961524e-03 3.0000000e-03 2.6000000e-02
    endloop
  endfacet
  facet normal 8.7911558e-01 -4.6989707e-01 -7.9702797e-02
    outer loop
      vertex -5.1961524e-03 3.0000000e-03 2.6000000e-02
      vertex -5.0229473e-03 2.9000000e-03 2.8500000e-02
      vertex -5.2018619e-03 2.5652744e-03 2.8500000e-02
    endloop
  endfacet
  facet normal 8.7911558e-01 -4.6989707e-01 -7.9702797e-02
    outer loop
      vertex -5.1961524e-03 3.0000000e-03 2.6000000e-02
      vertex -5.2018619e-03 2.5652744e-03 2.8500000e-02
      vertex -5.3812364e-03 2.6537321e-03 2.6000000e-02
    endloop
  endfacet
  facet normal 9.0796607e-01 -4.1139407e-01 -7.9702797e-02
    outer loop
      vertex -5.3812364e-03 2.6537321e-03 2.6000000e-02
      vertex -5.2018619e-03 2.5652744e-03 2.8500000e-02
      vertex -5.3585013e-03 2.2195639e-03 2.8500000e-02
    endloop
  endfacet
  facet normal 9.0796607e-01 -4.1139407e-01 -7.9702797e-02
    outer loop
      vertex -5.3812364e-03 2.6537321e-03 2.6000000e-02
      vertex -5.3585013e-03 2.2195639e-03 2.8500000e-02
      vertex -5.5432772e-03 2.2961006e-03 2.6000000e-02
    endloop
  endfacet
  facet normal 9.3292850e-01 -3.5112942e-01 -7.9702797e-02
    outer loop
      vertex -5.5432772e-03 2.2961006e-03 2.6000000e-02
      vertex -5.3585013e-03 2.2195639e-03 2.8500000e-02
      vertex -5.4921948e-03 1.8643489e-03 2.8500000e-02
    endloop
  endfacet
  facet normal 9.3292850e-01 -3.5112942e-01 -7.9702797e-02
    outer loop
      vertex -5.5432772e-03 2.2961006e-03 2.6000000e-02
      vertex -5.4921948e-03 1.8643489e-03 2.8500000e-02
      vertex -5.6815808e-03 1.9286368e-03 2.6000000e-02
    endloop
  endfacet
  facet normal 9.5389599e-01 -2.8936119e-01 -7.9702797e-02
    outer loop
      vertex -5.6815808e-03 1.9286368e-03 2.6000000e-02
      vertex -5.4921948e-03 1.8643489e-03 2.8500000e-02
      vertex -5.6023698e-03 1.5011505e-03 2.8500000e-02
    endloop
  endfacet
  facet normal 9.5389599e-01 -2.8936119e-01 -7.9702797e-02
    outer loop
      vertex -5.6815808e-03 1.9286368e-03 2.6000000e-02
      vertex -5.6023698e-03 1.5011505e-03 2.8500000e-02
      vertex -5.7955550e-03 1.5529143e-03 2.6000000e-02
    endloop
  endfacet
  facet normal 9.7077876e-01 -2.2635386e-01 -7.9702797e-02
    outer loop
      vertex -5.7955550e-03 1.5529143e-03 2.6000000e-02
      vertex -5.6023698e-03 1.5011505e-03 2.8500000e-02
      vertex -5.6885546e-03 1.1315239e-03 2.8500000e-02
    endloop
  endfacet
  facet normal 9.7077876e-01 -2.2635386e-01 -7.9702797e-02
    outer loop
      vertex -5.7955550e-03 1.5529143e-03 2.6000000e-02
      vertex -5.6885546e-03 1.1315239e-03 2.8500000e-02
      vertex -5.8847117e-03 1.1705419e-03 2.6000000e-02
    endloop
  endfacet
  facet normal 9.8350450e-01 -1.6237725e-01 -7.9702797e-02
    outer loop
      vertex -5.8847117e-03 1.1705419e-03 2.6000000e-02
      vertex -5.6885546e-03 1.1315239e-03 2.8500000e-02
      vertex -5.7503802e-03 7.5705191e-04 2.8500000e-02
    endloop
  endfacet
  facet normal 9.8350450e-01 -1.6237725e-01 -7.9702797e-02
    outer loop
      vertex -5.8847117e-03 1.1705419e-03 2.6000000e-02
      vertex -5.7503802e-03 7.5705191e-04 2.8500000e-02
      vertex -5.9486692e-03 7.8315715e-04 2.6000000e-02
    endloop
  endfacet
  facet normal 9.9201872e-01 -9.7705316e-02 -7.9702797e-02
    outer loop
      vertex -5.9486692e-03 7.8315715e-04 2.6000000e-02
      vertex -5.7503802e-03 7.5705191e-04 2.8500000e-02
      vertex -5.7875818e-03 3.7933815e-04 2.8500000e-02
    endloop
  endfacet
  facet normal 9.9201872e-01 -9.7705316e-02 -7.9702797e-02
    outer loop
      vertex -5.9486692e-03 7.8315715e-04 2.6000000e-02
      vertex -5.7875818e-03 3.7933815e-04 2.8500000e-02
      vertex -5.9871535e-03 3.9241878e-04 2.6000000e-02
    endloop
  endfacet
  facet normal 9.9628496e-01 -3.2614993e-02 -7.9702797e-02
    outer loop
      vertex -5.9871535e-03 3.9241878e-04 2.6000000e-02
      vertex -5.7875818e-03 3.7933815e-04 2.8500000e-02
      vertex -5.8000000e-03 7.1029514e-19 2.8500000e-02
    endloop
  endfacet
  facet normal 9.9628496e-01 -3.2614993e-02 -7.9702797e-02
    outer loop
      vertex -5.9871535e-03 3.9241878e-04 2.6000000e-02
      vertex -5.8000000e-03 7.1029514e-19 2.8500000e-02
      vertex -6.0000000e-03 7.3478808e-19 2.6000000e-02
    endloop
  endfacet
  facet normal 9.9628496e-01 3.2614993e-02 -7.9702797e-02
    outer loop
      vertex -6.0000000e-03 7.3478808e-19 2.6000000e-02
      vertex -5.8000000e-03 7.1029514e-19 2.8500000e-02
      vertex -5.7875818e-03 -3.7933815e-04 2.8500000e-02
    endloop
  endfacet
  facet normal 9.9628496e-01 3.2614993e-02 -7.9702797e-02
    outer loop
      vertex -6.0000000e-03 7.3478808e-19 2.6000000e-02
      vertex -5.7875818e-03 -3.7933815e-04 2.8500000e-02
      vertex -5.9871535e-03 -3.9241878e-04 2.6000000e-02
    endloop
  endfacet
  facet normal 9.9201872e-01 9.7705316e-02 -7.9702797e-02
    outer loop
      vertex -5.9871535e-03 -3.9241878e-04 2.6000000e-02
      vertex -5.7875818e-03 -3.7933815e-04 2.8500000e-02
      vertex -5.7503802e-03 -7.5705191e-04 2.8500000e-02
    endloop
  endfacet
  facet normal 9.9201872e-01 9.7705316e-02 -7.9702797e-02
    outer loop
      vertex -5.9871535e-03 -3.9241878e-04 2.6000000e-02
      vertex -5.7503802e-03 -7.5705191e-04 2.8500000e-02
      vertex -5.9486692e-03 -7.8315715e-04 2.6000000e-02
    endloop
  endfacet
  facet normal 9.8350450e-01 1.6237725e-01 -7.9702797e-02
    outer loop
      vertex -5.9486692e-03 -7.8315715e-04 2.6000000e-02
      vertex -5.7503802e-03 -7.5705191e-04 2.8500000e-02
      vertex -5.6885546e-03 -1.1315239e-03 2.8500000e-02
    endloop
  endfacet
  facet normal 9.8350450e-01 1.6237725e-01 -7.9702797e-02
    outer loop
      vertex -5.9486692e-03 -7.8315715e-04 2.6000000e-02
      vertex -5.6885546e-03 -1.1315239e-03 2.8500000e-02
      vertex -5.8847117e-03 -1.1705419e-03 2.6000000e-02
    endloop
  endfacet
  facet normal 9.7077876e-01 2.2635386e-01 -7.9702797e-02
    outer loop
      vertex -5.8847117e-03 -1.1705419e-03 2.6000000e-02
      vertex -5.6885546e-03 -1.1315239e-03 2.8500000e-02
      vertex -5.6023698e-03 -1.5011505e-03 2.8500000e-02
    endloop
  endfacet
  facet normal 9.7077876e-01 2.2635386e-01 -7.9702797e-02
    outer loop
      vertex -5.8847117e-03 -1.1705419e-03 2.6000000e-02
      vertex -5.6023698e-03 -1.5011505e-03 2.8500000e-02
      vertex -5.7955550e-03 -1.5529143e-03 2.6000000e-02
    endloop
  endfacet
  facet normal 9.5389599e-01 2.8936119e-01 -7.9702797e-02
    outer loop
      vertex -5.7955550e-03 -1.5529143e-03 2.6000000e-02
      vertex -5.6023698e-03 -1.5011505e-03 2.8500000e-02
      vertex -5.4921948e-03 -1.8643489e-03 2.8500000e-02
    endloop
  endfacet
  facet normal 9.5389599e-01 2.8936119e-01 -7.9702797e-02
    outer loop
      vertex -5.7955550e-03 -1.5529143e-03 2.6000000e-02
      vertex -5.4921948e-03 -1.8643489e-03 2.8500000e-02
      vertex -5.6815808e-03 -1.9286368e-03 2.6000000e-02
    endloop
  endfacet
  facet normal 9.3292850e-01 3.5112942e-01 -7.9702797e-02
    outer loop
      vertex -5.6815808e-03 -1.9286368e-03 2.6000000e-02
      vertex -5.4921948e-03 -1.8643489e-03 2.8500000e-02
      vertex -5.3585013e-03 -2.2195639e-03 2.8500000e-02
    endloop
  endfacet
  facet normal 9.3292850e-01 3.5112942e-01 -7.9702797e-02
    outer loop
      vertex -5.6815808e-03 -1.9286368e-03 2.6000000e-02
      vertex -5.3585013e-03 -2.2195639e-03 2.8500000e-02
      vertex -5.5432772e-03 -2.2961006e-03 2.6000000e-02
    endloop
  endfacet
  facet normal 9.0796607e-01 4.1139407e-01 -7.9702797e-02
    outer loop
      vertex -5.5432772e-03 -2.2961006e-03 2.6000000e-02
      vertex -5.3585013e-03 -2.2195639e-03 2.8500000e-02
      vertex -5.2018619e-03 -2.5652744e-03 2.8500000e-02
    endloop
  endfacet
  facet normal 9.0796607e-01 4.1139407e-01 -7.9702797e-02
    outer loop
      vertex -5.5432772e-03 -2.2961006e-03 2.6000000e-02
      vertex -5.2018619e-03 -2.5652744e-03 2.8500000e-02
      vertex -5.3812364e-03 -2.6537321e-03 2.6000000e-02
    endloop
  endfacet
  facet normal 8.7911558e-01 4.6989707e-01 -7.9702797e-02
    outer loop
      vertex -5.3812364e-03 -2.6537321e-03 2.6000000e-02
      vertex -5.2018619e-03 -2.5652744e-03 2.8500000e-02
      vertex -5.0229473e-03 -2.9000000e-03 2.8500000e-02
    endloop
  endfacet
  facet normal 8.7911558e-01 4.6989707e-01 -7.9702797e-02
    outer loop
      vertex -5.3812364e-03 -2.6537321e-03 2.6000000e-02
      vertex -5.0229473e-03 -2.9000000e-03 2.8500000e-02
      vertex -5.1961524e-03 -3.0000000e-03 2.6000000e-02
    endloop
  endfacet
  facet normal 8.4650059e-01 5.2638789e-01 -7.9702797e-02
    outer loop
      vertex -5.1961524e-03 -3.0000000e-03 2.6000000e-02
      vertex -5.0229473e-03 -2.9000000e-03 2.8500000e-02
      vertex -4.8225238e-03 -3.2223074e-03 2.8500000e-02
    endloop
  endfacet
  facet normal 8.4650059e-01 5.2638789e-01 -7.9702797e-02
    outer loop
      vertex -5.1961524e-03 -3.0000000e-03 2.6000000e-02
      vertex -4.8225238e-03 -3.2223074e-03 2.8500000e-02
      vertex -4.9888177e-03 -3.3334214e-03 2.6000000e-02
    endloop
  endfacet
  facet normal 8.1026075e-01 5.8062464e-01 -7.9702797e-02
    outer loop
      vertex -4.9888177e-03 -3.3334214e-03 2.6000000e-02
      vertex -4.8225238e-03 -3.2223074e-03 2.8500000e-02
      vertex -4.6014494e-03 -3.5308163e-03 2.8500000e-02
    endloop
  endfacet
  facet normal 8.1026075e-01 5.8062464e-01 -7.9702797e-02
    outer loop
      vertex -4.9888177e-03 -3.3334214e-03 2.6000000e-02
      vertex -4.6014494e-03 -3.5308163e-03 2.8500000e-02
      vertex -4.7601200e-03 -3.6525686e-03 2.6000000e-02
    endloop
  endfacet
  facet normal 7.7055125e-01 6.3237507e-01 -7.9702797e-02
    outer loop
      vertex -4.7601200e-03 -3.6525686e-03 2.6000000e-02
      vertex -4.6014494e-03 -3.5308163e-03 2.8500000e-02
      vertex -4.3606709e-03 -3.8242057e-03 2.8500000e-02
    endloop
  endfacet
  facet normal 7.7055125e-01 6.3237507e-01 -7.9702797e-02
    outer loop
      vertex -4.7601200e-03 -3.6525686e-03 2.6000000e-02
      vertex -4.3606709e-03 -3.8242057e-03 2.8500000e-02
      vertex -4.5110388e-03 -3.9560749e-03 2.6000000e-02
    endloop
  endfacet
  facet normal 7.2754214e-01 6.8141757e-01 -7.9702797e-02
    outer loop
      vertex -4.5110388e-03 -3.9560749e-03 2.6000000e-02
      vertex -4.3606709e-03 -3.8242057e-03 2.8500000e-02
      vertex -4.1012193e-03 -4.1012193e-03 2.8500000e-02
    endloop
  endfacet
  facet normal 7.2754214e-01 6.8141757e-01 -7.9702797e-02
    outer loop
      vertex -4.5110388e-03 -3.9560749e-03 2.6000000e-02
      vertex -4.1012193e-03 -4.1012193e-03 2.8500000e-02
      vertex -4.2426407e-03 -4.2426407e-03 2.6000000e-02
    endloop
  endfacet
  facet normal 6.8141757e-01 7.2754214e-01 -7.9702797e-02
    outer loop
      vertex -4.2426407e-03 -4.2426407e-03 2.6000000e-02
      vertex -4.1012193e-03 -4.1012193e-03 2.8500000e-02
      vertex -3.8242057e-03 -4.3606709e-03 2.8500000e-02
    endloop
  endfacet
  facet normal 6.8141757e-01 7.2754214e-01 -7.9702797e-02
    outer loop
      vertex -4.2426407e-03 -4.2426407e-03 2.6000000e-02
      vertex -3.8242057e-03 -4.3606709e-03 2.8500000e-02
      vertex -3.9560749e-03 -4.5110388e-03 2.6000000e-02
    endloop
  endfacet
  facet normal 6.3237507e-01 7.7055125e-01 -7.9702797e-02
    outer loop
      vertex -3.9560749e-03 -4.5110388e-03 2.6000000e-02
      vertex -3.8242057e-03 -4.3606709e-03 2.8500000e-02
      vertex -3.5308163e-03 -4.6014494e-03 2.8500000e-02
    endloop
  endfacet
  facet normal 6.3237507e-01 7.7055125e-01 -7.9702797e-02
    outer loop
      vertex -3.9560749e-03 -4.5110388e-03 2.6000000e-02
      vertex -3.5308163e-03 -4.6014494e-03 2.8500000e-02
      vertex -3.6525686e-03 -4.7601200e-03 2.6000000e-02
    endloop
  endfacet
  facet normal 5.8062464e-01 8.1026075e-01 -7.9702797e-02
    outer loop
      vertex -3.6525686e-03 -4.7601200e-03 2.6000000e-02
      vertex -3.5308163e-03 -4.6014494e-03 2.8500000e-02
      vertex -3.2223074e-03 -4.8225238e-03 2.8500000e-02
    endloop
  endfacet
  facet normal 5.8062464e-01 8.1026075e-01 -7.9702797e-02
    outer loop
      vertex -3.6525686e-03 -4.7601200e-03 2.6000000e-02
      vertex -3.2223074e-03 -4.8225238e-03 2.8500000e-02
      vertex -3.3334214e-03 -4.9888177e-03 2.6000000e-02
    endloop
  endfacet
  facet normal 5.2638789e-01 8.4650059e-01 -7.9702797e-02
    outer loop
      vertex -3.3334214e-03 -4.9888177e-03 2.6000000e-02
      vertex -3.2223074e-03 -4.8225238e-03 2.8500000e-02
      vertex -2.9000000e-03 -5.0229473e-03 2.8500000e-02
    endloop
  endfacet
  facet normal 5.2638789e-01 8.4650059e-01 -7.9702797e-02
    outer loop
      vertex -3.3334214e-03 -4.9888177e-03 2.6000000e-02
      vertex -2.9000000e-03 -5.0229473e-03 2.8500000e-02
      vertex -3.0000000e-03 -5.1961524e-03 2.6000000e-02
    endloop
  endfacet
  facet normal 4.6989707e-01 8.7911558e-01 -7.9702797e-02
    outer loop
      vertex -3.0000000e-03 -5.1961524e-03 2.6000000e-02
      vertex -2.9000000e-03 -5.0229473e-03 2.8500000e-02
      vertex -2.5652744e-03 -5.2018619e-03 2.8500000e-02
    endloop
  endfacet
  facet normal 4.6989707e-01 8.7911558e-01 -7.9702797e-02
    outer loop
      vertex -3.0000000e-03 -5.1961524e-03 2.6000000e-02
      vertex -2.5652744e-03 -5.2018619e-03 2.8500000e-02
      vertex -2.6537321e-03 -5.3812364e-03 2.6000000e-02
    endloop
  endfacet
  facet normal 4.1139407e-01 9.0796607e-01 -7.9702797e-02
    outer loop
      vertex -2.6537321e-03 -5.3812364e-03 2.6000000e-02
      vertex -2.5652744e-03 -5.2018619e-03 2.8500000e-02
      vertex -2.2195639e-03 -5.3585013e-03 2.8500000e-02
    endloop
  endfacet
  facet normal 4.1139407e-01 9.0796607e-01 -7.9702797e-02
    outer loop
      vertex -2.6537321e-03 -5.3812364e-03 2.6000000e-02
      vertex -2.2195639e-03 -5.3585013e-03 2.8500000e-02
      vertex -2.2961006e-03 -5.5432772e-03 2.6000000e-02
    endloop
  endfacet
  facet normal 3.5112942e-01 9.3292850e-01 -7.9702797e-02
    outer loop
      vertex -2.2961006e-03 -5.5432772e-03 2.6000000e-02
      vertex -2.2195639e-03 -5.3585013e-03 2.8500000e-02
      vertex -1.8643489e-03 -5.4921948e-03 2.8500000e-02
    endloop
  endfacet
  facet normal 3.5112942e-01 9.3292850e-01 -7.9702797e-02
    outer loop
      vertex -2.2961006e-03 -5.5432772e-03 2.6000000e-02
      vertex -1.8643489e-03 -5.4921948e-03 2.8500000e-02
      vertex -1.9286368e-03 -5.6815808e-03 2.6000000e-02
    endloop
  endfacet
  facet normal 2.8936119e-01 9.5389599e-01 -7.9702797e-02
    outer loop
      vertex -1.9286368e-03 -5.6815808e-03 2.6000000e-02
      vertex -1.8643489e-03 -5.4921948e-03 2.8500000e-02
      vertex -1.5011505e-03 -5.6023698e-03 2.8500000e-02
    endloop
  endfacet
  facet normal 2.8936119e-01 9.5389599e-01 -7.9702797e-02
    outer loop
      vertex -1.9286368e-03 -5.6815808e-03 2.6000000e-02
      vertex -1.5011505e-03 -5.6023698e-03 2.8500000e-02
      vertex -1.5529143e-03 -5.7955550e-03 2.6000000e-02
    endloop
  endfacet
  facet normal 2.2635386e-01 9.7077876e-01 -7.9702797e-02
    outer loop
      vertex -1.5529143e-03 -5.7955550e-03 2.6000000e-02
      vertex -1.5011505e-03 -5.6023698e-03 2.8500000e-02
      vertex -1.1315239e-03 -5.6885546e-03 2.8500000e-02
    endloop
  endfacet
  facet normal 2.2635386e-01 9.7077876e-01 -7.9702797e-02
    outer loop
      vertex -1.5529143e-03 -5.7955550e-03 2.6000000e-02
      vertex -1.1315239e-03 -5.6885546e-03 2.8500000e-02
      vertex -1.1705419e-03 -5.8847117e-03 2.6000000e-02
    endloop
  endfacet
  facet normal 1.6237725e-01 9.8350450e-01 -7.9702797e-02
    outer loop
      vertex -1.1705419e-03 -5.8847117e-03 2.6000000e-02
      vertex -1.1315239e-03 -5.6885546e-03 2.8500000e-02
      vertex -7.5705191e-04 -5.7503802e-03 2.8500000e-02
    endloop
  endfacet
  facet normal 1.6237725e-01 9.8350450e-01 -7.9702797e-02
    outer loop
      vertex -1.1705419e-03 -5.8847117e-03 2.6000000e-02
      vertex -7.5705191e-04 -5.7503802e-03 2.8500000e-02
      vertex -7.8315715e-04 -5.9486692e-03 2.6000000e-02
    endloop
  endfacet
  facet normal 9.7705316e-02 9.9201872e-01 -7.9702797e-02
    outer loop
      vertex -7.8315715e-04 -5.9486692e-03 2.6000000e-02
      vertex -7.5705191e-04 -5.7503802e-03 2.8500000e-02
      vertex -3.7933815e-04 -5.7875818e-03 2.8500000e-02
    endloop
  endfacet
  facet normal 9.7705316e-02 9.9201872e-01 -7.9702797e-02
    outer loop
      vertex -7.8315715e-04 -5.9486692e-03 2.6000000e-02
      vertex -3.7933815e-04 -5.7875818e-03 2.8500000e-02
      vertex -3.9241878e-04 -5.9871535e-03 2.6000000e-02
    endloop
  endfacet
  facet normal 3.2614993e-02 9.9628496e-01 -7.9702797e-02
    outer loop
      vertex -3.9241878e-04 -5.9871535e-03 2.6000000e-02
      vertex -3.7933815e-04 -5.7875818e-03 2.8500000e-02
      vertex -1.0654427e-18 -5.8000000e-03 2.8500000e-02
    endloop
  endfacet
  facet normal 3.2614993e-02 9.9628496e-01 -7.9702797e-02
    outer loop
      vertex -3.9241878e-04 -5.9871535e-03 2.6000000e-02
      vertex -1.0654427e-18 -5.8000000e-03 2.8500000e-02
      vertex -1.1021821e-18 -6.0000000e-03 2.6000000e-02
    endloop
  endfacet
  facet normal -3.2614993e-02 9.9628496e-01 -7.9702797e-02
    outer loop
      vertex -1.1021821e-18 -6.0000000e-03 2.6000000e-02
      vertex -1.0654427e-18 -5.8000000e-03 2.8500000e-02
      vertex 3.7933815e-04 -5.7875818e-03 2.8500000e-02
    endloop
  endfacet
  facet normal -3.2614993e-02 9.9628496e-01 -7.9702797e-02
    outer loop
      vertex -1.1021821e-18 -6.0000000e-03 2.6000000e-02
      vertex 3.7933815e-04 -5.7875818e-03 2.8500000e-02
      vertex 3.9241878e-04 -5.9871535e-03 2.6000000e-02
    endloop
  endfacet
  facet normal -9.7705316e-02 9.9201872e-01 -7.9702797e-02
    outer loop
      vertex 3.9241878e-04 -5.9871535e-03 2.6000000e-02
      vertex 3.7933815e-04 -5.7875818e-03 2.8500000e-02
      vertex 7.5705191e-04 -5.7503802e-03 2.8500000e-02
    endloop
  endfacet
  facet normal -9.7705316e-02 9.9201872e-01 -7.9702797e-02
    outer loop
      vertex 3.9241878e-04 -5.9871535e-03 2.6000000e-02
      vertex 7.5705191e-04 -5.7503802e-03 2.8500000e-02
      vertex 7.8315715e-04 -5.9486692e-03 2.6000000e-02
    endloop
  endfacet
  facet normal -1.6237725e-01 9.8350450e-01 -7.9702797e-02
    outer loop
      vertex 7.8315715e-04 -5.9486692e-03 2.6000000e-02
      vertex 7.5705191e-04 -5.7503802e-03 2.8500000e-02
      vertex 1.1315239e-03 -5.6885546e-03 2.8500000e-02
    endloop
  endfacet
  facet normal -1.6237725e-01 9.8350450e-01 -7.9702797e-02
    outer loop
      vertex 7.8315715e-04 -5.9486692e-03 2.6000000e-02
      vertex 1.1315239e-03 -5.6885546e-03 2.8500000e-02
      vertex 1.1705419e-03 -5.8847117e-03 2.6000000e-02
    endloop
  endfacet
  facet normal -2.2635386e-01 9.7077876e-01 -7.9702797e-02
    outer loop
      vertex 1.1705419e-03 -5.8847117e-03 2.6000000e-02
      vertex 1.1315239e-03 -5.6885546e-03 2.8500000e-02
      vertex 1.5011505e-03 -5.6023698e-03 2.8500000e-02
    endloop
  endfacet
  facet normal -2.2635386e-01 9.7077876e-01 -7.9702797e-02
    outer loop
      vertex 1.1705419e-03 -5.8847117e-03 2.6000000e-02
      vertex 1.5011505e-03 -5.6023698e-03 2.8500000e-02
      vertex 1.5529143e-03 -5.7955550e-03 2.6000000e-02
    endloop
  endfacet
  facet normal -2.8936119e-01 9.5389599e-01 -7.9702797e-02
    outer loop
      vertex 1.5529143e-03 -5.7955550e-03 2.6000000e-02
      vertex 1.5011505e-03 -5.6023698e-03 2.8500000e-02
      vertex 1.8643489e-03 -5.4921948e-03 2.8500000e-02
    endloop
  endfacet
  facet normal -2.8936119e-01 9.5389599e-01 -7.9702797e-02
    outer loop
      vertex 1.5529143e-03 -5.7955550e-03 2.6000000e-02
      vertex 1.8643489e-03 -5.4921948e-03 2.8500000e-02
      vertex 1.9286368e-03 -5.6815808e-03 2.6000000e-02
    endloop
  endfacet
  facet normal -3.5112942e-01 9.3292850e-01 -7.9702797e-02
    outer loop
      vertex 1.9286368e-03 -5.6815808e-03 2.6000000e-02
      vertex 1.8643489e-03 -5.4921948e-03 2.8500000e-02
      vertex 2.2195639e-03 -5.3585013e-03 2.8500000e-02
    endloop
  endfacet
  facet normal -3.5112942e-01 9.3292850e-01 -7.9702797e-02
    outer loop
      vertex 1.9286368e-03 -5.6815808e-03 2.6000000e-02
      vertex 2.2195639e-03 -5.3585013e-03 2.8500000e-02
      vertex 2.2961006e-03 -5.5432772e-03 2.6000000e-02
    endloop
  endfacet
  facet normal -4.1139407e-01 9.0796607e-01 -7.9702797e-02
    outer loop
      vertex 2.2961006e-03 -5.5432772e-03 2.6000000e-02
      vertex 2.2195639e-03 -5.3585013e-03 2.8500000e-02
      vertex 2.5652744e-03 -5.2018619e-03 2.8500000e-02
    endloop
  endfacet
  facet normal -4.1139407e-01 9.0796607e-01 -7.9702797e-02
    outer loop
      vertex 2.2961006e-03 -5.5432772e-03 2.6000000e-02
      vertex 2.5652744e-03 -5.2018619e-03 2.8500000e-02
      vertex 2.6537321e-03 -5.3812364e-03 2.6000000e-02
    endloop
  endfacet
  facet normal -4.6989707e-01 8.7911558e-01 -7.9702797e-02
    outer loop
      vertex 2.6537321e-03 -5.3812364e-03 2.6000000e-02
      vertex 2.5652744e-03 -5.2018619e-03 2.8500000e-02
      vertex 2.9000000e-03 -5.0229473e-03 2.8500000e-02
    endloop
  endfacet
  facet normal -4.6989707e-01 8.7911558e-01 -7.9702797e-02
    outer loop
      vertex 2.6537321e-03 -5.3812364e-03 2.6000000e-02
      vertex 2.9000000e-03 -5.0229473e-03 2.8500000e-02
      vertex 3.0000000e-03 -5.1961524e-03 2.6000000e-02
    endloop
  endfacet
  facet normal -5.2638789e-01 8.4650059e-01 -7.9702797e-02
    outer loop
      vertex 3.0000000e-03 -5.1961524e-03 2.6000000e-02
      vertex 2.9000000e-03 -5.0229473e-03 2.8500000e-02
      vertex 3.2223074e-03 -4.8225238e-03 2.8500000e-02
    endloop
  endfacet
  facet normal -5.2638789e-01 8.4650059e-01 -7.9702797e-02
    outer loop
      vertex 3.0000000e-03 -5.1961524e-03 2.6000000e-02
      vertex 3.2223074e-03 -4.8225238e-03 2.8500000e-02
      vertex 3.3334214e-03 -4.9888177e-03 2.6000000e-02
    endloop
  endfacet
  facet normal -5.8062464e-01 8.1026075e-01 -7.9702797e-02
    outer loop
      vertex 3.3334214e-03 -4.9888177e-03 2.6000000e-02
      vertex 3.2223074e-03 -4.8225238e-03 2.8500000e-02
      vertex 3.5308163e-03 -4.6014494e-03 2.8500000e-02
    endloop
  endfacet
  facet normal -5.8062464e-01 8.1026075e-01 -7.9702797e-02
    outer loop
      vertex 3.3334214e-03 -4.9888177e-03 2.6000000e-02
      vertex 3.5308163e-03 -4.6014494e-03 2.8500000e-02
      vertex 3.6525686e-03 -4.7601200e-03 2.6000000e-02
    endloop
  endfacet
  facet normal -6.3237507e-01 7.7055125e-01 -7.9702797e-02
    outer loop
      vertex 3.6525686e-03 -4.7601200e-03 2.6000000e-02
      vertex 3.5308163e-03 -4.6014494e-03 2.8500000e-02
      vertex 3.8242057e-03 -4.3606709e-03 2.8500000e-02
    endloop
  endfacet
  facet normal -6.3237507e-01 7.7055125e-01 -7.9702797e-02
    outer loop
      vertex 3.6525686e-03 -4.7601200e-03 2.6000000e-02
      vertex 3.8242057e-03 -4.3606709e-03 2.8500000e-02
      vertex 3.9560749e-03 -4.5110388e-03 2.6000000e-02
    endloop
  endfacet
  facet normal -6.8141757e-01 7.2754214e-01 -7.9702797e-02
    outer loop
      vertex 3.9560749e-03 -4.5110388e-03 2.6000000e-02
      vertex 3.8242057e-03 -4.3606709e-03 2.8500000e-02
      vertex 4.1012193e-03 -4.1012193e-03 2.8500000e-02
    endloop
  endfacet
  facet normal -6.8141757e-01 7.2754214e-01 -7.9702797e-02
    outer loop
      vertex 3.9560749e-03 -4.5110388e-03 2.6000000e-02
      vertex 4.1012193e-03 -4.1012193e-03 2.8500000e-02
      vertex 4.2426407e-03 -4.2426407e-03 2.6000000e-02
    endloop
  endfacet
  facet normal -7.2754214e-01 6.8141757e-01 -7.9702797e-02
    outer loop
      vertex 4.2426407e-03 -4.2426407e-03 2.6000000e-02
      vertex 4.1012193e-03 -4.1012193e-03 2.8500000e-02
      vertex 4.3606709e-03 -3.8242057e-03 2.8500000e-02
    endloop
  endfacet
  facet normal -7.2754214e-01 6.8141757e-01 -7.9702797e-02
    outer loop
      vertex 4.2426407e-03 -4.2426407e-03 2.6000000e-02
      vertex 4.3606709e-03 -3.8242057e-03 2.8500000e-02
      vertex 4.5110388e-03 -3.9560749e-03 2.6000000e-02
    endloop
  endfacet
  facet normal -7.7055125e-01 6.3237507e-01 -7.9702797e-02
    outer loop
      vertex 4.5110388e-03 -3.9560749e-03 2.6000000e-02
      vertex 4.3606709e-03 -3.8242057e-03 2.8500000e-02
      vertex 4.6014494e-03 -3.5308163e-03 2.8500000e-02
    endloop
  endfacet
  facet normal -7.7055125e-01 6.3237507e-01 -7.9702797e-02
    outer loop
      vertex 4.5110388e-03 -3.9560749e-03 2.6000000e-02
      vertex 4.6014494e-03 -3.5308163e-03 2.8500000e-02
      vertex 4.7601200e-03 -3.6525686e-03 2.6000000e-02
    endloop
  endfacet
  facet normal -8.1026075e-01 5.8062464e-01 -7.9702797e-02
    outer loop
      vertex 4.7601200e-03 -3.6525686e-03 2.6000000e-02
      vertex 4.6014494e-03 -3.5308163e-03 2.8500000e-02
      vertex 4.8225238e-03 -3.2223074e-03 2.8500000e-02
    endloop
  endfacet
  facet normal -8.1026075e-01 5.8062464e-01 -7.9702797e-02
    outer loop
      vertex 4.7601200e-03 -3.6525686e-03 2.6000000e-02
      vertex 4.8225238e-03 -3.2223074e-03 2.8500000e-02
      vertex 4.9888177e-03 -3.3334214e-03 2.6000000e-02
    endloop
  endfacet
  facet normal -8.4650059e-01 5.2638789e-01 -7.9702797e-02
    outer loop
      vertex 4.9888177e-03 -3.3334214e-03 2.6000000e-02
      vertex 4.8225238e-03 -3.2223074e-03 2.8500000e-02
      vertex 5.0229473e-03 -2.9000000e-03 2.8500000e-02
    endloop
  endfacet
  facet normal -8.4650059e-01 5.2638789e-01 -7.9702797e-02
    outer loop
      vertex 4.9888177e-03 -3.3334214e-03 2.6000000e-02
      vertex 5.0229473e-03 -2.9000000e-03 2.8500000e-02
      vertex 5.1961524e-03 -3.0000000e-03 2.6000000e-02
    endloop
  endfacet
  facet normal -8.7911558e-01 4.6989707e-01 -7.9702797e-02
    outer loop
      vertex 5.1961524e-03 -3.0000000e-03 2.6000000e-02
      vertex 5.0229473e-03 -2.9000000e-03 2.8500000e-02
      vertex 5.2018619e-03 -2.5652744e-03 2.8500000e-02
    endloop
  endfacet
  facet normal -8.7911558e-01 4.6989707e-01 -7.9702797e-02
    outer loop
      vertex 5.1961524e-03 -3.0000000e-03 2.6000000e-02
      vertex 5.2018619e-03 -2.5652744e-03 2.8500000e-02
      vertex 5.3812364e-03 -2.6537321e-03 2.6000000e-02
    endloop
  endfacet
  facet normal -9.0796607e-01 4.1139407e-01 -7.9702797e-02
    outer loop
      vertex 5.3812364e-03 -2.6537321e-03 2.6000000e-02
      vertex 5.2018619e-03 -2.5652744e-03 2.8500000e-02
      vertex 5.3585013e-03 -2.2195639e-03 2.8500000e-02
    endloop
  endfacet
  facet normal -9.0796607e-01 4.1139407e-01 -7.9702797e-02
    outer loop
      vertex 5.3812364e-03 -2.6537321e-03 2.6000000e-02
      vertex 5.3585013e-03 -2.2195639e-03 2.8500000e-02
      vertex 5.5432772e-03 -2.2961006e-03 2.6000000e-02
    endloop
  endfacet
  facet normal -9.3292850e-01 3.5112942e-01 -7.9702797e-02
    outer loop
      vertex 5.5432772e-03 -2.2961006e-03 2.6000000e-02
      vertex 5.3585013e-03 -2.2195639e-03 2.8500000e-02
      vertex 5.4921948e-03 -1.8643489e-03 2.8500000e-02
    endloop
  endfacet
  facet normal -9.3292850e-01 3.5112942e-01 -7.9702797e-02
    outer loop
      vertex 5.5432772e-03 -2.2961006e-03 2.6000000e-02
      vertex 5.4921948e-03 -1.8643489e-03 2.8500000e-02
      vertex 5.6815808e-03 -1.9286368e-03 2.6000000e-02
    endloop
  endfacet
  facet normal -9.5389599e-01 2.8936119e-01 -7.9702797e-02
    outer loop
      vertex 5.6815808e-03 -1.9286368e-03 2.6000000e-02
      vertex 5.4921948e-03 -1.8643489e-03 2.8500000e-02
      vertex 5.6023698e-03 -1.5011505e-03 2.8500000e-02
    endloop
  endfacet
  facet normal -9.5389599e-01 2.8936119e-01 -7.9702797e-02
    outer loop
      vertex 5.6815808e-03 -1.9286368e-03 2.6000000e-02
      vertex 5.6023698e-03 -1.5011505e-03 2.8500000e-02
      vertex 5.7955550e-03 -1.5529143e-03 2.6000000e-02
    endloop
  endfacet
  facet normal -9.7077876e-01 2.2635386e-01 -7.9702797e-02
    outer loop
      vertex 5.7955550e-03 -1.5529143e-03 2.6000000e-02
      vertex 5.6023698e-03 -1.5011505e-03 2.8500000e-02
      vertex 5.6885546e-03 -1.1315239e-03 2.8500000e-02
    endloop
  endfacet
  facet normal -9.7077876e-01 2.2635386e-01 -7.9702797e-02
    outer loop
      vertex 5.7955550e-03 -1.5529143e-03 2.6000000e-02
      vertex 5.6885546e-03 -1.1315239e-03 2.8500000e-02
      vertex 5.8847117e-03 -1.1705419e-03 2.6000000e-02
    endloop
  endfacet
  facet normal -9.8350450e-01 1.6237725e-01 -7.9702797e-02
    outer loop
      vertex 5.8847117e-03 -1.1705419e-03 2.6000000e-02
      vertex 5.6885546e-03 -1.1315239e-03 2.8500000e-02
      vertex 5.7503802e-03 -7.5705191e-04 2.8500000e-02
    endloop
  endfacet
  facet normal -9.8350450e-01 1.6237725e-01 -7.9702797e-02
    outer loop
      vertex 5.8847117e-03 -1.1705419e-03 2.6000000e-02
      vertex 5.7503802e-03 -7.5705191e-04 2.8500000e-02
      vertex 5.9486692e-03 -7.8315715e-04 2.6000000e-02
    endloop
  endfacet
  facet normal -9.9201872e-01 9.7705316e-02 -7.9702797e-02
    outer loop
      vertex 5.9486692e-03 -7.8315715e-04 2.6000000e-02
      vertex 5.7503802e-03 -7.5705191e-04 2.8500000e-02
      vertex 5.7875818e-03 -3.7933815e-04 2.8500000e-02
    endloop
  endfacet
  facet normal -9.9201872e-01 9.7705316e-02 -7.9702797e-02
    outer loop
      vertex 5.9486692e-03 -7.8315715e-04 2.6000000e-02
      vertex 5.7875818e-03 -3.7933815e-04 2.8500000e-02
      vertex 5.9871535e-03 -3.9241878e-04 2.6000000e-02
    endloop
  endfacet
  facet normal -9.9628496e-01 3.2614993e-02 -7.9702797e-02
    outer loop
      vertex 5.9871535e-03 -3.9241878e-04 2.6000000e-02
      vertex 5.7875818e-03 -3.7933815e-04 2.8500000e-02
      vertex 5.8000000e-03 -1.4205903e-18 2.8500000e-02
    endloop
  endfacet
  facet normal -9.9628496e-01 3.2614993e-02 -7.9702797e-02
    outer loop
      vertex 5.9871535e-03 -3.9241878e-04 2.6000000e-02
      vertex 5.8000000e-03 -1.4205903e-18 2.8500000e-02
      vertex 6.0000000e-03 -1.4695762e-18 2.6000000e-02
    endloop
  endfacet
  facet normal -7.8061380e-01 -2.5554650e-02 -6.2449104e-01
    outer loop
      vertex 5.8000000e-03 0.0000000e+00 2.8500000e-02
      vertex 5.0000000e-03 0.0000000e+00 2.9500000e-02
      vertex 4.9892946e-03 3.2701565e-04 2.9500000e-02
    endloop
  endfacet
  facet normal -7.8061380e-01 -2.5554650e-02 -6.2449104e-01
    outer loop
      vertex 5.8000000e-03 0.0000000e+00 2.8500000e-02
      vertex 4.9892946e-03 3.2701565e-04 2.9500000e-02
      vertex 5.7875818e-03 3.7933815e-04 2.8500000e-02
    endloop
  endfacet
  facet normal -7.7727109e-01 -7.6554520e-02 -6.2449104e-01
    outer loop
      vertex 5.7875818e-03 3.7933815e-04 2.8500000e-02
      vertex 4.9892946e-03 3.2701565e-04 2.9500000e-02
      vertex 4.9572243e-03 6.5263096e-04 2.9500000e-02
    endloop
  endfacet
  facet normal -7.7727109e-01 -7.6554520e-02 -6.2449104e-01
    outer loop
      vertex 5.7875818e-03 3.7933815e-04 2.8500000e-02
      vertex 4.9572243e-03 6.5263096e-04 2.9500000e-02
      vertex 5.7503802e-03 7.5705191e-04 2.8500000e-02
    endloop
  endfacet
  facet normal -7.7059999e-01 -1.2722657e-01 -6.2449104e-01
    outer loop
      vertex 5.7503802e-03 7.5705191e-04 2.8500000e-02
      vertex 4.9572243e-03 6.5263096e-04 2.9500000e-02
      vertex 4.9039264e-03 9.7545161e-04 2.9500000e-02
    endloop
  endfacet
  facet normal -7.7059999e-01 -1.2722657e-01 -6.2449104e-01
    outer loop
      vertex 5.7503802e-03 7.5705191e-04 2.8500000e-02
      vertex 4.9039264e-03 9.7545161e-04 2.9500000e-02
      vertex 5.6885546e-03 1.1315239e-03 2.8500000e-02
    endloop
  endfacet
  facet normal -7.6062906e-01 -1.7735382e-01 -6.2449104e-01
    outer loop
      vertex 5.6885546e-03 1.1315239e-03 2.8500000e-02
      vertex 4.9039264e-03 9.7545161e-04 2.9500000e-02
      vertex 4.8296291e-03 1.2940952e-03 2.9500000e-02
    endloop
  endfacet
  facet normal -7.6062906e-01 -1.7735382e-01 -6.2449104e-01
    outer loop
      vertex 5.6885546e-03 1.1315239e-03 2.8500000e-02
      vertex 4.8296291e-03 1.2940952e-03 2.9500000e-02
      vertex 5.6023698e-03 1.5011505e-03 2.8500000e-02
    endloop
  endfacet
  facet normal -7.4740100e-01 -2.2672161e-01 -6.2449104e-01
    outer loop
      vertex 5.6023698e-03 1.5011505e-03 2.8500000e-02
      vertex 4.8296291e-03 1.2940952e-03 2.9500000e-02
      vertex 4.7346506e-03 1.6071973e-03 2.9500000e-02
    endloop
  endfacet
  facet normal -7.4740100e-01 -2.2672161e-01 -6.2449104e-01
    outer loop
      vertex 5.6023698e-03 1.5011505e-03 2.8500000e-02
      vertex 4.7346506e-03 1.6071973e-03 2.9500000e-02
      vertex 5.4921948e-03 1.8643489e-03 2.8500000e-02
    endloop
  endfacet
  facet normal -7.3097245e-01 -2.7511855e-01 -6.2449104e-01
    outer loop
      vertex 5.4921948e-03 1.8643489e-03 2.8500000e-02
      vertex 4.7346506e-03 1.6071973e-03 2.9500000e-02
      vertex 4.6193977e-03 1.9134172e-03 2.9500000e-02
    endloop
  endfacet
  facet normal -7.3097245e-01 -2.7511855e-01 -6.2449104e-01
    outer loop
      vertex 5.4921948e-03 1.8643489e-03 2.8500000e-02
      vertex 4.6193977e-03 1.9134172e-03 2.9500000e-02
      vertex 5.3585013e-03 2.2195639e-03 2.8500000e-02
    endloop
  endfacet
  facet normal -7.1141377e-01 -3.2233739e-01 -6.2449104e-01
    outer loop
      vertex 5.3585013e-03 2.2195639e-03 2.8500000e-02
      vertex 4.6193977e-03 1.9134172e-03 2.9500000e-02
      vertex 4.4843637e-03 2.2114435e-03 2.9500000e-02
    endloop
  endfacet
  facet normal -7.1141377e-01 -3.2233739e-01 -6.2449104e-01
    outer loop
      vertex 5.3585013e-03 2.2195639e-03 2.8500000e-02
      vertex 4.4843637e-03 2.2114435e-03 2.9500000e-02
      vertex 5.2018619e-03 2.5652744e-03 2.8500000e-02
    endloop
  endfacet
  facet normal -6.8880870e-01 -3.6817592e-01 -6.2449104e-01
    outer loop
      vertex 5.2018619e-03 2.5652744e-03 2.8500000e-02
      vertex 4.4843637e-03 2.2114435e-03 2.9500000e-02
      vertex 4.3301270e-03 2.5000000e-03 2.9500000e-02
    endloop
  endfacet
  facet normal -6.8880870e-01 -3.6817592e-01 -6.2449104e-01
    outer loop
      vertex 5.2018619e-03 2.5652744e-03 2.8500000e-02
      vertex 4.3301270e-03 2.5000000e-03 2.9500000e-02
      vertex 5.0229473e-03 2.9000000e-03 2.8500000e-02
    endloop
  endfacet
  facet normal -6.6325406e-01 -4.1243788e-01 -6.2449104e-01
    outer loop
      vertex 5.0229473e-03 2.9000000e-03 2.8500000e-02
      vertex 4.3301270e-03 2.5000000e-03 2.9500000e-02
      vertex 4.1573481e-03 2.7778512e-03 2.9500000e-02
    endloop
  endfacet
  facet normal -6.6325406e-01 -4.1243788e-01 -6.2449104e-01
    outer loop
      vertex 5.0229473e-03 2.9000000e-03 2.8500000e-02
      vertex 4.1573481e-03 2.7778512e-03 2.9500000e-02
      vertex 4.8225238e-03 3.2223074e-03 2.8500000e-02
    endloop
  endfacet
  facet normal -6.3485925e-01 -4.5493370e-01 -6.2449104e-01
    outer loop
      vertex 4.8225238e-03 3.2223074e-03 2.8500000e-02
      vertex 4.1573481e-03 2.7778512e-03 2.9500000e-02
      vertex 3.9667667e-03 3.0438071e-03 2.9500000e-02
    endloop
  endfacet
  facet normal -6.3485925e-01 -4.5493370e-01 -6.2449104e-01
    outer loop
      vertex 4.8225238e-03 3.2223074e-03 2.8500000e-02
      vertex 3.9667667e-03 3.0438071e-03 2.9500000e-02
      vertex 4.6014494e-03 3.5308163e-03 2.8500000e-02
    endloop
  endfacet
  facet normal -6.0374588e-01 -4.9548144e-01 -6.2449104e-01
    outer loop
      vertex 4.6014494e-03 3.5308163e-03 2.8500000e-02
      vertex 3.9667667e-03 3.0438071e-03 2.9500000e-02
      vertex 3.7591990e-03 3.2967291e-03 2.9500000e-02
    endloop
  endfacet
  facet normal -6.0374588e-01 -4.9548144e-01 -6.2449104e-01
    outer loop
      vertex 4.6014494e-03 3.5308163e-03 2.8500000e-02
      vertex 3.7591990e-03 3.2967291e-03 2.9500000e-02
      vertex 4.3606709e-03 3.8242057e-03 2.8500000e-02
    endloop
  endfacet
  facet normal -5.7004718e-01 -5.3390744e-01 -6.2449104e-01
    outer loop
      vertex 4.3606709e-03 3.8242057e-03 2.8500000e-02
      vertex 3.7591990e-03 3.2967291e-03 2.9500000e-02
      vertex 3.5355339e-03 3.5355339e-03 2.9500000e-02
    endloop
  endfacet
  facet normal -5.7004718e-01 -5.3390744e-01 -6.2449104e-01
    outer loop
      vertex 4.3606709e-03 3.8242057e-03 2.8500000e-02
      vertex 3.5355339e-03 3.5355339e-03 2.9500000e-02
      vertex 4.1012193e-03 4.1012193e-03 2.8500000e-02
    endloop
  endfacet
  facet normal -5.3390744e-01 -5.7004718e-01 -6.2449104e-01
    outer loop
      vertex 4.1012193e-03 4.1012193e-03 2.8500000e-02
      vertex 3.5355339e-03 3.5355339e-03 2.9500000e-02
      vertex 3.2967291e-03 3.7591990e-03 2.9500000e-02
    endloop
  endfacet
  facet normal -5.3390744e-01 -5.7004718e-01 -6.2449104e-01
    outer loop
      vertex 4.1012193e-03 4.1012193e-03 2.8500000e-02
      vertex 3.2967291e-03 3.7591990e-03 2.9500000e-02
      vertex 3.8242057e-03 4.3606709e-03 2.8500000e-02
    endloop
  endfacet
  facet normal -4.9548144e-01 -6.0374588e-01 -6.2449104e-01
    outer loop
      vertex 3.8242057e-03 4.3606709e-03 2.8500000e-02
      vertex 3.2967291e-03 3.7591990e-03 2.9500000e-02
      vertex 3.0438071e-03 3.9667667e-03 2.9500000e-02
    endloop
  endfacet
  facet normal -4.9548144e-01 -6.0374588e-01 -6.2449104e-01
    outer loop
      vertex 3.8242057e-03 4.3606709e-03 2.8500000e-02
      vertex 3.0438071e-03 3.9667667e-03 2.9500000e-02
      vertex 3.5308163e-03 4.6014494e-03 2.8500000e-02
    endloop
  endfacet
  facet normal -4.5493370e-01 -6.3485925e-01 -6.2449104e-01
    outer loop
      vertex 3.5308163e-03 4.6014494e-03 2.8500000e-02
      vertex 3.0438071e-03 3.9667667e-03 2.9500000e-02
      vertex 2.7778512e-03 4.1573481e-03 2.9500000e-02
    endloop
  endfacet
  facet normal -4.5493370e-01 -6.3485925e-01 -6.2449104e-01
    outer loop
      vertex 3.5308163e-03 4.6014494e-03 2.8500000e-02
      vertex 2.7778512e-03 4.1573481e-03 2.9500000e-02
      vertex 3.2223074e-03 4.8225238e-03 2.8500000e-02
    endloop
  endfacet
  facet normal -4.1243788e-01 -6.6325406e-01 -6.2449104e-01
    outer loop
      vertex 3.2223074e-03 4.8225238e-03 2.8500000e-02
      vertex 2.7778512e-03 4.1573481e-03 2.9500000e-02
      vertex 2.5000000e-03 4.3301270e-03 2.9500000e-02
    endloop
  endfacet
  facet normal -4.1243788e-01 -6.6325406e-01 -6.2449104e-01
    outer loop
      vertex 3.2223074e-03 4.8225238e-03 2.8500000e-02
      vertex 2.5000000e-03 4.3301270e-03 2.9500000e-02
      vertex 2.9000000e-03 5.0229473e-03 2.8500000e-02
    endloop
  endfacet
  facet normal -3.6817592e-01 -6.8880870e-01 -6.2449104e-01
    outer loop
      vertex 2.9000000e-03 5.0229473e-03 2.8500000e-02
      vertex 2.5000000e-03 4.3301270e-03 2.9500000e-02
      vertex 2.2114435e-03 4.4843637e-03 2.9500000e-02
    endloop
  endfacet
  facet normal -3.6817592e-01 -6.8880870e-01 -6.2449104e-01
    outer loop
      vertex 2.9000000e-03 5.0229473e-03 2.8500000e-02
      vertex 2.2114435e-03 4.4843637e-03 2.9500000e-02
      vertex 2.5652744e-03 5.2018619e-03 2.8500000e-02
    endloop
  endfacet
  facet normal -3.2233739e-01 -7.1141377e-01 -6.2449104e-01
    outer loop
      vertex 2.5652744e-03 5.2018619e-03 2.8500000e-02
      vertex 2.2114435e-03 4.4843637e-03 2.9500000e-02
      vertex 1.9134172e-03 4.6193977e-03 2.9500000e-02
    endloop
  endfacet
  facet normal -3.2233739e-01 -7.1141377e-01 -6.2449104e-01
    outer loop
      vertex 2.5652744e-03 5.2018619e-03 2.8500000e-02
      vertex 1.9134172e-03 4.6193977e-03 2.9500000e-02
      vertex 2.2195639e-03 5.3585013e-03 2.8500000e-02
    endloop
  endfacet
  facet normal -2.7511855e-01 -7.3097245e-01 -6.2449104e-01
    outer loop
      vertex 2.2195639e-03 5.3585013e-03 2.8500000e-02
      vertex 1.9134172e-03 4.6193977e-03 2.9500000e-02
      vertex 1.6071973e-03 4.7346506e-03 2.9500000e-02
    endloop
  endfacet
  facet normal -2.7511855e-01 -7.3097245e-01 -6.2449104e-01
    outer loop
      vertex 2.2195639e-03 5.3585013e-03 2.8500000e-02
      vertex 1.6071973e-03 4.7346506e-03 2.9500000e-02
      vertex 1.8643489e-03 5.4921948e-03 2.8500000e-02
    endloop
  endfacet
  facet normal -2.2672161e-01 -7.4740100e-01 -6.2449104e-01
    outer loop
      vertex 1.8643489e-03 5.4921948e-03 2.8500000e-02
      vertex 1.6071973e-03 4.7346506e-03 2.9500000e-02
      vertex 1.2940952e-03 4.8296291e-03 2.9500000e-02
    endloop
  endfacet
  facet normal -2.2672161e-01 -7.4740100e-01 -6.2449104e-01
    outer loop
      vertex 1.8643489e-03 5.4921948e-03 2.8500000e-02
      vertex 1.2940952e-03 4.8296291e-03 2.9500000e-02
      vertex 1.5011505e-03 5.6023698e-03 2.8500000e-02
    endloop
  endfacet
  facet normal -1.7735382e-01 -7.6062906e-01 -6.2449104e-01
    outer loop
      vertex 1.5011505e-03 5.6023698e-03 2.8500000e-02
      vertex 1.2940952e-03 4.8296291e-03 2.9500000e-02
      vertex 9.7545161e-04 4.9039264e-03 2.9500000e-02
    endloop
  endfacet
  facet normal -1.7735382e-01 -7.6062906e-01 -6.2449104e-01
    outer loop
      vertex 1.5011505e-03 5.6023698e-03 2.8500000e-02
      vertex 9.7545161e-04 4.9039264e-03 2.9500000e-02
      vertex 1.1315239e-03 5.6885546e-03 2.8500000e-02
    endloop
  endfacet
  facet normal -1.2722657e-01 -7.7059999e-01 -6.2449104e-01
    outer loop
      vertex 1.1315239e-03 5.6885546e-03 2.8500000e-02
      vertex 9.7545161e-04 4.9039264e-03 2.9500000e-02
      vertex 6.5263096e-04 4.9572243e-03 2.9500000e-02
    endloop
  endfacet
  facet normal -1.2722657e-01 -7.7059999e-01 -6.2449104e-01
    outer loop
      vertex 1.1315239e-03 5.6885546e-03 2.8500000e-02
      vertex 6.5263096e-04 4.9572243e-03 2.9500000e-02
      vertex 7.5705191e-04 5.7503802e-03 2.8500000e-02
    endloop
  endfacet
  facet normal -7.6554520e-02 -7.7727109e-01 -6.2449104e-01
    outer loop
      vertex 7.5705191e-04 5.7503802e-03 2.8500000e-02
      vertex 6.5263096e-04 4.9572243e-03 2.9500000e-02
      vertex 3.2701565e-04 4.9892946e-03 2.9500000e-02
    endloop
  endfacet
  facet normal -7.6554520e-02 -7.7727109e-01 -6.2449104e-01
    outer loop
      vertex 7.5705191e-04 5.7503802e-03 2.8500000e-02
      vertex 3.2701565e-04 4.9892946e-03 2.9500000e-02
      vertex 3.7933815e-04 5.7875818e-03 2.8500000e-02
    endloop
  endfacet
  facet normal -2.5554650e-02 -7.8061380e-01 -6.2449104e-01
    outer loop
      vertex 3.7933815e-04 5.7875818e-03 2.8500000e-02
      vertex 3.2701565e-04 4.9892946e-03 2.9500000e-02
      vertex 3.0616170e-19 5.0000000e-03 2.9500000e-02
    endloop
  endfacet
  facet normal -2.5554650e-02 -7.8061380e-01 -6.2449104e-01
    outer loop
      vertex 3.7933815e-04 5.7875818e-03 2.8500000e-02
      vertex 3.0616170e-19 5.0000000e-03 2.9500000e-02
      vertex 3.5514757e-19 5.8000000e-03 2.8500000e-02
    endloop
  endfacet
  facet normal 2.5554650e-02 -7.8061380e-01 -6.2449104e-01
    outer loop
      vertex 3.5514757e-19 5.8000000e-03 2.8500000e-02
      vertex 3.0616170e-19 5.0000000e-03 2.9500000e-02
      vertex -3.2701565e-04 4.9892946e-03 2.9500000e-02
    endloop
  endfacet
  facet normal 2.5554650e-02 -7.8061380e-01 -6.2449104e-01
    outer loop
      vertex 3.5514757e-19 5.8000000e-03 2.8500000e-02
      vertex -3.2701565e-04 4.9892946e-03 2.9500000e-02
      vertex -3.7933815e-04 5.7875818e-03 2.8500000e-02
    endloop
  endfacet
  facet normal 7.6554520e-02 -7.7727109e-01 -6.2449104e-01
    outer loop
      vertex -3.7933815e-04 5.7875818e-03 2.8500000e-02
      vertex -3.2701565e-04 4.9892946e-03 2.9500000e-02
      vertex -6.5263096e-04 4.9572243e-03 2.9500000e-02
    endloop
  endfacet
  facet normal 7.6554520e-02 -7.7727109e-01 -6.2449104e-01
    outer loop
      vertex -3.7933815e-04 5.7875818e-03 2.8500000e-02
      vertex -6.5263096e-04 4.9572243e-03 2.9500000e-02
      vertex -7.5705191e-04 5.7503802e-03 2.8500000e-02
    endloop
  endfacet
  facet normal 1.2722657e-01 -7.7059999e-01 -6.2449104e-01
    outer loop
      vertex -7.5705191e-04 5.7503802e-03 2.8500000e-02
      vertex -6.5263096e-04 4.9572243e-03 2.9500000e-02
      vertex -9.7545161e-04 4.9039264e-03 2.9500000e-02
    endloop
  endfacet
  facet normal 1.2722657e-01 -7.7059999e-01 -6.2449104e-01
    outer loop
      vertex -7.5705191e-04 5.7503802e-03 2.8500000e-02
      vertex -9.7545161e-04 4.9039264e-03 2.9500000e-02
      vertex -1.1315239e-03 5.6885546e-03 2.8500000e-02
    endloop
  endfacet
  facet normal 1.7735382e-01 -7.6062906e-01 -6.2449104e-01
    outer loop
      vertex -1.1315239e-03 5.6885546e-03 2.8500000e-02
      vertex -9.7545161e-04 4.9039264e-03 2.9500000e-02
      vertex -1.2940952e-03 4.8296291e-03 2.9500000e-02
    endloop
  endfacet
  facet normal 1.7735382e-01 -7.6062906e-01 -6.2449104e-01
    outer loop
      vertex -1.1315239e-03 5.6885546e-03 2.8500000e-02
      vertex -1.2940952e-03 4.8296291e-03 2.9500000e-02
      vertex -1.5011505e-03 5.6023698e-03 2.8500000e-02
    endloop
  endfacet
  facet normal 2.2672161e-01 -7.4740100e-01 -6.2449104e-01
    outer loop
      vertex -1.5011505e-03 5.6023698e-03 2.8500000e-02
      vertex -1.2940952e-03 4.8296291e-03 2.9500000e-02
      vertex -1.6071973e-03 4.7346506e-03 2.9500000e-02
    endloop
  endfacet
  facet normal 2.2672161e-01 -7.4740100e-01 -6.2449104e-01
    outer loop
      vertex -1.5011505e-03 5.6023698e-03 2.8500000e-02
      vertex -1.6071973e-03 4.7346506e-03 2.9500000e-02
      vertex -1.8643489e-03 5.4921948e-03 2.8500000e-02
    endloop
  endfacet
  facet normal 2.7511855e-01 -7.3097245e-01 -6.2449104e-01
    outer loop
      vertex -1.8643489e-03 5.4921948e-03 2.8500000e-02
      vertex -1.6071973e-03 4.7346506e-03 2.9500000e-02
      vertex -1.9134172e-03 4.6193977e-03 2.9500000e-02
    endloop
  endfacet
  facet normal 2.7511855e-01 -7.3097245e-01 -6.2449104e-01
    outer loop
      vertex -1.8643489e-03 5.4921948e-03 2.8500000e-02
      vertex -1.9134172e-03 4.6193977e-03 2.9500000e-02
      vertex -2.2195639e-03 5.3585013e-03 2.8500000e-02
    endloop
  endfacet
  facet normal 3.2233739e-01 -7.1141377e-01 -6.2449104e-01
    outer loop
      vertex -2.2195639e-03 5.3585013e-03 2.8500000e-02
      vertex -1.9134172e-03 4.6193977e-03 2.9500000e-02
      vertex -2.2114435e-03 4.4843637e-03 2.9500000e-02
    endloop
  endfacet
  facet normal 3.2233739e-01 -7.1141377e-01 -6.2449104e-01
    outer loop
      vertex -2.2195639e-03 5.3585013e-03 2.8500000e-02
      vertex -2.2114435e-03 4.4843637e-03 2.9500000e-02
      vertex -2.5652744e-03 5.2018619e-03 2.8500000e-02
    endloop
  endfacet
  facet normal 3.6817592e-01 -6.8880870e-01 -6.2449104e-01
    outer loop
      vertex -2.5652744e-03 5.2018619e-03 2.8500000e-02
      vertex -2.2114435e-03 4.4843637e-03 2.9500000e-02
      vertex -2.5000000e-03 4.3301270e-03 2.9500000e-02
    endloop
  endfacet
  facet normal 3.6817592e-01 -6.8880870e-01 -6.2449104e-01
    outer loop
      vertex -2.5652744e-03 5.2018619e-03 2.8500000e-02
      vertex -2.5000000e-03 4.3301270e-03 2.9500000e-02
      vertex -2.9000000e-03 5.0229473e-03 2.8500000e-02
    endloop
  endfacet
  facet normal 4.1243788e-01 -6.6325406e-01 -6.2449104e-01
    outer loop
      vertex -2.9000000e-03 5.0229473e-03 2.8500000e-02
      vertex -2.5000000e-03 4.3301270e-03 2.9500000e-02
      vertex -2.7778512e-03 4.1573481e-03 2.9500000e-02
    endloop
  endfacet
  facet normal 4.1243788e-01 -6.6325406e-01 -6.2449104e-01
    outer loop
      vertex -2.9000000e-03 5.0229473e-03 2.8500000e-02
      vertex -2.7778512e-03 4.1573481e-03 2.9500000e-02
      vertex -3.2223074e-03 4.8225238e-03 2.8500000e-02
    endloop
  endfacet
  facet normal 4.5493370e-01 -6.3485925e-01 -6.2449104e-01
    outer loop
      vertex -3.2223074e-03 4.8225238e-03 2.8500000e-02
      vertex -2.7778512e-03 4.1573481e-03 2.9500000e-02
      vertex -3.0438071e-03 3.9667667e-03 2.9500000e-02
    endloop
  endfacet
  facet normal 4.5493370e-01 -6.3485925e-01 -6.2449104e-01
    outer loop
      vertex -3.2223074e-03 4.8225238e-03 2.8500000e-02
      vertex -3.0438071e-03 3.9667667e-03 2.9500000e-02
      vertex -3.5308163e-03 4.6014494e-03 2.8500000e-02
    endloop
  endfacet
  facet normal 4.9548144e-01 -6.0374588e-01 -6.2449104e-01
    outer loop
      vertex -3.5308163e-03 4.6014494e-03 2.8500000e-02
      vertex -3.0438071e-03 3.9667667e-03 2.9500000e-02
      vertex -3.2967291e-03 3.7591990e-03 2.9500000e-02
    endloop
  endfacet
  facet normal 4.9548144e-01 -6.0374588e-01 -6.2449104e-01
    outer loop
      vertex -3.5308163e-03 4.6014494e-03 2.8500000e-02
      vertex -3.2967291e-03 3.7591990e-03 2.9500000e-02
      vertex -3.8242057e-03 4.3606709e-03 2.8500000e-02
    endloop
  endfacet
  facet normal 5.3390744e-01 -5.7004718e-01 -6.2449104e-01
    outer loop
      vertex -3.8242057e-03 4.3606709e-03 2.8500000e-02
      vertex -3.2967291e-03 3.7591990e-03 2.9500000e-02
      vertex -3.5355339e-03 3.5355339e-03 2.9500000e-02
    endloop
  endfacet
  facet normal 5.3390744e-01 -5.7004718e-01 -6.2449104e-01
    outer loop
      vertex -3.8242057e-03 4.3606709e-03 2.8500000e-02
      vertex -3.5355339e-03 3.5355339e-03 2.9500000e-02
      vertex -4.1012193e-03 4.1012193e-03 2.8500000e-02
    endloop
  endfacet
  facet normal 5.7004718e-01 -5.3390744e-01 -6.2449104e-01
    outer loop
      vertex -4.1012193e-03 4.1012193e-03 2.8500000e-02
      vertex -3.5355339e-03 3.5355339e-03 2.9500000e-02
      vertex -3.7591990e-03 3.2967291e-03 2.9500000e-02
    endloop
  endfacet
  facet normal 5.7004718e-01 -5.3390744e-01 -6.2449104e-01
    outer loop
      vertex -4.1012193e-03 4.1012193e-03 2.8500000e-02
      vertex -3.7591990e-03 3.2967291e-03 2.9500000e-02
      vertex -4.3606709e-03 3.8242057e-03 2.8500000e-02
    endloop
  endfacet
  facet normal 6.0374588e-01 -4.9548144e-01 -6.2449104e-01
    outer loop
      vertex -4.3606709e-03 3.8242057e-03 2.8500000e-02
      vertex -3.7591990e-03 3.2967291e-03 2.9500000e-02
      vertex -3.9667667e-03 3.0438071e-03 2.9500000e-02
    endloop
  endfacet
  facet normal 6.0374588e-01 -4.9548144e-01 -6.2449104e-01
    outer loop
      vertex -4.3606709e-03 3.8242057e-03 2.8500000e-02
      vertex -3.9667667e-03 3.0438071e-03 2.9500000e-02
      vertex -4.6014494e-03 3.5308163e-03 2.8500000e-02
    endloop
  endfacet
  facet normal 6.3485925e-01 -4.5493370e-01 -6.2449104e-01
    outer loop
      vertex -4.6014494e-03 3.5308163e-03 2.8500000e-02
      vertex -3.9667667e-03 3.0438071e-03 2.9500000e-02
      vertex -4.1573481e-03 2.7778512e-03 2.9500000e-02
    endloop
  endfacet
  facet normal 6.3485925e-01 -4.5493370e-01 -6.2449104e-01
    outer loop
      vertex -4.6014494e-03 3.5308163e-03 2.8500000e-02
      vertex -4.1573481e-03 2.7778512e-03 2.9500000e-02
      vertex -4.8225238e-03 3.2223074e-03 2.8500000e-02
    endloop
  endfacet
  facet normal 6.6325406e-01 -4.1243788e-01 -6.2449104e-01
    outer loop
      vertex -4.8225238e-03 3.2223074e-03 2.8500000e-02
      vertex -4.1573481e-03 2.7778512e-03 2.9500000e-02
      vertex -4.3301270e-03 2.5000000e-03 2.9500000e-02
    endloop
  endfacet
  facet normal 6.6325406e-01 -4.1243788e-01 -6.2449104e-01
    outer loop
      vertex -4.8225238e-03 3.2223074e-03 2.8500000e-02
      vertex -4.3301270e-03 2.5000000e-03 2.9500000e-02
      vertex -5.0229473e-03 2.9000000e-03 2.8500000e-02
    endloop
  endfacet
  facet normal 6.8880870e-01 -3.6817592e-01 -6.2449104e-01
    outer loop
      vertex -5.0229473e-03 2.9000000e-03 2.8500000e-02
      vertex -4.3301270e-03 2.5000000e-03 2.9500000e-02
      vertex -4.4843637e-03 2.2114435e-03 2.9500000e-02
    endloop
  endfacet
  facet normal 6.8880870e-01 -3.6817592e-01 -6.2449104e-01
    outer loop
      vertex -5.0229473e-03 2.9000000e-03 2.8500000e-02
      vertex -4.4843637e-03 2.2114435e-03 2.9500000e-02
      vertex -5.2018619e-03 2.5652744e-03 2.8500000e-02
    endloop
  endfacet
  facet normal 7.1141377e-01 -3.2233739e-01 -6.2449104e-01
    outer loop
      vertex -5.2018619e-03 2.5652744e-03 2.8500000e-02
      vertex -4.4843637e-03 2.2114435e-03 2.9500000e-02
      vertex -4.6193977e-03 1.9134172e-03 2.9500000e-02
    endloop
  endfacet
  facet normal 7.1141377e-01 -3.2233739e-01 -6.2449104e-01
    outer loop
      vertex -5.2018619e-03 2.5652744e-03 2.8500000e-02
      vertex -4.6193977e-03 1.9134172e-03 2.9500000e-02
      vertex -5.3585013e-03 2.2195639e-03 2.8500000e-02
    endloop
  endfacet
  facet normal 7.3097245e-01 -2.7511855e-01 -6.2449104e-01
    outer loop
      vertex -5.3585013e-03 2.2195639e-03 2.8500000e-02
      vertex -4.6193977e-03 1.9134172e-03 2.9500000e-02
      vertex -4.7346506e-03 1.6071973e-03 2.9500000e-02
    endloop
  endfacet
  facet normal 7.3097245e-01 -2.7511855e-01 -6.2449104e-01
    outer loop
      vertex -5.3585013e-03 2.2195639e-03 2.8500000e-02
      vertex -4.7346506e-03 1.6071973e-03 2.9500000e-02
      vertex -5.4921948e-03 1.8643489e-03 2.8500000e-02
    endloop
  endfacet
  facet normal 7.4740100e-01 -2.2672161e-01 -6.2449104e-01
    outer loop
      vertex -5.4921948e-03 1.8643489e-03 2.8500000e-02
      vertex -4.7346506e-03 1.6071973e-03 2.9500000e-02
      vertex -4.8296291e-03 1.2940952e-03 2.9500000e-02
    endloop
  endfacet
  facet normal 7.4740100e-01 -2.2672161e-01 -6.2449104e-01
    outer loop
      vertex -5.4921948e-03 1.8643489e-03 2.8500000e-02
      vertex -4.8296291e-03 1.2940952e-03 2.9500000e-02
      vertex -5.6023698e-03 1.5011505e-03 2.8500000e-02
    endloop
  endfacet
  facet normal 7.6062906e-01 -1.7735382e-01 -6.2449104e-01
    outer loop
      vertex -5.6023698e-03 1.5011505e-03 2.8500000e-02
      vertex -4.8296291e-03 1.2940952e-03 2.9500000e-02
      vertex -4.9039264e-03 9.7545161e-04 2.9500000e-02
    endloop
  endfacet
  facet normal 7.6062906e-01 -1.7735382e-01 -6.2449104e-01
    outer loop
      vertex -5.6023698e-03 1.5011505e-03 2.8500000e-02
      vertex -4.9039264e-03 9.7545161e-04 2.9500000e-02
      vertex -5.6885546e-03 1.1315239e-03 2.8500000e-02
    endloop
  endfacet
  facet normal 7.7059999e-01 -1.2722657e-01 -6.2449104e-01
    outer loop
      vertex -5.6885546e-03 1.1315239e-03 2.8500000e-02
      vertex -4.9039264e-03 9.7545161e-04 2.9500000e-02
      vertex -4.9572243e-03 6.5263096e-04 2.9500000e-02
    endloop
  endfacet
  facet normal 7.7059999e-01 -1.2722657e-01 -6.2449104e-01
    outer loop
      vertex -5.6885546e-03 1.1315239e-03 2.8500000e-02
      vertex -4.9572243e-03 6.5263096e-04 2.9500000e-02
      vertex -5.7503802e-03 7.5705191e-04 2.8500000e-02
    endloop
  endfacet
  facet normal 7.7727109e-01 -7.6554520e-02 -6.2449104e-01
    outer loop
      vertex -5.7503802e-03 7.5705191e-04 2.8500000e-02
      vertex -4.9572243e-03 6.5263096e-04 2.9500000e-02
      vertex -4.9892946e-03 3.2701565e-04 2.9500000e-02
    endloop
  endfacet
  facet normal 7.7727109e-01 -7.6554520e-02 -6.2449104e-01
    outer loop
      vertex -5.7503802e-03 7.5705191e-04 2.8500000e-02
      vertex -4.9892946e-03 3.2701565e-04 2.9500000e-02
      vertex -5.7875818e-03 3.7933815e-04 2.8500000e-02
    endloop
  endfacet
  facet normal 7.8061380e-01 -2.5554650e-02 -6.2449104e-01
    outer loop
      vertex -5.7875818e-03 3.7933815e-04 2.8500000e-02
      vertex -4.9892946e-03 3.2701565e-04 2.9500000e-02
      vertex -5.0000000e-03 6.1232340e-19 2.9500000e-02
    endloop
  endfacet
  facet normal 7.8061380e-01 -2.5554650e-02 -6.2449104e-01
    outer loop
      vertex -5.7875818e-03 3.7933815e-04 2.8500000e-02
      vertex -5.0000000e-03 6.1232340e-19 2.9500000e-02
      vertex -5.8000000e-03 7.1029514e-19 2.8500000e-02
    endloop
  endfacet
  facet normal 7.8061380e-01 2.5554650e-02 -6.2449104e-01
    outer loop
      vertex -5.8000000e-03 7.1029514e-19 2.8500000e-02
      vertex -5.0000000e-03 6.1232340e-19 2.9500000e-02
      vertex -4.9892946e-03 -3.2701565e-04 2.9500000e-02
    endloop
  endfacet
  facet normal 7.8061380e-01 2.5554650e-02 -6.2449104e-01
    outer loop
      vertex -5.8000000e-03 7.1029514e-19 2.8500000e-02
      vertex -4.9892946e-03 -3.2701565e-04 2.9500000e-02
      vertex -5.7875818e-03 -3.7933815e-04 2.8500000e-02
    endloop
  endfacet
  facet normal 7.7727109e-01 7.6554520e-02 -6.2449104e-01
    outer loop
      vertex -5.7875818e-03 -3.7933815e-04 2.8500000e-02
      vertex -4.9892946e-03 -3.2701565e-04 2.9500000e-02
      vertex -4.9572243e-03 -6.5263096e-04 2.9500000e-02
    endloop
  endfacet
  facet normal 7.7727109e-01 7.6554520e-02 -6.2449104e-01
    outer loop
      vertex -5.7875818e-03 -3.7933815e-04 2.8500000e-02
      vertex -4.9572243e-03 -6.5263096e-04 2.9500000e-02
      vertex -5.7503802e-03 -7.5705191e-04 2.8500000e-02
    endloop
  endfacet
  facet normal 7.7059999e-01 1.2722657e-01 -6.2449104e-01
    outer loop
      vertex -5.7503802e-03 -7.5705191e-04 2.8500000e-02
      vertex -4.9572243e-03 -6.5263096e-04 2.9500000e-02
      vertex -4.9039264e-03 -9.7545161e-04 2.9500000e-02
    endloop
  endfacet
  facet normal 7.7059999e-01 1.2722657e-01 -6.2449104e-01
    outer loop
      vertex -5.7503802e-03 -7.5705191e-04 2.8500000e-02
      vertex -4.9039264e-03 -9.7545161e-04 2.9500000e-02
      vertex -5.6885546e-03 -1.1315239e-03 2.8500000e-02
    endloop
  endfacet
  facet normal 7.6062906e-01 1.7735382e-01 -6.2449104e-01
    outer loop
      vertex -5.6885546e-03 -1.1315239e-03 2.8500000e-02
      vertex -4.9039264e-03 -9.7545161e-04 2.9500000e-02
      vertex -4.8296291e-03 -1.2940952e-03 2.9500000e-02
    endloop
  endfacet
  facet normal 7.6062906e-01 1.7735382e-01 -6.2449104e-01
    outer loop
      vertex -5.6885546e-03 -1.1315239e-03 2.8500000e-02
      vertex -4.8296291e-03 -1.2940952e-03 2.9500000e-02
      vertex -5.6023698e-03 -1.5011505e-03 2.8500000e-02
    endloop
  endfacet
  facet normal 7.4740100e-01 2.2672161e-01 -6.2449104e-01
    outer loop
      vertex -5.6023698e-03 -1.5011505e-03 2.8500000e-02
      vertex -4.8296291e-03 -1.2940952e-03 2.9500000e-02
      vertex -4.7346506e-03 -1.6071973e-03 2.9500000e-02
    endloop
  endfacet
  facet normal 7.4740100e-01 2.2672161e-01 -6.2449104e-01
    outer loop
      vertex -5.6023698e-03 -1.5011505e-03 2.8500000e-02
      vertex -4.7346506e-03 -1.6071973e-03 2.9500000e-02
      vertex -5.4921948e-03 -1.8643489e-03 2.8500000e-02
    endloop
  endfacet
  facet normal 7.3097245e-01 2.7511855e-01 -6.2449104e-01
    outer loop
      vertex -5.4921948e-03 -1.8643489e-03 2.8500000e-02
      vertex -4.7346506e-03 -1.6071973e-03 2.9500000e-02
      vertex -4.6193977e-03 -1.9134172e-03 2.9500000e-02
    endloop
  endfacet
  facet normal 7.3097245e-01 2.7511855e-01 -6.2449104e-01
    outer loop
      vertex -5.4921948e-03 -1.8643489e-03 2.8500000e-02
      vertex -4.6193977e-03 -1.9134172e-03 2.9500000e-02
      vertex -5.3585013e-03 -2.2195639e-03 2.8500000e-02
    endloop
  endfacet
  facet normal 7.1141377e-01 3.2233739e-01 -6.2449104e-01
    outer loop
      vertex -5.3585013e-03 -2.2195639e-03 2.8500000e-02
      vertex -4.6193977e-03 -1.9134172e-03 2.9500000e-02
      vertex -4.4843637e-03 -2.2114435e-03 2.9500000e-02
    endloop
  endfacet
  facet normal 7.1141377e-01 3.2233739e-01 -6.2449104e-01
    outer loop
      vertex -5.3585013e-03 -2.2195639e-03 2.8500000e-02
      vertex -4.4843637e-03 -2.2114435e-03 2.9500000e-02
      vertex -5.2018619e-03 -2.5652744e-03 2.8500000e-02
    endloop
  endfacet
  facet normal 6.8880870e-01 3.6817592e-01 -6.2449104e-01
    outer loop
      vertex -5.2018619e-03 -2.5652744e-03 2.8500000e-02
      vertex -4.4843637e-03 -2.2114435e-03 2.9500000e-02
      vertex -4.3301270e-03 -2.5000000e-03 2.9500000e-02
    endloop
  endfacet
  facet normal 6.8880870e-01 3.6817592e-01 -6.2449104e-01
    outer loop
      vertex -5.2018619e-03 -2.5652744e-03 2.8500000e-02
      vertex -4.3301270e-03 -2.5000000e-03 2.9500000e-02
      vertex -5.0229473e-03 -2.9000000e-03 2.8500000e-02
    endloop
  endfacet
  facet normal 6.6325406e-01 4.1243788e-01 -6.2449104e-01
    outer loop
      vertex -5.0229473e-03 -2.9000000e-03 2.8500000e-02
      vertex -4.3301270e-03 -2.5000000e-03 2.9500000e-02
      vertex -4.1573481e-03 -2.7778512e-03 2.9500000e-02
    endloop
  endfacet
  facet normal 6.6325406e-01 4.1243788e-01 -6.2449104e-01
    outer loop
      vertex -5.0229473e-03 -2.9000000e-03 2.8500000e-02
      vertex -4.1573481e-03 -2.7778512e-03 2.9500000e-02
      vertex -4.8225238e-03 -3.2223074e-03 2.8500000e-02
    endloop
  endfacet
  facet normal 6.3485925e-01 4.5493370e-01 -6.2449104e-01
    outer loop
      vertex -4.8225238e-03 -3.2223074e-03 2.8500000e-02
      vertex -4.1573481e-03 -2.7778512e-03 2.9500000e-02
      vertex -3.9667667e-03 -3.0438071e-03 2.9500000e-02
    endloop
  endfacet
  facet normal 6.3485925e-01 4.5493370e-01 -6.2449104e-01
    outer loop
      vertex -4.8225238e-03 -3.2223074e-03 2.8500000e-02
      vertex -3.9667667e-03 -3.0438071e-03 2.9500000e-02
      vertex -4.6014494e-03 -3.5308163e-03 2.8500000e-02
    endloop
  endfacet
  facet normal 6.0374588e-01 4.9548144e-01 -6.2449104e-01
    outer loop
      vertex -4.6014494e-03 -3.5308163e-03 2.8500000e-02
      vertex -3.9667667e-03 -3.0438071e-03 2.9500000e-02
      vertex -3.7591990e-03 -3.2967291e-03 2.9500000e-02
    endloop
  endfacet
  facet normal 6.0374588e-01 4.9548144e-01 -6.2449104e-01
    outer loop
      vertex -4.6014494e-03 -3.5308163e-03 2.8500000e-02
      vertex -3.7591990e-03 -3.2967291e-03 2.9500000e-02
      vertex -4.3606709e-03 -3.8242057e-03 2.8500000e-02
    endloop
  endfacet
  facet normal 5.7004718e-01 5.3390744e-01 -6.2449104e-01
    outer loop
      vertex -4.3606709e-03 -3.8242057e-03 2.8500000e-02
      vertex -3.7591990e-03 -3.2967291e-03 2.9500000e-02
      vertex -3.5355339e-03 -3.5355339e-03 2.9500000e-02
    endloop
  endfacet
  facet normal 5.7004718e-01 5.3390744e-01 -6.2449104e-01
    outer loop
      vertex -4.3606709e-03 -3.8242057e-03 2.8500000e-02
      vertex -3.5355339e-03 -3.5355339e-03 2.9500000e-02
      vertex -4.1012193e-03 -4.1012193e-03 2.8500000e-02
    endloop
  endfacet
  facet normal 5.3390744e-01 5.7004718e-01 -6.2449104e-01
    outer loop
      vertex -4.1012193e-03 -4.1012193e-03 2.8500000e-02
      vertex -3.5355339e-03 -3.5355339e-03 2.9500000e-02
      vertex -3.2967291e-03 -3.7591990e-03 2.9500000e-02
    endloop
  endfacet
  facet normal 5.3390744e-01 5.7004718e-01 -6.2449104e-01
    outer loop
      vertex -4.1012193e-03 -4.1012193e-03 2.8500000e-02
      vertex -3.2967291e-03 -3.7591990e-03 2.9500000e-02
      vertex -3.8242057e-03 -4.3606709e-03 2.8500000e-02
    endloop
  endfacet
  facet normal 4.9548144e-01 6.0374588e-01 -6.2449104e-01
    outer loop
      vertex -3.8242057e-03 -4.3606709e-03 2.8500000e-02
      vertex -3.2967291e-03 -3.7591990e-03 2.9500000e-02
      vertex -3.0438071e-03 -3.9667667e-03 2.9500000e-02
    endloop
  endfacet
  facet normal 4.9548144e-01 6.0374588e-01 -6.2449104e-01
    outer loop
      vertex -3.8242057e-03 -4.3606709e-03 2.8500000e-02
      vertex -3.0438071e-03 -3.9667667e-03 2.9500000e-02
      vertex -3.5308163e-03 -4.6014494e-03 2.8500000e-02
    endloop
  endfacet
  facet normal 4.5493370e-01 6.3485925e-01 -6.2449104e-01
    outer loop
      vertex -3.5308163e-03 -4.6014494e-03 2.8500000e-02
      vertex -3.0438071e-03 -3.9667667e-03 2.9500000e-02
      vertex -2.7778512e-03 -4.1573481e-03 2.9500000e-02
    endloop
  endfacet
  facet normal 4.5493370e-01 6.3485925e-01 -6.2449104e-01
    outer loop
      vertex -3.5308163e-03 -4.6014494e-03 2.8500000e-02
      vertex -2.7778512e-03 -4.1573481e-03 2.9500000e-02
      vertex -3.2223074e-03 -4.8225238e-03 2.8500000e-02
    endloop
  endfacet
  facet normal 4.1243788e-01 6.6325406e-01 -6.2449104e-01
    outer loop
      vertex -3.2223074e-03 -4.8225238e-03 2.8500000e-02
      vertex -2.7778512e-03 -4.1573481e-03 2.9500000e-02
      vertex -2.5000000e-03 -4.3301270e-03 2.9500000e-02
    endloop
  endfacet
  facet normal 4.1243788e-01 6.6325406e-01 -6.2449104e-01
    outer loop
      vertex -3.2223074e-03 -4.8225238e-03 2.8500000e-02
      vertex -2.5000000e-03 -4.3301270e-03 2.9500000e-02
      vertex -2.9000000e-03 -5.0229473e-03 2.8500000e-02
    endloop
  endfacet
  facet normal 3.6817592e-01 6.8880870e-01 -6.2449104e-01
    outer loop
      vertex -2.9000000e-03 -5.0229473e-03 2.8500000e-02
      vertex -2.5000000e-03 -4.3301270e-03 2.9500000e-02
      vertex -2.2114435e-03 -4.4843637e-03 2.9500000e-02
    endloop
  endfacet
  facet normal 3.6817592e-01 6.8880870e-01 -6.2449104e-01
    outer loop
      vertex -2.9000000e-03 -5.0229473e-03 2.8500000e-02
      vertex -2.2114435e-03 -4.4843637e-03 2.9500000e-02
      vertex -2.5652744e-03 -5.2018619e-03 2.8500000e-02
    endloop
  endfacet
  facet normal 3.2233739e-01 7.1141377e-01 -6.2449104e-01
    outer loop
      vertex -2.5652744e-03 -5.2018619e-03 2.8500000e-02
      vertex -2.2114435e-03 -4.4843637e-03 2.9500000e-02
      vertex -1.9134172e-03 -4.6193977e-03 2.9500000e-02
    endloop
  endfacet
  facet normal 3.2233739e-01 7.1141377e-01 -6.2449104e-01
    outer loop
      vertex -2.5652744e-03 -5.2018619e-03 2.8500000e-02
      vertex -1.9134172e-03 -4.6193977e-03 2.9500000e-02
      vertex -2.2195639e-03 -5.3585013e-03 2.8500000e-02
    endloop
  endfacet
  facet normal 2.7511855e-01 7.3097245e-01 -6.2449104e-01
    outer loop
      vertex -2.2195639e-03 -5.3585013e-03 2.8500000e-02
      vertex -1.9134172e-03 -4.6193977e-03 2.9500000e-02
      vertex -1.6071973e-03 -4.7346506e-03 2.9500000e-02
    endloop
  endfacet
  facet normal 2.7511855e-01 7.3097245e-01 -6.2449104e-01
    outer loop
      vertex -2.2195639e-03 -5.3585013e-03 2.8500000e-02
      vertex -1.6071973e-03 -4.7346506e-03 2.9500000e-02
      vertex -1.8643489e-03 -5.4921948e-03 2.8500000e-02
    endloop
  endfacet
  facet normal 2.2672161e-01 7.4740100e-01 -6.2449104e-01
    outer loop
      vertex -1.8643489e-03 -5.4921948e-03 2.8500000e-02
      vertex -1.6071973e-03 -4.7346506e-03 2.9500000e-02
      vertex -1.2940952e-03 -4.8296291e-03 2.9500000e-02
    endloop
  endfacet
  facet normal 2.2672161e-01 7.4740100e-01 -6.2449104e-01
    outer loop
      vertex -1.8643489e-03 -5.4921948e-03 2.8500000e-02
      vertex -1.2940952e-03 -4.8296291e-03 2.9500000e-02
      vertex -1.5011505e-03 -5.6023698e-03 2.8500000e-02
    endloop
  endfacet
  facet normal 1.7735382e-01 7.6062906e-01 -6.2449104e-01
    outer loop
      vertex -1.5011505e-03 -5.6023698e-03 2.8500000e-02
      vertex -1.2940952e-03 -4.8296291e-03 2.9500000e-02
      vertex -9.7545161e-04 -4.9039264e-03 2.9500000e-02
    endloop
  endfacet
  facet normal 1.7735382e-01 7.6062906e-01 -6.2449104e-01
    outer loop
      vertex -1.5011505e-03 -5.6023698e-03 2.8500000e-02
      vertex -9.7545161e-04 -4.9039264e-03 2.9500000e-02
      vertex -1.1315239e-03 -5.6885546e-03 2.8500000e-02
    endloop
  endfacet
  facet normal 1.2722657e-01 7.7059999e-01 -6.2449104e-01
    outer loop
      vertex -1.1315239e-03 -5.6885546e-03 2.8500000e-02
      vertex -9.7545161e-04 -4.9039264e-03 2.9500000e-02
      vertex -6.5263096e-04 -4.9572243e-03 2.9500000e-02
    endloop
  endfacet
  facet normal 1.2722657e-01 7.7059999e-01 -6.2449104e-01
    outer loop
      vertex -1.1315239e-03 -5.6885546e-03 2.8500000e-02
      vertex -6.5263096e-04 -4.9572243e-03 2.9500000e-02
      vertex -7.5705191e-04 -5.7503802e-03 2.8500000e-02
    endloop
  endfacet
  facet normal 7.6554520e-02 7.7727109e-01 -6.2449104e-01
    outer loop
      vertex -7.5705191e-04 -5.7503802e-03 2.8500000e-02
      vertex -6.5263096e-04 -4.9572243e-03 2.9500000e-02
      vertex -3.2701565e-04 -4.9892946e-03 2.9500000e-02
    endloop
  endfacet
  facet normal 7.6554520e-02 7.7727109e-01 -6.2449104e-01
    outer loop
      vertex -7.5705191e-04 -5.7503802e-03 2.8500000e-02
      vertex -3.2701565e-04 -4.9892946e-03 2.9500000e-02
      vertex -3.7933815e-04 -5.7875818e-03 2.8500000e-02
    endloop
  endfacet
  facet normal 2.5554650e-02 7.8061380e-01 -6.2449104e-01
    outer loop
      vertex -3.7933815e-04 -5.7875818e-03 2.8500000e-02
      vertex -3.2701565e-04 -4.9892946e-03 2.9500000e-02
      vertex -9.1848510e-19 -5.0000000e-03 2.9500000e-02
    endloop
  endfacet
  facet normal 2.5554650e-02 7.8061380e-01 -6.2449104e-01
    outer loop
      vertex -3.7933815e-04 -5.7875818e-03 2.8500000e-02
      vertex -9.1848510e-19 -5.0000000e-03 2.9500000e-02
      vertex -1.0654427e-18 -5.8000000e-03 2.8500000e-02
    endloop
  endfacet
  facet normal -2.5554650e-02 7.8061380e-01 -6.2449104e-01
    outer loop
      vertex -1.0654427e-18 -5.8000000e-03 2.8500000e-02
      vertex -9.1848510e-19 -5.0000000e-03 2.9500000e-02
      vertex 3.2701565e-04 -4.9892946e-03 2.9500000e-02
    endloop
  endfacet
  facet normal -2.5554650e-02 7.8061380e-01 -6.2449104e-01
    outer loop
      vertex -1.0654427e-18 -5.8000000e-03 2.8500000e-02
      vertex 3.2701565e-04 -4.9892946e-03 2.9500000e-02
      vertex 3.7933815e-04 -5.7875818e-03 2.8500000e-02
    endloop
  endfacet
  facet normal -7.6554520e-02 7.7727109e-01 -6.2449104e-01
    outer loop
      vertex 3.7933815e-04 -5.7875818e-03 2.8500000e-02
      vertex 3.2701565e-04 -4.9892946e-03 2.9500000e-02
      vertex 6.5263096e-04 -4.9572243e-03 2.9500000e-02
    endloop
  endfacet
  facet normal -7.6554520e-02 7.7727109e-01 -6.2449104e-01
    outer loop
      vertex 3.7933815e-04 -5.7875818e-03 2.8500000e-02
      vertex 6.5263096e-04 -4.9572243e-03 2.9500000e-02
      vertex 7.5705191e-04 -5.7503802e-03 2.8500000e-02
    endloop
  endfacet
  facet normal -1.2722657e-01 7.7059999e-01 -6.2449104e-01
    outer loop
      vertex 7.5705191e-04 -5.7503802e-03 2.8500000e-02
      vertex 6.5263096e-04 -4.9572243e-03 2.9500000e-02
      vertex 9.7545161e-04 -4.9039264e-03 2.9500000e-02
    endloop
  endfacet
  facet normal -1.2722657e-01 7.7059999e-01 -6.2449104e-01
    outer loop
      vertex 7.5705191e-04 -5.7503802e-03 2.8500000e-02
      vertex 9.7545161e-04 -4.9039264e-03 2.9500000e-02
      vertex 1.1315239e-03 -5.6885546e-03 2.8500000e-02
    endloop
  endfacet
  facet normal -1.7735382e-01 7.6062906e-01 -6.2449104e-01
    outer loop
      vertex 1.1315239e-03 -5.6885546e-03 2.8500000e-02
      vertex 9.7545161e-04 -4.9039264e-03 2.9500000e-02
      vertex 1.2940952e-03 -4.8296291e-03 2.9500000e-02
    endloop
  endfacet
  facet normal -1.7735382e-01 7.6062906e-01 -6.2449104e-01
    outer loop
      vertex 1.1315239e-03 -5.6885546e-03 2.8500000e-02
      vertex 1.2940952e-03 -4.8296291e-03 2.9500000e-02
      vertex 1.5011505e-03 -5.6023698e-03 2.8500000e-02
    endloop
  endfacet
  facet normal -2.2672161e-01 7.4740100e-01 -6.2449104e-01
    outer loop
      vertex 1.5011505e-03 -5.6023698e-03 2.8500000e-02
      vertex 1.2940952e-03 -4.8296291e-03 2.9500000e-02
      vertex 1.6071973e-03 -4.7346506e-03 2.9500000e-02
    endloop
  endfacet
  facet normal -2.2672161e-01 7.4740100e-01 -6.2449104e-01
    outer loop
      vertex 1.5011505e-03 -5.6023698e-03 2.8500000e-02
      vertex 1.6071973e-03 -4.7346506e-03 2.9500000e-02
      vertex 1.8643489e-03 -5.4921948e-03 2.8500000e-02
    endloop
  endfacet
  facet normal -2.7511855e-01 7.3097245e-01 -6.2449104e-01
    outer loop
      vertex 1.8643489e-03 -5.4921948e-03 2.8500000e-02
      vertex 1.6071973e-03 -4.7346506e-03 2.9500000e-02
      vertex 1.9134172e-03 -4.6193977e-03 2.9500000e-02
    endloop
  endfacet
  facet normal -2.7511855e-01 7.3097245e-01 -6.2449104e-01
    outer loop
      vertex 1.8643489e-03 -5.4921948e-03 2.8500000e-02
      vertex 1.9134172e-03 -4.6193977e-03 2.9500000e-02
      vertex 2.2195639e-03 -5.3585013e-03 2.8500000e-02
    endloop
  endfacet
  facet normal -3.2233739e-01 7.1141377e-01 -6.2449104e-01
    outer loop
      vertex 2.2195639e-03 -5.3585013e-03 2.8500000e-02
      vertex 1.9134172e-03 -4.6193977e-03 2.9500000e-02
      vertex 2.2114435e-03 -4.4843637e-03 2.9500000e-02
    endloop
  endfacet
  facet normal -3.2233739e-01 7.1141377e-01 -6.2449104e-01
    outer loop
      vertex 2.2195639e-03 -5.3585013e-03 2.8500000e-02
      vertex 2.2114435e-03 -4.4843637e-03 2.9500000e-02
      vertex 2.5652744e-03 -5.2018619e-03 2.8500000e-02
    endloop
  endfacet
  facet normal -3.6817592e-01 6.8880870e-01 -6.2449104e-01
    outer loop
      vertex 2.5652744e-03 -5.2018619e-03 2.8500000e-02
      vertex 2.2114435e-03 -4.4843637e-03 2.9500000e-02
      vertex 2.5000000e-03 -4.3301270e-03 2.9500000e-02
    endloop
  endfacet
  facet normal -3.6817592e-01 6.8880870e-01 -6.2449104e-01
    outer loop
      vertex 2.5652744e-03 -5.2018619e-03 2.8500000e-02
      vertex 2.5000000e-03 -4.3301270e-03 2.9500000e-02
      vertex 2.9000000e-03 -5.0229473e-03 2.8500000e-02
    endloop
  endfacet
  facet normal -4.1243788e-01 6.6325406e-01 -6.2449104e-01
    outer loop
      vertex 2.9000000e-03 -5.0229473e-03 2.8500000e-02
      vertex 2.5000000e-03 -4.3301270e-03 2.9500000e-02
      vertex 2.7778512e-03 -4.1573481e-03 2.9500000e-02
    endloop
  endfacet
  facet normal -4.1243788e-01 6.6325406e-01 -6.2449104e-01
    outer loop
      vertex 2.9000000e-03 -5.0229473e-03 2.8500000e-02
      vertex 2.7778512e-03 -4.1573481e-03 2.9500000e-02
      vertex 3.2223074e-03 -4.8225238e-03 2.8500000e-02
    endloop
  endfacet
  facet normal -4.5493370e-01 6.3485925e-01 -6.2449104e-01
    outer loop
      vertex 3.2223074e-03 -4.8225238e-03 2.8500000e-02
      vertex 2.7778512e-03 -4.1573481e-03 2.9500000e-02
      vertex 3.0438071e-03 -3.9667667e-03 2.9500000e-02
    endloop
  endfacet
  facet normal -4.5493370e-01 6.3485925e-01 -6.2449104e-01
    outer loop
      vertex 3.2223074e-03 -4.8225238e-03 2.8500000e-02
      vertex 3.0438071e-03 -3.9667667e-03 2.9500000e-02
      vertex 3.5308163e-03 -4.6014494e-03 2.8500000e-02
    endloop
  endfacet
  facet normal -4.9548144e-01 6.0374588e-01 -6.2449104e-01
    outer loop
      vertex 3.5308163e-03 -4.6014494e-03 2.8500000e-02
      vertex 3.0438071e-03 -3.9667667e-03 2.9500000e-02
      vertex 3.2967291e-03 -3.7591990e-03 2.9500000e-02
    endloop
  endfacet
  facet normal -4.9548144e-01 6.0374588e-01 -6.2449104e-01
    outer loop
      vertex 3.5308163e-03 -4.6014494e-03 2.8500000e-02
      vertex 3.2967291e-03 -3.7591990e-03 2.9500000e-02
      vertex 3.8242057e-03 -4.3606709e-03 2.8500000e-02
    endloop
  endfacet
  facet normal -5.3390744e-01 5.7004718e-01 -6.2449104e-01
    outer loop
      vertex 3.8242057e-03 -4.3606709e-03 2.8500000e-02
      vertex 3.2967291e-03 -3.7591990e-03 2.9500000e-02
      vertex 3.5355339e-03 -3.5355339e-03 2.9500000e-02
    endloop
  endfacet
  facet normal -5.3390744e-01 5.7004718e-01 -6.2449104e-01
    outer loop
      vertex 3.8242057e-03 -4.3606709e-03 2.8500000e-02
      vertex 3.5355339e-03 -3.5355339e-03 2.9500000e-02
      vertex 4.1012193e-03 -4.1012193e-03 2.8500000e-02
    endloop
  endfacet
  facet normal -5.7004718e-01 5.3390744e-01 -6.2449104e-01
    outer loop
      vertex 4.1012193e-03 -4.1012193e-03 2.8500000e-02
      vertex 3.5355339e-03 -3.5355339e-03 2.9500000e-02
      vertex 3.7591990e-03 -3.2967291e-03 2.9500000e-02
    endloop
  endfacet
  facet normal -5.7004718e-01 5.3390744e-01 -6.2449104e-01
    outer loop
      vertex 4.1012193e-03 -4.1012193e-03 2.8500000e-02
      vertex 3.7591990e-03 -3.2967291e-03 2.9500000e-02
      vertex 4.3606709e-03 -3.8242057e-03 2.8500000e-02
    endloop
  endfacet
  facet normal -6.0374588e-01 4.9548144e-01 -6.2449104e-01
    outer loop
      vertex 4.3606709e-03 -3.8242057e-03 2.8500000e-02
      vertex 3.7591990e-03 -3.2967291e-03 2.9500000e-02
      vertex 3.9667667e-03 -3.0438071e-03 2.9500000e-02
    endloop
  endfacet
  facet normal -6.0374588e-01 4.9548144e-01 -6.2449104e-01
    outer loop
      vertex 4.3606709e-03 -3.8242057e-03 2.8500000e-02
      vertex 3.9667667e-03 -3.0438071e-03 2.9500000e-02
      vertex 4.6014494e-03 -3.5308163e-03 2.8500000e-02
    endloop
  endfacet
  facet normal -6.3485925e-01 4.5493370e-01 -6.2449104e-01
    outer loop
      vertex 4.6014494e-03 -3.5308163e-03 2.8500000e-02
      vertex 3.9667667e-03 -3.0438071e-03 2.9500000e-02
      vertex 4.1573481e-03 -2.7778512e-03 2.9500000e-02
    endloop
  endfacet
  facet normal -6.3485925e-01 4.5493370e-01 -6.2449104e-01
    outer loop
      vertex 4.6014494e-03 -3.5308163e-03 2.8500000e-02
      vertex 4.1573481e-03 -2.7778512e-03 2.9500000e-02
      vertex 4.8225238e-03 -3.2223074e-03 2.8500000e-02
    endloop
  endfacet
  facet normal -6.6325406e-01 4.1243788e-01 -6.2449104e-01
    outer loop
      vertex 4.8225238e-03 -3.2223074e-03 2.8500000e-02
      vertex 4.1573481e-03 -2.7778512e-03 2.9500000e-02
      vertex 4.3301270e-03 -2.5000000e-03 2.9500000e-02
    endloop
  endfacet
  facet normal -6.6325406e-01 4.1243788e-01 -6.2449104e-01
    outer loop
      vertex 4.8225238e-03 -3.2223074e-03 2.8500000e-02
      vertex 4.3301270e-03 -2.5000000e-03 2.9500000e-02
      vertex 5.0229473e-03 -2.9000000e-03 2.8500000e-02
    endloop
  endfacet
  facet normal -6.8880870e-01 3.6817592e-01 -6.2449104e-01
    outer loop
      vertex 5.0229473e-03 -2.9000000e-03 2.8500000e-02
      vertex 4.3301270e-03 -2.5000000e-03 2.9500000e-02
      vertex 4.4843637e-03 -2.2114435e-03 2.9500000e-02
    endloop
  endfacet
  facet normal -6.8880870e-01 3.6817592e-01 -6.2449104e-01
    outer loop
      vertex 5.0229473e-03 -2.9000000e-03 2.8500000e-02
      vertex 4.4843637e-03 -2.2114435e-03 2.9500000e-02
      vertex 5.2018619e-03 -2.5652744e-03 2.8500000e-02
    endloop
  endfacet
  facet normal -7.1141377e-01 3.2233739e-01 -6.2449104e-01
    outer loop
      vertex 5.2018619e-03 -2.5652744e-03 2.8500000e-02
      vertex 4.4843637e-03 -2.2114435e-03 2.9500000e-02
      vertex 4.6193977e-03 -1.9134172e-03 2.9500000e-02
    endloop
  endfacet
  facet normal -7.1141377e-01 3.2233739e-01 -6.2449104e-01
    outer loop
      vertex 5.2018619e-03 -2.5652744e-03 2.8500000e-02
      vertex 4.6193977e-03 -1.9134172e-03 2.9500000e-02
      vertex 5.3585013e-03 -2.2195639e-03 2.8500000e-02
    endloop
  endfacet
  facet normal -7.3097245e-01 2.7511855e-01 -6.2449104e-01
    outer loop
      vertex 5.3585013e-03 -2.2195639e-03 2.8500000e-02
      vertex 4.6193977e-03 -1.9134172e-03 2.9500000e-02
      vertex 4.7346506e-03 -1.6071973e-03 2.9500000e-02
    endloop
  endfacet
  facet normal -7.3097245e-01 2.7511855e-01 -6.2449104e-01
    outer loop
      vertex 5.3585013e-03 -2.2195639e-03 2.8500000e-02
      vertex 4.7346506e-03 -1.6071973e-03 2.9500000e-02
      vertex 5.4921948e-03 -1.8643489e-03 2.8500000e-02
    endloop
  endfacet
  facet normal -7.4740100e-01 2.2672161e-01 -6.2449104e-01
    outer loop
      vertex 5.4921948e-03 -1.8643489e-03 2.8500000e-02
      vertex 4.7346506e-03 -1.6071973e-03 2.9500000e-02
      vertex 4.8296291e-03 -1.2940952e-03 2.9500000e-02
    endloop
  endfacet
  facet normal -7.4740100e-01 2.2672161e-01 -6.2449104e-01
    outer loop
      vertex 5.4921948e-03 -1.8643489e-03 2.8500000e-02
      vertex 4.8296291e-03 -1.2940952e-03 2.9500000e-02
      vertex 5.6023698e-03 -1.5011505e-03 2.8500000e-02
    endloop
  endfacet
  facet normal -7.6062906e-01 1.7735382e-01 -6.2449104e-01
    outer loop
      vertex 5.6023698e-03 -1.5011505e-03 2.8500000e-02
      vertex 4.8296291e-03 -1.2940952e-03 2.9500000e-02
      vertex 4.9039264e-03 -9.7545161e-04 2.9500000e-02
    endloop
  endfacet
  facet normal -7.6062906e-01 1.7735382e-01 -6.2449104e-01
    outer loop
      vertex 5.6023698e-03 -1.5011505e-03 2.8500000e-02
      vertex 4.9039264e-03 -9.7545161e-04 2.9500000e-02
      vertex 5.6885546e-03 -1.1315239e-03 2.8500000e-02
    endloop
  endfacet
  facet normal -7.7059999e-01 1.2722657e-01 -6.2449104e-01
    outer loop
      vertex 5.6885546e-03 -1.1315239e-03 2.8500000e-02
      vertex 4.9039264e-03 -9.7545161e-04 2.9500000e-02
      vertex 4.9572243e-03 -6.5263096e-04 2.9500000e-02
    endloop
  endfacet
  facet normal -7.7059999e-01 1.2722657e-01 -6.2449104e-01
    outer loop
      vertex 5.6885546e-03 -1.1315239e-03 2.8500000e-02
      vertex 4.9572243e-03 -6.5263096e-04 2.9500000e-02
      vertex 5.7503802e-03 -7.5705191e-04 2.8500000e-02
    endloop
  endfacet
  facet normal -7.7727109e-01 7.6554520e-02 -6.2449104e-01
    outer loop
      vertex 5.7503802e-03 -7.5705191e-04 2.8500000e-02
      vertex 4.9572243e-03 -6.5263096e-04 2.9500000e-02
      vertex 4.9892946e-03 -3.2701565e-04 2.9500000e-02
    endloop
  endfacet
  facet normal -7.7727109e-01 7.6554520e-02 -6.2449104e-01
    outer loop
      vertex 5.7503802e-03 -7.5705191e-04 2.8500000e-02
      vertex 4.9892946e-03 -3.2701565e-04 2.9500000e-02
      vertex 5.7875818e-03 -3.7933815e-04 2.8500000e-02
    endloop
  endfacet
  facet normal -7.8061380e-01 2.5554650e-02 -6.2449104e-01
    outer loop
      vertex 5.7875818e-03 -3.7933815e-04 2.8500000e-02
      vertex 4.9892946e-03 -3.2701565e-04 2.9500000e-02
      vertex 5.0000000e-03 -1.2246468e-18 2.9500000e-02
    endloop
  endfacet
  facet normal -7.8061380e-01 2.5554650e-02 -6.2449104e-01
    outer loop
      vertex 5.7875818e-03 -3.7933815e-04 2.8500000e-02
      vertex 5.0000000e-03 -1.2246468e-18 2.9500000e-02
      vertex 5.8000000e-03 -1.4205903e-18 2.8500000e-02
    endloop
  endfacet
  facet normal -8.1893746e-01 -2.6809237e-02 -5.7325622e-01
    outer loop
      vertex 5.0000000e-03 0.0000000e+00 2.9500000e-02
      vertex 4.3000000e-03 0.0000000e+00 3.0500000e-02
      vertex 4.2907934e-03 2.8123346e-04 3.0500000e-02
    endloop
  endfacet
  facet normal -8.1893746e-01 -2.6809237e-02 -5.7325622e-01
    outer loop
      vertex 5.0000000e-03 0.0000000e+00 2.9500000e-02
      vertex 4.2907934e-03 2.8123346e-04 3.0500000e-02
      vertex 4.9892946e-03 3.2701565e-04 2.9500000e-02
    endloop
  endfacet
  facet normal -8.1543065e-01 -8.0312909e-02 -5.7325622e-01
    outer loop
      vertex 4.9892946e-03 3.2701565e-04 2.9500000e-02
      vertex 4.2907934e-03 2.8123346e-04 3.0500000e-02
      vertex 4.2632129e-03 5.6126263e-04 3.0500000e-02
    endloop
  endfacet
  facet normal -8.1543065e-01 -8.0312909e-02 -5.7325622e-01
    outer loop
      vertex 4.9892946e-03 3.2701565e-04 2.9500000e-02
      vertex 4.2632129e-03 5.6126263e-04 3.0500000e-02
      vertex 4.9572243e-03 6.5263096e-04 2.9500000e-02
    endloop
  endfacet
  facet normal -8.0843203e-01 -1.3347267e-01 -5.7325622e-01
    outer loop
      vertex 4.9572243e-03 6.5263096e-04 2.9500000e-02
      vertex 4.2632129e-03 5.6126263e-04 3.0500000e-02
      vertex 4.2173767e-03 8.3888838e-04 3.0500000e-02
    endloop
  endfacet
  facet normal -8.0843203e-01 -1.3347267e-01 -5.7325622e-01
    outer loop
      vertex 4.9572243e-03 6.5263096e-04 2.9500000e-02
      vertex 4.2173767e-03 8.3888838e-04 3.0500000e-02
      vertex 4.9039264e-03 9.7545161e-04 2.9500000e-02
    endloop
  endfacet
  facet normal -7.9797159e-01 -1.8606088e-01 -5.7325622e-01
    outer loop
      vertex 4.9039264e-03 9.7545161e-04 2.9500000e-02
      vertex 4.2173767e-03 8.3888838e-04 3.0500000e-02
      vertex 4.1534811e-03 1.1129219e-03 3.0500000e-02
    endloop
  endfacet
  facet normal -7.9797159e-01 -1.8606088e-01 -5.7325622e-01
    outer loop
      vertex 4.9039264e-03 9.7545161e-04 2.9500000e-02
      vertex 4.1534811e-03 1.1129219e-03 3.0500000e-02
      vertex 4.8296291e-03 1.2940952e-03 2.9500000e-02
    endloop
  endfacet
  facet normal -7.8409410e-01 -2.3785235e-01 -5.7325622e-01
    outer loop
      vertex 4.8296291e-03 1.2940952e-03 2.9500000e-02
      vertex 4.1534811e-03 1.1129219e-03 3.0500000e-02
      vertex 4.0717996e-03 1.3821897e-03 3.0500000e-02
    endloop
  endfacet
  facet normal -7.8409410e-01 -2.3785235e-01 -5.7325622e-01
    outer loop
      vertex 4.8296291e-03 1.2940952e-03 2.9500000e-02
      vertex 4.0717996e-03 1.3821897e-03 3.0500000e-02
      vertex 4.7346506e-03 1.6071973e-03 2.9500000e-02
    endloop
  endfacet
  facet normal -7.6685901e-01 -2.8862529e-01 -5.7325622e-01
    outer loop
      vertex 4.7346506e-03 1.6071973e-03 2.9500000e-02
      vertex 4.0717996e-03 1.3821897e-03 3.0500000e-02
      vertex 3.9726820e-03 1.6455388e-03 3.0500000e-02
    endloop
  endfacet
  facet normal -7.6685901e-01 -2.8862529e-01 -5.7325622e-01
    outer loop
      vertex 4.7346506e-03 1.6071973e-03 2.9500000e-02
      vertex 3.9726820e-03 1.6455388e-03 3.0500000e-02
      vertex 4.6193977e-03 1.9134172e-03 2.9500000e-02
    endloop
  endfacet
  facet normal -7.4634011e-01 -3.3816230e-01 -5.7325622e-01
    outer loop
      vertex 4.6193977e-03 1.9134172e-03 2.9500000e-02
      vertex 3.9726820e-03 1.6455388e-03 3.0500000e-02
      vertex 3.8565528e-03 1.9018414e-03 3.0500000e-02
    endloop
  endfacet
  facet normal -7.4634011e-01 -3.3816230e-01 -5.7325622e-01
    outer loop
      vertex 4.6193977e-03 1.9134172e-03 2.9500000e-02
      vertex 3.8565528e-03 1.9018414e-03 3.0500000e-02
      vertex 4.4843637e-03 2.2114435e-03 2.9500000e-02
    endloop
  endfacet
  facet normal -7.2262526e-01 -3.8625125e-01 -5.7325622e-01
    outer loop
      vertex 4.4843637e-03 2.2114435e-03 2.9500000e-02
      vertex 3.8565528e-03 1.9018414e-03 3.0500000e-02
      vertex 3.7239092e-03 2.1500000e-03 3.0500000e-02
    endloop
  endfacet
  facet normal -7.2262526e-01 -3.8625125e-01 -5.7325622e-01
    outer loop
      vertex 4.4843637e-03 2.2114435e-03 2.9500000e-02
      vertex 3.7239092e-03 2.1500000e-03 3.0500000e-02
      vertex 4.3301270e-03 2.5000000e-03 2.9500000e-02
    endloop
  endfacet
  facet normal -6.9581603e-01 -4.3268621e-01 -5.7325622e-01
    outer loop
      vertex 4.3301270e-03 2.5000000e-03 2.9500000e-02
      vertex 3.7239092e-03 2.1500000e-03 3.0500000e-02
      vertex 3.5753193e-03 2.3889520e-03 3.0500000e-02
    endloop
  endfacet
  facet normal -6.9581603e-01 -4.3268621e-01 -5.7325622e-01
    outer loop
      vertex 4.3301270e-03 2.5000000e-03 2.9500000e-02
      vertex 3.5753193e-03 2.3889520e-03 3.0500000e-02
      vertex 4.1573481e-03 2.7778512e-03 2.9500000e-02
    endloop
  endfacet
  facet normal -6.6602720e-01 -4.7726834e-01 -5.7325622e-01
    outer loop
      vertex 4.1573481e-03 2.7778512e-03 2.9500000e-02
      vertex 3.5753193e-03 2.3889520e-03 3.0500000e-02
      vertex 3.4114194e-03 2.6176741e-03 3.0500000e-02
    endloop
  endfacet
  facet normal -6.6602720e-01 -4.7726834e-01 -5.7325622e-01
    outer loop
      vertex 4.1573481e-03 2.7778512e-03 2.9500000e-02
      vertex 3.4114194e-03 2.6176741e-03 3.0500000e-02
      vertex 3.9667667e-03 3.0438071e-03 2.9500000e-02
    endloop
  endfacet
  facet normal -6.3338634e-01 -5.1980674e-01 -5.7325622e-01
    outer loop
      vertex 3.9667667e-03 3.0438071e-03 2.9500000e-02
      vertex 3.4114194e-03 2.6176741e-03 3.0500000e-02
      vertex 3.2329112e-03 2.8351870e-03 3.0500000e-02
    endloop
  endfacet
  facet normal -6.3338634e-01 -5.1980674e-01 -5.7325622e-01
    outer loop
      vertex 3.9667667e-03 3.0438071e-03 2.9500000e-02
      vertex 3.2329112e-03 2.8351870e-03 3.0500000e-02
      vertex 3.7591990e-03 3.2967291e-03 2.9500000e-02
    endloop
  endfacet
  facet normal -5.9803323e-01 -5.6011924e-01 -5.7325622e-01
    outer loop
      vertex 3.7591990e-03 3.2967291e-03 2.9500000e-02
      vertex 3.2329112e-03 2.8351870e-03 3.0500000e-02
      vertex 3.0405592e-03 3.0405592e-03 3.0500000e-02
    endloop
  endfacet
  facet normal -5.9803323e-01 -5.6011924e-01 -5.7325622e-01
    outer loop
      vertex 3.7591990e-03 3.2967291e-03 2.9500000e-02
      vertex 3.0405592e-03 3.0405592e-03 3.0500000e-02
      vertex 3.5355339e-03 3.5355339e-03 2.9500000e-02
    endloop
  endfacet
  facet normal -5.6011924e-01 -5.9803323e-01 -5.7325622e-01
    outer loop
      vertex 3.5355339e-03 3.5355339e-03 2.9500000e-02
      vertex 3.0405592e-03 3.0405592e-03 3.0500000e-02
      vertex 2.8351870e-03 3.2329112e-03 3.0500000e-02
    endloop
  endfacet
  facet normal -5.6011924e-01 -5.9803323e-01 -5.7325622e-01
    outer loop
      vertex 3.5355339e-03 3.5355339e-03 2.9500000e-02
      vertex 2.8351870e-03 3.2329112e-03 3.0500000e-02
      vertex 3.2967291e-03 3.7591990e-03 2.9500000e-02
    endloop
  endfacet
  facet normal -5.1980674e-01 -6.3338634e-01 -5.7325622e-01
    outer loop
      vertex 3.2967291e-03 3.7591990e-03 2.9500000e-02
      vertex 2.8351870e-03 3.2329112e-03 3.0500000e-02
      vertex 2.6176741e-03 3.4114194e-03 3.0500000e-02
    endloop
  endfacet
  facet normal -5.1980674e-01 -6.3338634e-01 -5.7325622e-01
    outer loop
      vertex 3.2967291e-03 3.7591990e-03 2.9500000e-02
      vertex 2.6176741e-03 3.4114194e-03 3.0500000e-02
      vertex 3.0438071e-03 3.9667667e-03 2.9500000e-02
    endloop
  endfacet
  facet normal -4.7726834e-01 -6.6602720e-01 -5.7325622e-01
    outer loop
      vertex 3.0438071e-03 3.9667667e-03 2.9500000e-02
      vertex 2.6176741e-03 3.4114194e-03 3.0500000e-02
      vertex 2.3889520e-03 3.5753193e-03 3.0500000e-02
    endloop
  endfacet
  facet normal -4.7726834e-01 -6.6602720e-01 -5.7325622e-01
    outer loop
      vertex 3.0438071e-03 3.9667667e-03 2.9500000e-02
      vertex 2.3889520e-03 3.5753193e-03 3.0500000e-02
      vertex 2.7778512e-03 4.1573481e-03 2.9500000e-02
    endloop
  endfacet
  facet normal -4.3268621e-01 -6.9581603e-01 -5.7325622e-01
    outer loop
      vertex 2.7778512e-03 4.1573481e-03 2.9500000e-02
      vertex 2.3889520e-03 3.5753193e-03 3.0500000e-02
      vertex 2.1500000e-03 3.7239092e-03 3.0500000e-02
    endloop
  endfacet
  facet normal -4.3268621e-01 -6.9581603e-01 -5.7325622e-01
    outer loop
      vertex 2.7778512e-03 4.1573481e-03 2.9500000e-02
      vertex 2.1500000e-03 3.7239092e-03 3.0500000e-02
      vertex 2.5000000e-03 4.3301270e-03 2.9500000e-02
    endloop
  endfacet
  facet normal -3.8625125e-01 -7.2262526e-01 -5.7325622e-01
    outer loop
      vertex 2.5000000e-03 4.3301270e-03 2.9500000e-02
      vertex 2.1500000e-03 3.7239092e-03 3.0500000e-02
      vertex 1.9018414e-03 3.8565528e-03 3.0500000e-02
    endloop
  endfacet
  facet normal -3.8625125e-01 -7.2262526e-01 -5.7325622e-01
    outer loop
      vertex 2.5000000e-03 4.3301270e-03 2.9500000e-02
      vertex 1.9018414e-03 3.8565528e-03 3.0500000e-02
      vertex 2.2114435e-03 4.4843637e-03 2.9500000e-02
    endloop
  endfacet
  facet normal -3.3816230e-01 -7.4634011e-01 -5.7325622e-01
    outer loop
      vertex 2.2114435e-03 4.4843637e-03 2.9500000e-02
      vertex 1.9018414e-03 3.8565528e-03 3.0500000e-02
      vertex 1.6455388e-03 3.9726820e-03 3.0500000e-02
    endloop
  endfacet
  facet normal -3.3816230e-01 -7.4634011e-01 -5.7325622e-01
    outer loop
      vertex 2.2114435e-03 4.4843637e-03 2.9500000e-02
      vertex 1.6455388e-03 3.9726820e-03 3.0500000e-02
      vertex 1.9134172e-03 4.6193977e-03 2.9500000e-02
    endloop
  endfacet
  facet normal -2.8862529e-01 -7.6685901e-01 -5.7325622e-01
    outer loop
      vertex 1.9134172e-03 4.6193977e-03 2.9500000e-02
      vertex 1.6455388e-03 3.9726820e-03 3.0500000e-02
      vertex 1.3821897e-03 4.0717996e-03 3.0500000e-02
    endloop
  endfacet
  facet normal -2.8862529e-01 -7.6685901e-01 -5.7325622e-01
    outer loop
      vertex 1.9134172e-03 4.6193977e-03 2.9500000e-02
      vertex 1.3821897e-03 4.0717996e-03 3.0500000e-02
      vertex 1.6071973e-03 4.7346506e-03 2.9500000e-02
    endloop
  endfacet
  facet normal -2.3785235e-01 -7.8409410e-01 -5.7325622e-01
    outer loop
      vertex 1.6071973e-03 4.7346506e-03 2.9500000e-02
      vertex 1.3821897e-03 4.0717996e-03 3.0500000e-02
      vertex 1.1129219e-03 4.1534811e-03 3.0500000e-02
    endloop
  endfacet
  facet normal -2.3785235e-01 -7.8409410e-01 -5.7325622e-01
    outer loop
      vertex 1.6071973e-03 4.7346506e-03 2.9500000e-02
      vertex 1.1129219e-03 4.1534811e-03 3.0500000e-02
      vertex 1.2940952e-03 4.8296291e-03 2.9500000e-02
    endloop
  endfacet
  facet normal -1.8606088e-01 -7.9797159e-01 -5.7325622e-01
    outer loop
      vertex 1.2940952e-03 4.8296291e-03 2.9500000e-02
      vertex 1.1129219e-03 4.1534811e-03 3.0500000e-02
      vertex 8.3888838e-04 4.2173767e-03 3.0500000e-02
    endloop
  endfacet
  facet normal -1.8606088e-01 -7.9797159e-01 -5.7325622e-01
    outer loop
      vertex 1.2940952e-03 4.8296291e-03 2.9500000e-02
      vertex 8.3888838e-04 4.2173767e-03 3.0500000e-02
      vertex 9.7545161e-04 4.9039264e-03 2.9500000e-02
    endloop
  endfacet
  facet normal -1.3347267e-01 -8.0843203e-01 -5.7325622e-01
    outer loop
      vertex 9.7545161e-04 4.9039264e-03 2.9500000e-02
      vertex 8.3888838e-04 4.2173767e-03 3.0500000e-02
      vertex 5.6126263e-04 4.2632129e-03 3.0500000e-02
    endloop
  endfacet
  facet normal -1.3347267e-01 -8.0843203e-01 -5.7325622e-01
    outer loop
      vertex 9.7545161e-04 4.9039264e-03 2.9500000e-02
      vertex 5.6126263e-04 4.2632129e-03 3.0500000e-02
      vertex 6.5263096e-04 4.9572243e-03 2.9500000e-02
    endloop
  endfacet
  facet normal -8.0312909e-02 -8.1543065e-01 -5.7325622e-01
    outer loop
      vertex 6.5263096e-04 4.9572243e-03 2.9500000e-02
      vertex 5.6126263e-04 4.2632129e-03 3.0500000e-02
      vertex 2.8123346e-04 4.2907934e-03 3.0500000e-02
    endloop
  endfacet
  facet normal -8.0312909e-02 -8.1543065e-01 -5.7325622e-01
    outer loop
      vertex 6.5263096e-04 4.9572243e-03 2.9500000e-02
      vertex 2.8123346e-04 4.2907934e-03 3.0500000e-02
      vertex 3.2701565e-04 4.9892946e-03 2.9500000e-02
    endloop
  endfacet
  facet normal -2.6809237e-02 -8.1893746e-01 -5.7325622e-01
    outer loop
      vertex 3.2701565e-04 4.9892946e-03 2.9500000e-02
      vertex 2.8123346e-04 4.2907934e-03 3.0500000e-02
      vertex 2.6329906e-19 4.3000000e-03 3.0500000e-02
    endloop
  endfacet
  facet normal -2.6809237e-02 -8.1893746e-01 -5.7325622e-01
    outer loop
      vertex 3.2701565e-04 4.9892946e-03 2.9500000e-02
      vertex 2.6329906e-19 4.3000000e-03 3.0500000e-02
      vertex 3.0616170e-19 5.0000000e-03 2.9500000e-02
    endloop
  endfacet
  facet normal 2.6809237e-02 -8.1893746e-01 -5.7325622e-01
    outer loop
      vertex 3.0616170e-19 5.0000000e-03 2.9500000e-02
      vertex 2.6329906e-19 4.3000000e-03 3.0500000e-02
      vertex -2.8123346e-04 4.2907934e-03 3.0500000e-02
    endloop
  endfacet
  facet normal 2.6809237e-02 -8.1893746e-01 -5.7325622e-01
    outer loop
      vertex 3.0616170e-19 5.0000000e-03 2.9500000e-02
      vertex -2.8123346e-04 4.2907934e-03 3.0500000e-02
      vertex -3.2701565e-04 4.9892946e-03 2.9500000e-02
    endloop
  endfacet
  facet normal 8.0312909e-02 -8.1543065e-01 -5.7325622e-01
    outer loop
      vertex -3.2701565e-04 4.9892946e-03 2.9500000e-02
      vertex -2.8123346e-04 4.2907934e-03 3.0500000e-02
      vertex -5.6126263e-04 4.2632129e-03 3.0500000e-02
    endloop
  endfacet
  facet normal 8.0312909e-02 -8.1543065e-01 -5.7325622e-01
    outer loop
      vertex -3.2701565e-04 4.9892946e-03 2.9500000e-02
      vertex -5.6126263e-04 4.2632129e-03 3.0500000e-02
      vertex -6.5263096e-04 4.9572243e-03 2.9500000e-02
    endloop
  endfacet
  facet normal 1.3347267e-01 -8.0843203e-01 -5.7325622e-01
    outer loop
      vertex -6.5263096e-04 4.9572243e-03 2.9500000e-02
      vertex -5.6126263e-04 4.2632129e-03 3.0500000e-02
      vertex -8.3888838e-04 4.2173767e-03 3.0500000e-02
    endloop
  endfacet
  facet normal 1.3347267e-01 -8.0843203e-01 -5.7325622e-01
    outer loop
      vertex -6.5263096e-04 4.9572243e-03 2.9500000e-02
      vertex -8.3888838e-04 4.2173767e-03 3.0500000e-02
      vertex -9.7545161e-04 4.9039264e-03 2.9500000e-02
    endloop
  endfacet
  facet normal 1.8606088e-01 -7.9797159e-01 -5.7325622e-01
    outer loop
      vertex -9.7545161e-04 4.9039264e-03 2.9500000e-02
      vertex -8.3888838e-04 4.2173767e-03 3.0500000e-02
      vertex -1.1129219e-03 4.1534811e-03 3.0500000e-02
    endloop
  endfacet
  facet normal 1.8606088e-01 -7.9797159e-01 -5.7325622e-01
    outer loop
      vertex -9.7545161e-04 4.9039264e-03 2.9500000e-02
      vertex -1.1129219e-03 4.1534811e-03 3.0500000e-02
      vertex -1.2940952e-03 4.8296291e-03 2.9500000e-02
    endloop
  endfacet
  facet normal 2.3785235e-01 -7.8409410e-01 -5.7325622e-01
    outer loop
      vertex -1.2940952e-03 4.8296291e-03 2.9500000e-02
      vertex -1.1129219e-03 4.1534811e-03 3.0500000e-02
      vertex -1.3821897e-03 4.0717996e-03 3.0500000e-02
    endloop
  endfacet
  facet normal 2.3785235e-01 -7.8409410e-01 -5.7325622e-01
    outer loop
      vertex -1.2940952e-03 4.8296291e-03 2.9500000e-02
      vertex -1.3821897e-03 4.0717996e-03 3.0500000e-02
      vertex -1.6071973e-03 4.7346506e-03 2.9500000e-02
    endloop
  endfacet
  facet normal 2.8862529e-01 -7.6685901e-01 -5.7325622e-01
    outer loop
      vertex -1.6071973e-03 4.7346506e-03 2.9500000e-02
      vertex -1.3821897e-03 4.0717996e-03 3.0500000e-02
      vertex -1.6455388e-03 3.9726820e-03 3.0500000e-02
    endloop
  endfacet
  facet normal 2.8862529e-01 -7.6685901e-01 -5.7325622e-01
    outer loop
      vertex -1.6071973e-03 4.7346506e-03 2.9500000e-02
      vertex -1.6455388e-03 3.9726820e-03 3.0500000e-02
      vertex -1.9134172e-03 4.6193977e-03 2.9500000e-02
    endloop
  endfacet
  facet normal 3.3816230e-01 -7.4634011e-01 -5.7325622e-01
    outer loop
      vertex -1.9134172e-03 4.6193977e-03 2.9500000e-02
      vertex -1.6455388e-03 3.9726820e-03 3.0500000e-02
      vertex -1.9018414e-03 3.8565528e-03 3.0500000e-02
    endloop
  endfacet
  facet normal 3.3816230e-01 -7.4634011e-01 -5.7325622e-01
    outer loop
      vertex -1.9134172e-03 4.6193977e-03 2.9500000e-02
      vertex -1.9018414e-03 3.8565528e-03 3.0500000e-02
      vertex -2.2114435e-03 4.4843637e-03 2.9500000e-02
    endloop
  endfacet
  facet normal 3.8625125e-01 -7.2262526e-01 -5.7325622e-01
    outer loop
      vertex -2.2114435e-03 4.4843637e-03 2.9500000e-02
      vertex -1.9018414e-03 3.8565528e-03 3.0500000e-02
      vertex -2.1500000e-03 3.7239092e-03 3.0500000e-02
    endloop
  endfacet
  facet normal 3.8625125e-01 -7.2262526e-01 -5.7325622e-01
    outer loop
      vertex -2.2114435e-03 4.4843637e-03 2.9500000e-02
      vertex -2.1500000e-03 3.7239092e-03 3.0500000e-02
      vertex -2.5000000e-03 4.3301270e-03 2.9500000e-02
    endloop
  endfacet
  facet normal 4.3268621e-01 -6.9581603e-01 -5.7325622e-01
    outer loop
      vertex -2.5000000e-03 4.3301270e-03 2.9500000e-02
      vertex -2.1500000e-03 3.7239092e-03 3.0500000e-02
      vertex -2.3889520e-03 3.5753193e-03 3.0500000e-02
    endloop
  endfacet
  facet normal 4.3268621e-01 -6.9581603e-01 -5.7325622e-01
    outer loop
      vertex -2.5000000e-03 4.3301270e-03 2.9500000e-02
      vertex -2.3889520e-03 3.5753193e-03 3.0500000e-02
      vertex -2.7778512e-03 4.1573481e-03 2.9500000e-02
    endloop
  endfacet
  facet normal 4.7726834e-01 -6.6602720e-01 -5.7325622e-01
    outer loop
      vertex -2.7778512e-03 4.1573481e-03 2.9500000e-02
      vertex -2.3889520e-03 3.5753193e-03 3.0500000e-02
      vertex -2.6176741e-03 3.4114194e-03 3.0500000e-02
    endloop
  endfacet
  facet normal 4.7726834e-01 -6.6602720e-01 -5.7325622e-01
    outer loop
      vertex -2.7778512e-03 4.1573481e-03 2.9500000e-02
      vertex -2.6176741e-03 3.4114194e-03 3.0500000e-02
      vertex -3.0438071e-03 3.9667667e-03 2.9500000e-02
    endloop
  endfacet
  facet normal 5.1980674e-01 -6.3338634e-01 -5.7325622e-01
    outer loop
      vertex -3.0438071e-03 3.9667667e-03 2.9500000e-02
      vertex -2.6176741e-03 3.4114194e-03 3.0500000e-02
      vertex -2.8351870e-03 3.2329112e-03 3.0500000e-02
    endloop
  endfacet
  facet normal 5.1980674e-01 -6.3338634e-01 -5.7325622e-01
    outer loop
      vertex -3.0438071e-03 3.9667667e-03 2.9500000e-02
      vertex -2.8351870e-03 3.2329112e-03 3.0500000e-02
      vertex -3.2967291e-03 3.7591990e-03 2.9500000e-02
    endloop
  endfacet
  facet normal 5.6011924e-01 -5.9803323e-01 -5.7325622e-01
    outer loop
      vertex -3.2967291e-03 3.7591990e-03 2.9500000e-02
      vertex -2.8351870e-03 3.2329112e-03 3.0500000e-02
      vertex -3.0405592e-03 3.0405592e-03 3.0500000e-02
    endloop
  endfacet
  facet normal 5.6011924e-01 -5.9803323e-01 -5.7325622e-01
    outer loop
      vertex -3.2967291e-03 3.7591990e-03 2.9500000e-02
      vertex -3.0405592e-03 3.0405592e-03 3.0500000e-02
      vertex -3.5355339e-03 3.5355339e-03 2.9500000e-02
    endloop
  endfacet
  facet normal 5.9803323e-01 -5.6011924e-01 -5.7325622e-01
    outer loop
      vertex -3.5355339e-03 3.5355339e-03 2.9500000e-02
      vertex -3.0405592e-03 3.0405592e-03 3.0500000e-02
      vertex -3.2329112e-03 2.8351870e-03 3.0500000e-02
    endloop
  endfacet
  facet normal 5.9803323e-01 -5.6011924e-01 -5.7325622e-01
    outer loop
      vertex -3.5355339e-03 3.5355339e-03 2.9500000e-02
      vertex -3.2329112e-03 2.8351870e-03 3.0500000e-02
      vertex -3.7591990e-03 3.2967291e-03 2.9500000e-02
    endloop
  endfacet
  facet normal 6.3338634e-01 -5.1980674e-01 -5.7325622e-01
    outer loop
      vertex -3.7591990e-03 3.2967291e-03 2.9500000e-02
      vertex -3.2329112e-03 2.8351870e-03 3.0500000e-02
      vertex -3.4114194e-03 2.6176741e-03 3.0500000e-02
    endloop
  endfacet
  facet normal 6.3338634e-01 -5.1980674e-01 -5.7325622e-01
    outer loop
      vertex -3.7591990e-03 3.2967291e-03 2.9500000e-02
      vertex -3.4114194e-03 2.6176741e-03 3.0500000e-02
      vertex -3.9667667e-03 3.0438071e-03 2.9500000e-02
    endloop
  endfacet
  facet normal 6.6602720e-01 -4.7726834e-01 -5.7325622e-01
    outer loop
      vertex -3.9667667e-03 3.0438071e-03 2.9500000e-02
      vertex -3.4114194e-03 2.6176741e-03 3.0500000e-02
      vertex -3.5753193e-03 2.3889520e-03 3.0500000e-02
    endloop
  endfacet
  facet normal 6.6602720e-01 -4.7726834e-01 -5.7325622e-01
    outer loop
      vertex -3.9667667e-03 3.0438071e-03 2.9500000e-02
      vertex -3.5753193e-03 2.3889520e-03 3.0500000e-02
      vertex -4.1573481e-03 2.7778512e-03 2.9500000e-02
    endloop
  endfacet
  facet normal 6.9581603e-01 -4.3268621e-01 -5.7325622e-01
    outer loop
      vertex -4.1573481e-03 2.7778512e-03 2.9500000e-02
      vertex -3.5753193e-03 2.3889520e-03 3.0500000e-02
      vertex -3.7239092e-03 2.1500000e-03 3.0500000e-02
    endloop
  endfacet
  facet normal 6.9581603e-01 -4.3268621e-01 -5.7325622e-01
    outer loop
      vertex -4.1573481e-03 2.7778512e-03 2.9500000e-02
      vertex -3.7239092e-03 2.1500000e-03 3.0500000e-02
      vertex -4.3301270e-03 2.5000000e-03 2.9500000e-02
    endloop
  endfacet
  facet normal 7.2262526e-01 -3.8625125e-01 -5.7325622e-01
    outer loop
      vertex -4.3301270e-03 2.5000000e-03 2.9500000e-02
      vertex -3.7239092e-03 2.1500000e-03 3.0500000e-02
      vertex -3.8565528e-03 1.9018414e-03 3.0500000e-02
    endloop
  endfacet
  facet normal 7.2262526e-01 -3.8625125e-01 -5.7325622e-01
    outer loop
      vertex -4.3301270e-03 2.5000000e-03 2.9500000e-02
      vertex -3.8565528e-03 1.9018414e-03 3.0500000e-02
      vertex -4.4843637e-03 2.2114435e-03 2.9500000e-02
    endloop
  endfacet
  facet normal 7.4634011e-01 -3.3816230e-01 -5.7325622e-01
    outer loop
      vertex -4.4843637e-03 2.2114435e-03 2.9500000e-02
      vertex -3.8565528e-03 1.9018414e-03 3.0500000e-02
      vertex -3.9726820e-03 1.6455388e-03 3.0500000e-02
    endloop
  endfacet
  facet normal 7.4634011e-01 -3.3816230e-01 -5.7325622e-01
    outer loop
      vertex -4.4843637e-03 2.2114435e-03 2.9500000e-02
      vertex -3.9726820e-03 1.6455388e-03 3.0500000e-02
      vertex -4.6193977e-03 1.9134172e-03 2.9500000e-02
    endloop
  endfacet
  facet normal 7.6685901e-01 -2.8862529e-01 -5.7325622e-01
    outer loop
      vertex -4.6193977e-03 1.9134172e-03 2.9500000e-02
      vertex -3.9726820e-03 1.6455388e-03 3.0500000e-02
      vertex -4.0717996e-03 1.3821897e-03 3.0500000e-02
    endloop
  endfacet
  facet normal 7.6685901e-01 -2.8862529e-01 -5.7325622e-01
    outer loop
      vertex -4.6193977e-03 1.9134172e-03 2.9500000e-02
      vertex -4.0717996e-03 1.3821897e-03 3.0500000e-02
      vertex -4.7346506e-03 1.6071973e-03 2.9500000e-02
    endloop
  endfacet
  facet normal 7.8409410e-01 -2.3785235e-01 -5.7325622e-01
    outer loop
      vertex -4.7346506e-03 1.6071973e-03 2.9500000e-02
      vertex -4.0717996e-03 1.3821897e-03 3.0500000e-02
      vertex -4.1534811e-03 1.1129219e-03 3.0500000e-02
    endloop
  endfacet
  facet normal 7.8409410e-01 -2.3785235e-01 -5.7325622e-01
    outer loop
      vertex -4.7346506e-03 1.6071973e-03 2.9500000e-02
      vertex -4.1534811e-03 1.1129219e-03 3.0500000e-02
      vertex -4.8296291e-03 1.2940952e-03 2.9500000e-02
    endloop
  endfacet
  facet normal 7.9797159e-01 -1.8606088e-01 -5.7325622e-01
    outer loop
      vertex -4.8296291e-03 1.2940952e-03 2.9500000e-02
      vertex -4.1534811e-03 1.1129219e-03 3.0500000e-02
      vertex -4.2173767e-03 8.3888838e-04 3.0500000e-02
    endloop
  endfacet
  facet normal 7.9797159e-01 -1.8606088e-01 -5.7325622e-01
    outer loop
      vertex -4.8296291e-03 1.2940952e-03 2.9500000e-02
      vertex -4.2173767e-03 8.3888838e-04 3.0500000e-02
      vertex -4.9039264e-03 9.7545161e-04 2.9500000e-02
    endloop
  endfacet
  facet normal 8.0843203e-01 -1.3347267e-01 -5.7325622e-01
    outer loop
      vertex -4.9039264e-03 9.7545161e-04 2.9500000e-02
      vertex -4.2173767e-03 8.3888838e-04 3.0500000e-02
      vertex -4.2632129e-03 5.6126263e-04 3.0500000e-02
    endloop
  endfacet
  facet normal 8.0843203e-01 -1.3347267e-01 -5.7325622e-01
    outer loop
      vertex -4.9039264e-03 9.7545161e-04 2.9500000e-02
      vertex -4.2632129e-03 5.6126263e-04 3.0500000e-02
      vertex -4.9572243e-03 6.5263096e-04 2.9500000e-02
    endloop
  endfacet
  facet normal 8.1543065e-01 -8.0312909e-02 -5.7325622e-01
    outer loop
      vertex -4.9572243e-03 6.5263096e-04 2.9500000e-02
      vertex -4.2632129e-03 5.6126263e-04 3.0500000e-02
      vertex -4.2907934e-03 2.8123346e-04 3.0500000e-02
    endloop
  endfacet
  facet normal 8.1543065e-01 -8.0312909e-02 -5.7325622e-01
    outer loop
      vertex -4.9572243e-03 6.5263096e-04 2.9500000e-02
      vertex -4.2907934e-03 2.8123346e-04 3.0500000e-02
      vertex -4.9892946e-03 3.2701565e-04 2.9500000e-02
    endloop
  endfacet
  facet normal 8.1893746e-01 -2.6809237e-02 -5.7325622e-01
    outer loop
      vertex -4.9892946e-03 3.2701565e-04 2.9500000e-02
      vertex -4.2907934e-03 2.8123346e-04 3.0500000e-02
      vertex -4.3000000e-03 5.2659812e-19 3.0500000e-02
    endloop
  endfacet
  facet normal 8.1893746e-01 -2.6809237e-02 -5.7325622e-01
    outer loop
      vertex -4.9892946e-03 3.2701565e-04 2.9500000e-02
      vertex -4.3000000e-03 5.2659812e-19 3.0500000e-02
      vertex -5.0000000e-03 6.1232340e-19 2.9500000e-02
    endloop
  endfacet
  facet normal 8.1893746e-01 2.6809237e-02 -5.7325622e-01
    outer loop
      vertex -5.0000000e-03 6.1232340e-19 2.9500000e-02
      vertex -4.3000000e-03 5.2659812e-19 3.0500000e-02
      vertex -4.2907934e-03 -2.8123346e-04 3.0500000e-02
    endloop
  endfacet
  facet normal 8.1893746e-01 2.6809237e-02 -5.7325622e-01
    outer loop
      vertex -5.0000000e-03 6.1232340e-19 2.9500000e-02
      vertex -4.2907934e-03 -2.8123346e-04 3.0500000e-02
      vertex -4.9892946e-03 -3.2701565e-04 2.9500000e-02
    endloop
  endfacet
  facet normal 8.1543065e-01 8.0312909e-02 -5.7325622e-01
    outer loop
      vertex -4.9892946e-03 -3.2701565e-04 2.9500000e-02
      vertex -4.2907934e-03 -2.8123346e-04 3.0500000e-02
      vertex -4.2632129e-03 -5.6126263e-04 3.0500000e-02
    endloop
  endfacet
  facet normal 8.1543065e-01 8.0312909e-02 -5.7325622e-01
    outer loop
      vertex -4.9892946e-03 -3.2701565e-04 2.9500000e-02
      vertex -4.2632129e-03 -5.6126263e-04 3.0500000e-02
      vertex -4.9572243e-03 -6.5263096e-04 2.9500000e-02
    endloop
  endfacet
  facet normal 8.0843203e-01 1.3347267e-01 -5.7325622e-01
    outer loop
      vertex -4.9572243e-03 -6.5263096e-04 2.9500000e-02
      vertex -4.2632129e-03 -5.6126263e-04 3.0500000e-02
      vertex -4.2173767e-03 -8.3888838e-04 3.0500000e-02
    endloop
  endfacet
  facet normal 8.0843203e-01 1.3347267e-01 -5.7325622e-01
    outer loop
      vertex -4.9572243e-03 -6.5263096e-04 2.9500000e-02
      vertex -4.2173767e-03 -8.3888838e-04 3.0500000e-02
      vertex -4.9039264e-03 -9.7545161e-04 2.9500000e-02
    endloop
  endfacet
  facet normal 7.9797159e-01 1.8606088e-01 -5.7325622e-01
    outer loop
      vertex -4.9039264e-03 -9.7545161e-04 2.9500000e-02
      vertex -4.2173767e-03 -8.3888838e-04 3.0500000e-02
      vertex -4.1534811e-03 -1.1129219e-03 3.0500000e-02
    endloop
  endfacet
  facet normal 7.9797159e-01 1.8606088e-01 -5.7325622e-01
    outer loop
      vertex -4.9039264e-03 -9.7545161e-04 2.9500000e-02
      vertex -4.1534811e-03 -1.1129219e-03 3.0500000e-02
      vertex -4.8296291e-03 -1.2940952e-03 2.9500000e-02
    endloop
  endfacet
  facet normal 7.8409410e-01 2.3785235e-01 -5.7325622e-01
    outer loop
      vertex -4.8296291e-03 -1.2940952e-03 2.9500000e-02
      vertex -4.1534811e-03 -1.1129219e-03 3.0500000e-02
      vertex -4.0717996e-03 -1.3821897e-03 3.0500000e-02
    endloop
  endfacet
  facet normal 7.8409410e-01 2.3785235e-01 -5.7325622e-01
    outer loop
      vertex -4.8296291e-03 -1.2940952e-03 2.9500000e-02
      vertex -4.0717996e-03 -1.3821897e-03 3.0500000e-02
      vertex -4.7346506e-03 -1.6071973e-03 2.9500000e-02
    endloop
  endfacet
  facet normal 7.6685901e-01 2.8862529e-01 -5.7325622e-01
    outer loop
      vertex -4.7346506e-03 -1.6071973e-03 2.9500000e-02
      vertex -4.0717996e-03 -1.3821897e-03 3.0500000e-02
      vertex -3.9726820e-03 -1.6455388e-03 3.0500000e-02
    endloop
  endfacet
  facet normal 7.6685901e-01 2.8862529e-01 -5.7325622e-01
    outer loop
      vertex -4.7346506e-03 -1.6071973e-03 2.9500000e-02
      vertex -3.9726820e-03 -1.6455388e-03 3.0500000e-02
      vertex -4.6193977e-03 -1.9134172e-03 2.9500000e-02
    endloop
  endfacet
  facet normal 7.4634011e-01 3.3816230e-01 -5.7325622e-01
    outer loop
      vertex -4.6193977e-03 -1.9134172e-03 2.9500000e-02
      vertex -3.9726820e-03 -1.6455388e-03 3.0500000e-02
      vertex -3.8565528e-03 -1.9018414e-03 3.0500000e-02
    endloop
  endfacet
  facet normal 7.4634011e-01 3.3816230e-01 -5.7325622e-01
    outer loop
      vertex -4.6193977e-03 -1.9134172e-03 2.9500000e-02
      vertex -3.8565528e-03 -1.9018414e-03 3.0500000e-02
      vertex -4.4843637e-03 -2.2114435e-03 2.9500000e-02
    endloop
  endfacet
  facet normal 7.2262526e-01 3.8625125e-01 -5.7325622e-01
    outer loop
      vertex -4.4843637e-03 -2.2114435e-03 2.9500000e-02
      vertex -3.8565528e-03 -1.9018414e-03 3.0500000e-02
      vertex -3.7239092e-03 -2.1500000e-03 3.0500000e-02
    endloop
  endfacet
  facet normal 7.2262526e-01 3.8625125e-01 -5.7325622e-01
    outer loop
      vertex -4.4843637e-03 -2.2114435e-03 2.9500000e-02
      vertex -3.7239092e-03 -2.1500000e-03 3.0500000e-02
      vertex -4.3301270e-03 -2.5000000e-03 2.9500000e-02
    endloop
  endfacet
  facet normal 6.9581603e-01 4.3268621e-01 -5.7325622e-01
    outer loop
      vertex -4.3301270e-03 -2.5000000e-03 2.9500000e-02
      vertex -3.7239092e-03 -2.1500000e-03 3.0500000e-02
      vertex -3.5753193e-03 -2.3889520e-03 3.0500000e-02
    endloop
  endfacet
  facet normal 6.9581603e-01 4.3268621e-01 -5.7325622e-01
    outer loop
      vertex -4.3301270e-03 -2.5000000e-03 2.9500000e-02
      vertex -3.5753193e-03 -2.3889520e-03 3.0500000e-02
      vertex -4.1573481e-03 -2.7778512e-03 2.9500000e-02
    endloop
  endfacet
  facet normal 6.6602720e-01 4.7726834e-01 -5.7325622e-01
    outer loop
      vertex -4.1573481e-03 -2.7778512e-03 2.9500000e-02
      vertex -3.5753193e-03 -2.3889520e-03 3.0500000e-02
      vertex -3.4114194e-03 -2.6176741e-03 3.0500000e-02
    endloop
  endfacet
  facet normal 6.6602720e-01 4.7726834e-01 -5.7325622e-01
    outer loop
      vertex -4.1573481e-03 -2.7778512e-03 2.9500000e-02
      vertex -3.4114194e-03 -2.6176741e-03 3.0500000e-02
      vertex -3.9667667e-03 -3.0438071e-03 2.9500000e-02
    endloop
  endfacet
  facet normal 6.3338634e-01 5.1980674e-01 -5.7325622e-01
    outer loop
      vertex -3.9667667e-03 -3.0438071e-03 2.9500000e-02
      vertex -3.4114194e-03 -2.6176741e-03 3.0500000e-02
      vertex -3.2329112e-03 -2.8351870e-03 3.0500000e-02
    endloop
  endfacet
  facet normal 6.3338634e-01 5.1980674e-01 -5.7325622e-01
    outer loop
      vertex -3.9667667e-03 -3.0438071e-03 2.9500000e-02
      vertex -3.2329112e-03 -2.8351870e-03 3.0500000e-02
      vertex -3.7591990e-03 -3.2967291e-03 2.9500000e-02
    endloop
  endfacet
  facet normal 5.9803323e-01 5.6011924e-01 -5.7325622e-01
    outer loop
      vertex -3.7591990e-03 -3.2967291e-03 2.9500000e-02
      vertex -3.2329112e-03 -2.8351870e-03 3.0500000e-02
      vertex -3.0405592e-03 -3.0405592e-03 3.0500000e-02
    endloop
  endfacet
  facet normal 5.9803323e-01 5.6011924e-01 -5.7325622e-01
    outer loop
      vertex -3.7591990e-03 -3.2967291e-03 2.9500000e-02
      vertex -3.0405592e-03 -3.0405592e-03 3.0500000e-02
      vertex -3.5355339e-03 -3.5355339e-03 2.9500000e-02
    endloop
  endfacet
  facet normal 5.6011924e-01 5.9803323e-01 -5.7325622e-01
    outer loop
      vertex -3.5355339e-03 -3.5355339e-03 2.9500000e-02
      vertex -3.0405592e-03 -3.0405592e-03 3.0500000e-02
      vertex -2.8351870e-03 -3.2329112e-03 3.0500000e-02
    endloop
  endfacet
  facet normal 5.6011924e-01 5.9803323e-01 -5.7325622e-01
    outer loop
      vertex -3.5355339e-03 -3.5355339e-03 2.9500000e-02
      vertex -2.8351870e-03 -3.2329112e-03 3.0500000e-02
      vertex -3.2967291e-03 -3.7591990e-03 2.9500000e-02
    endloop
  endfacet
  facet normal 5.1980674e-01 6.3338634e-01 -5.7325622e-01
    outer loop
      vertex -3.2967291e-03 -3.7591990e-03 2.9500000e-02
      vertex -2.8351870e-03 -3.2329112e-03 3.0500000e-02
      vertex -2.6176741e-03 -3.4114194e-03 3.0500000e-02
    endloop
  endfacet
  facet normal 5.1980674e-01 6.3338634e-01 -5.7325622e-01
    outer loop
      vertex -3.2967291e-03 -3.7591990e-03 2.9500000e-02
      vertex -2.6176741e-03 -3.4114194e-03 3.0500000e-02
      vertex -3.0438071e-03 -3.9667667e-03 2.9500000e-02
    endloop
  endfacet
  facet normal 4.7726834e-01 6.6602720e-01 -5.7325622e-01
    outer loop
      vertex -3.0438071e-03 -3.9667667e-03 2.9500000e-02
      vertex -2.6176741e-03 -3.4114194e-03 3.0500000e-02
      vertex -2.3889520e-03 -3.5753193e-03 3.0500000e-02
    endloop
  endfacet
  facet normal 4.7726834e-01 6.6602720e-01 -5.7325622e-01
    outer loop
      vertex -3.0438071e-03 -3.9667667e-03 2.9500000e-02
      vertex -2.3889520e-03 -3.5753193e-03 3.0500000e-02
      vertex -2.7778512e-03 -4.1573481e-03 2.9500000e-02
    endloop
  endfacet
  facet normal 4.3268621e-01 6.9581603e-01 -5.7325622e-01
    outer loop
      vertex -2.7778512e-03 -4.1573481e-03 2.9500000e-02
      vertex -2.3889520e-03 -3.5753193e-03 3.0500000e-02
      vertex -2.1500000e-03 -3.7239092e-03 3.0500000e-02
    endloop
  endfacet
  facet normal 4.3268621e-01 6.9581603e-01 -5.7325622e-01
    outer loop
      vertex -2.7778512e-03 -4.1573481e-03 2.9500000e-02
      vertex -2.1500000e-03 -3.7239092e-03 3.0500000e-02
      vertex -2.5000000e-03 -4.3301270e-03 2.9500000e-02
    endloop
  endfacet
  facet normal 3.8625125e-01 7.2262526e-01 -5.7325622e-01
    outer loop
      vertex -2.5000000e-03 -4.3301270e-03 2.9500000e-02
      vertex -2.1500000e-03 -3.7239092e-03 3.0500000e-02
      vertex -1.9018414e-03 -3.8565528e-03 3.0500000e-02
    endloop
  endfacet
  facet normal 3.8625125e-01 7.2262526e-01 -5.7325622e-01
    outer loop
      vertex -2.5000000e-03 -4.3301270e-03 2.9500000e-02
      vertex -1.9018414e-03 -3.8565528e-03 3.0500000e-02
      vertex -2.2114435e-03 -4.4843637e-03 2.9500000e-02
    endloop
  endfacet
  facet normal 3.3816230e-01 7.4634011e-01 -5.7325622e-01
    outer loop
      vertex -2.2114435e-03 -4.4843637e-03 2.9500000e-02
      vertex -1.9018414e-03 -3.8565528e-03 3.0500000e-02
      vertex -1.6455388e-03 -3.9726820e-03 3.0500000e-02
    endloop
  endfacet
  facet normal 3.3816230e-01 7.4634011e-01 -5.7325622e-01
    outer loop
      vertex -2.2114435e-03 -4.4843637e-03 2.9500000e-02
      vertex -1.6455388e-03 -3.9726820e-03 3.0500000e-02
      vertex -1.9134172e-03 -4.6193977e-03 2.9500000e-02
    endloop
  endfacet
  facet normal 2.8862529e-01 7.6685901e-01 -5.7325622e-01
    outer loop
      vertex -1.9134172e-03 -4.6193977e-03 2.9500000e-02
      vertex -1.6455388e-03 -3.9726820e-03 3.0500000e-02
      vertex -1.3821897e-03 -4.0717996e-03 3.0500000e-02
    endloop
  endfacet
  facet normal 2.8862529e-01 7.6685901e-01 -5.7325622e-01
    outer loop
      vertex -1.9134172e-03 -4.6193977e-03 2.9500000e-02
      vertex -1.3821897e-03 -4.0717996e-03 3.0500000e-02
      vertex -1.6071973e-03 -4.7346506e-03 2.9500000e-02
    endloop
  endfacet
  facet normal 2.3785235e-01 7.8409410e-01 -5.7325622e-01
    outer loop
      vertex -1.6071973e-03 -4.7346506e-03 2.9500000e-02
      vertex -1.3821897e-03 -4.0717996e-03 3.0500000e-02
      vertex -1.1129219e-03 -4.1534811e-03 3.0500000e-02
    endloop
  endfacet
  facet normal 2.3785235e-01 7.8409410e-01 -5.7325622e-01
    outer loop
      vertex -1.6071973e-03 -4.7346506e-03 2.9500000e-02
      vertex -1.1129219e-03 -4.1534811e-03 3.0500000e-02
      vertex -1.2940952e-03 -4.8296291e-03 2.9500000e-02
    endloop
  endfacet
  facet normal 1.8606088e-01 7.9797159e-01 -5.7325622e-01
    outer loop
      vertex -1.2940952e-03 -4.8296291e-03 2.9500000e-02
      vertex -1.1129219e-03 -4.1534811e-03 3.0500000e-02
      vertex -8.3888838e-04 -4.2173767e-03 3.0500000e-02
    endloop
  endfacet
  facet normal 1.8606088e-01 7.9797159e-01 -5.7325622e-01
    outer loop
      vertex -1.2940952e-03 -4.8296291e-03 2.9500000e-02
      vertex -8.3888838e-04 -4.2173767e-03 3.0500000e-02
      vertex -9.7545161e-04 -4.9039264e-03 2.9500000e-02
    endloop
  endfacet
  facet normal 1.3347267e-01 8.0843203e-01 -5.7325622e-01
    outer loop
      vertex -9.7545161e-04 -4.9039264e-03 2.9500000e-02
      vertex -8.3888838e-04 -4.2173767e-03 3.0500000e-02
      vertex -5.6126263e-04 -4.2632129e-03 3.0500000e-02
    endloop
  endfacet
  facet normal 1.3347267e-01 8.0843203e-01 -5.7325622e-01
    outer loop
      vertex -9.7545161e-04 -4.9039264e-03 2.9500000e-02
      vertex -5.6126263e-04 -4.2632129e-03 3.0500000e-02
      vertex -6.5263096e-04 -4.9572243e-03 2.9500000e-02
    endloop
  endfacet
  facet normal 8.0312909e-02 8.1543065e-01 -5.7325622e-01
    outer loop
      vertex -6.5263096e-04 -4.9572243e-03 2.9500000e-02
      vertex -5.6126263e-04 -4.2632129e-03 3.0500000e-02
      vertex -2.8123346e-04 -4.2907934e-03 3.0500000e-02
    endloop
  endfacet
  facet normal 8.0312909e-02 8.1543065e-01 -5.7325622e-01
    outer loop
      vertex -6.5263096e-04 -4.9572243e-03 2.9500000e-02
      vertex -2.8123346e-04 -4.2907934e-03 3.0500000e-02
      vertex -3.2701565e-04 -4.9892946e-03 2.9500000e-02
    endloop
  endfacet
  facet normal 2.6809237e-02 8.1893746e-01 -5.7325622e-01
    outer loop
      vertex -3.2701565e-04 -4.9892946e-03 2.9500000e-02
      vertex -2.8123346e-04 -4.2907934e-03 3.0500000e-02
      vertex -7.8989719e-19 -4.3000000e-03 3.0500000e-02
    endloop
  endfacet
  facet normal 2.6809237e-02 8.1893746e-01 -5.7325622e-01
    outer loop
      vertex -3.2701565e-04 -4.9892946e-03 2.9500000e-02
      vertex -7.8989719e-19 -4.3000000e-03 3.0500000e-02
      vertex -9.1848510e-19 -5.0000000e-03 2.9500000e-02
    endloop
  endfacet
  facet normal -2.6809237e-02 8.1893746e-01 -5.7325622e-01
    outer loop
      vertex -9.1848510e-19 -5.0000000e-03 2.9500000e-02
      vertex -7.8989719e-19 -4.3000000e-03 3.0500000e-02
      vertex 2.8123346e-04 -4.2907934e-03 3.0500000e-02
    endloop
  endfacet
  facet normal -2.6809237e-02 8.1893746e-01 -5.7325622e-01
    outer loop
      vertex -9.1848510e-19 -5.0000000e-03 2.9500000e-02
      vertex 2.8123346e-04 -4.2907934e-03 3.0500000e-02
      vertex 3.2701565e-04 -4.9892946e-03 2.9500000e-02
    endloop
  endfacet
  facet normal -8.0312909e-02 8.1543065e-01 -5.7325622e-01
    outer loop
      vertex 3.2701565e-04 -4.9892946e-03 2.9500000e-02
      vertex 2.8123346e-04 -4.2907934e-03 3.0500000e-02
      vertex 5.6126263e-04 -4.2632129e-03 3.0500000e-02
    endloop
  endfacet
  facet normal -8.0312909e-02 8.1543065e-01 -5.7325622e-01
    outer loop
      vertex 3.2701565e-04 -4.9892946e-03 2.9500000e-02
      vertex 5.6126263e-04 -4.2632129e-03 3.0500000e-02
      vertex 6.5263096e-04 -4.9572243e-03 2.9500000e-02
    endloop
  endfacet
  facet normal -1.3347267e-01 8.0843203e-01 -5.7325622e-01
    outer loop
      vertex 6.5263096e-04 -4.9572243e-03 2.9500000e-02
      vertex 5.6126263e-04 -4.2632129e-03 3.0500000e-02
      vertex 8.3888838e-04 -4.2173767e-03 3.0500000e-02
    endloop
  endfacet
  facet normal -1.3347267e-01 8.0843203e-01 -5.7325622e-01
    outer loop
      vertex 6.5263096e-04 -4.9572243e-03 2.9500000e-02
      vertex 8.3888838e-04 -4.2173767e-03 3.0500000e-02
      vertex 9.7545161e-04 -4.9039264e-03 2.9500000e-02
    endloop
  endfacet
  facet normal -1.8606088e-01 7.9797159e-01 -5.7325622e-01
    outer loop
      vertex 9.7545161e-04 -4.9039264e-03 2.9500000e-02
      vertex 8.3888838e-04 -4.2173767e-03 3.0500000e-02
      vertex 1.1129219e-03 -4.1534811e-03 3.0500000e-02
    endloop
  endfacet
  facet normal -1.8606088e-01 7.9797159e-01 -5.7325622e-01
    outer loop
      vertex 9.7545161e-04 -4.9039264e-03 2.9500000e-02
      vertex 1.1129219e-03 -4.1534811e-03 3.0500000e-02
      vertex 1.2940952e-03 -4.8296291e-03 2.9500000e-02
    endloop
  endfacet
  facet normal -2.3785235e-01 7.8409410e-01 -5.7325622e-01
    outer loop
      vertex 1.2940952e-03 -4.8296291e-03 2.9500000e-02
      vertex 1.1129219e-03 -4.1534811e-03 3.0500000e-02
      vertex 1.3821897e-03 -4.0717996e-03 3.0500000e-02
    endloop
  endfacet
  facet normal -2.3785235e-01 7.8409410e-01 -5.7325622e-01
    outer loop
      vertex 1.2940952e-03 -4.8296291e-03 2.9500000e-02
      vertex 1.3821897e-03 -4.0717996e-03 3.0500000e-02
      vertex 1.6071973e-03 -4.7346506e-03 2.9500000e-02
    endloop
  endfacet
  facet normal -2.8862529e-01 7.6685901e-01 -5.7325622e-01
    outer loop
      vertex 1.6071973e-03 -4.7346506e-03 2.9500000e-02
      vertex 1.3821897e-03 -4.0717996e-03 3.0500000e-02
      vertex 1.6455388e-03 -3.9726820e-03 3.0500000e-02
    endloop
  endfacet
  facet normal -2.8862529e-01 7.6685901e-01 -5.7325622e-01
    outer loop
      vertex 1.6071973e-03 -4.7346506e-03 2.9500000e-02
      vertex 1.6455388e-03 -3.9726820e-03 3.0500000e-02
      vertex 1.9134172e-03 -4.6193977e-03 2.9500000e-02
    endloop
  endfacet
  facet normal -3.3816230e-01 7.4634011e-01 -5.7325622e-01
    outer loop
      vertex 1.9134172e-03 -4.6193977e-03 2.9500000e-02
      vertex 1.6455388e-03 -3.9726820e-03 3.0500000e-02
      vertex 1.9018414e-03 -3.8565528e-03 3.0500000e-02
    endloop
  endfacet
  facet normal -3.3816230e-01 7.4634011e-01 -5.7325622e-01
    outer loop
      vertex 1.9134172e-03 -4.6193977e-03 2.9500000e-02
      vertex 1.9018414e-03 -3.8565528e-03 3.0500000e-02
      vertex 2.2114435e-03 -4.4843637e-03 2.9500000e-02
    endloop
  endfacet
  facet normal -3.8625125e-01 7.2262526e-01 -5.7325622e-01
    outer loop
      vertex 2.2114435e-03 -4.4843637e-03 2.9500000e-02
      vertex 1.9018414e-03 -3.8565528e-03 3.0500000e-02
      vertex 2.1500000e-03 -3.7239092e-03 3.0500000e-02
    endloop
  endfacet
  facet normal -3.8625125e-01 7.2262526e-01 -5.7325622e-01
    outer loop
      vertex 2.2114435e-03 -4.4843637e-03 2.9500000e-02
      vertex 2.1500000e-03 -3.7239092e-03 3.0500000e-02
      vertex 2.5000000e-03 -4.3301270e-03 2.9500000e-02
    endloop
  endfacet
  facet normal -4.3268621e-01 6.9581603e-01 -5.7325622e-01
    outer loop
      vertex 2.5000000e-03 -4.3301270e-03 2.9500000e-02
      vertex 2.1500000e-03 -3.7239092e-03 3.0500000e-02
      vertex 2.3889520e-03 -3.5753193e-03 3.0500000e-02
    endloop
  endfacet
  facet normal -4.3268621e-01 6.9581603e-01 -5.7325622e-01
    outer loop
      vertex 2.5000000e-03 -4.3301270e-03 2.9500000e-02
      vertex 2.3889520e-03 -3.5753193e-03 3.0500000e-02
      vertex 2.7778512e-03 -4.1573481e-03 2.9500000e-02
    endloop
  endfacet
  facet normal -4.7726834e-01 6.6602720e-01 -5.7325622e-01
    outer loop
      vertex 2.7778512e-03 -4.1573481e-03 2.9500000e-02
      vertex 2.3889520e-03 -3.5753193e-03 3.0500000e-02
      vertex 2.6176741e-03 -3.4114194e-03 3.0500000e-02
    endloop
  endfacet
  facet normal -4.7726834e-01 6.6602720e-01 -5.7325622e-01
    outer loop
      vertex 2.7778512e-03 -4.1573481e-03 2.9500000e-02
      vertex 2.6176741e-03 -3.4114194e-03 3.0500000e-02
      vertex 3.0438071e-03 -3.9667667e-03 2.9500000e-02
    endloop
  endfacet
  facet normal -5.1980674e-01 6.3338634e-01 -5.7325622e-01
    outer loop
      vertex 3.0438071e-03 -3.9667667e-03 2.9500000e-02
      vertex 2.6176741e-03 -3.4114194e-03 3.0500000e-02
      vertex 2.8351870e-03 -3.2329112e-03 3.0500000e-02
    endloop
  endfacet
  facet normal -5.1980674e-01 6.3338634e-01 -5.7325622e-01
    outer loop
      vertex 3.0438071e-03 -3.9667667e-03 2.9500000e-02
      vertex 2.8351870e-03 -3.2329112e-03 3.0500000e-02
      vertex 3.2967291e-03 -3.7591990e-03 2.9500000e-02
    endloop
  endfacet
  facet normal -5.6011924e-01 5.9803323e-01 -5.7325622e-01
    outer loop
      vertex 3.2967291e-03 -3.7591990e-03 2.9500000e-02
      vertex 2.8351870e-03 -3.2329112e-03 3.0500000e-02
      vertex 3.0405592e-03 -3.0405592e-03 3.0500000e-02
    endloop
  endfacet
  facet normal -5.6011924e-01 5.9803323e-01 -5.7325622e-01
    outer loop
      vertex 3.2967291e-03 -3.7591990e-03 2.9500000e-02
      vertex 3.0405592e-03 -3.0405592e-03 3.0500000e-02
      vertex 3.5355339e-03 -3.5355339e-03 2.9500000e-02
    endloop
  endfacet
  facet normal -5.9803323e-01 5.6011924e-01 -5.7325622e-01
    outer loop
      vertex 3.5355339e-03 -3.5355339e-03 2.9500000e-02
      vertex 3.0405592e-03 -3.0405592e-03 3.0500000e-02
      vertex 3.2329112e-03 -2.8351870e-03 3.0500000e-02
    endloop
  endfacet
  facet normal -5.9803323e-01 5.6011924e-01 -5.7325622e-01
    outer loop
      vertex 3.5355339e-03 -3.5355339e-03 2.9500000e-02
      vertex 3.2329112e-03 -2.8351870e-03 3.0500000e-02
      vertex 3.7591990e-03 -3.2967291e-03 2.9500000e-02
    endloop
  endfacet
  facet normal -6.3338634e-01 5.1980674e-01 -5.7325622e-01
    outer loop
      vertex 3.7591990e-03 -3.2967291e-03 2.9500000e-02
      vertex 3.2329112e-03 -2.8351870e-03 3.0500000e-02
      vertex 3.4114194e-03 -2.6176741e-03 3.0500000e-02
    endloop
  endfacet
  facet normal -6.3338634e-01 5.1980674e-01 -5.7325622e-01
    outer loop
      vertex 3.7591990e-03 -3.2967291e-03 2.9500000e-02
      vertex 3.4114194e-03 -2.6176741e-03 3.0500000e-02
      vertex 3.9667667e-03 -3.0438071e-03 2.9500000e-02
    endloop
  endfacet
  facet normal -6.6602720e-01 4.7726834e-01 -5.7325622e-01
    outer loop
      vertex 3.9667667e-03 -3.0438071e-03 2.9500000e-02
      vertex 3.4114194e-03 -2.6176741e-03 3.0500000e-02
      vertex 3.5753193e-03 -2.3889520e-03 3.0500000e-02
    endloop
  endfacet
  facet normal -6.6602720e-01 4.7726834e-01 -5.7325622e-01
    outer loop
      vertex 3.9667667e-03 -3.0438071e-03 2.9500000e-02
      vertex 3.5753193e-03 -2.3889520e-03 3.0500000e-02
      vertex 4.1573481e-03 -2.7778512e-03 2.9500000e-02
    endloop
  endfacet
  facet normal -6.9581603e-01 4.3268621e-01 -5.7325622e-01
    outer loop
      vertex 4.1573481e-03 -2.7778512e-03 2.9500000e-02
      vertex 3.5753193e-03 -2.3889520e-03 3.0500000e-02
      vertex 3.7239092e-03 -2.1500000e-03 3.0500000e-02
    endloop
  endfacet
  facet normal -6.9581603e-01 4.3268621e-01 -5.7325622e-01
    outer loop
      vertex 4.1573481e-03 -2.7778512e-03 2.9500000e-02
      vertex 3.7239092e-03 -2.1500000e-03 3.0500000e-02
      vertex 4.3301270e-03 -2.5000000e-03 2.9500000e-02
    endloop
  endfacet
  facet normal -7.2262526e-01 3.8625125e-01 -5.7325622e-01
    outer loop
      vertex 4.3301270e-03 -2.5000000e-03 2.9500000e-02
      vertex 3.7239092e-03 -2.1500000e-03 3.0500000e-02
      vertex 3.8565528e-03 -1.9018414e-03 3.0500000e-02
    endloop
  endfacet
  facet normal -7.2262526e-01 3.8625125e-01 -5.7325622e-01
    outer loop
      vertex 4.3301270e-03 -2.5000000e-03 2.9500000e-02
      vertex 3.8565528e-03 -1.9018414e-03 3.0500000e-02
      vertex 4.4843637e-03 -2.2114435e-03 2.9500000e-02
    endloop
  endfacet
  facet normal -7.4634011e-01 3.3816230e-01 -5.7325622e-01
    outer loop
      vertex 4.4843637e-03 -2.2114435e-03 2.9500000e-02
      vertex 3.8565528e-03 -1.9018414e-03 3.0500000e-02
      vertex 3.9726820e-03 -1.6455388e-03 3.0500000e-02
    endloop
  endfacet
  facet normal -7.4634011e-01 3.3816230e-01 -5.7325622e-01
    outer loop
      vertex 4.4843637e-03 -2.2114435e-03 2.9500000e-02
      vertex 3.9726820e-03 -1.6455388e-03 3.0500000e-02
      vertex 4.6193977e-03 -1.9134172e-03 2.9500000e-02
    endloop
  endfacet
  facet normal -7.6685901e-01 2.8862529e-01 -5.7325622e-01
    outer loop
      vertex 4.6193977e-03 -1.9134172e-03 2.9500000e-02
      vertex 3.9726820e-03 -1.6455388e-03 3.0500000e-02
      vertex 4.0717996e-03 -1.3821897e-03 3.0500000e-02
    endloop
  endfacet
  facet normal -7.6685901e-01 2.8862529e-01 -5.7325622e-01
    outer loop
      vertex 4.6193977e-03 -1.9134172e-03 2.9500000e-02
      vertex 4.0717996e-03 -1.3821897e-03 3.0500000e-02
      vertex 4.7346506e-03 -1.6071973e-03 2.9500000e-02
    endloop
  endfacet
  facet normal -7.8409410e-01 2.3785235e-01 -5.7325622e-01
    outer loop
      vertex 4.7346506e-03 -1.6071973e-03 2.9500000e-02
      vertex 4.0717996e-03 -1.3821897e-03 3.0500000e-02
      vertex 4.1534811e-03 -1.1129219e-03 3.0500000e-02
    endloop
  endfacet
  facet normal -7.8409410e-01 2.3785235e-01 -5.7325622e-01
    outer loop
      vertex 4.7346506e-03 -1.6071973e-03 2.9500000e-02
      vertex 4.1534811e-03 -1.1129219e-03 3.0500000e-02
      vertex 4.8296291e-03 -1.2940952e-03 2.9500000e-02
    endloop
  endfacet
  facet normal -7.9797159e-01 1.8606088e-01 -5.7325622e-01
    outer loop
      vertex 4.8296291e-03 -1.2940952e-03 2.9500000e-02
      vertex 4.1534811e-03 -1.1129219e-03 3.0500000e-02
      vertex 4.2173767e-03 -8.3888838e-04 3.0500000e-02
    endloop
  endfacet
  facet normal -7.9797159e-01 1.8606088e-01 -5.7325622e-01
    outer loop
      vertex 4.8296291e-03 -1.2940952e-03 2.9500000e-02
      vertex 4.2173767e-03 -8.3888838e-04 3.0500000e-02
      vertex 4.9039264e-03 -9.7545161e-04 2.9500000e-02
    endloop
  endfacet
  facet normal -8.0843203e-01 1.3347267e-01 -5.7325622e-01
    outer loop
      vertex 4.9039264e-03 -9.7545161e-04 2.9500000e-02
      vertex 4.2173767e-03 -8.3888838e-04 3.0500000e-02
      vertex 4.2632129e-03 -5.6126263e-04 3.0500000e-02
    endloop
  endfacet
  facet normal -8.0843203e-01 1.3347267e-01 -5.7325622e-01
    outer loop
      vertex 4.9039264e-03 -9.7545161e-04 2.9500000e-02
      vertex 4.2632129e-03 -5.6126263e-04 3.0500000e-02
      vertex 4.9572243e-03 -6.5263096e-04 2.9500000e-02
    endloop
  endfacet
  facet normal -8.1543065e-01 8.0312909e-02 -5.7325622e-01
    outer loop
      vertex 4.9572243e-03 -6.5263096e-04 2.9500000e-02
      vertex 4.2632129e-03 -5.6126263e-04 3.0500000e-02
      vertex 4.2907934e-03 -2.8123346e-04 3.0500000e-02
    endloop
  endfacet
  facet normal -8.1543065e-01 8.0312909e-02 -5.7325622e-01
    outer loop
      vertex 4.9572243e-03 -6.5263096e-04 2.9500000e-02
      vertex 4.2907934e-03 -2.8123346e-04 3.0500000e-02
      vertex 4.9892946e-03 -3.2701565e-04 2.9500000e-02
    endloop
  endfacet
  facet normal -8.1893746e-01 2.6809237e-02 -5.7325622e-01
    outer loop
      vertex 4.9892946e-03 -3.2701565e-04 2.9500000e-02
      vertex 4.2907934e-03 -2.8123346e-04 3.0500000e-02
      vertex 4.3000000e-03 -1.0531962e-18 3.0500000e-02
    endloop
  endfacet
  facet normal -8.1893746e-01 2.6809237e-02 -5.7325622e-01
    outer loop
      vertex 4.9892946e-03 -3.2701565e-04 2.9500000e-02
      vertex 4.3000000e-03 -1.0531962e-18 3.0500000e-02
      vertex 5.0000000e-03 -1.2246468e-18 2.9500000e-02
    endloop
  endfacet
  facet normal -9.5735577e-01 -3.1340583e-02 -2.8720673e-01
    outer loop
      vertex 4.3000000e-03 0.0000000e+00 3.0500000e-02
      vertex 4.0000000e-03 0.0000000e+00 3.1500000e-02
      vertex 3.9914357e-03 2.6161252e-04 3.1500000e-02
    endloop
  endfacet
  facet normal -9.5735577e-01 -3.1340583e-02 -2.8720673e-01
    outer loop
      vertex 4.3000000e-03 0.0000000e+00 3.0500000e-02
      vertex 3.9914357e-03 2.6161252e-04 3.1500000e-02
      vertex 4.2907934e-03 2.8123346e-04 3.0500000e-02
    endloop
  endfacet
  facet normal -9.5325622e-01 -9.3887543e-02 -2.8720673e-01
    outer loop
      vertex 4.2907934e-03 2.8123346e-04 3.0500000e-02
      vertex 3.9914357e-03 2.6161252e-04 3.1500000e-02
      vertex 3.9657794e-03 5.2210477e-04 3.1500000e-02
    endloop
  endfacet
  facet normal -9.5325622e-01 -9.3887543e-02 -2.8720673e-01
    outer loop
      vertex 4.2907934e-03 2.8123346e-04 3.0500000e-02
      vertex 3.9657794e-03 5.2210477e-04 3.1500000e-02
      vertex 4.2632129e-03 5.6126263e-04 3.0500000e-02
    endloop
  endfacet
  facet normal -9.4507469e-01 -1.5603246e-01 -2.8720673e-01
    outer loop
      vertex 4.2632129e-03 5.6126263e-04 3.0500000e-02
      vertex 3.9657794e-03 5.2210477e-04 3.1500000e-02
      vertex 3.9231411e-03 7.8036129e-04 3.1500000e-02
    endloop
  endfacet
  facet normal -9.4507469e-01 -1.5603246e-01 -2.8720673e-01
    outer loop
      vertex 4.2632129e-03 5.6126263e-04 3.0500000e-02
      vertex 3.9231411e-03 7.8036129e-04 3.1500000e-02
      vertex 4.2173767e-03 8.3888838e-04 3.0500000e-02
    endloop
  endfacet
  facet normal -9.3284620e-01 -2.1750923e-01 -2.8720673e-01
    outer loop
      vertex 4.2173767e-03 8.3888838e-04 3.0500000e-02
      vertex 3.9231411e-03 7.8036129e-04 3.1500000e-02
      vertex 3.8637033e-03 1.0352762e-03 3.1500000e-02
    endloop
  endfacet
  facet normal -9.3284620e-01 -2.1750923e-01 -2.8720673e-01
    outer loop
      vertex 4.2173767e-03 8.3888838e-04 3.0500000e-02
      vertex 3.8637033e-03 1.0352762e-03 3.1500000e-02
      vertex 4.1534811e-03 1.1129219e-03 3.0500000e-02
    endloop
  endfacet
  facet normal -9.1662312e-01 -2.7805458e-01 -2.8720673e-01
    outer loop
      vertex 4.1534811e-03 1.1129219e-03 3.0500000e-02
      vertex 3.8637033e-03 1.0352762e-03 3.1500000e-02
      vertex 3.7877205e-03 1.2857579e-03 3.1500000e-02
    endloop
  endfacet
  facet normal -9.1662312e-01 -2.7805458e-01 -2.8720673e-01
    outer loop
      vertex 4.1534811e-03 1.1129219e-03 3.0500000e-02
      vertex 3.7877205e-03 1.2857579e-03 3.1500000e-02
      vertex 4.0717996e-03 1.3821897e-03 3.0500000e-02
    endloop
  endfacet
  facet normal -8.9647492e-01 -3.3740927e-01 -2.8720673e-01
    outer loop
      vertex 4.0717996e-03 1.3821897e-03 3.0500000e-02
      vertex 3.7877205e-03 1.2857579e-03 3.1500000e-02
      vertex 3.6955181e-03 1.5307337e-03 3.1500000e-02
    endloop
  endfacet
  facet normal -8.9647492e-01 -3.3740927e-01 -2.8720673e-01
    outer loop
      vertex 4.0717996e-03 1.3821897e-03 3.0500000e-02
      vertex 3.6955181e-03 1.5307337e-03 3.1500000e-02
      vertex 3.9726820e-03 1.6455388e-03 3.0500000e-02
    endloop
  endfacet
  facet normal -8.7248788e-01 -3.9531911e-01 -2.8720673e-01
    outer loop
      vertex 3.9726820e-03 1.6455388e-03 3.0500000e-02
      vertex 3.6955181e-03 1.5307337e-03 3.1500000e-02
      vertex 3.5874910e-03 1.7691548e-03 3.1500000e-02
    endloop
  endfacet
  facet normal -8.7248788e-01 -3.9531911e-01 -2.8720673e-01
    outer loop
      vertex 3.9726820e-03 1.6455388e-03 3.0500000e-02
      vertex 3.5874910e-03 1.7691548e-03 3.1500000e-02
      vertex 3.8565528e-03 1.9018414e-03 3.0500000e-02
    endloop
  endfacet
  facet normal -8.4476470e-01 -4.5153614e-01 -2.8720673e-01
    outer loop
      vertex 3.8565528e-03 1.9018414e-03 3.0500000e-02
      vertex 3.5874910e-03 1.7691548e-03 3.1500000e-02
      vertex 3.4641016e-03 2.0000000e-03 3.1500000e-02
    endloop
  endfacet
  facet normal -8.4476470e-01 -4.5153614e-01 -2.8720673e-01
    outer loop
      vertex 3.8565528e-03 1.9018414e-03 3.0500000e-02
      vertex 3.4641016e-03 2.0000000e-03 3.1500000e-02
      vertex 3.7239092e-03 2.1500000e-03 3.0500000e-02
    endloop
  endfacet
  facet normal -8.1342412e-01 -5.0581962e-01 -2.8720673e-01
    outer loop
      vertex 3.7239092e-03 2.1500000e-03 3.0500000e-02
      vertex 3.4641016e-03 2.0000000e-03 3.1500000e-02
      vertex 3.3258784e-03 2.2222809e-03 3.1500000e-02
    endloop
  endfacet
  facet normal -8.1342412e-01 -5.0581962e-01 -2.8720673e-01
    outer loop
      vertex 3.7239092e-03 2.1500000e-03 3.0500000e-02
      vertex 3.3258784e-03 2.2222809e-03 3.1500000e-02
      vertex 3.5753193e-03 2.3889520e-03 3.0500000e-02
    endloop
  endfacet
  facet normal -7.7860033e-01 -5.5793711e-01 -2.8720673e-01
    outer loop
      vertex 3.5753193e-03 2.3889520e-03 3.0500000e-02
      vertex 3.3258784e-03 2.2222809e-03 3.1500000e-02
      vertex 3.1734134e-03 2.4350457e-03 3.1500000e-02
    endloop
  endfacet
  facet normal -7.7860033e-01 -5.5793711e-01 -2.8720673e-01
    outer loop
      vertex 3.5753193e-03 2.3889520e-03 3.0500000e-02
      vertex 3.1734134e-03 2.4350457e-03 3.1500000e-02
      vertex 3.4114194e-03 2.6176741e-03 3.0500000e-02
    endloop
  endfacet
  facet normal -7.4044246e-01 -6.0766542e-01 -2.8720673e-01
    outer loop
      vertex 3.4114194e-03 2.6176741e-03 3.0500000e-02
      vertex 3.1734134e-03 2.4350457e-03 3.1500000e-02
      vertex 3.0073592e-03 2.6373833e-03 3.1500000e-02
    endloop
  endfacet
  facet normal -7.4044246e-01 -6.0766542e-01 -2.8720673e-01
    outer loop
      vertex 3.4114194e-03 2.6176741e-03 3.0500000e-02
      vertex 3.0073592e-03 2.6373833e-03 3.1500000e-02
      vertex 3.2329112e-03 2.8351870e-03 3.0500000e-02
    endloop
  endfacet
  facet normal -6.9911389e-01 -6.5479162e-01 -2.8720673e-01
    outer loop
      vertex 3.2329112e-03 2.8351870e-03 3.0500000e-02
      vertex 3.0073592e-03 2.6373833e-03 3.1500000e-02
      vertex 2.8284271e-03 2.8284271e-03 3.1500000e-02
    endloop
  endfacet
  facet normal -6.9911389e-01 -6.5479162e-01 -2.8720673e-01
    outer loop
      vertex 3.2329112e-03 2.8351870e-03 3.0500000e-02
      vertex 2.8284271e-03 2.8284271e-03 3.1500000e-02
      vertex 3.0405592e-03 3.0405592e-03 3.0500000e-02
    endloop
  endfacet
  facet normal -6.5479162e-01 -6.9911389e-01 -2.8720673e-01
    outer loop
      vertex 3.0405592e-03 3.0405592e-03 3.0500000e-02
      vertex 2.8284271e-03 2.8284271e-03 3.1500000e-02
      vertex 2.6373833e-03 3.0073592e-03 3.1500000e-02
    endloop
  endfacet
  facet normal -6.5479162e-01 -6.9911389e-01 -2.8720673e-01
    outer loop
      vertex 3.0405592e-03 3.0405592e-03 3.0500000e-02
      vertex 2.6373833e-03 3.0073592e-03 3.1500000e-02
      vertex 2.8351870e-03 3.2329112e-03 3.0500000e-02
    endloop
  endfacet
  facet normal -6.0766542e-01 -7.4044246e-01 -2.8720673e-01
    outer loop
      vertex 2.8351870e-03 3.2329112e-03 3.0500000e-02
      vertex 2.6373833e-03 3.0073592e-03 3.1500000e-02
      vertex 2.4350457e-03 3.1734134e-03 3.1500000e-02
    endloop
  endfacet
  facet normal -6.0766542e-01 -7.4044246e-01 -2.8720673e-01
    outer loop
      vertex 2.8351870e-03 3.2329112e-03 3.0500000e-02
      vertex 2.4350457e-03 3.1734134e-03 3.1500000e-02
      vertex 2.6176741e-03 3.4114194e-03 3.0500000e-02
    endloop
  endfacet
  facet normal -5.5793711e-01 -7.7860033e-01 -2.8720673e-01
    outer loop
      vertex 2.6176741e-03 3.4114194e-03 3.0500000e-02
      vertex 2.4350457e-03 3.1734134e-03 3.1500000e-02
      vertex 2.2222809e-03 3.3258784e-03 3.1500000e-02
    endloop
  endfacet
  facet normal -5.5793711e-01 -7.7860033e-01 -2.8720673e-01
    outer loop
      vertex 2.6176741e-03 3.4114194e-03 3.0500000e-02
      vertex 2.2222809e-03 3.3258784e-03 3.1500000e-02
      vertex 2.3889520e-03 3.5753193e-03 3.0500000e-02
    endloop
  endfacet
  facet normal -5.0581962e-01 -8.1342412e-01 -2.8720673e-01
    outer loop
      vertex 2.3889520e-03 3.5753193e-03 3.0500000e-02
      vertex 2.2222809e-03 3.3258784e-03 3.1500000e-02
      vertex 2.0000000e-03 3.4641016e-03 3.1500000e-02
    endloop
  endfacet
  facet normal -5.0581962e-01 -8.1342412e-01 -2.8720673e-01
    outer loop
      vertex 2.3889520e-03 3.5753193e-03 3.0500000e-02
      vertex 2.0000000e-03 3.4641016e-03 3.1500000e-02
      vertex 2.1500000e-03 3.7239092e-03 3.0500000e-02
    endloop
  endfacet
  facet normal -4.5153614e-01 -8.4476470e-01 -2.8720673e-01
    outer loop
      vertex 2.1500000e-03 3.7239092e-03 3.0500000e-02
      vertex 2.0000000e-03 3.4641016e-03 3.1500000e-02
      vertex 1.7691548e-03 3.5874910e-03 3.1500000e-02
    endloop
  endfacet
  facet normal -4.5153614e-01 -8.4476470e-01 -2.8720673e-01
    outer loop
      vertex 2.1500000e-03 3.7239092e-03 3.0500000e-02
      vertex 1.7691548e-03 3.5874910e-03 3.1500000e-02
      vertex 1.9018414e-03 3.8565528e-03 3.0500000e-02
    endloop
  endfacet
  facet normal -3.9531911e-01 -8.7248788e-01 -2.8720673e-01
    outer loop
      vertex 1.9018414e-03 3.8565528e-03 3.0500000e-02
      vertex 1.7691548e-03 3.5874910e-03 3.1500000e-02
      vertex 1.5307337e-03 3.6955181e-03 3.1500000e-02
    endloop
  endfacet
  facet normal -3.9531911e-01 -8.7248788e-01 -2.8720673e-01
    outer loop
      vertex 1.9018414e-03 3.8565528e-03 3.0500000e-02
      vertex 1.5307337e-03 3.6955181e-03 3.1500000e-02
      vertex 1.6455388e-03 3.9726820e-03 3.0500000e-02
    endloop
  endfacet
  facet normal -3.3740927e-01 -8.9647492e-01 -2.8720673e-01
    outer loop
      vertex 1.6455388e-03 3.9726820e-03 3.0500000e-02
      vertex 1.5307337e-03 3.6955181e-03 3.1500000e-02
      vertex 1.2857579e-03 3.7877205e-03 3.1500000e-02
    endloop
  endfacet
  facet normal -3.3740927e-01 -8.9647492e-01 -2.8720673e-01
    outer loop
      vertex 1.6455388e-03 3.9726820e-03 3.0500000e-02
      vertex 1.2857579e-03 3.7877205e-03 3.1500000e-02
      vertex 1.3821897e-03 4.0717996e-03 3.0500000e-02
    endloop
  endfacet
  facet normal -2.7805458e-01 -9.1662312e-01 -2.8720673e-01
    outer loop
      vertex 1.3821897e-03 4.0717996e-03 3.0500000e-02
      vertex 1.2857579e-03 3.7877205e-03 3.1500000e-02
      vertex 1.0352762e-03 3.8637033e-03 3.1500000e-02
    endloop
  endfacet
  facet normal -2.7805458e-01 -9.1662312e-01 -2.8720673e-01
    outer loop
      vertex 1.3821897e-03 4.0717996e-03 3.0500000e-02
      vertex 1.0352762e-03 3.8637033e-03 3.1500000e-02
      vertex 1.1129219e-03 4.1534811e-03 3.0500000e-02
    endloop
  endfacet
  facet normal -2.1750923e-01 -9.3284620e-01 -2.8720673e-01
    outer loop
      vertex 1.1129219e-03 4.1534811e-03 3.0500000e-02
      vertex 1.0352762e-03 3.8637033e-03 3.1500000e-02
      vertex 7.8036129e-04 3.9231411e-03 3.1500000e-02
    endloop
  endfacet
  facet normal -2.1750923e-01 -9.3284620e-01 -2.8720673e-01
    outer loop
      vertex 1.1129219e-03 4.1534811e-03 3.0500000e-02
      vertex 7.8036129e-04 3.9231411e-03 3.1500000e-02
      vertex 8.3888838e-04 4.2173767e-03 3.0500000e-02
    endloop
  endfacet
  facet normal -1.5603246e-01 -9.4507469e-01 -2.8720673e-01
    outer loop
      vertex 8.3888838e-04 4.2173767e-03 3.0500000e-02
      vertex 7.8036129e-04 3.9231411e-03 3.1500000e-02
      vertex 5.2210477e-04 3.9657794e-03 3.1500000e-02
    endloop
  endfacet
  facet normal -1.5603246e-01 -9.4507469e-01 -2.8720673e-01
    outer loop
      vertex 8.3888838e-04 4.2173767e-03 3.0500000e-02
      vertex 5.2210477e-04 3.9657794e-03 3.1500000e-02
      vertex 5.6126263e-04 4.2632129e-03 3.0500000e-02
    endloop
  endfacet
  facet normal -9.3887543e-02 -9.5325622e-01 -2.8720673e-01
    outer loop
      vertex 5.6126263e-04 4.2632129e-03 3.0500000e-02
      vertex 5.2210477e-04 3.9657794e-03 3.1500000e-02
      vertex 2.6161252e-04 3.9914357e-03 3.1500000e-02
    endloop
  endfacet
  facet normal -9.3887543e-02 -9.5325622e-01 -2.8720673e-01
    outer loop
      vertex 5.6126263e-04 4.2632129e-03 3.0500000e-02
      vertex 2.6161252e-04 3.9914357e-03 3.1500000e-02
      vertex 2.8123346e-04 4.2907934e-03 3.0500000e-02
    endloop
  endfacet
  facet normal -3.1340583e-02 -9.5735577e-01 -2.8720673e-01
    outer loop
      vertex 2.8123346e-04 4.2907934e-03 3.0500000e-02
      vertex 2.6161252e-04 3.9914357e-03 3.1500000e-02
      vertex 2.4492936e-19 4.0000000e-03 3.1500000e-02
    endloop
  endfacet
  facet normal -3.1340583e-02 -9.5735577e-01 -2.8720673e-01
    outer loop
      vertex 2.8123346e-04 4.2907934e-03 3.0500000e-02
      vertex 2.4492936e-19 4.0000000e-03 3.1500000e-02
      vertex 2.6329906e-19 4.3000000e-03 3.0500000e-02
    endloop
  endfacet
  facet normal 3.1340583e-02 -9.5735577e-01 -2.8720673e-01
    outer loop
      vertex 2.6329906e-19 4.3000000e-03 3.0500000e-02
      vertex 2.4492936e-19 4.0000000e-03 3.1500000e-02
      vertex -2.6161252e-04 3.9914357e-03 3.1500000e-02
    endloop
  endfacet
  facet normal 3.1340583e-02 -9.5735577e-01 -2.8720673e-01
    outer loop
      vertex 2.6329906e-19 4.3000000e-03 3.0500000e-02
      vertex -2.6161252e-04 3.9914357e-03 3.1500000e-02
      vertex -2.8123346e-04 4.2907934e-03 3.0500000e-02
    endloop
  endfacet
  facet normal 9.3887543e-02 -9.5325622e-01 -2.8720673e-01
    outer loop
      vertex -2.8123346e-04 4.2907934e-03 3.0500000e-02
      vertex -2.6161252e-04 3.9914357e-03 3.1500000e-02
      vertex -5.2210477e-04 3.9657794e-03 3.1500000e-02
    endloop
  endfacet
  facet normal 9.3887543e-02 -9.5325622e-01 -2.8720673e-01
    outer loop
      vertex -2.8123346e-04 4.2907934e-03 3.0500000e-02
      vertex -5.2210477e-04 3.9657794e-03 3.1500000e-02
      vertex -5.6126263e-04 4.2632129e-03 3.0500000e-02
    endloop
  endfacet
  facet normal 1.5603246e-01 -9.4507469e-01 -2.8720673e-01
    outer loop
      vertex -5.6126263e-04 4.2632129e-03 3.0500000e-02
      vertex -5.2210477e-04 3.9657794e-03 3.1500000e-02
      vertex -7.8036129e-04 3.9231411e-03 3.1500000e-02
    endloop
  endfacet
  facet normal 1.5603246e-01 -9.4507469e-01 -2.8720673e-01
    outer loop
      vertex -5.6126263e-04 4.2632129e-03 3.0500000e-02
      vertex -7.8036129e-04 3.9231411e-03 3.1500000e-02
      vertex -8.3888838e-04 4.2173767e-03 3.0500000e-02
    endloop
  endfacet
  facet normal 2.1750923e-01 -9.3284620e-01 -2.8720673e-01
    outer loop
      vertex -8.3888838e-04 4.2173767e-03 3.0500000e-02
      vertex -7.8036129e-04 3.9231411e-03 3.1500000e-02
      vertex -1.0352762e-03 3.8637033e-03 3.1500000e-02
    endloop
  endfacet
  facet normal 2.1750923e-01 -9.3284620e-01 -2.8720673e-01
    outer loop
      vertex -8.3888838e-04 4.2173767e-03 3.0500000e-02
      vertex -1.0352762e-03 3.8637033e-03 3.1500000e-02
      vertex -1.1129219e-03 4.1534811e-03 3.0500000e-02
    endloop
  endfacet
  facet normal 2.7805458e-01 -9.1662312e-01 -2.8720673e-01
    outer loop
      vertex -1.1129219e-03 4.1534811e-03 3.0500000e-02
      vertex -1.0352762e-03 3.8637033e-03 3.1500000e-02
      vertex -1.2857579e-03 3.7877205e-03 3.1500000e-02
    endloop
  endfacet
  facet normal 2.7805458e-01 -9.1662312e-01 -2.8720673e-01
    outer loop
      vertex -1.1129219e-03 4.1534811e-03 3.0500000e-02
      vertex -1.2857579e-03 3.7877205e-03 3.1500000e-02
      vertex -1.3821897e-03 4.0717996e-03 3.0500000e-02
    endloop
  endfacet
  facet normal 3.3740927e-01 -8.9647492e-01 -2.8720673e-01
    outer loop
      vertex -1.3821897e-03 4.0717996e-03 3.0500000e-02
      vertex -1.2857579e-03 3.7877205e-03 3.1500000e-02
      vertex -1.5307337e-03 3.6955181e-03 3.1500000e-02
    endloop
  endfacet
  facet normal 3.3740927e-01 -8.9647492e-01 -2.8720673e-01
    outer loop
      vertex -1.3821897e-03 4.0717996e-03 3.0500000e-02
      vertex -1.5307337e-03 3.6955181e-03 3.1500000e-02
      vertex -1.6455388e-03 3.9726820e-03 3.0500000e-02
    endloop
  endfacet
  facet normal 3.9531911e-01 -8.7248788e-01 -2.8720673e-01
    outer loop
      vertex -1.6455388e-03 3.9726820e-03 3.0500000e-02
      vertex -1.5307337e-03 3.6955181e-03 3.1500000e-02
      vertex -1.7691548e-03 3.5874910e-03 3.1500000e-02
    endloop
  endfacet
  facet normal 3.9531911e-01 -8.7248788e-01 -2.8720673e-01
    outer loop
      vertex -1.6455388e-03 3.9726820e-03 3.0500000e-02
      vertex -1.7691548e-03 3.5874910e-03 3.1500000e-02
      vertex -1.9018414e-03 3.8565528e-03 3.0500000e-02
    endloop
  endfacet
  facet normal 4.5153614e-01 -8.4476470e-01 -2.8720673e-01
    outer loop
      vertex -1.9018414e-03 3.8565528e-03 3.0500000e-02
      vertex -1.7691548e-03 3.5874910e-03 3.1500000e-02
      vertex -2.0000000e-03 3.4641016e-03 3.1500000e-02
    endloop
  endfacet
  facet normal 4.5153614e-01 -8.4476470e-01 -2.8720673e-01
    outer loop
      vertex -1.9018414e-03 3.8565528e-03 3.0500000e-02
      vertex -2.0000000e-03 3.4641016e-03 3.1500000e-02
      vertex -2.1500000e-03 3.7239092e-03 3.0500000e-02
    endloop
  endfacet
  facet normal 5.0581962e-01 -8.1342412e-01 -2.8720673e-01
    outer loop
      vertex -2.1500000e-03 3.7239092e-03 3.0500000e-02
      vertex -2.0000000e-03 3.4641016e-03 3.1500000e-02
      vertex -2.2222809e-03 3.3258784e-03 3.1500000e-02
    endloop
  endfacet
  facet normal 5.0581962e-01 -8.1342412e-01 -2.8720673e-01
    outer loop
      vertex -2.1500000e-03 3.7239092e-03 3.0500000e-02
      vertex -2.2222809e-03 3.3258784e-03 3.1500000e-02
      vertex -2.3889520e-03 3.5753193e-03 3.0500000e-02
    endloop
  endfacet
  facet normal 5.5793711e-01 -7.7860033e-01 -2.8720673e-01
    outer loop
      vertex -2.3889520e-03 3.5753193e-03 3.0500000e-02
      vertex -2.2222809e-03 3.3258784e-03 3.1500000e-02
      vertex -2.4350457e-03 3.1734134e-03 3.1500000e-02
    endloop
  endfacet
  facet normal 5.5793711e-01 -7.7860033e-01 -2.8720673e-01
    outer loop
      vertex -2.3889520e-03 3.5753193e-03 3.0500000e-02
      vertex -2.4350457e-03 3.1734134e-03 3.1500000e-02
      vertex -2.6176741e-03 3.4114194e-03 3.0500000e-02
    endloop
  endfacet
  facet normal 6.0766542e-01 -7.4044246e-01 -2.8720673e-01
    outer loop
      vertex -2.6176741e-03 3.4114194e-03 3.0500000e-02
      vertex -2.4350457e-03 3.1734134e-03 3.1500000e-02
      vertex -2.6373833e-03 3.0073592e-03 3.1500000e-02
    endloop
  endfacet
  facet normal 6.0766542e-01 -7.4044246e-01 -2.8720673e-01
    outer loop
      vertex -2.6176741e-03 3.4114194e-03 3.0500000e-02
      vertex -2.6373833e-03 3.0073592e-03 3.1500000e-02
      vertex -2.8351870e-03 3.2329112e-03 3.0500000e-02
    endloop
  endfacet
  facet normal 6.5479162e-01 -6.9911389e-01 -2.8720673e-01
    outer loop
      vertex -2.8351870e-03 3.2329112e-03 3.0500000e-02
      vertex -2.6373833e-03 3.0073592e-03 3.1500000e-02
      vertex -2.8284271e-03 2.8284271e-03 3.1500000e-02
    endloop
  endfacet
  facet normal 6.5479162e-01 -6.9911389e-01 -2.8720673e-01
    outer loop
      vertex -2.8351870e-03 3.2329112e-03 3.0500000e-02
      vertex -2.8284271e-03 2.8284271e-03 3.1500000e-02
      vertex -3.0405592e-03 3.0405592e-03 3.0500000e-02
    endloop
  endfacet
  facet normal 6.9911389e-01 -6.5479162e-01 -2.8720673e-01
    outer loop
      vertex -3.0405592e-03 3.0405592e-03 3.0500000e-02
      vertex -2.8284271e-03 2.8284271e-03 3.1500000e-02
      vertex -3.0073592e-03 2.6373833e-03 3.1500000e-02
    endloop
  endfacet
  facet normal 6.9911389e-01 -6.5479162e-01 -2.8720673e-01
    outer loop
      vertex -3.0405592e-03 3.0405592e-03 3.0500000e-02
      vertex -3.0073592e-03 2.6373833e-03 3.1500000e-02
      vertex -3.2329112e-03 2.8351870e-03 3.0500000e-02
    endloop
  endfacet
  facet normal 7.4044246e-01 -6.0766542e-01 -2.8720673e-01
    outer loop
      vertex -3.2329112e-03 2.8351870e-03 3.0500000e-02
      vertex -3.0073592e-03 2.6373833e-03 3.1500000e-02
      vertex -3.1734134e-03 2.4350457e-03 3.1500000e-02
    endloop
  endfacet
  facet normal 7.4044246e-01 -6.0766542e-01 -2.8720673e-01
    outer loop
      vertex -3.2329112e-03 2.8351870e-03 3.0500000e-02
      vertex -3.1734134e-03 2.4350457e-03 3.1500000e-02
      vertex -3.4114194e-03 2.6176741e-03 3.0500000e-02
    endloop
  endfacet
  facet normal 7.7860033e-01 -5.5793711e-01 -2.8720673e-01
    outer loop
      vertex -3.4114194e-03 2.6176741e-03 3.0500000e-02
      vertex -3.1734134e-03 2.4350457e-03 3.1500000e-02
      vertex -3.3258784e-03 2.2222809e-03 3.1500000e-02
    endloop
  endfacet
  facet normal 7.7860033e-01 -5.5793711e-01 -2.8720673e-01
    outer loop
      vertex -3.4114194e-03 2.6176741e-03 3.0500000e-02
      vertex -3.3258784e-03 2.2222809e-03 3.1500000e-02
      vertex -3.5753193e-03 2.3889520e-03 3.0500000e-02
    endloop
  endfacet
  facet normal 8.1342412e-01 -5.0581962e-01 -2.8720673e-01
    outer loop
      vertex -3.5753193e-03 2.3889520e-03 3.0500000e-02
      vertex -3.3258784e-03 2.2222809e-03 3.1500000e-02
      vertex -3.4641016e-03 2.0000000e-03 3.1500000e-02
    endloop
  endfacet
  facet normal 8.1342412e-01 -5.0581962e-01 -2.8720673e-01
    outer loop
      vertex -3.5753193e-03 2.3889520e-03 3.0500000e-02
      vertex -3.4641016e-03 2.0000000e-03 3.1500000e-02
      vertex -3.7239092e-03 2.1500000e-03 3.0500000e-02
    endloop
  endfacet
  facet normal 8.4476470e-01 -4.5153614e-01 -2.8720673e-01
    outer loop
      vertex -3.7239092e-03 2.1500000e-03 3.0500000e-02
      vertex -3.4641016e-03 2.0000000e-03 3.1500000e-02
      vertex -3.5874910e-03 1.7691548e-03 3.1500000e-02
    endloop
  endfacet
  facet normal 8.4476470e-01 -4.5153614e-01 -2.8720673e-01
    outer loop
      vertex -3.7239092e-03 2.1500000e-03 3.0500000e-02
      vertex -3.5874910e-03 1.7691548e-03 3.1500000e-02
      vertex -3.8565528e-03 1.9018414e-03 3.0500000e-02
    endloop
  endfacet
  facet normal 8.7248788e-01 -3.9531911e-01 -2.8720673e-01
    outer loop
      vertex -3.8565528e-03 1.9018414e-03 3.0500000e-02
      vertex -3.5874910e-03 1.7691548e-03 3.1500000e-02
      vertex -3.6955181e-03 1.5307337e-03 3.1500000e-02
    endloop
  endfacet
  facet normal 8.7248788e-01 -3.9531911e-01 -2.8720673e-01
    outer loop
      vertex -3.8565528e-03 1.9018414e-03 3.0500000e-02
      vertex -3.6955181e-03 1.5307337e-03 3.1500000e-02
      vertex -3.9726820e-03 1.6455388e-03 3.0500000e-02
    endloop
  endfacet
  facet normal 8.9647492e-01 -3.3740927e-01 -2.8720673e-01
    outer loop
      vertex -3.9726820e-03 1.6455388e-03 3.0500000e-02
      vertex -3.6955181e-03 1.5307337e-03 3.1500000e-02
      vertex -3.7877205e-03 1.2857579e-03 3.1500000e-02
    endloop
  endfacet
  facet normal 8.9647492e-01 -3.3740927e-01 -2.8720673e-01
    outer loop
      vertex -3.9726820e-03 1.6455388e-03 3.0500000e-02
      vertex -3.7877205e-03 1.2857579e-03 3.1500000e-02
      vertex -4.0717996e-03 1.3821897e-03 3.0500000e-02
    endloop
  endfacet
  facet normal 9.1662312e-01 -2.7805458e-01 -2.8720673e-01
    outer loop
      vertex -4.0717996e-03 1.3821897e-03 3.0500000e-02
      vertex -3.7877205e-03 1.2857579e-03 3.1500000e-02
      vertex -3.8637033e-03 1.0352762e-03 3.1500000e-02
    endloop
  endfacet
  facet normal 9.1662312e-01 -2.7805458e-01 -2.8720673e-01
    outer loop
      vertex -4.0717996e-03 1.3821897e-03 3.0500000e-02
      vertex -3.8637033e-03 1.0352762e-03 3.1500000e-02
      vertex -4.1534811e-03 1.1129219e-03 3.0500000e-02
    endloop
  endfacet
  facet normal 9.3284620e-01 -2.1750923e-01 -2.8720673e-01
    outer loop
      vertex -4.1534811e-03 1.1129219e-03 3.0500000e-02
      vertex -3.8637033e-03 1.0352762e-03 3.1500000e-02
      vertex -3.9231411e-03 7.8036129e-04 3.1500000e-02
    endloop
  endfacet
  facet normal 9.3284620e-01 -2.1750923e-01 -2.8720673e-01
    outer loop
      vertex -4.1534811e-03 1.1129219e-03 3.0500000e-02
      vertex -3.9231411e-03 7.8036129e-04 3.1500000e-02
      vertex -4.2173767e-03 8.3888838e-04 3.0500000e-02
    endloop
  endfacet
  facet normal 9.4507469e-01 -1.5603246e-01 -2.8720673e-01
    outer loop
      vertex -4.2173767e-03 8.3888838e-04 3.0500000e-02
      vertex -3.9231411e-03 7.8036129e-04 3.1500000e-02
      vertex -3.9657794e-03 5.2210477e-04 3.1500000e-02
    endloop
  endfacet
  facet normal 9.4507469e-01 -1.5603246e-01 -2.8720673e-01
    outer loop
      vertex -4.2173767e-03 8.3888838e-04 3.0500000e-02
      vertex -3.9657794e-03 5.2210477e-04 3.1500000e-02
      vertex -4.2632129e-03 5.6126263e-04 3.0500000e-02
    endloop
  endfacet
  facet normal 9.5325622e-01 -9.3887543e-02 -2.8720673e-01
    outer loop
      vertex -4.2632129e-03 5.6126263e-04 3.0500000e-02
      vertex -3.9657794e-03 5.2210477e-04 3.1500000e-02
      vertex -3.9914357e-03 2.6161252e-04 3.1500000e-02
    endloop
  endfacet
  facet normal 9.5325622e-01 -9.3887543e-02 -2.8720673e-01
    outer loop
      vertex -4.2632129e-03 5.6126263e-04 3.0500000e-02
      vertex -3.9914357e-03 2.6161252e-04 3.1500000e-02
      vertex -4.2907934e-03 2.8123346e-04 3.0500000e-02
    endloop
  endfacet
  facet normal 9.5735577e-01 -3.1340583e-02 -2.8720673e-01
    outer loop
      vertex -4.2907934e-03 2.8123346e-04 3.0500000e-02
      vertex -3.9914357e-03 2.6161252e-04 3.1500000e-02
      vertex -4.0000000e-03 4.8985872e-19 3.1500000e-02
    endloop
  endfacet
  facet normal 9.5735577e-01 -3.1340583e-02 -2.8720673e-01
    outer loop
      vertex -4.2907934e-03 2.8123346e-04 3.0500000e-02
      vertex -4.0000000e-03 4.8985872e-19 3.1500000e-02
      vertex -4.3000000e-03 5.2659812e-19 3.0500000e-02
    endloop
  endfacet
  facet normal 9.5735577e-01 3.1340583e-02 -2.8720673e-01
    outer loop
      vertex -4.3000000e-03 5.2659812e-19 3.0500000e-02
      vertex -4.0000000e-03 4.8985872e-19 3.1500000e-02
      vertex -3.9914357e-03 -2.6161252e-04 3.1500000e-02
    endloop
  endfacet
  facet normal 9.5735577e-01 3.1340583e-02 -2.8720673e-01
    outer loop
      vertex -4.3000000e-03 5.2659812e-19 3.0500000e-02
      vertex -3.9914357e-03 -2.6161252e-04 3.1500000e-02
      vertex -4.2907934e-03 -2.8123346e-04 3.0500000e-02
    endloop
  endfacet
  facet normal 9.5325622e-01 9.3887543e-02 -2.8720673e-01
    outer loop
      vertex -4.2907934e-03 -2.8123346e-04 3.0500000e-02
      vertex -3.9914357e-03 -2.6161252e-04 3.1500000e-02
      vertex -3.9657794e-03 -5.2210477e-04 3.1500000e-02
    endloop
  endfacet
  facet normal 9.5325622e-01 9.3887543e-02 -2.8720673e-01
    outer loop
      vertex -4.2907934e-03 -2.8123346e-04 3.0500000e-02
      vertex -3.9657794e-03 -5.2210477e-04 3.1500000e-02
      vertex -4.2632129e-03 -5.6126263e-04 3.0500000e-02
    endloop
  endfacet
  facet normal 9.4507469e-01 1.5603246e-01 -2.8720673e-01
    outer loop
      vertex -4.2632129e-03 -5.6126263e-04 3.0500000e-02
      vertex -3.9657794e-03 -5.2210477e-04 3.1500000e-02
      vertex -3.9231411e-03 -7.8036129e-04 3.1500000e-02
    endloop
  endfacet
  facet normal 9.4507469e-01 1.5603246e-01 -2.8720673e-01
    outer loop
      vertex -4.2632129e-03 -5.6126263e-04 3.0500000e-02
      vertex -3.9231411e-03 -7.8036129e-04 3.1500000e-02
      vertex -4.2173767e-03 -8.3888838e-04 3.0500000e-02
    endloop
  endfacet
  facet normal 9.3284620e-01 2.1750923e-01 -2.8720673e-01
    outer loop
      vertex -4.2173767e-03 -8.3888838e-04 3.0500000e-02
      vertex -3.9231411e-03 -7.8036129e-04 3.1500000e-02
      vertex -3.8637033e-03 -1.0352762e-03 3.1500000e-02
    endloop
  endfacet
  facet normal 9.3284620e-01 2.1750923e-01 -2.8720673e-01
    outer loop
      vertex -4.2173767e-03 -8.3888838e-04 3.0500000e-02
      vertex -3.8637033e-03 -1.0352762e-03 3.1500000e-02
      vertex -4.1534811e-03 -1.1129219e-03 3.0500000e-02
    endloop
  endfacet
  facet normal 9.1662312e-01 2.7805458e-01 -2.8720673e-01
    outer loop
      vertex -4.1534811e-03 -1.1129219e-03 3.0500000e-02
      vertex -3.8637033e-03 -1.0352762e-03 3.1500000e-02
      vertex -3.7877205e-03 -1.2857579e-03 3.1500000e-02
    endloop
  endfacet
  facet normal 9.1662312e-01 2.7805458e-01 -2.8720673e-01
    outer loop
      vertex -4.1534811e-03 -1.1129219e-03 3.0500000e-02
      vertex -3.7877205e-03 -1.2857579e-03 3.1500000e-02
      vertex -4.0717996e-03 -1.3821897e-03 3.0500000e-02
    endloop
  endfacet
  facet normal 8.9647492e-01 3.3740927e-01 -2.8720673e-01
    outer loop
      vertex -4.0717996e-03 -1.3821897e-03 3.0500000e-02
      vertex -3.7877205e-03 -1.2857579e-03 3.1500000e-02
      vertex -3.6955181e-03 -1.5307337e-03 3.1500000e-02
    endloop
  endfacet
  facet normal 8.9647492e-01 3.3740927e-01 -2.8720673e-01
    outer loop
      vertex -4.0717996e-03 -1.3821897e-03 3.0500000e-02
      vertex -3.6955181e-03 -1.5307337e-03 3.1500000e-02
      vertex -3.9726820e-03 -1.6455388e-03 3.0500000e-02
    endloop
  endfacet
  facet normal 8.7248788e-01 3.9531911e-01 -2.8720673e-01
    outer loop
      vertex -3.9726820e-03 -1.6455388e-03 3.0500000e-02
      vertex -3.6955181e-03 -1.5307337e-03 3.1500000e-02
      vertex -3.5874910e-03 -1.7691548e-03 3.1500000e-02
    endloop
  endfacet
  facet normal 8.7248788e-01 3.9531911e-01 -2.8720673e-01
    outer loop
      vertex -3.9726820e-03 -1.6455388e-03 3.0500000e-02
      vertex -3.5874910e-03 -1.7691548e-03 3.1500000e-02
      vertex -3.8565528e-03 -1.9018414e-03 3.0500000e-02
    endloop
  endfacet
  facet normal 8.4476470e-01 4.5153614e-01 -2.8720673e-01
    outer loop
      vertex -3.8565528e-03 -1.9018414e-03 3.0500000e-02
      vertex -3.5874910e-03 -1.7691548e-03 3.1500000e-02
      vertex -3.4641016e-03 -2.0000000e-03 3.1500000e-02
    endloop
  endfacet
  facet normal 8.4476470e-01 4.5153614e-01 -2.8720673e-01
    outer loop
      vertex -3.8565528e-03 -1.9018414e-03 3.0500000e-02
      vertex -3.4641016e-03 -2.0000000e-03 3.1500000e-02
      vertex -3.7239092e-03 -2.1500000e-03 3.0500000e-02
    endloop
  endfacet
  facet normal 8.1342412e-01 5.0581962e-01 -2.8720673e-01
    outer loop
      vertex -3.7239092e-03 -2.1500000e-03 3.0500000e-02
      vertex -3.4641016e-03 -2.0000000e-03 3.1500000e-02
      vertex -3.3258784e-03 -2.2222809e-03 3.1500000e-02
    endloop
  endfacet
  facet normal 8.1342412e-01 5.0581962e-01 -2.8720673e-01
    outer loop
      vertex -3.7239092e-03 -2.1500000e-03 3.0500000e-02
      vertex -3.3258784e-03 -2.2222809e-03 3.1500000e-02
      vertex -3.5753193e-03 -2.3889520e-03 3.0500000e-02
    endloop
  endfacet
  facet normal 7.7860033e-01 5.5793711e-01 -2.8720673e-01
    outer loop
      vertex -3.5753193e-03 -2.3889520e-03 3.0500000e-02
      vertex -3.3258784e-03 -2.2222809e-03 3.1500000e-02
      vertex -3.1734134e-03 -2.4350457e-03 3.1500000e-02
    endloop
  endfacet
  facet normal 7.7860033e-01 5.5793711e-01 -2.8720673e-01
    outer loop
      vertex -3.5753193e-03 -2.3889520e-03 3.0500000e-02
      vertex -3.1734134e-03 -2.4350457e-03 3.1500000e-02
      vertex -3.4114194e-03 -2.6176741e-03 3.0500000e-02
    endloop
  endfacet
  facet normal 7.4044246e-01 6.0766542e-01 -2.8720673e-01
    outer loop
      vertex -3.4114194e-03 -2.6176741e-03 3.0500000e-02
      vertex -3.1734134e-03 -2.4350457e-03 3.1500000e-02
      vertex -3.0073592e-03 -2.6373833e-03 3.1500000e-02
    endloop
  endfacet
  facet normal 7.4044246e-01 6.0766542e-01 -2.8720673e-01
    outer loop
      vertex -3.4114194e-03 -2.6176741e-03 3.0500000e-02
      vertex -3.0073592e-03 -2.6373833e-03 3.1500000e-02
      vertex -3.2329112e-03 -2.8351870e-03 3.0500000e-02
    endloop
  endfacet
  facet normal 6.9911389e-01 6.5479162e-01 -2.8720673e-01
    outer loop
      vertex -3.2329112e-03 -2.8351870e-03 3.0500000e-02
      vertex -3.0073592e-03 -2.6373833e-03 3.1500000e-02
      vertex -2.8284271e-03 -2.8284271e-03 3.1500000e-02
    endloop
  endfacet
  facet normal 6.9911389e-01 6.5479162e-01 -2.8720673e-01
    outer loop
      vertex -3.2329112e-03 -2.8351870e-03 3.0500000e-02
      vertex -2.8284271e-03 -2.8284271e-03 3.1500000e-02
      vertex -3.0405592e-03 -3.0405592e-03 3.0500000e-02
    endloop
  endfacet
  facet normal 6.5479162e-01 6.9911389e-01 -2.8720673e-01
    outer loop
      vertex -3.0405592e-03 -3.0405592e-03 3.0500000e-02
      vertex -2.8284271e-03 -2.8284271e-03 3.1500000e-02
      vertex -2.6373833e-03 -3.0073592e-03 3.1500000e-02
    endloop
  endfacet
  facet normal 6.5479162e-01 6.9911389e-01 -2.8720673e-01
    outer loop
      vertex -3.0405592e-03 -3.0405592e-03 3.0500000e-02
      vertex -2.6373833e-03 -3.0073592e-03 3.1500000e-02
      vertex -2.8351870e-03 -3.2329112e-03 3.0500000e-02
    endloop
  endfacet
  facet normal 6.0766542e-01 7.4044246e-01 -2.8720673e-01
    outer loop
      vertex -2.8351870e-03 -3.2329112e-03 3.0500000e-02
      vertex -2.6373833e-03 -3.0073592e-03 3.1500000e-02
      vertex -2.4350457e-03 -3.1734134e-03 3.1500000e-02
    endloop
  endfacet
  facet normal 6.0766542e-01 7.4044246e-01 -2.8720673e-01
    outer loop
      vertex -2.8351870e-03 -3.2329112e-03 3.0500000e-02
      vertex -2.4350457e-03 -3.1734134e-03 3.1500000e-02
      vertex -2.6176741e-03 -3.4114194e-03 3.0500000e-02
    endloop
  endfacet
  facet normal 5.5793711e-01 7.7860033e-01 -2.8720673e-01
    outer loop
      vertex -2.6176741e-03 -3.4114194e-03 3.0500000e-02
      vertex -2.4350457e-03 -3.1734134e-03 3.1500000e-02
      vertex -2.2222809e-03 -3.3258784e-03 3.1500000e-02
    endloop
  endfacet
  facet normal 5.5793711e-01 7.7860033e-01 -2.8720673e-01
    outer loop
      vertex -2.6176741e-03 -3.4114194e-03 3.0500000e-02
      vertex -2.2222809e-03 -3.3258784e-03 3.1500000e-02
      vertex -2.3889520e-03 -3.5753193e-03 3.0500000e-02
    endloop
  endfacet
  facet normal 5.0581962e-01 8.1342412e-01 -2.8720673e-01
    outer loop
      vertex -2.3889520e-03 -3.5753193e-03 3.0500000e-02
      vertex -2.2222809e-03 -3.3258784e-03 3.1500000e-02
      vertex -2.0000000e-03 -3.4641016e-03 3.1500000e-02
    endloop
  endfacet
  facet normal 5.0581962e-01 8.1342412e-01 -2.8720673e-01
    outer loop
      vertex -2.3889520e-03 -3.5753193e-03 3.0500000e-02
      vertex -2.0000000e-03 -3.4641016e-03 3.1500000e-02
      vertex -2.1500000e-03 -3.7239092e-03 3.0500000e-02
    endloop
  endfacet
  facet normal 4.5153614e-01 8.4476470e-01 -2.8720673e-01
    outer loop
      vertex -2.1500000e-03 -3.7239092e-03 3.0500000e-02
      vertex -2.0000000e-03 -3.4641016e-03 3.1500000e-02
      vertex -1.7691548e-03 -3.5874910e-03 3.1500000e-02
    endloop
  endfacet
  facet normal 4.5153614e-01 8.4476470e-01 -2.8720673e-01
    outer loop
      vertex -2.1500000e-03 -3.7239092e-03 3.0500000e-02
      vertex -1.7691548e-03 -3.5874910e-03 3.1500000e-02
      vertex -1.9018414e-03 -3.8565528e-03 3.0500000e-02
    endloop
  endfacet
  facet normal 3.9531911e-01 8.7248788e-01 -2.8720673e-01
    outer loop
      vertex -1.9018414e-03 -3.8565528e-03 3.0500000e-02
      vertex -1.7691548e-03 -3.5874910e-03 3.1500000e-02
      vertex -1.5307337e-03 -3.6955181e-03 3.1500000e-02
    endloop
  endfacet
  facet normal 3.9531911e-01 8.7248788e-01 -2.8720673e-01
    outer loop
      vertex -1.9018414e-03 -3.8565528e-03 3.0500000e-02
      vertex -1.5307337e-03 -3.6955181e-03 3.1500000e-02
      vertex -1.6455388e-03 -3.9726820e-03 3.0500000e-02
    endloop
  endfacet
  facet normal 3.3740927e-01 8.9647492e-01 -2.8720673e-01
    outer loop
      vertex -1.6455388e-03 -3.9726820e-03 3.0500000e-02
      vertex -1.5307337e-03 -3.6955181e-03 3.1500000e-02
      vertex -1.2857579e-03 -3.7877205e-03 3.1500000e-02
    endloop
  endfacet
  facet normal 3.3740927e-01 8.9647492e-01 -2.8720673e-01
    outer loop
      vertex -1.6455388e-03 -3.9726820e-03 3.0500000e-02
      vertex -1.2857579e-03 -3.7877205e-03 3.1500000e-02
      vertex -1.3821897e-03 -4.0717996e-03 3.0500000e-02
    endloop
  endfacet
  facet normal 2.7805458e-01 9.1662312e-01 -2.8720673e-01
    outer loop
      vertex -1.3821897e-03 -4.0717996e-03 3.0500000e-02
      vertex -1.2857579e-03 -3.7877205e-03 3.1500000e-02
      vertex -1.0352762e-03 -3.8637033e-03 3.1500000e-02
    endloop
  endfacet
  facet normal 2.7805458e-01 9.1662312e-01 -2.8720673e-01
    outer loop
      vertex -1.3821897e-03 -4.0717996e-03 3.0500000e-02
      vertex -1.0352762e-03 -3.8637033e-03 3.1500000e-02
      vertex -1.1129219e-03 -4.1534811e-03 3.0500000e-02
    endloop
  endfacet
  facet normal 2.1750923e-01 9.3284620e-01 -2.8720673e-01
    outer loop
      vertex -1.1129219e-03 -4.1534811e-03 3.0500000e-02
      vertex -1.0352762e-03 -3.8637033e-03 3.1500000e-02
      vertex -7.8036129e-04 -3.9231411e-03 3.1500000e-02
    endloop
  endfacet
  facet normal 2.1750923e-01 9.3284620e-01 -2.8720673e-01
    outer loop
      vertex -1.1129219e-03 -4.1534811e-03 3.0500000e-02
      vertex -7.8036129e-04 -3.9231411e-03 3.1500000e-02
      vertex -8.3888838e-04 -4.2173767e-03 3.0500000e-02
    endloop
  endfacet
  facet normal 1.5603246e-01 9.4507469e-01 -2.8720673e-01
    outer loop
      vertex -8.3888838e-04 -4.2173767e-03 3.0500000e-02
      vertex -7.8036129e-04 -3.9231411e-03 3.1500000e-02
      vertex -5.2210477e-04 -3.9657794e-03 3.1500000e-02
    endloop
  endfacet
  facet normal 1.5603246e-01 9.4507469e-01 -2.8720673e-01
    outer loop
      vertex -8.3888838e-04 -4.2173767e-03 3.0500000e-02
      vertex -5.2210477e-04 -3.9657794e-03 3.1500000e-02
      vertex -5.6126263e-04 -4.2632129e-03 3.0500000e-02
    endloop
  endfacet
  facet normal 9.3887543e-02 9.5325622e-01 -2.8720673e-01
    outer loop
      vertex -5.6126263e-04 -4.2632129e-03 3.0500000e-02
      vertex -5.2210477e-04 -3.9657794e-03 3.1500000e-02
      vertex -2.6161252e-04 -3.9914357e-03 3.1500000e-02
    endloop
  endfacet
  facet normal 9.3887543e-02 9.5325622e-01 -2.8720673e-01
    outer loop
      vertex -5.6126263e-04 -4.2632129e-03 3.0500000e-02
      vertex -2.6161252e-04 -3.9914357e-03 3.1500000e-02
      vertex -2.8123346e-04 -4.2907934e-03 3.0500000e-02
    endloop
  endfacet
  facet normal 3.1340583e-02 9.5735577e-01 -2.8720673e-01
    outer loop
      vertex -2.8123346e-04 -4.2907934e-03 3.0500000e-02
      vertex -2.6161252e-04 -3.9914357e-03 3.1500000e-02
      vertex -7.3478808e-19 -4.0000000e-03 3.1500000e-02
    endloop
  endfacet
  facet normal 3.1340583e-02 9.5735577e-01 -2.8720673e-01
    outer loop
      vertex -2.8123346e-04 -4.2907934e-03 3.0500000e-02
      vertex -7.3478808e-19 -4.0000000e-03 3.1500000e-02
      vertex -7.8989719e-19 -4.3000000e-03 3.0500000e-02
    endloop
  endfacet
  facet normal -3.1340583e-02 9.5735577e-01 -2.8720673e-01
    outer loop
      vertex -7.8989719e-19 -4.3000000e-03 3.0500000e-02
      vertex -7.3478808e-19 -4.0000000e-03 3.1500000e-02
      vertex 2.6161252e-04 -3.9914357e-03 3.1500000e-02
    endloop
  endfacet
  facet normal -3.1340583e-02 9.5735577e-01 -2.8720673e-01
    outer loop
      vertex -7.8989719e-19 -4.3000000e-03 3.0500000e-02
      vertex 2.6161252e-04 -3.9914357e-03 3.1500000e-02
      vertex 2.8123346e-04 -4.2907934e-03 3.0500000e-02
    endloop
  endfacet
  facet normal -9.3887543e-02 9.5325622e-01 -2.8720673e-01
    outer loop
      vertex 2.8123346e-04 -4.2907934e-03 3.0500000e-02
      vertex 2.6161252e-04 -3.9914357e-03 3.1500000e-02
      vertex 5.2210477e-04 -3.9657794e-03 3.1500000e-02
    endloop
  endfacet
  facet normal -9.3887543e-02 9.5325622e-01 -2.8720673e-01
    outer loop
      vertex 2.8123346e-04 -4.2907934e-03 3.0500000e-02
      vertex 5.2210477e-04 -3.9657794e-03 3.1500000e-02
      vertex 5.6126263e-04 -4.2632129e-03 3.0500000e-02
    endloop
  endfacet
  facet normal -1.5603246e-01 9.4507469e-01 -2.8720673e-01
    outer loop
      vertex 5.6126263e-04 -4.2632129e-03 3.0500000e-02
      vertex 5.2210477e-04 -3.9657794e-03 3.1500000e-02
      vertex 7.8036129e-04 -3.9231411e-03 3.1500000e-02
    endloop
  endfacet
  facet normal -1.5603246e-01 9.4507469e-01 -2.8720673e-01
    outer loop
      vertex 5.6126263e-04 -4.2632129e-03 3.0500000e-02
      vertex 7.8036129e-04 -3.9231411e-03 3.1500000e-02
      vertex 8.3888838e-04 -4.2173767e-03 3.0500000e-02
    endloop
  endfacet
  facet normal -2.1750923e-01 9.3284620e-01 -2.8720673e-01
    outer loop
      vertex 8.3888838e-04 -4.2173767e-03 3.0500000e-02
      vertex 7.8036129e-04 -3.9231411e-03 3.1500000e-02
      vertex 1.0352762e-03 -3.8637033e-03 3.1500000e-02
    endloop
  endfacet
  facet normal -2.1750923e-01 9.3284620e-01 -2.8720673e-01
    outer loop
      vertex 8.3888838e-04 -4.2173767e-03 3.0500000e-02
      vertex 1.0352762e-03 -3.8637033e-03 3.1500000e-02
      vertex 1.1129219e-03 -4.1534811e-03 3.0500000e-02
    endloop
  endfacet
  facet normal -2.7805458e-01 9.1662312e-01 -2.8720673e-01
    outer loop
      vertex 1.1129219e-03 -4.1534811e-03 3.0500000e-02
      vertex 1.0352762e-03 -3.8637033e-03 3.1500000e-02
      vertex 1.2857579e-03 -3.7877205e-03 3.1500000e-02
    endloop
  endfacet
  facet normal -2.7805458e-01 9.1662312e-01 -2.8720673e-01
    outer loop
      vertex 1.1129219e-03 -4.1534811e-03 3.0500000e-02
      vertex 1.2857579e-03 -3.7877205e-03 3.1500000e-02
      vertex 1.3821897e-03 -4.0717996e-03 3.0500000e-02
    endloop
  endfacet
  facet normal -3.3740927e-01 8.9647492e-01 -2.8720673e-01
    outer loop
      vertex 1.3821897e-03 -4.0717996e-03 3.0500000e-02
      vertex 1.2857579e-03 -3.7877205e-03 3.1500000e-02
      vertex 1.5307337e-03 -3.6955181e-03 3.1500000e-02
    endloop
  endfacet
  facet normal -3.3740927e-01 8.9647492e-01 -2.8720673e-01
    outer loop
      vertex 1.3821897e-03 -4.0717996e-03 3.0500000e-02
      vertex 1.5307337e-03 -3.6955181e-03 3.1500000e-02
      vertex 1.6455388e-03 -3.9726820e-03 3.0500000e-02
    endloop
  endfacet
  facet normal -3.9531911e-01 8.7248788e-01 -2.8720673e-01
    outer loop
      vertex 1.6455388e-03 -3.9726820e-03 3.0500000e-02
      vertex 1.5307337e-03 -3.6955181e-03 3.1500000e-02
      vertex 1.7691548e-03 -3.5874910e-03 3.1500000e-02
    endloop
  endfacet
  facet normal -3.9531911e-01 8.7248788e-01 -2.8720673e-01
    outer loop
      vertex 1.6455388e-03 -3.9726820e-03 3.0500000e-02
      vertex 1.7691548e-03 -3.5874910e-03 3.1500000e-02
      vertex 1.9018414e-03 -3.8565528e-03 3.0500000e-02
    endloop
  endfacet
  facet normal -4.5153614e-01 8.4476470e-01 -2.8720673e-01
    outer loop
      vertex 1.9018414e-03 -3.8565528e-03 3.0500000e-02
      vertex 1.7691548e-03 -3.5874910e-03 3.1500000e-02
      vertex 2.0000000e-03 -3.4641016e-03 3.1500000e-02
    endloop
  endfacet
  facet normal -4.5153614e-01 8.4476470e-01 -2.8720673e-01
    outer loop
      vertex 1.9018414e-03 -3.8565528e-03 3.0500000e-02
      vertex 2.0000000e-03 -3.4641016e-03 3.1500000e-02
      vertex 2.1500000e-03 -3.7239092e-03 3.0500000e-02
    endloop
  endfacet
  facet normal -5.0581962e-01 8.1342412e-01 -2.8720673e-01
    outer loop
      vertex 2.1500000e-03 -3.7239092e-03 3.0500000e-02
      vertex 2.0000000e-03 -3.4641016e-03 3.1500000e-02
      vertex 2.2222809e-03 -3.3258784e-03 3.1500000e-02
    endloop
  endfacet
  facet normal -5.0581962e-01 8.1342412e-01 -2.8720673e-01
    outer loop
      vertex 2.1500000e-03 -3.7239092e-03 3.0500000e-02
      vertex 2.2222809e-03 -3.3258784e-03 3.1500000e-02
      vertex 2.3889520e-03 -3.5753193e-03 3.0500000e-02
    endloop
  endfacet
  facet normal -5.5793711e-01 7.7860033e-01 -2.8720673e-01
    outer loop
      vertex 2.3889520e-03 -3.5753193e-03 3.0500000e-02
      vertex 2.2222809e-03 -3.3258784e-03 3.1500000e-02
      vertex 2.4350457e-03 -3.1734134e-03 3.1500000e-02
    endloop
  endfacet
  facet normal -5.5793711e-01 7.7860033e-01 -2.8720673e-01
    outer loop
      vertex 2.3889520e-03 -3.5753193e-03 3.0500000e-02
      vertex 2.4350457e-03 -3.1734134e-03 3.1500000e-02
      vertex 2.6176741e-03 -3.4114194e-03 3.0500000e-02
    endloop
  endfacet
  facet normal -6.0766542e-01 7.4044246e-01 -2.8720673e-01
    outer loop
      vertex 2.6176741e-03 -3.4114194e-03 3.0500000e-02
      vertex 2.4350457e-03 -3.1734134e-03 3.1500000e-02
      vertex 2.6373833e-03 -3.0073592e-03 3.1500000e-02
    endloop
  endfacet
  facet normal -6.0766542e-01 7.4044246e-01 -2.8720673e-01
    outer loop
      vertex 2.6176741e-03 -3.4114194e-03 3.0500000e-02
      vertex 2.6373833e-03 -3.0073592e-03 3.1500000e-02
      vertex 2.8351870e-03 -3.2329112e-03 3.0500000e-02
    endloop
  endfacet
  facet normal -6.5479162e-01 6.9911389e-01 -2.8720673e-01
    outer loop
      vertex 2.8351870e-03 -3.2329112e-03 3.0500000e-02
      vertex 2.6373833e-03 -3.0073592e-03 3.1500000e-02
      vertex 2.8284271e-03 -2.8284271e-03 3.1500000e-02
    endloop
  endfacet
  facet normal -6.5479162e-01 6.9911389e-01 -2.8720673e-01
    outer loop
      vertex 2.8351870e-03 -3.2329112e-03 3.0500000e-02
      vertex 2.8284271e-03 -2.8284271e-03 3.1500000e-02
      vertex 3.0405592e-03 -3.0405592e-03 3.0500000e-02
    endloop
  endfacet
  facet normal -6.9911389e-01 6.5479162e-01 -2.8720673e-01
    outer loop
      vertex 3.0405592e-03 -3.0405592e-03 3.0500000e-02
      vertex 2.8284271e-03 -2.8284271e-03 3.1500000e-02
      vertex 3.0073592e-03 -2.6373833e-03 3.1500000e-02
    endloop
  endfacet
  facet normal -6.9911389e-01 6.5479162e-01 -2.8720673e-01
    outer loop
      vertex 3.0405592e-03 -3.0405592e-03 3.0500000e-02
      vertex 3.0073592e-03 -2.6373833e-03 3.1500000e-02
      vertex 3.2329112e-03 -2.8351870e-03 3.0500000e-02
    endloop
  endfacet
  facet normal -7.4044246e-01 6.0766542e-01 -2.8720673e-01
    outer loop
      vertex 3.2329112e-03 -2.8351870e-03 3.0500000e-02
      vertex 3.0073592e-03 -2.6373833e-03 3.1500000e-02
      vertex 3.1734134e-03 -2.4350457e-03 3.1500000e-02
    endloop
  endfacet
  facet normal -7.4044246e-01 6.0766542e-01 -2.8720673e-01
    outer loop
      vertex 3.2329112e-03 -2.8351870e-03 3.0500000e-02
      vertex 3.1734134e-03 -2.4350457e-03 3.1500000e-02
      vertex 3.4114194e-03 -2.6176741e-03 3.0500000e-02
    endloop
  endfacet
  facet normal -7.7860033e-01 5.5793711e-01 -2.8720673e-01
    outer loop
      vertex 3.4114194e-03 -2.6176741e-03 3.0500000e-02
      vertex 3.1734134e-03 -2.4350457e-03 3.1500000e-02
      vertex 3.3258784e-03 -2.2222809e-03 3.1500000e-02
    endloop
  endfacet
  facet normal -7.7860033e-01 5.5793711e-01 -2.8720673e-01
    outer loop
      vertex 3.4114194e-03 -2.6176741e-03 3.0500000e-02
      vertex 3.3258784e-03 -2.2222809e-03 3.1500000e-02
      vertex 3.5753193e-03 -2.3889520e-03 3.0500000e-02
    endloop
  endfacet
  facet normal -8.1342412e-01 5.0581962e-01 -2.8720673e-01
    outer loop
      vertex 3.5753193e-03 -2.3889520e-03 3.0500000e-02
      vertex 3.3258784e-03 -2.2222809e-03 3.1500000e-02
      vertex 3.4641016e-03 -2.0000000e-03 3.1500000e-02
    endloop
  endfacet
  facet normal -8.1342412e-01 5.0581962e-01 -2.8720673e-01
    outer loop
      vertex 3.5753193e-03 -2.3889520e-03 3.0500000e-02
      vertex 3.4641016e-03 -2.0000000e-03 3.1500000e-02
      vertex 3.7239092e-03 -2.1500000e-03 3.0500000e-02
    endloop
  endfacet
  facet normal -8.4476470e-01 4.5153614e-01 -2.8720673e-01
    outer loop
      vertex 3.7239092e-03 -2.1500000e-03 3.0500000e-02
      vertex 3.4641016e-03 -2.0000000e-03 3.1500000e-02
      vertex 3.5874910e-03 -1.7691548e-03 3.1500000e-02
    endloop
  endfacet
  facet normal -8.4476470e-01 4.5153614e-01 -2.8720673e-01
    outer loop
      vertex 3.7239092e-03 -2.1500000e-03 3.0500000e-02
      vertex 3.5874910e-03 -1.7691548e-03 3.1500000e-02
      vertex 3.8565528e-03 -1.9018414e-03 3.0500000e-02
    endloop
  endfacet
  facet normal -8.7248788e-01 3.9531911e-01 -2.8720673e-01
    outer loop
      vertex 3.8565528e-03 -1.9018414e-03 3.0500000e-02
      vertex 3.5874910e-03 -1.7691548e-03 3.1500000e-02
      vertex 3.6955181e-03 -1.5307337e-03 3.1500000e-02
    endloop
  endfacet
  facet normal -8.7248788e-01 3.9531911e-01 -2.8720673e-01
    outer loop
      vertex 3.8565528e-03 -1.9018414e-03 3.0500000e-02
      vertex 3.6955181e-03 -1.5307337e-03 3.1500000e-02
      vertex 3.9726820e-03 -1.6455388e-03 3.0500000e-02
    endloop
  endfacet
  facet normal -8.9647492e-01 3.3740927e-01 -2.8720673e-01
    outer loop
      vertex 3.9726820e-03 -1.6455388e-03 3.0500000e-02
      vertex 3.6955181e-03 -1.5307337e-03 3.1500000e-02
      vertex 3.7877205e-03 -1.2857579e-03 3.1500000e-02
    endloop
  endfacet
  facet normal -8.9647492e-01 3.3740927e-01 -2.8720673e-01
    outer loop
      vertex 3.9726820e-03 -1.6455388e-03 3.0500000e-02
      vertex 3.7877205e-03 -1.2857579e-03 3.1500000e-02
      vertex 4.0717996e-03 -1.3821897e-03 3.0500000e-02
    endloop
  endfacet
  facet normal -9.1662312e-01 2.7805458e-01 -2.8720673e-01
    outer loop
      vertex 4.0717996e-03 -1.3821897e-03 3.0500000e-02
      vertex 3.7877205e-03 -1.2857579e-03 3.1500000e-02
      vertex 3.8637033e-03 -1.0352762e-03 3.1500000e-02
    endloop
  endfacet
  facet normal -9.1662312e-01 2.7805458e-01 -2.8720673e-01
    outer loop
      vertex 4.0717996e-03 -1.3821897e-03 3.0500000e-02
      vertex 3.8637033e-03 -1.0352762e-03 3.1500000e-02
      vertex 4.1534811e-03 -1.1129219e-03 3.0500000e-02
    endloop
  endfacet
  facet normal -9.3284620e-01 2.1750923e-01 -2.8720673e-01
    outer loop
      vertex 4.1534811e-03 -1.1129219e-03 3.0500000e-02
      vertex 3.8637033e-03 -1.0352762e-03 3.1500000e-02
      vertex 3.9231411e-03 -7.8036129e-04 3.1500000e-02
    endloop
  endfacet
  facet normal -9.3284620e-01 2.1750923e-01 -2.8720673e-01
    outer loop
      vertex 4.1534811e-03 -1.1129219e-03 3.0500000e-02
      vertex 3.9231411e-03 -7.8036129e-04 3.1500000e-02
      vertex 4.2173767e-03 -8.3888838e-04 3.0500000e-02
    endloop
  endfacet
  facet normal -9.4507469e-01 1.5603246e-01 -2.8720673e-01
    outer loop
      vertex 4.2173767e-03 -8.3888838e-04 3.0500000e-02
      vertex 3.9231411e-03 -7.8036129e-04 3.1500000e-02
      vertex 3.9657794e-03 -5.2210477e-04 3.1500000e-02
    endloop
  endfacet
  facet normal -9.4507469e-01 1.5603246e-01 -2.8720673e-01
    outer loop
      vertex 4.2173767e-03 -8.3888838e-04 3.0500000e-02
      vertex 3.9657794e-03 -5.2210477e-04 3.1500000e-02
      vertex 4.2632129e-03 -5.6126263e-04 3.0500000e-02
    endloop
  endfacet
  facet normal -9.5325622e-01 9.3887543e-02 -2.8720673e-01
    outer loop
      vertex 4.2632129e-03 -5.6126263e-04 3.0500000e-02
      vertex 3.9657794e-03 -5.2210477e-04 3.1500000e-02
      vertex 3.9914357e-03 -2.6161252e-04 3.1500000e-02
    endloop
  endfacet
  facet normal -9.5325622e-01 9.3887543e-02 -2.8720673e-01
    outer loop
      vertex 4.2632129e-03 -5.6126263e-04 3.0500000e-02
      vertex 3.9914357e-03 -2.6161252e-04 3.1500000e-02
      vertex 4.2907934e-03 -2.8123346e-04 3.0500000e-02
    endloop
  endfacet
  facet normal -9.5735577e-01 3.1340583e-02 -2.8720673e-01
    outer loop
      vertex 4.2907934e-03 -2.8123346e-04 3.0500000e-02
      vertex 3.9914357e-03 -2.6161252e-04 3.1500000e-02
      vertex 4.0000000e-03 -9.7971744e-19 3.1500000e-02
    endloop
  endfacet
  facet normal -9.5735577e-01 3.1340583e-02 -2.8720673e-01
    outer loop
      vertex 4.2907934e-03 -2.8123346e-04 3.0500000e-02
      vertex 4.0000000e-03 -9.7971744e-19 3.1500000e-02
      vertex 4.3000000e-03 -1.0531962e-18 3.0500000e-02
    endloop
  endfacet
  facet normal -9.9946459e-01 -3.2719083e-02 0.0000000e+00
    outer loop
      vertex 4.0000000e-03 0.0000000e+00 3.1500000e-02
      vertex 4.0000000e-03 0.0000000e+00 3.2500000e-02
      vertex 3.9914357e-03 2.6161252e-04 3.2500000e-02
    endloop
  endfacet
  facet normal -9.9946459e-01 -3.2719083e-02 0.0000000e+00
    outer loop
      vertex 4.0000000e-03 0.0000000e+00 3.1500000e-02
      vertex 3.9914357e-03 2.6161252e-04 3.2500000e-02
      vertex 3.9914357e-03 2.6161252e-04 3.1500000e-02
    endloop
  endfacet
  facet normal -9.9518473e-01 -9.8017140e-02 0.0000000e+00
    outer loop
      vertex 3.9914357e-03 2.6161252e-04 3.1500000e-02
      vertex 3.9914357e-03 2.6161252e-04 3.2500000e-02
      vertex 3.9657794e-03 5.2210477e-04 3.2500000e-02
    endloop
  endfacet
  facet normal -9.9518473e-01 -9.8017140e-02 0.0000000e+00
    outer loop
      vertex 3.9914357e-03 2.6161252e-04 3.1500000e-02
      vertex 3.9657794e-03 5.2210477e-04 3.2500000e-02
      vertex 3.9657794e-03 5.2210477e-04 3.1500000e-02
    endloop
  endfacet
  facet normal -9.8664333e-01 -1.6289547e-01 0.0000000e+00
    outer loop
      vertex 3.9657794e-03 5.2210477e-04 3.1500000e-02
      vertex 3.9657794e-03 5.2210477e-04 3.2500000e-02
      vertex 3.9231411e-03 7.8036129e-04 3.2500000e-02
    endloop
  endfacet
  facet normal -9.8664333e-01 -1.6289547e-01 0.0000000e+00
    outer loop
      vertex 3.9657794e-03 5.2210477e-04 3.1500000e-02
      vertex 3.9231411e-03 7.8036129e-04 3.2500000e-02
      vertex 3.9231411e-03 7.8036129e-04 3.1500000e-02
    endloop
  endfacet
  facet normal -9.7387698e-01 -2.2707626e-01 0.0000000e+00
    outer loop
      vertex 3.9231411e-03 7.8036129e-04 3.1500000e-02
      vertex 3.9231411e-03 7.8036129e-04 3.2500000e-02
      vertex 3.8637033e-03 1.0352762e-03 3.2500000e-02
    endloop
  endfacet
  facet normal -9.7387698e-01 -2.2707626e-01 0.0000000e+00
    outer loop
      vertex 3.9231411e-03 7.8036129e-04 3.1500000e-02
      vertex 3.8637033e-03 1.0352762e-03 3.2500000e-02
      vertex 3.8637033e-03 1.0352762e-03 3.1500000e-02
    endloop
  endfacet
  facet normal -9.5694034e-01 -2.9028468e-01 0.0000000e+00
    outer loop
      vertex 3.8637033e-03 1.0352762e-03 3.1500000e-02
      vertex 3.8637033e-03 1.0352762e-03 3.2500000e-02
      vertex 3.7877205e-03 1.2857579e-03 3.2500000e-02
    endloop
  endfacet
  facet normal -9.5694034e-01 -2.9028468e-01 0.0000000e+00
    outer loop
      vertex 3.8637033e-03 1.0352762e-03 3.1500000e-02
      vertex 3.7877205e-03 1.2857579e-03 3.2500000e-02
      vertex 3.7877205e-03 1.2857579e-03 3.1500000e-02
    endloop
  endfacet
  facet normal -9.3590593e-01 -3.5225005e-01 0.0000000e+00
    outer loop
      vertex 3.7877205e-03 1.2857579e-03 3.1500000e-02
      vertex 3.7877205e-03 1.2857579e-03 3.2500000e-02
      vertex 3.6955181e-03 1.5307337e-03 3.2500000e-02
    endloop
  endfacet
  facet normal -9.3590593e-01 -3.5225005e-01 0.0000000e+00
    outer loop
      vertex 3.7877205e-03 1.2857579e-03 3.1500000e-02
      vertex 3.6955181e-03 1.5307337e-03 3.2500000e-02
      vertex 3.6955181e-03 1.5307337e-03 3.1500000e-02
    endloop
  endfacet
  facet normal -9.1086382e-01 -4.1270703e-01 0.0000000e+00
    outer loop
      vertex 3.6955181e-03 1.5307337e-03 3.1500000e-02
      vertex 3.6955181e-03 1.5307337e-03 3.2500000e-02
      vertex 3.5874910e-03 1.7691548e-03 3.2500000e-02
    endloop
  endfacet
  facet normal -9.1086382e-01 -4.1270703e-01 0.0000000e+00
    outer loop
      vertex 3.6955181e-03 1.5307337e-03 3.1500000e-02
      vertex 3.5874910e-03 1.7691548e-03 3.2500000e-02
      vertex 3.5874910e-03 1.7691548e-03 3.1500000e-02
    endloop
  endfacet
  facet normal -8.8192126e-01 -4.7139674e-01 0.0000000e+00
    outer loop
      vertex 3.5874910e-03 1.7691548e-03 3.1500000e-02
      vertex 3.5874910e-03 1.7691548e-03 3.2500000e-02
      vertex 3.4641016e-03 2.0000000e-03 3.2500000e-02
    endloop
  endfacet
  facet normal -8.8192126e-01 -4.7139674e-01 0.0000000e+00
    outer loop
      vertex 3.5874910e-03 1.7691548e-03 3.1500000e-02
      vertex 3.4641016e-03 2.0000000e-03 3.2500000e-02
      vertex 3.4641016e-03 2.0000000e-03 3.1500000e-02
    endloop
  endfacet
  facet normal -8.4920218e-01 -5.2806785e-01 0.0000000e+00
    outer loop
      vertex 3.4641016e-03 2.0000000e-03 3.1500000e-02
      vertex 3.4641016e-03 2.0000000e-03 3.2500000e-02
      vertex 3.3258784e-03 2.2222809e-03 3.2500000e-02
    endloop
  endfacet
  facet normal -8.4920218e-01 -5.2806785e-01 0.0000000e+00
    outer loop
      vertex 3.4641016e-03 2.0000000e-03 3.1500000e-02
      vertex 3.3258784e-03 2.2222809e-03 3.2500000e-02
      vertex 3.3258784e-03 2.2222809e-03 3.1500000e-02
    endloop
  endfacet
  facet normal -8.1284668e-01 -5.8247770e-01 0.0000000e+00
    outer loop
      vertex 3.3258784e-03 2.2222809e-03 3.1500000e-02
      vertex 3.3258784e-03 2.2222809e-03 3.2500000e-02
      vertex 3.1734134e-03 2.4350457e-03 3.2500000e-02
    endloop
  endfacet
  facet normal -8.1284668e-01 -5.8247770e-01 0.0000000e+00
    outer loop
      vertex 3.3258784e-03 2.2222809e-03 3.1500000e-02
      vertex 3.1734134e-03 2.4350457e-03 3.2500000e-02
      vertex 3.1734134e-03 2.4350457e-03 3.1500000e-02
    endloop
  endfacet
  facet normal -7.7301045e-01 -6.3439328e-01 0.0000000e+00
    outer loop
      vertex 3.1734134e-03 2.4350457e-03 3.1500000e-02
      vertex 3.1734134e-03 2.4350457e-03 3.2500000e-02
      vertex 3.0073592e-03 2.6373833e-03 3.2500000e-02
    endloop
  endfacet
  facet normal -7.7301045e-01 -6.3439328e-01 0.0000000e+00
    outer loop
      vertex 3.1734134e-03 2.4350457e-03 3.1500000e-02
      vertex 3.0073592e-03 2.6373833e-03 3.2500000e-02
      vertex 3.0073592e-03 2.6373833e-03 3.1500000e-02
    endloop
  endfacet
  facet normal -7.2986407e-01 -6.8359230e-01 0.0000000e+00
    outer loop
      vertex 3.0073592e-03 2.6373833e-03 3.1500000e-02
      vertex 3.0073592e-03 2.6373833e-03 3.2500000e-02
      vertex 2.8284271e-03 2.8284271e-03 3.2500000e-02
    endloop
  endfacet
  facet normal -7.2986407e-01 -6.8359230e-01 0.0000000e+00
    outer loop
      vertex 3.0073592e-03 2.6373833e-03 3.1500000e-02
      vertex 2.8284271e-03 2.8284271e-03 3.2500000e-02
      vertex 2.8284271e-03 2.8284271e-03 3.1500000e-02
    endloop
  endfacet
  facet normal -6.8359230e-01 -7.2986407e-01 0.0000000e+00
    outer loop
      vertex 2.8284271e-03 2.8284271e-03 3.1500000e-02
      vertex 2.8284271e-03 2.8284271e-03 3.2500000e-02
      vertex 2.6373833e-03 3.0073592e-03 3.2500000e-02
    endloop
  endfacet
  facet normal -6.8359230e-01 -7.2986407e-01 0.0000000e+00
    outer loop
      vertex 2.8284271e-03 2.8284271e-03 3.1500000e-02
      vertex 2.6373833e-03 3.0073592e-03 3.2500000e-02
      vertex 2.6373833e-03 3.0073592e-03 3.1500000e-02
    endloop
  endfacet
  facet normal -6.3439328e-01 -7.7301045e-01 0.0000000e+00
    outer loop
      vertex 2.6373833e-03 3.0073592e-03 3.1500000e-02
      vertex 2.6373833e-03 3.0073592e-03 3.2500000e-02
      vertex 2.4350457e-03 3.1734134e-03 3.2500000e-02
    endloop
  endfacet
  facet normal -6.3439328e-01 -7.7301045e-01 0.0000000e+00
    outer loop
      vertex 2.6373833e-03 3.0073592e-03 3.1500000e-02
      vertex 2.4350457e-03 3.1734134e-03 3.2500000e-02
      vertex 2.4350457e-03 3.1734134e-03 3.1500000e-02
    endloop
  endfacet
  facet normal -5.8247770e-01 -8.1284668e-01 0.0000000e+00
    outer loop
      vertex 2.4350457e-03 3.1734134e-03 3.1500000e-02
      vertex 2.4350457e-03 3.1734134e-03 3.2500000e-02
      vertex 2.2222809e-03 3.3258784e-03 3.2500000e-02
    endloop
  endfacet
  facet normal -5.8247770e-01 -8.1284668e-01 0.0000000e+00
    outer loop
      vertex 2.4350457e-03 3.1734134e-03 3.1500000e-02
      vertex 2.2222809e-03 3.3258784e-03 3.2500000e-02
      vertex 2.2222809e-03 3.3258784e-03 3.1500000e-02
    endloop
  endfacet
  facet normal -5.2806785e-01 -8.4920218e-01 0.0000000e+00
    outer loop
      vertex 2.2222809e-03 3.3258784e-03 3.1500000e-02
      vertex 2.2222809e-03 3.3258784e-03 3.2500000e-02
      vertex 2.0000000e-03 3.4641016e-03 3.2500000e-02
    endloop
  endfacet
  facet normal -5.2806785e-01 -8.4920218e-01 0.0000000e+00
    outer loop
      vertex 2.2222809e-03 3.3258784e-03 3.1500000e-02
      vertex 2.0000000e-03 3.4641016e-03 3.2500000e-02
      vertex 2.0000000e-03 3.4641016e-03 3.1500000e-02
    endloop
  endfacet
  facet normal -4.7139674e-01 -8.8192126e-01 0.0000000e+00
    outer loop
      vertex 2.0000000e-03 3.4641016e-03 3.1500000e-02
      vertex 2.0000000e-03 3.4641016e-03 3.2500000e-02
      vertex 1.7691548e-03 3.5874910e-03 3.2500000e-02
    endloop
  endfacet
  facet normal -4.7139674e-01 -8.8192126e-01 0.0000000e+00
    outer loop
      vertex 2.0000000e-03 3.4641016e-03 3.1500000e-02
      vertex 1.7691548e-03 3.5874910e-03 3.2500000e-02
      vertex 1.7691548e-03 3.5874910e-03 3.1500000e-02
    endloop
  endfacet
  facet normal -4.1270703e-01 -9.1086382e-01 0.0000000e+00
    outer loop
      vertex 1.7691548e-03 3.5874910e-03 3.1500000e-02
      vertex 1.7691548e-03 3.5874910e-03 3.2500000e-02
      vertex 1.5307337e-03 3.6955181e-03 3.2500000e-02
    endloop
  endfacet
  facet normal -4.1270703e-01 -9.1086382e-01 0.0000000e+00
    outer loop
      vertex 1.7691548e-03 3.5874910e-03 3.1500000e-02
      vertex 1.5307337e-03 3.6955181e-03 3.2500000e-02
      vertex 1.5307337e-03 3.6955181e-03 3.1500000e-02
    endloop
  endfacet
  facet normal -3.5225005e-01 -9.3590593e-01 0.0000000e+00
    outer loop
      vertex 1.5307337e-03 3.6955181e-03 3.1500000e-02
      vertex 1.5307337e-03 3.6955181e-03 3.2500000e-02
      vertex 1.2857579e-03 3.7877205e-03 3.2500000e-02
    endloop
  endfacet
  facet normal -3.5225005e-01 -9.3590593e-01 0.0000000e+00
    outer loop
      vertex 1.5307337e-03 3.6955181e-03 3.1500000e-02
      vertex 1.2857579e-03 3.7877205e-03 3.2500000e-02
      vertex 1.2857579e-03 3.7877205e-03 3.1500000e-02
    endloop
  endfacet
  facet normal -2.9028468e-01 -9.5694034e-01 0.0000000e+00
    outer loop
      vertex 1.2857579e-03 3.7877205e-03 3.1500000e-02
      vertex 1.2857579e-03 3.7877205e-03 3.2500000e-02
      vertex 1.0352762e-03 3.8637033e-03 3.2500000e-02
    endloop
  endfacet
  facet normal -2.9028468e-01 -9.5694034e-01 0.0000000e+00
    outer loop
      vertex 1.2857579e-03 3.7877205e-03 3.1500000e-02
      vertex 1.0352762e-03 3.8637033e-03 3.2500000e-02
      vertex 1.0352762e-03 3.8637033e-03 3.1500000e-02
    endloop
  endfacet
  facet normal -2.2707626e-01 -9.7387698e-01 0.0000000e+00
    outer loop
      vertex 1.0352762e-03 3.8637033e-03 3.1500000e-02
      vertex 1.0352762e-03 3.8637033e-03 3.2500000e-02
      vertex 7.8036129e-04 3.9231411e-03 3.2500000e-02
    endloop
  endfacet
  facet normal -2.2707626e-01 -9.7387698e-01 0.0000000e+00
    outer loop
      vertex 1.0352762e-03 3.8637033e-03 3.1500000e-02
      vertex 7.8036129e-04 3.9231411e-03 3.2500000e-02
      vertex 7.8036129e-04 3.9231411e-03 3.1500000e-02
    endloop
  endfacet
  facet normal -1.6289547e-01 -9.8664333e-01 0.0000000e+00
    outer loop
      vertex 7.8036129e-04 3.9231411e-03 3.1500000e-02
      vertex 7.8036129e-04 3.9231411e-03 3.2500000e-02
      vertex 5.2210477e-04 3.9657794e-03 3.2500000e-02
    endloop
  endfacet
  facet normal -1.6289547e-01 -9.8664333e-01 0.0000000e+00
    outer loop
      vertex 7.8036129e-04 3.9231411e-03 3.1500000e-02
      vertex 5.2210477e-04 3.9657794e-03 3.2500000e-02
      vertex 5.2210477e-04 3.9657794e-03 3.1500000e-02
    endloop
  endfacet
  facet normal -9.8017140e-02 -9.9518473e-01 0.0000000e+00
    outer loop
      vertex 5.2210477e-04 3.9657794e-03 3.1500000e-02
      vertex 5.2210477e-04 3.9657794e-03 3.2500000e-02
      vertex 2.6161252e-04 3.9914357e-03 3.2500000e-02
    endloop
  endfacet
  facet normal -9.8017140e-02 -9.9518473e-01 0.0000000e+00
    outer loop
      vertex 5.2210477e-04 3.9657794e-03 3.1500000e-02
      vertex 2.6161252e-04 3.9914357e-03 3.2500000e-02
      vertex 2.6161252e-04 3.9914357e-03 3.1500000e-02
    endloop
  endfacet
  facet normal -3.2719083e-02 -9.9946459e-01 0.0000000e+00
    outer loop
      vertex 2.6161252e-04 3.9914357e-03 3.1500000e-02
      vertex 2.6161252e-04 3.9914357e-03 3.2500000e-02
      vertex 2.4492936e-19 4.0000000e-03 3.2500000e-02
    endloop
  endfacet
  facet normal -3.2719083e-02 -9.9946459e-01 0.0000000e+00
    outer loop
      vertex 2.6161252e-04 3.9914357e-03 3.1500000e-02
      vertex 2.4492936e-19 4.0000000e-03 3.2500000e-02
      vertex 2.4492936e-19 4.0000000e-03 3.1500000e-02
    endloop
  endfacet
  facet normal 3.2719083e-02 -9.9946459e-01 0.0000000e+00
    outer loop
      vertex 2.4492936e-19 4.0000000e-03 3.1500000e-02
      vertex 2.4492936e-19 4.0000000e-03 3.2500000e-02
      vertex -2.6161252e-04 3.9914357e-03 3.2500000e-02
    endloop
  endfacet
  facet normal 3.2719083e-02 -9.9946459e-01 0.0000000e+00
    outer loop
      vertex 2.4492936e-19 4.0000000e-03 3.1500000e-02
      vertex -2.6161252e-04 3.9914357e-03 3.2500000e-02
      vertex -2.6161252e-04 3.9914357e-03 3.1500000e-02
    endloop
  endfacet
  facet normal 9.8017140e-02 -9.9518473e-01 0.0000000e+00
    outer loop
      vertex -2.6161252e-04 3.9914357e-03 3.1500000e-02
      vertex -2.6161252e-04 3.9914357e-03 3.2500000e-02
      vertex -5.2210477e-04 3.9657794e-03 3.2500000e-02
    endloop
  endfacet
  facet normal 9.8017140e-02 -9.9518473e-01 0.0000000e+00
    outer loop
      vertex -2.6161252e-04 3.9914357e-03 3.1500000e-02
      vertex -5.2210477e-04 3.9657794e-03 3.2500000e-02
      vertex -5.2210477e-04 3.9657794e-03 3.1500000e-02
    endloop
  endfacet
  facet normal 1.6289547e-01 -9.8664333e-01 0.0000000e+00
    outer loop
      vertex -5.2210477e-04 3.9657794e-03 3.1500000e-02
      vertex -5.2210477e-04 3.9657794e-03 3.2500000e-02
      vertex -7.8036129e-04 3.9231411e-03 3.2500000e-02
    endloop
  endfacet
  facet normal 1.6289547e-01 -9.8664333e-01 0.0000000e+00
    outer loop
      vertex -5.2210477e-04 3.9657794e-03 3.1500000e-02
      vertex -7.8036129e-04 3.9231411e-03 3.2500000e-02
      vertex -7.8036129e-04 3.9231411e-03 3.1500000e-02
    endloop
  endfacet
  facet normal 2.2707626e-01 -9.7387698e-01 0.0000000e+00
    outer loop
      vertex -7.8036129e-04 3.9231411e-03 3.1500000e-02
      vertex -7.8036129e-04 3.9231411e-03 3.2500000e-02
      vertex -1.0352762e-03 3.8637033e-03 3.2500000e-02
    endloop
  endfacet
  facet normal 2.2707626e-01 -9.7387698e-01 0.0000000e+00
    outer loop
      vertex -7.8036129e-04 3.9231411e-03 3.1500000e-02
      vertex -1.0352762e-03 3.8637033e-03 3.2500000e-02
      vertex -1.0352762e-03 3.8637033e-03 3.1500000e-02
    endloop
  endfacet
  facet normal 2.9028468e-01 -9.5694034e-01 0.0000000e+00
    outer loop
      vertex -1.0352762e-03 3.8637033e-03 3.1500000e-02
      vertex -1.0352762e-03 3.8637033e-03 3.2500000e-02
      vertex -1.2857579e-03 3.7877205e-03 3.2500000e-02
    endloop
  endfacet
  facet normal 2.9028468e-01 -9.5694034e-01 0.0000000e+00
    outer loop
      vertex -1.0352762e-03 3.8637033e-03 3.1500000e-02
      vertex -1.2857579e-03 3.7877205e-03 3.2500000e-02
      vertex -1.2857579e-03 3.7877205e-03 3.1500000e-02
    endloop
  endfacet
  facet normal 3.5225005e-01 -9.3590593e-01 0.0000000e+00
    outer loop
      vertex -1.2857579e-03 3.7877205e-03 3.1500000e-02
      vertex -1.2857579e-03 3.7877205e-03 3.2500000e-02
      vertex -1.5307337e-03 3.6955181e-03 3.2500000e-02
    endloop
  endfacet
  facet normal 3.5225005e-01 -9.3590593e-01 0.0000000e+00
    outer loop
      vertex -1.2857579e-03 3.7877205e-03 3.1500000e-02
      vertex -1.5307337e-03 3.6955181e-03 3.2500000e-02
      vertex -1.5307337e-03 3.6955181e-03 3.1500000e-02
    endloop
  endfacet
  facet normal 4.1270703e-01 -9.1086382e-01 0.0000000e+00
    outer loop
      vertex -1.5307337e-03 3.6955181e-03 3.1500000e-02
      vertex -1.5307337e-03 3.6955181e-03 3.2500000e-02
      vertex -1.7691548e-03 3.5874910e-03 3.2500000e-02
    endloop
  endfacet
  facet normal 4.1270703e-01 -9.1086382e-01 0.0000000e+00
    outer loop
      vertex -1.5307337e-03 3.6955181e-03 3.1500000e-02
      vertex -1.7691548e-03 3.5874910e-03 3.2500000e-02
      vertex -1.7691548e-03 3.5874910e-03 3.1500000e-02
    endloop
  endfacet
  facet normal 4.7139674e-01 -8.8192126e-01 0.0000000e+00
    outer loop
      vertex -1.7691548e-03 3.5874910e-03 3.1500000e-02
      vertex -1.7691548e-03 3.5874910e-03 3.2500000e-02
      vertex -2.0000000e-03 3.4641016e-03 3.2500000e-02
    endloop
  endfacet
  facet normal 4.7139674e-01 -8.8192126e-01 0.0000000e+00
    outer loop
      vertex -1.7691548e-03 3.5874910e-03 3.1500000e-02
      vertex -2.0000000e-03 3.4641016e-03 3.2500000e-02
      vertex -2.0000000e-03 3.4641016e-03 3.1500000e-02
    endloop
  endfacet
  facet normal 5.2806785e-01 -8.4920218e-01 0.0000000e+00
    outer loop
      vertex -2.0000000e-03 3.4641016e-03 3.1500000e-02
      vertex -2.0000000e-03 3.4641016e-03 3.2500000e-02
      vertex -2.2222809e-03 3.3258784e-03 3.2500000e-02
    endloop
  endfacet
  facet normal 5.2806785e-01 -8.4920218e-01 0.0000000e+00
    outer loop
      vertex -2.0000000e-03 3.4641016e-03 3.1500000e-02
      vertex -2.2222809e-03 3.3258784e-03 3.2500000e-02
      vertex -2.2222809e-03 3.3258784e-03 3.1500000e-02
    endloop
  endfacet
  facet normal 5.8247770e-01 -8.1284668e-01 0.0000000e+00
    outer loop
      vertex -2.2222809e-03 3.3258784e-03 3.1500000e-02
      vertex -2.2222809e-03 3.3258784e-03 3.2500000e-02
      vertex -2.4350457e-03 3.1734134e-03 3.2500000e-02
    endloop
  endfacet
  facet normal 5.8247770e-01 -8.1284668e-01 0.0000000e+00
    outer loop
      vertex -2.2222809e-03 3.3258784e-03 3.1500000e-02
      vertex -2.4350457e-03 3.1734134e-03 3.2500000e-02
      vertex -2.4350457e-03 3.1734134e-03 3.1500000e-02
    endloop
  endfacet
  facet normal 6.3439328e-01 -7.7301045e-01 0.0000000e+00
    outer loop
      vertex -2.4350457e-03 3.1734134e-03 3.1500000e-02
      vertex -2.4350457e-03 3.1734134e-03 3.2500000e-02
      vertex -2.6373833e-03 3.0073592e-03 3.2500000e-02
    endloop
  endfacet
  facet normal 6.3439328e-01 -7.7301045e-01 0.0000000e+00
    outer loop
      vertex -2.4350457e-03 3.1734134e-03 3.1500000e-02
      vertex -2.6373833e-03 3.0073592e-03 3.2500000e-02
      vertex -2.6373833e-03 3.0073592e-03 3.1500000e-02
    endloop
  endfacet
  facet normal 6.8359230e-01 -7.2986407e-01 0.0000000e+00
    outer loop
      vertex -2.6373833e-03 3.0073592e-03 3.1500000e-02
      vertex -2.6373833e-03 3.0073592e-03 3.2500000e-02
      vertex -2.8284271e-03 2.8284271e-03 3.2500000e-02
    endloop
  endfacet
  facet normal 6.8359230e-01 -7.2986407e-01 0.0000000e+00
    outer loop
      vertex -2.6373833e-03 3.0073592e-03 3.1500000e-02
      vertex -2.8284271e-03 2.8284271e-03 3.2500000e-02
      vertex -2.8284271e-03 2.8284271e-03 3.1500000e-02
    endloop
  endfacet
  facet normal 7.2986407e-01 -6.8359230e-01 0.0000000e+00
    outer loop
      vertex -2.8284271e-03 2.8284271e-03 3.1500000e-02
      vertex -2.8284271e-03 2.8284271e-03 3.2500000e-02
      vertex -3.0073592e-03 2.6373833e-03 3.2500000e-02
    endloop
  endfacet
  facet normal 7.2986407e-01 -6.8359230e-01 0.0000000e+00
    outer loop
      vertex -2.8284271e-03 2.8284271e-03 3.1500000e-02
      vertex -3.0073592e-03 2.6373833e-03 3.2500000e-02
      vertex -3.0073592e-03 2.6373833e-03 3.1500000e-02
    endloop
  endfacet
  facet normal 7.7301045e-01 -6.3439328e-01 0.0000000e+00
    outer loop
      vertex -3.0073592e-03 2.6373833e-03 3.1500000e-02
      vertex -3.0073592e-03 2.6373833e-03 3.2500000e-02
      vertex -3.1734134e-03 2.4350457e-03 3.2500000e-02
    endloop
  endfacet
  facet normal 7.7301045e-01 -6.3439328e-01 0.0000000e+00
    outer loop
      vertex -3.0073592e-03 2.6373833e-03 3.1500000e-02
      vertex -3.1734134e-03 2.4350457e-03 3.2500000e-02
      vertex -3.1734134e-03 2.4350457e-03 3.1500000e-02
    endloop
  endfacet
  facet normal 8.1284668e-01 -5.8247770e-01 0.0000000e+00
    outer loop
      vertex -3.1734134e-03 2.4350457e-03 3.1500000e-02
      vertex -3.1734134e-03 2.4350457e-03 3.2500000e-02
      vertex -3.3258784e-03 2.2222809e-03 3.2500000e-02
    endloop
  endfacet
  facet normal 8.1284668e-01 -5.8247770e-01 0.0000000e+00
    outer loop
      vertex -3.1734134e-03 2.4350457e-03 3.1500000e-02
      vertex -3.3258784e-03 2.2222809e-03 3.2500000e-02
      vertex -3.3258784e-03 2.2222809e-03 3.1500000e-02
    endloop
  endfacet
  facet normal 8.4920218e-01 -5.2806785e-01 0.0000000e+00
    outer loop
      vertex -3.3258784e-03 2.2222809e-03 3.1500000e-02
      vertex -3.3258784e-03 2.2222809e-03 3.2500000e-02
      vertex -3.4641016e-03 2.0000000e-03 3.2500000e-02
    endloop
  endfacet
  facet normal 8.4920218e-01 -5.2806785e-01 0.0000000e+00
    outer loop
      vertex -3.3258784e-03 2.2222809e-03 3.1500000e-02
      vertex -3.4641016e-03 2.0000000e-03 3.2500000e-02
      vertex -3.4641016e-03 2.0000000e-03 3.1500000e-02
    endloop
  endfacet
  facet normal 8.8192126e-01 -4.7139674e-01 0.0000000e+00
    outer loop
      vertex -3.4641016e-03 2.0000000e-03 3.1500000e-02
      vertex -3.4641016e-03 2.0000000e-03 3.2500000e-02
      vertex -3.5874910e-03 1.7691548e-03 3.2500000e-02
    endloop
  endfacet
  facet normal 8.8192126e-01 -4.7139674e-01 0.0000000e+00
    outer loop
      vertex -3.4641016e-03 2.0000000e-03 3.1500000e-02
      vertex -3.5874910e-03 1.7691548e-03 3.2500000e-02
      vertex -3.5874910e-03 1.7691548e-03 3.1500000e-02
    endloop
  endfacet
  facet normal 9.1086382e-01 -4.1270703e-01 0.0000000e+00
    outer loop
      vertex -3.5874910e-03 1.7691548e-03 3.1500000e-02
      vertex -3.5874910e-03 1.7691548e-03 3.2500000e-02
      vertex -3.6955181e-03 1.5307337e-03 3.2500000e-02
    endloop
  endfacet
  facet normal 9.1086382e-01 -4.1270703e-01 0.0000000e+00
    outer loop
      vertex -3.5874910e-03 1.7691548e-03 3.1500000e-02
      vertex -3.6955181e-03 1.5307337e-03 3.2500000e-02
      vertex -3.6955181e-03 1.5307337e-03 3.1500000e-02
    endloop
  endfacet
  facet normal 9.3590593e-01 -3.5225005e-01 0.0000000e+00
    outer loop
      vertex -3.6955181e-03 1.5307337e-03 3.1500000e-02
      vertex -3.6955181e-03 1.5307337e-03 3.2500000e-02
      vertex -3.7877205e-03 1.2857579e-03 3.2500000e-02
    endloop
  endfacet
  facet normal 9.3590593e-01 -3.5225005e-01 0.0000000e+00
    outer loop
      vertex -3.6955181e-03 1.5307337e-03 3.1500000e-02
      vertex -3.7877205e-03 1.2857579e-03 3.2500000e-02
      vertex -3.7877205e-03 1.2857579e-03 3.1500000e-02
    endloop
  endfacet
  facet normal 9.5694034e-01 -2.9028468e-01 0.0000000e+00
    outer loop
      vertex -3.7877205e-03 1.2857579e-03 3.1500000e-02
      vertex -3.7877205e-03 1.2857579e-03 3.2500000e-02
      vertex -3.8637033e-03 1.0352762e-03 3.2500000e-02
    endloop
  endfacet
  facet normal 9.5694034e-01 -2.9028468e-01 0.0000000e+00
    outer loop
      vertex -3.7877205e-03 1.2857579e-03 3.1500000e-02
      vertex -3.8637033e-03 1.0352762e-03 3.2500000e-02
      vertex -3.8637033e-03 1.0352762e-03 3.1500000e-02
    endloop
  endfacet
  facet normal 9.7387698e-01 -2.2707626e-01 0.0000000e+00
    outer loop
      vertex -3.8637033e-03 1.0352762e-03 3.1500000e-02
      vertex -3.8637033e-03 1.0352762e-03 3.2500000e-02
      vertex -3.9231411e-03 7.8036129e-04 3.2500000e-02
    endloop
  endfacet
  facet normal 9.7387698e-01 -2.2707626e-01 0.0000000e+00
    outer loop
      vertex -3.8637033e-03 1.0352762e-03 3.1500000e-02
      vertex -3.9231411e-03 7.8036129e-04 3.2500000e-02
      vertex -3.9231411e-03 7.8036129e-04 3.1500000e-02
    endloop
  endfacet
  facet normal 9.8664333e-01 -1.6289547e-01 0.0000000e+00
    outer loop
      vertex -3.9231411e-03 7.8036129e-04 3.1500000e-02
      vertex -3.9231411e-03 7.8036129e-04 3.2500000e-02
      vertex -3.9657794e-03 5.2210477e-04 3.2500000e-02
    endloop
  endfacet
  facet normal 9.8664333e-01 -1.6289547e-01 0.0000000e+00
    outer loop
      vertex -3.9231411e-03 7.8036129e-04 3.1500000e-02
      vertex -3.9657794e-03 5.2210477e-04 3.2500000e-02
      vertex -3.9657794e-03 5.2210477e-04 3.1500000e-02
    endloop
  endfacet
  facet normal 9.9518473e-01 -9.8017140e-02 0.0000000e+00
    outer loop
      vertex -3.9657794e-03 5.2210477e-04 3.1500000e-02
      vertex -3.9657794e-03 5.2210477e-04 3.2500000e-02
      vertex -3.9914357e-03 2.6161252e-04 3.2500000e-02
    endloop
  endfacet
  facet normal 9.9518473e-01 -9.8017140e-02 0.0000000e+00
    outer loop
      vertex -3.9657794e-03 5.2210477e-04 3.1500000e-02
      vertex -3.9914357e-03 2.6161252e-04 3.2500000e-02
      vertex -3.9914357e-03 2.6161252e-04 3.1500000e-02
    endloop
  endfacet
  facet normal 9.9946459e-01 -3.2719083e-02 0.0000000e+00
    outer loop
      vertex -3.9914357e-03 2.6161252e-04 3.1500000e-02
      vertex -3.9914357e-03 2.6161252e-04 3.2500000e-02
      vertex -4.0000000e-03 4.8985872e-19 3.2500000e-02
    endloop
  endfacet
  facet normal 9.9946459e-01 -3.2719083e-02 0.0000000e+00
    outer loop
      vertex -3.9914357e-03 2.6161252e-04 3.1500000e-02
      vertex -4.0000000e-03 4.8985872e-19 3.2500000e-02
      vertex -4.0000000e-03 4.8985872e-19 3.1500000e-02
    endloop
  endfacet
  facet normal 9.9946459e-01 3.2719083e-02 -0.0000000e+00
    outer loop
      vertex -4.0000000e-03 4.8985872e-19 3.1500000e-02
      vertex -4.0000000e-03 4.8985872e-19 3.2500000e-02
      vertex -3.9914357e-03 -2.6161252e-04 3.2500000e-02
    endloop
  endfacet
  facet normal 9.9946459e-01 3.2719083e-02 0.0000000e+00
    outer loop
      vertex -4.0000000e-03 4.8985872e-19 3.1500000e-02
      vertex -3.9914357e-03 -2.6161252e-04 3.2500000e-02
      vertex -3.9914357e-03 -2.6161252e-04 3.1500000e-02
    endloop
  endfacet
  facet normal 9.9518473e-01 9.8017140e-02 -0.0000000e+00
    outer loop
      vertex -3.9914357e-03 -2.6161252e-04 3.1500000e-02
      vertex -3.9914357e-03 -2.6161252e-04 3.2500000e-02
      vertex -3.9657794e-03 -5.2210477e-04 3.2500000e-02
    endloop
  endfacet
  facet normal 9.9518473e-01 9.8017140e-02 0.0000000e+00
    outer loop
      vertex -3.9914357e-03 -2.6161252e-04 3.1500000e-02
      vertex -3.9657794e-03 -5.2210477e-04 3.2500000e-02
      vertex -3.9657794e-03 -5.2210477e-04 3.1500000e-02
    endloop
  endfacet
  facet normal 9.8664333e-01 1.6289547e-01 -0.0000000e+00
    outer loop
      vertex -3.9657794e-03 -5.2210477e-04 3.1500000e-02
      vertex -3.9657794e-03 -5.2210477e-04 3.2500000e-02
      vertex -3.9231411e-03 -7.8036129e-04 3.2500000e-02
    endloop
  endfacet
  facet normal 9.8664333e-01 1.6289547e-01 0.0000000e+00
    outer loop
      vertex -3.9657794e-03 -5.2210477e-04 3.1500000e-02
      vertex -3.9231411e-03 -7.8036129e-04 3.2500000e-02
      vertex -3.9231411e-03 -7.8036129e-04 3.1500000e-02
    endloop
  endfacet
  facet normal 9.7387698e-01 2.2707626e-01 -0.0000000e+00
    outer loop
      vertex -3.9231411e-03 -7.8036129e-04 3.1500000e-02
      vertex -3.9231411e-03 -7.8036129e-04 3.2500000e-02
      vertex -3.8637033e-03 -1.0352762e-03 3.2500000e-02
    endloop
  endfacet
  facet normal 9.7387698e-01 2.2707626e-01 0.0000000e+00
    outer loop
      vertex -3.9231411e-03 -7.8036129e-04 3.1500000e-02
      vertex -3.8637033e-03 -1.0352762e-03 3.2500000e-02
      vertex -3.8637033e-03 -1.0352762e-03 3.1500000e-02
    endloop
  endfacet
  facet normal 9.5694034e-01 2.9028468e-01 -0.0000000e+00
    outer loop
      vertex -3.8637033e-03 -1.0352762e-03 3.1500000e-02
      vertex -3.8637033e-03 -1.0352762e-03 3.2500000e-02
      vertex -3.7877205e-03 -1.2857579e-03 3.2500000e-02
    endloop
  endfacet
  facet normal 9.5694034e-01 2.9028468e-01 0.0000000e+00
    outer loop
      vertex -3.8637033e-03 -1.0352762e-03 3.1500000e-02
      vertex -3.7877205e-03 -1.2857579e-03 3.2500000e-02
      vertex -3.7877205e-03 -1.2857579e-03 3.1500000e-02
    endloop
  endfacet
  facet normal 9.3590593e-01 3.5225005e-01 -0.0000000e+00
    outer loop
      vertex -3.7877205e-03 -1.2857579e-03 3.1500000e-02
      vertex -3.7877205e-03 -1.2857579e-03 3.2500000e-02
      vertex -3.6955181e-03 -1.5307337e-03 3.2500000e-02
    endloop
  endfacet
  facet normal 9.3590593e-01 3.5225005e-01 0.0000000e+00
    outer loop
      vertex -3.7877205e-03 -1.2857579e-03 3.1500000e-02
      vertex -3.6955181e-03 -1.5307337e-03 3.2500000e-02
      vertex -3.6955181e-03 -1.5307337e-03 3.1500000e-02
    endloop
  endfacet
  facet normal 9.1086382e-01 4.1270703e-01 -0.0000000e+00
    outer loop
      vertex -3.6955181e-03 -1.5307337e-03 3.1500000e-02
      vertex -3.6955181e-03 -1.5307337e-03 3.2500000e-02
      vertex -3.5874910e-03 -1.7691548e-03 3.2500000e-02
    endloop
  endfacet
  facet normal 9.1086382e-01 4.1270703e-01 0.0000000e+00
    outer loop
      vertex -3.6955181e-03 -1.5307337e-03 3.1500000e-02
      vertex -3.5874910e-03 -1.7691548e-03 3.2500000e-02
      vertex -3.5874910e-03 -1.7691548e-03 3.1500000e-02
    endloop
  endfacet
  facet normal 8.8192126e-01 4.7139674e-01 -0.0000000e+00
    outer loop
      vertex -3.5874910e-03 -1.7691548e-03 3.1500000e-02
      vertex -3.5874910e-03 -1.7691548e-03 3.2500000e-02
      vertex -3.4641016e-03 -2.0000000e-03 3.2500000e-02
    endloop
  endfacet
  facet normal 8.8192126e-01 4.7139674e-01 0.0000000e+00
    outer loop
      vertex -3.5874910e-03 -1.7691548e-03 3.1500000e-02
      vertex -3.4641016e-03 -2.0000000e-03 3.2500000e-02
      vertex -3.4641016e-03 -2.0000000e-03 3.1500000e-02
    endloop
  endfacet
  facet normal 8.4920218e-01 5.2806785e-01 -0.0000000e+00
    outer loop
      vertex -3.4641016e-03 -2.0000000e-03 3.1500000e-02
      vertex -3.4641016e-03 -2.0000000e-03 3.2500000e-02
      vertex -3.3258784e-03 -2.2222809e-03 3.2500000e-02
    endloop
  endfacet
  facet normal 8.4920218e-01 5.2806785e-01 0.0000000e+00
    outer loop
      vertex -3.4641016e-03 -2.0000000e-03 3.1500000e-02
      vertex -3.3258784e-03 -2.2222809e-03 3.2500000e-02
      vertex -3.3258784e-03 -2.2222809e-03 3.1500000e-02
    endloop
  endfacet
  facet normal 8.1284668e-01 5.8247770e-01 -0.0000000e+00
    outer loop
      vertex -3.3258784e-03 -2.2222809e-03 3.1500000e-02
      vertex -3.3258784e-03 -2.2222809e-03 3.2500000e-02
      vertex -3.1734134e-03 -2.4350457e-03 3.2500000e-02
    endloop
  endfacet
  facet normal 8.1284668e-01 5.8247770e-01 0.0000000e+00
    outer loop
      vertex -3.3258784e-03 -2.2222809e-03 3.1500000e-02
      vertex -3.1734134e-03 -2.4350457e-03 3.2500000e-02
      vertex -3.1734134e-03 -2.4350457e-03 3.1500000e-02
    endloop
  endfacet
  facet normal 7.7301045e-01 6.3439328e-01 -0.0000000e+00
    outer loop
      vertex -3.1734134e-03 -2.4350457e-03 3.1500000e-02
      vertex -3.1734134e-03 -2.4350457e-03 3.2500000e-02
      vertex -3.0073592e-03 -2.6373833e-03 3.2500000e-02
    endloop
  endfacet
  facet normal 7.7301045e-01 6.3439328e-01 0.0000000e+00
    outer loop
      vertex -3.1734134e-03 -2.4350457e-03 3.1500000e-02
      vertex -3.0073592e-03 -2.6373833e-03 3.2500000e-02
      vertex -3.0073592e-03 -2.6373833e-03 3.1500000e-02
    endloop
  endfacet
  facet normal 7.2986407e-01 6.8359230e-01 -0.0000000e+00
    outer loop
      vertex -3.0073592e-03 -2.6373833e-03 3.1500000e-02
      vertex -3.0073592e-03 -2.6373833e-03 3.2500000e-02
      vertex -2.8284271e-03 -2.8284271e-03 3.2500000e-02
    endloop
  endfacet
  facet normal 7.2986407e-01 6.8359230e-01 0.0000000e+00
    outer loop
      vertex -3.0073592e-03 -2.6373833e-03 3.1500000e-02
      vertex -2.8284271e-03 -2.8284271e-03 3.2500000e-02
      vertex -2.8284271e-03 -2.8284271e-03 3.1500000e-02
    endloop
  endfacet
  facet normal 6.8359230e-01 7.2986407e-01 -0.0000000e+00
    outer loop
      vertex -2.8284271e-03 -2.8284271e-03 3.1500000e-02
      vertex -2.8284271e-03 -2.8284271e-03 3.2500000e-02
      vertex -2.6373833e-03 -3.0073592e-03 3.2500000e-02
    endloop
  endfacet
  facet normal 6.8359230e-01 7.2986407e-01 0.0000000e+00
    outer loop
      vertex -2.8284271e-03 -2.8284271e-03 3.1500000e-02
      vertex -2.6373833e-03 -3.0073592e-03 3.2500000e-02
      vertex -2.6373833e-03 -3.0073592e-03 3.1500000e-02
    endloop
  endfacet
  facet normal 6.3439328e-01 7.7301045e-01 -0.0000000e+00
    outer loop
      vertex -2.6373833e-03 -3.0073592e-03 3.1500000e-02
      vertex -2.6373833e-03 -3.0073592e-03 3.2500000e-02
      vertex -2.4350457e-03 -3.1734134e-03 3.2500000e-02
    endloop
  endfacet
  facet normal 6.3439328e-01 7.7301045e-01 0.0000000e+00
    outer loop
      vertex -2.6373833e-03 -3.0073592e-03 3.1500000e-02
      vertex -2.4350457e-03 -3.1734134e-03 3.2500000e-02
      vertex -2.4350457e-03 -3.1734134e-03 3.1500000e-02
    endloop
  endfacet
  facet normal 5.8247770e-01 8.1284668e-01 -0.0000000e+00
    outer loop
      vertex -2.4350457e-03 -3.1734134e-03 3.1500000e-02
      vertex -2.4350457e-03 -3.1734134e-03 3.2500000e-02
      vertex -2.2222809e-03 -3.3258784e-03 3.2500000e-02
    endloop
  endfacet
  facet normal 5.8247770e-01 8.1284668e-01 0.0000000e+00
    outer loop
      vertex -2.4350457e-03 -3.1734134e-03 3.1500000e-02
      vertex -2.2222809e-03 -3.3258784e-03 3.2500000e-02
      vertex -2.2222809e-03 -3.3258784e-03 3.1500000e-02
    endloop
  endfacet
  facet normal 5.2806785e-01 8.4920218e-01 -0.0000000e+00
    outer loop
      vertex -2.2222809e-03 -3.3258784e-03 3.1500000e-02
      vertex -2.2222809e-03 -3.3258784e-03 3.2500000e-02
      vertex -2.0000000e-03 -3.4641016e-03 3.2500000e-02
    endloop
  endfacet
  facet normal 5.2806785e-01 8.4920218e-01 0.0000000e+00
    outer loop
      vertex -2.2222809e-03 -3.3258784e-03 3.1500000e-02
      vertex -2.0000000e-03 -3.4641016e-03 3.2500000e-02
      vertex -2.0000000e-03 -3.4641016e-03 3.1500000e-02
    endloop
  endfacet
  facet normal 4.7139674e-01 8.8192126e-01 -0.0000000e+00
    outer loop
      vertex -2.0000000e-03 -3.4641016e-03 3.1500000e-02
      vertex -2.0000000e-03 -3.4641016e-03 3.2500000e-02
      vertex -1.7691548e-03 -3.5874910e-03 3.2500000e-02
    endloop
  endfacet
  facet normal 4.7139674e-01 8.8192126e-01 0.0000000e+00
    outer loop
      vertex -2.0000000e-03 -3.4641016e-03 3.1500000e-02
      vertex -1.7691548e-03 -3.5874910e-03 3.2500000e-02
      vertex -1.7691548e-03 -3.5874910e-03 3.1500000e-02
    endloop
  endfacet
  facet normal 4.1270703e-01 9.1086382e-01 -0.0000000e+00
    outer loop
      vertex -1.7691548e-03 -3.5874910e-03 3.1500000e-02
      vertex -1.7691548e-03 -3.5874910e-03 3.2500000e-02
      vertex -1.5307337e-03 -3.6955181e-03 3.2500000e-02
    endloop
  endfacet
  facet normal 4.1270703e-01 9.1086382e-01 0.0000000e+00
    outer loop
      vertex -1.7691548e-03 -3.5874910e-03 3.1500000e-02
      vertex -1.5307337e-03 -3.6955181e-03 3.2500000e-02
      vertex -1.5307337e-03 -3.6955181e-03 3.1500000e-02
    endloop
  endfacet
  facet normal 3.5225005e-01 9.3590593e-01 -0.0000000e+00
    outer loop
      vertex -1.5307337e-03 -3.6955181e-03 3.1500000e-02
      vertex -1.5307337e-03 -3.6955181e-03 3.2500000e-02
      vertex -1.2857579e-03 -3.7877205e-03 3.2500000e-02
    endloop
  endfacet
  facet normal 3.5225005e-01 9.3590593e-01 0.0000000e+00
    outer loop
      vertex -1.5307337e-03 -3.6955181e-03 3.1500000e-02
      vertex -1.2857579e-03 -3.7877205e-03 3.2500000e-02
      vertex -1.2857579e-03 -3.7877205e-03 3.1500000e-02
    endloop
  endfacet
  facet normal 2.9028468e-01 9.5694034e-01 -0.0000000e+00
    outer loop
      vertex -1.2857579e-03 -3.7877205e-03 3.1500000e-02
      vertex -1.2857579e-03 -3.7877205e-03 3.2500000e-02
      vertex -1.0352762e-03 -3.8637033e-03 3.2500000e-02
    endloop
  endfacet
  facet normal 2.9028468e-01 9.5694034e-01 0.0000000e+00
    outer loop
      vertex -1.2857579e-03 -3.7877205e-03 3.1500000e-02
      vertex -1.0352762e-03 -3.8637033e-03 3.2500000e-02
      vertex -1.0352762e-03 -3.8637033e-03 3.1500000e-02
    endloop
  endfacet
  facet normal 2.2707626e-01 9.7387698e-01 -0.0000000e+00
    outer loop
      vertex -1.0352762e-03 -3.8637033e-03 3.1500000e-02
      vertex -1.0352762e-03 -3.8637033e-03 3.2500000e-02
      vertex -7.8036129e-04 -3.9231411e-03 3.2500000e-02
    endloop
  endfacet
  facet normal 2.2707626e-01 9.7387698e-01 0.0000000e+00
    outer loop
      vertex -1.0352762e-03 -3.8637033e-03 3.1500000e-02
      vertex -7.8036129e-04 -3.9231411e-03 3.2500000e-02
      vertex -7.8036129e-04 -3.9231411e-03 3.1500000e-02
    endloop
  endfacet
  facet normal 1.6289547e-01 9.8664333e-01 -0.0000000e+00
    outer loop
      vertex -7.8036129e-04 -3.9231411e-03 3.1500000e-02
      vertex -7.8036129e-04 -3.9231411e-03 3.2500000e-02
      vertex -5.2210477e-04 -3.9657794e-03 3.2500000e-02
    endloop
  endfacet
  facet normal 1.6289547e-01 9.8664333e-01 0.0000000e+00
    outer loop
      vertex -7.8036129e-04 -3.9231411e-03 3.1500000e-02
      vertex -5.2210477e-04 -3.9657794e-03 3.2500000e-02
      vertex -5.2210477e-04 -3.9657794e-03 3.1500000e-02
    endloop
  endfacet
  facet normal 9.8017140e-02 9.9518473e-01 -0.0000000e+00
    outer loop
      vertex -5.2210477e-04 -3.9657794e-03 3.1500000e-02
      vertex -5.2210477e-04 -3.9657794e-03 3.2500000e-02
      vertex -2.6161252e-04 -3.9914357e-03 3.2500000e-02
    endloop
  endfacet
  facet normal 9.8017140e-02 9.9518473e-01 0.0000000e+00
    outer loop
      vertex -5.2210477e-04 -3.9657794e-03 3.1500000e-02
      vertex -2.6161252e-04 -3.9914357e-03 3.2500000e-02
      vertex -2.6161252e-04 -3.9914357e-03 3.1500000e-02
    endloop
  endfacet
  facet normal 3.2719083e-02 9.9946459e-01 -0.0000000e+00
    outer loop
      vertex -2.6161252e-04 -3.9914357e-03 3.1500000e-02
      vertex -2.6161252e-04 -3.9914357e-03 3.2500000e-02
      vertex -7.3478808e-19 -4.0000000e-03 3.2500000e-02
    endloop
  endfacet
  facet normal 3.2719083e-02 9.9946459e-01 0.0000000e+00
    outer loop
      vertex -2.6161252e-04 -3.9914357e-03 3.1500000e-02
      vertex -7.3478808e-19 -4.0000000e-03 3.2500000e-02
      vertex -7.3478808e-19 -4.0000000e-03 3.1500000e-02
    endloop
  endfacet
  facet normal -3.2719083e-02 9.9946459e-01 0.0000000e+00
    outer loop
      vertex -7.3478808e-19 -4.0000000e-03 3.1500000e-02
      vertex -7.3478808e-19 -4.0000000e-03 3.2500000e-02
      vertex 2.6161252e-04 -3.9914357e-03 3.2500000e-02
    endloop
  endfacet
  facet normal -3.2719083e-02 9.9946459e-01 0.0000000e+00
    outer loop
      vertex -7.3478808e-19 -4.0000000e-03 3.1500000e-02
      vertex 2.6161252e-04 -3.9914357e-03 3.2500000e-02
      vertex 2.6161252e-04 -3.9914357e-03 3.1500000e-02
    endloop
  endfacet
  facet normal -9.8017140e-02 9.9518473e-01 0.0000000e+00
    outer loop
      vertex 2.6161252e-04 -3.9914357e-03 3.1500000e-02
      vertex 2.6161252e-04 -3.9914357e-03 3.2500000e-02
      vertex 5.2210477e-04 -3.9657794e-03 3.2500000e-02
    endloop
  endfacet
  facet normal -9.8017140e-02 9.9518473e-01 0.0000000e+00
    outer loop
      vertex 2.6161252e-04 -3.9914357e-03 3.1500000e-02
      vertex 5.2210477e-04 -3.9657794e-03 3.2500000e-02
      vertex 5.2210477e-04 -3.9657794e-03 3.1500000e-02
    endloop
  endfacet
  facet normal -1.6289547e-01 9.8664333e-01 0.0000000e+00
    outer loop
      vertex 5.2210477e-04 -3.9657794e-03 3.1500000e-02
      vertex 5.2210477e-04 -3.9657794e-03 3.2500000e-02
      vertex 7.8036129e-04 -3.9231411e-03 3.2500000e-02
    endloop
  endfacet
  facet normal -1.6289547e-01 9.8664333e-01 0.0000000e+00
    outer loop
      vertex 5.2210477e-04 -3.9657794e-03 3.1500000e-02
      vertex 7.8036129e-04 -3.9231411e-03 3.2500000e-02
      vertex 7.8036129e-04 -3.9231411e-03 3.1500000e-02
    endloop
  endfacet
  facet normal -2.2707626e-01 9.7387698e-01 0.0000000e+00
    outer loop
      vertex 7.8036129e-04 -3.9231411e-03 3.1500000e-02
      vertex 7.8036129e-04 -3.9231411e-03 3.2500000e-02
      vertex 1.0352762e-03 -3.8637033e-03 3.2500000e-02
    endloop
  endfacet
  facet normal -2.2707626e-01 9.7387698e-01 0.0000000e+00
    outer loop
      vertex 7.8036129e-04 -3.9231411e-03 3.1500000e-02
      vertex 1.0352762e-03 -3.8637033e-03 3.2500000e-02
      vertex 1.0352762e-03 -3.8637033e-03 3.1500000e-02
    endloop
  endfacet
  facet normal -2.9028468e-01 9.5694034e-01 0.0000000e+00
    outer loop
      vertex 1.0352762e-03 -3.8637033e-03 3.1500000e-02
      vertex 1.0352762e-03 -3.8637033e-03 3.2500000e-02
      vertex 1.2857579e-03 -3.7877205e-03 3.2500000e-02
    endloop
  endfacet
  facet normal -2.9028468e-01 9.5694034e-01 0.0000000e+00
    outer loop
      vertex 1.0352762e-03 -3.8637033e-03 3.1500000e-02
      vertex 1.2857579e-03 -3.7877205e-03 3.2500000e-02
      vertex 1.2857579e-03 -3.7877205e-03 3.1500000e-02
    endloop
  endfacet
  facet normal -3.5225005e-01 9.3590593e-01 0.0000000e+00
    outer loop
      vertex 1.2857579e-03 -3.7877205e-03 3.1500000e-02
      vertex 1.2857579e-03 -3.7877205e-03 3.2500000e-02
      vertex 1.5307337e-03 -3.6955181e-03 3.2500000e-02
    endloop
  endfacet
  facet normal -3.5225005e-01 9.3590593e-01 0.0000000e+00
    outer loop
      vertex 1.2857579e-03 -3.7877205e-03 3.1500000e-02
      vertex 1.5307337e-03 -3.6955181e-03 3.2500000e-02
      vertex 1.5307337e-03 -3.6955181e-03 3.1500000e-02
    endloop
  endfacet
  facet normal -4.1270703e-01 9.1086382e-01 0.0000000e+00
    outer loop
      vertex 1.5307337e-03 -3.6955181e-03 3.1500000e-02
      vertex 1.5307337e-03 -3.6955181e-03 3.2500000e-02
      vertex 1.7691548e-03 -3.5874910e-03 3.2500000e-02
    endloop
  endfacet
  facet normal -4.1270703e-01 9.1086382e-01 0.0000000e+00
    outer loop
      vertex 1.5307337e-03 -3.6955181e-03 3.1500000e-02
      vertex 1.7691548e-03 -3.5874910e-03 3.2500000e-02
      vertex 1.7691548e-03 -3.5874910e-03 3.1500000e-02
    endloop
  endfacet
  facet normal -4.7139674e-01 8.8192126e-01 0.0000000e+00
    outer loop
      vertex 1.7691548e-03 -3.5874910e-03 3.1500000e-02
      vertex 1.7691548e-03 -3.5874910e-03 3.2500000e-02
      vertex 2.0000000e-03 -3.4641016e-03 3.2500000e-02
    endloop
  endfacet
  facet normal -4.7139674e-01 8.8192126e-01 0.0000000e+00
    outer loop
      vertex 1.7691548e-03 -3.5874910e-03 3.1500000e-02
      vertex 2.0000000e-03 -3.4641016e-03 3.2500000e-02
      vertex 2.0000000e-03 -3.4641016e-03 3.1500000e-02
    endloop
  endfacet
  facet normal -5.2806785e-01 8.4920218e-01 0.0000000e+00
    outer loop
      vertex 2.0000000e-03 -3.4641016e-03 3.1500000e-02
      vertex 2.0000000e-03 -3.4641016e-03 3.2500000e-02
      vertex 2.2222809e-03 -3.3258784e-03 3.2500000e-02
    endloop
  endfacet
  facet normal -5.2806785e-01 8.4920218e-01 0.0000000e+00
    outer loop
      vertex 2.0000000e-03 -3.4641016e-03 3.1500000e-02
      vertex 2.2222809e-03 -3.3258784e-03 3.2500000e-02
      vertex 2.2222809e-03 -3.3258784e-03 3.1500000e-02
    endloop
  endfacet
  facet normal -5.8247770e-01 8.1284668e-01 0.0000000e+00
    outer loop
      vertex 2.2222809e-03 -3.3258784e-03 3.1500000e-02
      vertex 2.2222809e-03 -3.3258784e-03 3.2500000e-02
      vertex 2.4350457e-03 -3.1734134e-03 3.2500000e-02
    endloop
  endfacet
  facet normal -5.8247770e-01 8.1284668e-01 0.0000000e+00
    outer loop
      vertex 2.2222809e-03 -3.3258784e-03 3.1500000e-02
      vertex 2.4350457e-03 -3.1734134e-03 3.2500000e-02
      vertex 2.4350457e-03 -3.1734134e-03 3.1500000e-02
    endloop
  endfacet
  facet normal -6.3439328e-01 7.7301045e-01 0.0000000e+00
    outer loop
      vertex 2.4350457e-03 -3.1734134e-03 3.1500000e-02
      vertex 2.4350457e-03 -3.1734134e-03 3.2500000e-02
      vertex 2.6373833e-03 -3.0073592e-03 3.2500000e-02
    endloop
  endfacet
  facet normal -6.3439328e-01 7.7301045e-01 0.0000000e+00
    outer loop
      vertex 2.4350457e-03 -3.1734134e-03 3.1500000e-02
      vertex 2.6373833e-03 -3.0073592e-03 3.2500000e-02
      vertex 2.6373833e-03 -3.0073592e-03 3.1500000e-02
    endloop
  endfacet
  facet normal -6.8359230e-01 7.2986407e-01 0.0000000e+00
    outer loop
      vertex 2.6373833e-03 -3.0073592e-03 3.1500000e-02
      vertex 2.6373833e-03 -3.0073592e-03 3.2500000e-02
      vertex 2.8284271e-03 -2.8284271e-03 3.2500000e-02
    endloop
  endfacet
  facet normal -6.8359230e-01 7.2986407e-01 0.0000000e+00
    outer loop
      vertex 2.6373833e-03 -3.0073592e-03 3.1500000e-02
      vertex 2.8284271e-03 -2.8284271e-03 3.2500000e-02
      vertex 2.8284271e-03 -2.8284271e-03 3.1500000e-02
    endloop
  endfacet
  facet normal -7.2986407e-01 6.8359230e-01 0.0000000e+00
    outer loop
      vertex 2.8284271e-03 -2.8284271e-03 3.1500000e-02
      vertex 2.8284271e-03 -2.8284271e-03 3.2500000e-02
      vertex 3.0073592e-03 -2.6373833e-03 3.2500000e-02
    endloop
  endfacet
  facet normal -7.2986407e-01 6.8359230e-01 0.0000000e+00
    outer loop
      vertex 2.8284271e-03 -2.8284271e-03 3.1500000e-02
      vertex 3.0073592e-03 -2.6373833e-03 3.2500000e-02
      vertex 3.0073592e-03 -2.6373833e-03 3.1500000e-02
    endloop
  endfacet
  facet normal -7.7301045e-01 6.3439328e-01 0.0000000e+00
    outer loop
      vertex 3.0073592e-03 -2.6373833e-03 3.1500000e-02
      vertex 3.0073592e-03 -2.6373833e-03 3.2500000e-02
      vertex 3.1734134e-03 -2.4350457e-03 3.2500000e-02
    endloop
  endfacet
  facet normal -7.7301045e-01 6.3439328e-01 0.0000000e+00
    outer loop
      vertex 3.0073592e-03 -2.6373833e-03 3.1500000e-02
      vertex 3.1734134e-03 -2.4350457e-03 3.2500000e-02
      vertex 3.1734134e-03 -2.4350457e-03 3.1500000e-02
    endloop
  endfacet
  facet normal -8.1284668e-01 5.8247770e-01 0.0000000e+00
    outer loop
      vertex 3.1734134e-03 -2.4350457e-03 3.1500000e-02
      vertex 3.1734134e-03 -2.4350457e-03 3.2500000e-02
      vertex 3.3258784e-03 -2.2222809e-03 3.2500000e-02
    endloop
  endfacet
  facet normal -8.1284668e-01 5.8247770e-01 0.0000000e+00
    outer loop
      vertex 3.1734134e-03 -2.4350457e-03 3.1500000e-02
      vertex 3.3258784e-03 -2.2222809e-03 3.2500000e-02
      vertex 3.3258784e-03 -2.2222809e-03 3.1500000e-02
    endloop
  endfacet
  facet normal -8.4920218e-01 5.2806785e-01 0.0000000e+00
    outer loop
      vertex 3.3258784e-03 -2.2222809e-03 3.1500000e-02
      vertex 3.3258784e-03 -2.2222809e-03 3.2500000e-02
      vertex 3.4641016e-03 -2.0000000e-03 3.2500000e-02
    endloop
  endfacet
  facet normal -8.4920218e-01 5.2806785e-01 0.0000000e+00
    outer loop
      vertex 3.3258784e-03 -2.2222809e-03 3.1500000e-02
      vertex 3.4641016e-03 -2.0000000e-03 3.2500000e-02
      vertex 3.4641016e-03 -2.0000000e-03 3.1500000e-02
    endloop
  endfacet
  facet normal -8.8192126e-01 4.7139674e-01 0.0000000e+00
    outer loop
      vertex 3.4641016e-03 -2.0000000e-03 3.1500000e-02
      vertex 3.4641016e-03 -2.0000000e-03 3.2500000e-02
      vertex 3.5874910e-03 -1.7691548e-03 3.2500000e-02
    endloop
  endfacet
  facet normal -8.8192126e-01 4.7139674e-01 0.0000000e+00
    outer loop
      vertex 3.4641016e-03 -2.0000000e-03 3.1500000e-02
      vertex 3.5874910e-03 -1.7691548e-03 3.2500000e-02
      vertex 3.5874910e-03 -1.7691548e-03 3.1500000e-02
    endloop
  endfacet
  facet normal -9.1086382e-01 4.1270703e-01 0.0000000e+00
    outer loop
      vertex 3.5874910e-03 -1.7691548e-03 3.1500000e-02
      vertex 3.5874910e-03 -1.7691548e-03 3.2500000e-02
      vertex 3.6955181e-03 -1.5307337e-03 3.2500000e-02
    endloop
  endfacet
  facet normal -9.1086382e-01 4.1270703e-01 0.0000000e+00
    outer loop
      vertex 3.5874910e-03 -1.7691548e-03 3.1500000e-02
      vertex 3.6955181e-03 -1.5307337e-03 3.2500000e-02
      vertex 3.6955181e-03 -1.5307337e-03 3.1500000e-02
    endloop
  endfacet
  facet normal -9.3590593e-01 3.5225005e-01 0.0000000e+00
    outer loop
      vertex 3.6955181e-03 -1.5307337e-03 3.1500000e-02
      vertex 3.6955181e-03 -1.5307337e-03 3.2500000e-02
      vertex 3.7877205e-03 -1.2857579e-03 3.2500000e-02
    endloop
  endfacet
  facet normal -9.3590593e-01 3.5225005e-01 0.0000000e+00
    outer loop
      vertex 3.6955181e-03 -1.5307337e-03 3.1500000e-02
      vertex 3.7877205e-03 -1.2857579e-03 3.2500000e-02
      vertex 3.7877205e-03 -1.2857579e-03 3.1500000e-02
    endloop
  endfacet
  facet normal -9.5694034e-01 2.9028468e-01 0.0000000e+00
    outer loop
      vertex 3.7877205e-03 -1.2857579e-03 3.1500000e-02
      vertex 3.7877205e-03 -1.2857579e-03 3.2500000e-02
      vertex 3.8637033e-03 -1.0352762e-03 3.2500000e-02
    endloop
  endfacet
  facet normal -9.5694034e-01 2.9028468e-01 0.0000000e+00
    outer loop
      vertex 3.7877205e-03 -1.2857579e-03 3.1500000e-02
      vertex 3.8637033e-03 -1.0352762e-03 3.2500000e-02
      vertex 3.8637033e-03 -1.0352762e-03 3.1500000e-02
    endloop
  endfacet
  facet normal -9.7387698e-01 2.2707626e-01 0.0000000e+00
    outer loop
      vertex 3.8637033e-03 -1.0352762e-03 3.1500000e-02
      vertex 3.8637033e-03 -1.0352762e-03 3.2500000e-02
      vertex 3.9231411e-03 -7.8036129e-04 3.2500000e-02
    endloop
  endfacet
  facet normal -9.7387698e-01 2.2707626e-01 0.0000000e+00
    outer loop
      vertex 3.8637033e-03 -1.0352762e-03 3.1500000e-02
      vertex 3.9231411e-03 -7.8036129e-04 3.2500000e-02
      vertex 3.9231411e-03 -7.8036129e-04 3.1500000e-02
    endloop
  endfacet
  facet normal -9.8664333e-01 1.6289547e-01 0.0000000e+00
    outer loop
      vertex 3.9231411e-03 -7.8036129e-04 3.1500000e-02
      vertex 3.9231411e-03 -7.8036129e-04 3.2500000e-02
      vertex 3.9657794e-03 -5.2210477e-04 3.2500000e-02
    endloop
  endfacet
  facet normal -9.8664333e-01 1.6289547e-01 0.0000000e+00
    outer loop
      vertex 3.9231411e-03 -7.8036129e-04 3.1500000e-02
      vertex 3.9657794e-03 -5.2210477e-04 3.2500000e-02
      vertex 3.9657794e-03 -5.2210477e-04 3.1500000e-02
    endloop
  endfacet
  facet normal -9.9518473e-01 9.8017140e-02 0.0000000e+00
    outer loop
      vertex 3.9657794e-03 -5.2210477e-04 3.1500000e-02
      vertex 3.9657794e-03 -5.2210477e-04 3.2500000e-02
      vertex 3.9914357e-03 -2.6161252e-04 3.2500000e-02
    endloop
  endfacet
  facet normal -9.9518473e-01 9.8017140e-02 0.0000000e+00
    outer loop
      vertex 3.9657794e-03 -5.2210477e-04 3.1500000e-02
      vertex 3.9914357e-03 -2.6161252e-04 3.2500000e-02
      vertex 3.9914357e-03 -2.6161252e-04 3.1500000e-02
    endloop
  endfacet
  facet normal -9.9946459e-01 3.2719083e-02 0.0000000e+00
    outer loop
      vertex 3.9914357e-03 -2.6161252e-04 3.1500000e-02
      vertex 3.9914357e-03 -2.6161252e-04 3.2500000e-02
      vertex 4.0000000e-03 -9.7971744e-19 3.2500000e-02
    endloop
  endfacet
  facet normal -9.9946459e-01 3.2719083e-02 0.0000000e+00
    outer loop
      vertex 3.9914357e-03 -2.6161252e-04 3.1500000e-02
      vertex 4.0000000e-03 -9.7971744e-19 3.2500000e-02
      vertex 4.0000000e-03 -9.7971744e-19 3.1500000e-02
    endloop
  endfacet
  facet normal -8.7753325e-01 -2.8727464e-02 4.7865450e-01
    outer loop
      vertex 4.0000000e-03 0.0000000e+00 3.2500000e-02
      vertex 4.6000000e-03 0.0000000e+00 3.3600000e-02
      vertex 4.5901510e-03 3.0085439e-04 3.3600000e-02
    endloop
  endfacet
  facet normal -8.7753325e-01 -2.8727464e-02 4.7865450e-01
    outer loop
      vertex 4.0000000e-03 0.0000000e+00 3.2500000e-02
      vertex 4.5901510e-03 3.0085439e-04 3.3600000e-02
      vertex 3.9914357e-03 2.6161252e-04 3.2500000e-02
    endloop
  endfacet
  facet normal -8.7377552e-01 -8.6059377e-02 4.7865450e-01
    outer loop
      vertex 3.9914357e-03 2.6161252e-04 3.2500000e-02
      vertex 4.5901510e-03 3.0085439e-04 3.3600000e-02
      vertex 4.5606464e-03 6.0042048e-04 3.3600000e-02
    endloop
  endfacet
  facet normal -8.7377552e-01 -8.6059377e-02 4.7865450e-01
    outer loop
      vertex 3.9914357e-03 2.6161252e-04 3.2500000e-02
      vertex 4.5606464e-03 6.0042048e-04 3.3600000e-02
      vertex 3.9657794e-03 5.2210477e-04 3.2500000e-02
    endloop
  endfacet
  facet normal -8.6627614e-01 -1.4302277e-01 4.7865450e-01
    outer loop
      vertex 3.9657794e-03 5.2210477e-04 3.2500000e-02
      vertex 4.5606464e-03 6.0042048e-04 3.3600000e-02
      vertex 4.5116123e-03 8.9741548e-04 3.3600000e-02
    endloop
  endfacet
  facet normal -8.6627614e-01 -1.4302277e-01 4.7865450e-01
    outer loop
      vertex 3.9657794e-03 5.2210477e-04 3.2500000e-02
      vertex 4.5116123e-03 8.9741548e-04 3.3600000e-02
      vertex 3.9231411e-03 7.8036129e-04 3.2500000e-02
    endloop
  endfacet
  facet normal -8.5506724e-01 -1.9937372e-01 4.7865450e-01
    outer loop
      vertex 3.9231411e-03 7.8036129e-04 3.2500000e-02
      vertex 4.5116123e-03 8.9741548e-04 3.3600000e-02
      vertex 4.4432588e-03 1.1905676e-03 3.3600000e-02
    endloop
  endfacet
  facet normal -8.5506724e-01 -1.9937372e-01 4.7865450e-01
    outer loop
      vertex 3.9231411e-03 7.8036129e-04 3.2500000e-02
      vertex 4.4432588e-03 1.1905676e-03 3.3600000e-02
      vertex 3.8637033e-03 1.0352762e-03 3.2500000e-02
    endloop
  endfacet
  facet normal -8.4019681e-01 -2.5487092e-01 4.7865450e-01
    outer loop
      vertex 3.8637033e-03 1.0352762e-03 3.2500000e-02
      vertex 4.4432588e-03 1.1905676e-03 3.3600000e-02
      vertex 4.3558786e-03 1.4786215e-03 3.3600000e-02
    endloop
  endfacet
  facet normal -8.4019681e-01 -2.5487092e-01 4.7865450e-01
    outer loop
      vertex 3.8637033e-03 1.0352762e-03 3.2500000e-02
      vertex 4.3558786e-03 1.4786215e-03 3.3600000e-02
      vertex 3.7877205e-03 1.2857579e-03 3.2500000e-02
    endloop
  endfacet
  facet normal -8.2172853e-01 -3.0927672e-01 4.7865450e-01
    outer loop
      vertex 3.7877205e-03 1.2857579e-03 3.2500000e-02
      vertex 4.3558786e-03 1.4786215e-03 3.3600000e-02
      vertex 4.2498458e-03 1.7603438e-03 3.3600000e-02
    endloop
  endfacet
  facet normal -8.2172853e-01 -3.0927672e-01 4.7865450e-01
    outer loop
      vertex 3.7877205e-03 1.2857579e-03 3.2500000e-02
      vertex 4.2498458e-03 1.7603438e-03 3.3600000e-02
      vertex 3.6955181e-03 1.5307337e-03 3.2500000e-02
    endloop
  endfacet
  facet normal -7.9974148e-01 -3.6235815e-01 4.7865450e-01
    outer loop
      vertex 3.6955181e-03 1.5307337e-03 3.2500000e-02
      vertex 4.2498458e-03 1.7603438e-03 3.3600000e-02
      vertex 4.1256146e-03 2.0345280e-03 3.3600000e-02
    endloop
  endfacet
  facet normal -7.9974148e-01 -3.6235815e-01 4.7865450e-01
    outer loop
      vertex 3.6955181e-03 1.5307337e-03 3.2500000e-02
      vertex 4.1256146e-03 2.0345280e-03 3.3600000e-02
      vertex 3.5874910e-03 1.7691548e-03 3.2500000e-02
    endloop
  endfacet
  facet normal -7.7432982e-01 -4.1388791e-01 4.7865450e-01
    outer loop
      vertex 3.5874910e-03 1.7691548e-03 3.2500000e-02
      vertex 4.1256146e-03 2.0345280e-03 3.3600000e-02
      vertex 3.9837169e-03 2.3000000e-03 3.3600000e-02
    endloop
  endfacet
  facet normal -7.7432982e-01 -4.1388791e-01 4.7865450e-01
    outer loop
      vertex 3.5874910e-03 1.7691548e-03 3.2500000e-02
      vertex 3.9837169e-03 2.3000000e-03 3.3600000e-02
      vertex 3.4641016e-03 2.0000000e-03 3.2500000e-02
    endloop
  endfacet
  facet normal -7.4560235e-01 -4.6364534e-01 4.7865450e-01
    outer loop
      vertex 3.4641016e-03 2.0000000e-03 3.2500000e-02
      vertex 3.9837169e-03 2.3000000e-03 3.3600000e-02
      vertex 3.8247602e-03 2.5556231e-03 3.3600000e-02
    endloop
  endfacet
  facet normal -7.4560235e-01 -4.6364534e-01 4.7865450e-01
    outer loop
      vertex 3.4641016e-03 2.0000000e-03 3.2500000e-02
      vertex 3.8247602e-03 2.5556231e-03 3.3600000e-02
      vertex 3.3258784e-03 2.2222809e-03 3.2500000e-02
    endloop
  endfacet
  facet normal -7.1368211e-01 -5.1141737e-01 4.7865450e-01
    outer loop
      vertex 3.3258784e-03 2.2222809e-03 3.2500000e-02
      vertex 3.8247602e-03 2.5556231e-03 3.3600000e-02
      vertex 3.6494254e-03 2.8003026e-03 3.3600000e-02
    endloop
  endfacet
  facet normal -7.1368211e-01 -5.1141737e-01 4.7865450e-01
    outer loop
      vertex 3.3258784e-03 2.2222809e-03 3.2500000e-02
      vertex 3.6494254e-03 2.8003026e-03 3.3600000e-02
      vertex 3.1734134e-03 2.4350457e-03 3.2500000e-02
    endloop
  endfacet
  facet normal -6.7870576e-01 -5.5699942e-01 4.7865450e-01
    outer loop
      vertex 3.1734134e-03 2.4350457e-03 3.2500000e-02
      vertex 3.6494254e-03 2.8003026e-03 3.3600000e-02
      vertex 3.4584631e-03 3.0329907e-03 3.3600000e-02
    endloop
  endfacet
  facet normal -6.7870576e-01 -5.5699942e-01 4.7865450e-01
    outer loop
      vertex 3.1734134e-03 2.4350457e-03 3.2500000e-02
      vertex 3.4584631e-03 3.0329907e-03 3.3600000e-02
      vertex 3.0073592e-03 2.6373833e-03 3.2500000e-02
    endloop
  endfacet
  facet normal -6.4082310e-01 -6.0019633e-01 4.7865450e-01
    outer loop
      vertex 3.0073592e-03 2.6373833e-03 3.2500000e-02
      vertex 3.4584631e-03 3.0329907e-03 3.3600000e-02
      vertex 3.2526912e-03 3.2526912e-03 3.3600000e-02
    endloop
  endfacet
  facet normal -6.4082310e-01 -6.0019633e-01 4.7865450e-01
    outer loop
      vertex 3.0073592e-03 2.6373833e-03 3.2500000e-02
      vertex 3.2526912e-03 3.2526912e-03 3.3600000e-02
      vertex 2.8284271e-03 2.8284271e-03 3.2500000e-02
    endloop
  endfacet
  facet normal -6.0019633e-01 -6.4082310e-01 4.7865450e-01
    outer loop
      vertex 2.8284271e-03 2.8284271e-03 3.2500000e-02
      vertex 3.2526912e-03 3.2526912e-03 3.3600000e-02
      vertex 3.0329907e-03 3.4584631e-03 3.3600000e-02
    endloop
  endfacet
  facet normal -6.0019633e-01 -6.4082310e-01 4.7865450e-01
    outer loop
      vertex 2.8284271e-03 2.8284271e-03 3.2500000e-02
      vertex 3.0329907e-03 3.4584631e-03 3.3600000e-02
      vertex 2.6373833e-03 3.0073592e-03 3.2500000e-02
    endloop
  endfacet
  facet normal -5.5699942e-01 -6.7870576e-01 4.7865450e-01
    outer loop
      vertex 2.6373833e-03 3.0073592e-03 3.2500000e-02
      vertex 3.0329907e-03 3.4584631e-03 3.3600000e-02
      vertex 2.8003026e-03 3.6494254e-03 3.3600000e-02
    endloop
  endfacet
  facet normal -5.5699942e-01 -6.7870576e-01 4.7865450e-01
    outer loop
      vertex 2.6373833e-03 3.0073592e-03 3.2500000e-02
      vertex 2.8003026e-03 3.6494254e-03 3.3600000e-02
      vertex 2.4350457e-03 3.1734134e-03 3.2500000e-02
    endloop
  endfacet
  facet normal -5.1141737e-01 -7.1368211e-01 4.7865450e-01
    outer loop
      vertex 2.4350457e-03 3.1734134e-03 3.2500000e-02
      vertex 2.8003026e-03 3.6494254e-03 3.3600000e-02
      vertex 2.5556231e-03 3.8247602e-03 3.3600000e-02
    endloop
  endfacet
  facet normal -5.1141737e-01 -7.1368211e-01 4.7865450e-01
    outer loop
      vertex 2.4350457e-03 3.1734134e-03 3.2500000e-02
      vertex 2.5556231e-03 3.8247602e-03 3.3600000e-02
      vertex 2.2222809e-03 3.3258784e-03 3.2500000e-02
    endloop
  endfacet
  facet normal -4.6364534e-01 -7.4560235e-01 4.7865450e-01
    outer loop
      vertex 2.2222809e-03 3.3258784e-03 3.2500000e-02
      vertex 2.5556231e-03 3.8247602e-03 3.3600000e-02
      vertex 2.3000000e-03 3.9837169e-03 3.3600000e-02
    endloop
  endfacet
  facet normal -4.6364534e-01 -7.4560235e-01 4.7865450e-01
    outer loop
      vertex 2.2222809e-03 3.3258784e-03 3.2500000e-02
      vertex 2.3000000e-03 3.9837169e-03 3.3600000e-02
      vertex 2.0000000e-03 3.4641016e-03 3.2500000e-02
    endloop
  endfacet
  facet normal -4.1388791e-01 -7.7432982e-01 4.7865450e-01
    outer loop
      vertex 2.0000000e-03 3.4641016e-03 3.2500000e-02
      vertex 2.3000000e-03 3.9837169e-03 3.3600000e-02
      vertex 2.0345280e-03 4.1256146e-03 3.3600000e-02
    endloop
  endfacet
  facet normal -4.1388791e-01 -7.7432982e-01 4.7865450e-01
    outer loop
      vertex 2.0000000e-03 3.4641016e-03 3.2500000e-02
      vertex 2.0345280e-03 4.1256146e-03 3.3600000e-02
      vertex 1.7691548e-03 3.5874910e-03 3.2500000e-02
    endloop
  endfacet
  facet normal -3.6235815e-01 -7.9974148e-01 4.7865450e-01
    outer loop
      vertex 1.7691548e-03 3.5874910e-03 3.2500000e-02
      vertex 2.0345280e-03 4.1256146e-03 3.3600000e-02
      vertex 1.7603438e-03 4.2498458e-03 3.3600000e-02
    endloop
  endfacet
  facet normal -3.6235815e-01 -7.9974148e-01 4.7865450e-01
    outer loop
      vertex 1.7691548e-03 3.5874910e-03 3.2500000e-02
      vertex 1.7603438e-03 4.2498458e-03 3.3600000e-02
      vertex 1.5307337e-03 3.6955181e-03 3.2500000e-02
    endloop
  endfacet
  facet normal -3.0927672e-01 -8.2172853e-01 4.7865450e-01
    outer loop
      vertex 1.5307337e-03 3.6955181e-03 3.2500000e-02
      vertex 1.7603438e-03 4.2498458e-03 3.3600000e-02
      vertex 1.4786215e-03 4.3558786e-03 3.3600000e-02
    endloop
  endfacet
  facet normal -3.0927672e-01 -8.2172853e-01 4.7865450e-01
    outer loop
      vertex 1.5307337e-03 3.6955181e-03 3.2500000e-02
      vertex 1.4786215e-03 4.3558786e-03 3.3600000e-02
      vertex 1.2857579e-03 3.7877205e-03 3.2500000e-02
    endloop
  endfacet
  facet normal -2.5487092e-01 -8.4019681e-01 4.7865450e-01
    outer loop
      vertex 1.2857579e-03 3.7877205e-03 3.2500000e-02
      vertex 1.4786215e-03 4.3558786e-03 3.3600000e-02
      vertex 1.1905676e-03 4.4432588e-03 3.3600000e-02
    endloop
  endfacet
  facet normal -2.5487092e-01 -8.4019681e-01 4.7865450e-01
    outer loop
      vertex 1.2857579e-03 3.7877205e-03 3.2500000e-02
      vertex 1.1905676e-03 4.4432588e-03 3.3600000e-02
      vertex 1.0352762e-03 3.8637033e-03 3.2500000e-02
    endloop
  endfacet
  facet normal -1.9937372e-01 -8.5506724e-01 4.7865450e-01
    outer loop
      vertex 1.0352762e-03 3.8637033e-03 3.2500000e-02
      vertex 1.1905676e-03 4.4432588e-03 3.3600000e-02
      vertex 8.9741548e-04 4.5116123e-03 3.3600000e-02
    endloop
  endfacet
  facet normal -1.9937372e-01 -8.5506724e-01 4.7865450e-01
    outer loop
      vertex 1.0352762e-03 3.8637033e-03 3.2500000e-02
      vertex 8.9741548e-04 4.5116123e-03 3.3600000e-02
      vertex 7.8036129e-04 3.9231411e-03 3.2500000e-02
    endloop
  endfacet
  facet normal -1.4302277e-01 -8.6627614e-01 4.7865450e-01
    outer loop
      vertex 7.8036129e-04 3.9231411e-03 3.2500000e-02
      vertex 8.9741548e-04 4.5116123e-03 3.3600000e-02
      vertex 6.0042048e-04 4.5606464e-03 3.3600000e-02
    endloop
  endfacet
  facet normal -1.4302277e-01 -8.6627614e-01 4.7865450e-01
    outer loop
      vertex 7.8036129e-04 3.9231411e-03 3.2500000e-02
      vertex 6.0042048e-04 4.5606464e-03 3.3600000e-02
      vertex 5.2210477e-04 3.9657794e-03 3.2500000e-02
    endloop
  endfacet
  facet normal -8.6059377e-02 -8.7377552e-01 4.7865450e-01
    outer loop
      vertex 5.2210477e-04 3.9657794e-03 3.2500000e-02
      vertex 6.0042048e-04 4.5606464e-03 3.3600000e-02
      vertex 3.0085439e-04 4.5901510e-03 3.3600000e-02
    endloop
  endfacet
  facet normal -8.6059377e-02 -8.7377552e-01 4.7865450e-01
    outer loop
      vertex 5.2210477e-04 3.9657794e-03 3.2500000e-02
      vertex 3.0085439e-04 4.5901510e-03 3.3600000e-02
      vertex 2.6161252e-04 3.9914357e-03 3.2500000e-02
    endloop
  endfacet
  facet normal -2.8727464e-02 -8.7753325e-01 4.7865450e-01
    outer loop
      vertex 2.6161252e-04 3.9914357e-03 3.2500000e-02
      vertex 3.0085439e-04 4.5901510e-03 3.3600000e-02
      vertex 2.8166876e-19 4.6000000e-03 3.3600000e-02
    endloop
  endfacet
  facet normal -2.8727464e-02 -8.7753325e-01 4.7865450e-01
    outer loop
      vertex 2.6161252e-04 3.9914357e-03 3.2500000e-02
      vertex 2.8166876e-19 4.6000000e-03 3.3600000e-02
      vertex 2.4492936e-19 4.0000000e-03 3.2500000e-02
    endloop
  endfacet
  facet normal 2.8727464e-02 -8.7753325e-01 4.7865450e-01
    outer loop
      vertex 2.4492936e-19 4.0000000e-03 3.2500000e-02
      vertex 2.8166876e-19 4.6000000e-03 3.3600000e-02
      vertex -3.0085439e-04 4.5901510e-03 3.3600000e-02
    endloop
  endfacet
  facet normal 2.8727464e-02 -8.7753325e-01 4.7865450e-01
    outer loop
      vertex 2.4492936e-19 4.0000000e-03 3.2500000e-02
      vertex -3.0085439e-04 4.5901510e-03 3.3600000e-02
      vertex -2.6161252e-04 3.9914357e-03 3.2500000e-02
    endloop
  endfacet
  facet normal 8.6059377e-02 -8.7377552e-01 4.7865450e-01
    outer loop
      vertex -2.6161252e-04 3.9914357e-03 3.2500000e-02
      vertex -3.0085439e-04 4.5901510e-03 3.3600000e-02
      vertex -6.0042048e-04 4.5606464e-03 3.3600000e-02
    endloop
  endfacet
  facet normal 8.6059377e-02 -8.7377552e-01 4.7865450e-01
    outer loop
      vertex -2.6161252e-04 3.9914357e-03 3.2500000e-02
      vertex -6.0042048e-04 4.5606464e-03 3.3600000e-02
      vertex -5.2210477e-04 3.9657794e-03 3.2500000e-02
    endloop
  endfacet
  facet normal 1.4302277e-01 -8.6627614e-01 4.7865450e-01
    outer loop
      vertex -5.2210477e-04 3.9657794e-03 3.2500000e-02
      vertex -6.0042048e-04 4.5606464e-03 3.3600000e-02
      vertex -8.9741548e-04 4.5116123e-03 3.3600000e-02
    endloop
  endfacet
  facet normal 1.4302277e-01 -8.6627614e-01 4.7865450e-01
    outer loop
      vertex -5.2210477e-04 3.9657794e-03 3.2500000e-02
      vertex -8.9741548e-04 4.5116123e-03 3.3600000e-02
      vertex -7.8036129e-04 3.9231411e-03 3.2500000e-02
    endloop
  endfacet
  facet normal 1.9937372e-01 -8.5506724e-01 4.7865450e-01
    outer loop
      vertex -7.8036129e-04 3.9231411e-03 3.2500000e-02
      vertex -8.9741548e-04 4.5116123e-03 3.3600000e-02
      vertex -1.1905676e-03 4.4432588e-03 3.3600000e-02
    endloop
  endfacet
  facet normal 1.9937372e-01 -8.5506724e-01 4.7865450e-01
    outer loop
      vertex -7.8036129e-04 3.9231411e-03 3.2500000e-02
      vertex -1.1905676e-03 4.4432588e-03 3.3600000e-02
      vertex -1.0352762e-03 3.8637033e-03 3.2500000e-02
    endloop
  endfacet
  facet normal 2.5487092e-01 -8.4019681e-01 4.7865450e-01
    outer loop
      vertex -1.0352762e-03 3.8637033e-03 3.2500000e-02
      vertex -1.1905676e-03 4.4432588e-03 3.3600000e-02
      vertex -1.4786215e-03 4.3558786e-03 3.3600000e-02
    endloop
  endfacet
  facet normal 2.5487092e-01 -8.4019681e-01 4.7865450e-01
    outer loop
      vertex -1.0352762e-03 3.8637033e-03 3.2500000e-02
      vertex -1.4786215e-03 4.3558786e-03 3.3600000e-02
      vertex -1.2857579e-03 3.7877205e-03 3.2500000e-02
    endloop
  endfacet
  facet normal 3.0927672e-01 -8.2172853e-01 4.7865450e-01
    outer loop
      vertex -1.2857579e-03 3.7877205e-03 3.2500000e-02
      vertex -1.4786215e-03 4.3558786e-03 3.3600000e-02
      vertex -1.7603438e-03 4.2498458e-03 3.3600000e-02
    endloop
  endfacet
  facet normal 3.0927672e-01 -8.2172853e-01 4.7865450e-01
    outer loop
      vertex -1.2857579e-03 3.7877205e-03 3.2500000e-02
      vertex -1.7603438e-03 4.2498458e-03 3.3600000e-02
      vertex -1.5307337e-03 3.6955181e-03 3.2500000e-02
    endloop
  endfacet
  facet normal 3.6235815e-01 -7.9974148e-01 4.7865450e-01
    outer loop
      vertex -1.5307337e-03 3.6955181e-03 3.2500000e-02
      vertex -1.7603438e-03 4.2498458e-03 3.3600000e-02
      vertex -2.0345280e-03 4.1256146e-03 3.3600000e-02
    endloop
  endfacet
  facet normal 3.6235815e-01 -7.9974148e-01 4.7865450e-01
    outer loop
      vertex -1.5307337e-03 3.6955181e-03 3.2500000e-02
      vertex -2.0345280e-03 4.1256146e-03 3.3600000e-02
      vertex -1.7691548e-03 3.5874910e-03 3.2500000e-02
    endloop
  endfacet
  facet normal 4.1388791e-01 -7.7432982e-01 4.7865450e-01
    outer loop
      vertex -1.7691548e-03 3.5874910e-03 3.2500000e-02
      vertex -2.0345280e-03 4.1256146e-03 3.3600000e-02
      vertex -2.3000000e-03 3.9837169e-03 3.3600000e-02
    endloop
  endfacet
  facet normal 4.1388791e-01 -7.7432982e-01 4.7865450e-01
    outer loop
      vertex -1.7691548e-03 3.5874910e-03 3.2500000e-02
      vertex -2.3000000e-03 3.9837169e-03 3.3600000e-02
      vertex -2.0000000e-03 3.4641016e-03 3.2500000e-02
    endloop
  endfacet
  facet normal 4.6364534e-01 -7.4560235e-01 4.7865450e-01
    outer loop
      vertex -2.0000000e-03 3.4641016e-03 3.2500000e-02
      vertex -2.3000000e-03 3.9837169e-03 3.3600000e-02
      vertex -2.5556231e-03 3.8247602e-03 3.3600000e-02
    endloop
  endfacet
  facet normal 4.6364534e-01 -7.4560235e-01 4.7865450e-01
    outer loop
      vertex -2.0000000e-03 3.4641016e-03 3.2500000e-02
      vertex -2.5556231e-03 3.8247602e-03 3.3600000e-02
      vertex -2.2222809e-03 3.3258784e-03 3.2500000e-02
    endloop
  endfacet
  facet normal 5.1141737e-01 -7.1368211e-01 4.7865450e-01
    outer loop
      vertex -2.2222809e-03 3.3258784e-03 3.2500000e-02
      vertex -2.5556231e-03 3.8247602e-03 3.3600000e-02
      vertex -2.8003026e-03 3.6494254e-03 3.3600000e-02
    endloop
  endfacet
  facet normal 5.1141737e-01 -7.1368211e-01 4.7865450e-01
    outer loop
      vertex -2.2222809e-03 3.3258784e-03 3.2500000e-02
      vertex -2.8003026e-03 3.6494254e-03 3.3600000e-02
      vertex -2.4350457e-03 3.1734134e-03 3.2500000e-02
    endloop
  endfacet
  facet normal 5.5699942e-01 -6.7870576e-01 4.7865450e-01
    outer loop
      vertex -2.4350457e-03 3.1734134e-03 3.2500000e-02
      vertex -2.8003026e-03 3.6494254e-03 3.3600000e-02
      vertex -3.0329907e-03 3.4584631e-03 3.3600000e-02
    endloop
  endfacet
  facet normal 5.5699942e-01 -6.7870576e-01 4.7865450e-01
    outer loop
      vertex -2.4350457e-03 3.1734134e-03 3.2500000e-02
      vertex -3.0329907e-03 3.4584631e-03 3.3600000e-02
      vertex -2.6373833e-03 3.0073592e-03 3.2500000e-02
    endloop
  endfacet
  facet normal 6.0019633e-01 -6.4082310e-01 4.7865450e-01
    outer loop
      vertex -2.6373833e-03 3.0073592e-03 3.2500000e-02
      vertex -3.0329907e-03 3.4584631e-03 3.3600000e-02
      vertex -3.2526912e-03 3.2526912e-03 3.3600000e-02
    endloop
  endfacet
  facet normal 6.0019633e-01 -6.4082310e-01 4.7865450e-01
    outer loop
      vertex -2.6373833e-03 3.0073592e-03 3.2500000e-02
      vertex -3.2526912e-03 3.2526912e-03 3.3600000e-02
      vertex -2.8284271e-03 2.8284271e-03 3.2500000e-02
    endloop
  endfacet
  facet normal 6.4082310e-01 -6.0019633e-01 4.7865450e-01
    outer loop
      vertex -2.8284271e-03 2.8284271e-03 3.2500000e-02
      vertex -3.2526912e-03 3.2526912e-03 3.3600000e-02
      vertex -3.4584631e-03 3.0329907e-03 3.3600000e-02
    endloop
  endfacet
  facet normal 6.4082310e-01 -6.0019633e-01 4.7865450e-01
    outer loop
      vertex -2.8284271e-03 2.8284271e-03 3.2500000e-02
      vertex -3.4584631e-03 3.0329907e-03 3.3600000e-02
      vertex -3.0073592e-03 2.6373833e-03 3.2500000e-02
    endloop
  endfacet
  facet normal 6.7870576e-01 -5.5699942e-01 4.7865450e-01
    outer loop
      vertex -3.0073592e-03 2.6373833e-03 3.2500000e-02
      vertex -3.4584631e-03 3.0329907e-03 3.3600000e-02
      vertex -3.6494254e-03 2.8003026e-03 3.3600000e-02
    endloop
  endfacet
  facet normal 6.7870576e-01 -5.5699942e-01 4.7865450e-01
    outer loop
      vertex -3.0073592e-03 2.6373833e-03 3.2500000e-02
      vertex -3.6494254e-03 2.8003026e-03 3.3600000e-02
      vertex -3.1734134e-03 2.4350457e-03 3.2500000e-02
    endloop
  endfacet
  facet normal 7.1368211e-01 -5.1141737e-01 4.7865450e-01
    outer loop
      vertex -3.1734134e-03 2.4350457e-03 3.2500000e-02
      vertex -3.6494254e-03 2.8003026e-03 3.3600000e-02
      vertex -3.8247602e-03 2.5556231e-03 3.3600000e-02
    endloop
  endfacet
  facet normal 7.1368211e-01 -5.1141737e-01 4.7865450e-01
    outer loop
      vertex -3.1734134e-03 2.4350457e-03 3.2500000e-02
      vertex -3.8247602e-03 2.5556231e-03 3.3600000e-02
      vertex -3.3258784e-03 2.2222809e-03 3.2500000e-02
    endloop
  endfacet
  facet normal 7.4560235e-01 -4.6364534e-01 4.7865450e-01
    outer loop
      vertex -3.3258784e-03 2.2222809e-03 3.2500000e-02
      vertex -3.8247602e-03 2.5556231e-03 3.3600000e-02
      vertex -3.9837169e-03 2.3000000e-03 3.3600000e-02
    endloop
  endfacet
  facet normal 7.4560235e-01 -4.6364534e-01 4.7865450e-01
    outer loop
      vertex -3.3258784e-03 2.2222809e-03 3.2500000e-02
      vertex -3.9837169e-03 2.3000000e-03 3.3600000e-02
      vertex -3.4641016e-03 2.0000000e-03 3.2500000e-02
    endloop
  endfacet
  facet normal 7.7432982e-01 -4.1388791e-01 4.7865450e-01
    outer loop
      vertex -3.4641016e-03 2.0000000e-03 3.2500000e-02
      vertex -3.9837169e-03 2.3000000e-03 3.3600000e-02
      vertex -4.1256146e-03 2.0345280e-03 3.3600000e-02
    endloop
  endfacet
  facet normal 7.7432982e-01 -4.1388791e-01 4.7865450e-01
    outer loop
      vertex -3.4641016e-03 2.0000000e-03 3.2500000e-02
      vertex -4.1256146e-03 2.0345280e-03 3.3600000e-02
      vertex -3.5874910e-03 1.7691548e-03 3.2500000e-02
    endloop
  endfacet
  facet normal 7.9974148e-01 -3.6235815e-01 4.7865450e-01
    outer loop
      vertex -3.5874910e-03 1.7691548e-03 3.2500000e-02
      vertex -4.1256146e-03 2.0345280e-03 3.3600000e-02
      vertex -4.2498458e-03 1.7603438e-03 3.3600000e-02
    endloop
  endfacet
  facet normal 7.9974148e-01 -3.6235815e-01 4.7865450e-01
    outer loop
      vertex -3.5874910e-03 1.7691548e-03 3.2500000e-02
      vertex -4.2498458e-03 1.7603438e-03 3.3600000e-02
      vertex -3.6955181e-03 1.5307337e-03 3.2500000e-02
    endloop
  endfacet
  facet normal 8.2172853e-01 -3.0927672e-01 4.7865450e-01
    outer loop
      vertex -3.6955181e-03 1.5307337e-03 3.2500000e-02
      vertex -4.2498458e-03 1.7603438e-03 3.3600000e-02
      vertex -4.3558786e-03 1.4786215e-03 3.3600000e-02
    endloop
  endfacet
  facet normal 8.2172853e-01 -3.0927672e-01 4.7865450e-01
    outer loop
      vertex -3.6955181e-03 1.5307337e-03 3.2500000e-02
      vertex -4.3558786e-03 1.4786215e-03 3.3600000e-02
      vertex -3.7877205e-03 1.2857579e-03 3.2500000e-02
    endloop
  endfacet
  facet normal 8.4019681e-01 -2.5487092e-01 4.7865450e-01
    outer loop
      vertex -3.7877205e-03 1.2857579e-03 3.2500000e-02
      vertex -4.3558786e-03 1.4786215e-03 3.3600000e-02
      vertex -4.4432588e-03 1.1905676e-03 3.3600000e-02
    endloop
  endfacet
  facet normal 8.4019681e-01 -2.5487092e-01 4.7865450e-01
    outer loop
      vertex -3.7877205e-03 1.2857579e-03 3.2500000e-02
      vertex -4.4432588e-03 1.1905676e-03 3.3600000e-02
      vertex -3.8637033e-03 1.0352762e-03 3.2500000e-02
    endloop
  endfacet
  facet normal 8.5506724e-01 -1.9937372e-01 4.7865450e-01
    outer loop
      vertex -3.8637033e-03 1.0352762e-03 3.2500000e-02
      vertex -4.4432588e-03 1.1905676e-03 3.3600000e-02
      vertex -4.5116123e-03 8.9741548e-04 3.3600000e-02
    endloop
  endfacet
  facet normal 8.5506724e-01 -1.9937372e-01 4.7865450e-01
    outer loop
      vertex -3.8637033e-03 1.0352762e-03 3.2500000e-02
      vertex -4.5116123e-03 8.9741548e-04 3.3600000e-02
      vertex -3.9231411e-03 7.8036129e-04 3.2500000e-02
    endloop
  endfacet
  facet normal 8.6627614e-01 -1.4302277e-01 4.7865450e-01
    outer loop
      vertex -3.9231411e-03 7.8036129e-04 3.2500000e-02
      vertex -4.5116123e-03 8.9741548e-04 3.3600000e-02
      vertex -4.5606464e-03 6.0042048e-04 3.3600000e-02
    endloop
  endfacet
  facet normal 8.6627614e-01 -1.4302277e-01 4.7865450e-01
    outer loop
      vertex -3.9231411e-03 7.8036129e-04 3.2500000e-02
      vertex -4.5606464e-03 6.0042048e-04 3.3600000e-02
      vertex -3.9657794e-03 5.2210477e-04 3.2500000e-02
    endloop
  endfacet
  facet normal 8.7377552e-01 -8.6059377e-02 4.7865450e-01
    outer loop
      vertex -3.9657794e-03 5.2210477e-04 3.2500000e-02
      vertex -4.5606464e-03 6.0042048e-04 3.3600000e-02
      vertex -4.5901510e-03 3.0085439e-04 3.3600000e-02
    endloop
  endfacet
  facet normal 8.7377552e-01 -8.6059377e-02 4.7865450e-01
    outer loop
      vertex -3.9657794e-03 5.2210477e-04 3.2500000e-02
      vertex -4.5901510e-03 3.0085439e-04 3.3600000e-02
      vertex -3.9914357e-03 2.6161252e-04 3.2500000e-02
    endloop
  endfacet
  facet normal 8.7753325e-01 -2.8727464e-02 4.7865450e-01
    outer loop
      vertex -3.9914357e-03 2.6161252e-04 3.2500000e-02
      vertex -4.5901510e-03 3.0085439e-04 3.3600000e-02
      vertex -4.6000000e-03 5.6333753e-19 3.3600000e-02
    endloop
  endfacet
  facet normal 8.7753325e-01 -2.8727464e-02 4.7865450e-01
    outer loop
      vertex -3.9914357e-03 2.6161252e-04 3.2500000e-02
      vertex -4.6000000e-03 5.6333753e-19 3.3600000e-02
      vertex -4.0000000e-03 4.8985872e-19 3.2500000e-02
    endloop
  endfacet
  facet normal 8.7753325e-01 2.8727464e-02 4.7865450e-01
    outer loop
      vertex -4.0000000e-03 4.8985872e-19 3.2500000e-02
      vertex -4.6000000e-03 5.6333753e-19 3.3600000e-02
      vertex -4.5901510e-03 -3.0085439e-04 3.3600000e-02
    endloop
  endfacet
  facet normal 8.7753325e-01 2.8727464e-02 4.7865450e-01
    outer loop
      vertex -4.0000000e-03 4.8985872e-19 3.2500000e-02
      vertex -4.5901510e-03 -3.0085439e-04 3.3600000e-02
      vertex -3.9914357e-03 -2.6161252e-04 3.2500000e-02
    endloop
  endfacet
  facet normal 8.7377552e-01 8.6059377e-02 4.7865450e-01
    outer loop
      vertex -3.9914357e-03 -2.6161252e-04 3.2500000e-02
      vertex -4.5901510e-03 -3.0085439e-04 3.3600000e-02
      vertex -4.5606464e-03 -6.0042048e-04 3.3600000e-02
    endloop
  endfacet
  facet normal 8.7377552e-01 8.6059377e-02 4.7865450e-01
    outer loop
      vertex -3.9914357e-03 -2.6161252e-04 3.2500000e-02
      vertex -4.5606464e-03 -6.0042048e-04 3.3600000e-02
      vertex -3.9657794e-03 -5.2210477e-04 3.2500000e-02
    endloop
  endfacet
  facet normal 8.6627614e-01 1.4302277e-01 4.7865450e-01
    outer loop
      vertex -3.9657794e-03 -5.2210477e-04 3.2500000e-02
      vertex -4.5606464e-03 -6.0042048e-04 3.3600000e-02
      vertex -4.5116123e-03 -8.9741548e-04 3.3600000e-02
    endloop
  endfacet
  facet normal 8.6627614e-01 1.4302277e-01 4.7865450e-01
    outer loop
      vertex -3.9657794e-03 -5.2210477e-04 3.2500000e-02
      vertex -4.5116123e-03 -8.9741548e-04 3.3600000e-02
      vertex -3.9231411e-03 -7.8036129e-04 3.2500000e-02
    endloop
  endfacet
  facet normal 8.5506724e-01 1.9937372e-01 4.7865450e-01
    outer loop
      vertex -3.9231411e-03 -7.8036129e-04 3.2500000e-02
      vertex -4.5116123e-03 -8.9741548e-04 3.3600000e-02
      vertex -4.4432588e-03 -1.1905676e-03 3.3600000e-02
    endloop
  endfacet
  facet normal 8.5506724e-01 1.9937372e-01 4.7865450e-01
    outer loop
      vertex -3.9231411e-03 -7.8036129e-04 3.2500000e-02
      vertex -4.4432588e-03 -1.1905676e-03 3.3600000e-02
      vertex -3.8637033e-03 -1.0352762e-03 3.2500000e-02
    endloop
  endfacet
  facet normal 8.4019681e-01 2.5487092e-01 4.7865450e-01
    outer loop
      vertex -3.8637033e-03 -1.0352762e-03 3.2500000e-02
      vertex -4.4432588e-03 -1.1905676e-03 3.3600000e-02
      vertex -4.3558786e-03 -1.4786215e-03 3.3600000e-02
    endloop
  endfacet
  facet normal 8.4019681e-01 2.5487092e-01 4.7865450e-01
    outer loop
      vertex -3.8637033e-03 -1.0352762e-03 3.2500000e-02
      vertex -4.3558786e-03 -1.4786215e-03 3.3600000e-02
      vertex -3.7877205e-03 -1.2857579e-03 3.2500000e-02
    endloop
  endfacet
  facet normal 8.2172853e-01 3.0927672e-01 4.7865450e-01
    outer loop
      vertex -3.7877205e-03 -1.2857579e-03 3.2500000e-02
      vertex -4.3558786e-03 -1.4786215e-03 3.3600000e-02
      vertex -4.2498458e-03 -1.7603438e-03 3.3600000e-02
    endloop
  endfacet
  facet normal 8.2172853e-01 3.0927672e-01 4.7865450e-01
    outer loop
      vertex -3.7877205e-03 -1.2857579e-03 3.2500000e-02
      vertex -4.2498458e-03 -1.7603438e-03 3.3600000e-02
      vertex -3.6955181e-03 -1.5307337e-03 3.2500000e-02
    endloop
  endfacet
  facet normal 7.9974148e-01 3.6235815e-01 4.7865450e-01
    outer loop
      vertex -3.6955181e-03 -1.5307337e-03 3.2500000e-02
      vertex -4.2498458e-03 -1.7603438e-03 3.3600000e-02
      vertex -4.1256146e-03 -2.0345280e-03 3.3600000e-02
    endloop
  endfacet
  facet normal 7.9974148e-01 3.6235815e-01 4.7865450e-01
    outer loop
      vertex -3.6955181e-03 -1.5307337e-03 3.2500000e-02
      vertex -4.1256146e-03 -2.0345280e-03 3.3600000e-02
      vertex -3.5874910e-03 -1.7691548e-03 3.2500000e-02
    endloop
  endfacet
  facet normal 7.7432982e-01 4.1388791e-01 4.7865450e-01
    outer loop
      vertex -3.5874910e-03 -1.7691548e-03 3.2500000e-02
      vertex -4.1256146e-03 -2.0345280e-03 3.3600000e-02
      vertex -3.9837169e-03 -2.3000000e-03 3.3600000e-02
    endloop
  endfacet
  facet normal 7.7432982e-01 4.1388791e-01 4.7865450e-01
    outer loop
      vertex -3.5874910e-03 -1.7691548e-03 3.2500000e-02
      vertex -3.9837169e-03 -2.3000000e-03 3.3600000e-02
      vertex -3.4641016e-03 -2.0000000e-03 3.2500000e-02
    endloop
  endfacet
  facet normal 7.4560235e-01 4.6364534e-01 4.7865450e-01
    outer loop
      vertex -3.4641016e-03 -2.0000000e-03 3.2500000e-02
      vertex -3.9837169e-03 -2.3000000e-03 3.3600000e-02
      vertex -3.8247602e-03 -2.5556231e-03 3.3600000e-02
    endloop
  endfacet
  facet normal 7.4560235e-01 4.6364534e-01 4.7865450e-01
    outer loop
      vertex -3.4641016e-03 -2.0000000e-03 3.2500000e-02
      vertex -3.8247602e-03 -2.5556231e-03 3.3600000e-02
      vertex -3.3258784e-03 -2.2222809e-03 3.2500000e-02
    endloop
  endfacet
  facet normal 7.1368211e-01 5.1141737e-01 4.7865450e-01
    outer loop
      vertex -3.3258784e-03 -2.2222809e-03 3.2500000e-02
      vertex -3.8247602e-03 -2.5556231e-03 3.3600000e-02
      vertex -3.6494254e-03 -2.8003026e-03 3.3600000e-02
    endloop
  endfacet
  facet normal 7.1368211e-01 5.1141737e-01 4.7865450e-01
    outer loop
      vertex -3.3258784e-03 -2.2222809e-03 3.2500000e-02
      vertex -3.6494254e-03 -2.8003026e-03 3.3600000e-02
      vertex -3.1734134e-03 -2.4350457e-03 3.2500000e-02
    endloop
  endfacet
  facet normal 6.7870576e-01 5.5699942e-01 4.7865450e-01
    outer loop
      vertex -3.1734134e-03 -2.4350457e-03 3.2500000e-02
      vertex -3.6494254e-03 -2.8003026e-03 3.3600000e-02
      vertex -3.4584631e-03 -3.0329907e-03 3.3600000e-02
    endloop
  endfacet
  facet normal 6.7870576e-01 5.5699942e-01 4.7865450e-01
    outer loop
      vertex -3.1734134e-03 -2.4350457e-03 3.2500000e-02
      vertex -3.4584631e-03 -3.0329907e-03 3.3600000e-02
      vertex -3.0073592e-03 -2.6373833e-03 3.2500000e-02
    endloop
  endfacet
  facet normal 6.4082310e-01 6.0019633e-01 4.7865450e-01
    outer loop
      vertex -3.0073592e-03 -2.6373833e-03 3.2500000e-02
      vertex -3.4584631e-03 -3.0329907e-03 3.3600000e-02
      vertex -3.2526912e-03 -3.2526912e-03 3.3600000e-02
    endloop
  endfacet
  facet normal 6.4082310e-01 6.0019633e-01 4.7865450e-01
    outer loop
      vertex -3.0073592e-03 -2.6373833e-03 3.2500000e-02
      vertex -3.2526912e-03 -3.2526912e-03 3.3600000e-02
      vertex -2.8284271e-03 -2.8284271e-03 3.2500000e-02
    endloop
  endfacet
  facet normal 6.0019633e-01 6.4082310e-01 4.7865450e-01
    outer loop
      vertex -2.8284271e-03 -2.8284271e-03 3.2500000e-02
      vertex -3.2526912e-03 -3.2526912e-03 3.3600000e-02
      vertex -3.0329907e-03 -3.4584631e-03 3.3600000e-02
    endloop
  endfacet
  facet normal 6.0019633e-01 6.4082310e-01 4.7865450e-01
    outer loop
      vertex -2.8284271e-03 -2.8284271e-03 3.2500000e-02
      vertex -3.0329907e-03 -3.4584631e-03 3.3600000e-02
      vertex -2.6373833e-03 -3.0073592e-03 3.2500000e-02
    endloop
  endfacet
  facet normal 5.5699942e-01 6.7870576e-01 4.7865450e-01
    outer loop
      vertex -2.6373833e-03 -3.0073592e-03 3.2500000e-02
      vertex -3.0329907e-03 -3.4584631e-03 3.3600000e-02
      vertex -2.8003026e-03 -3.6494254e-03 3.3600000e-02
    endloop
  endfacet
  facet normal 5.5699942e-01 6.7870576e-01 4.7865450e-01
    outer loop
      vertex -2.6373833e-03 -3.0073592e-03 3.2500000e-02
      vertex -2.8003026e-03 -3.6494254e-03 3.3600000e-02
      vertex -2.4350457e-03 -3.1734134e-03 3.2500000e-02
    endloop
  endfacet
  facet normal 5.1141737e-01 7.1368211e-01 4.7865450e-01
    outer loop
      vertex -2.4350457e-03 -3.1734134e-03 3.2500000e-02
      vertex -2.8003026e-03 -3.6494254e-03 3.3600000e-02
      vertex -2.5556231e-03 -3.8247602e-03 3.3600000e-02
    endloop
  endfacet
  facet normal 5.1141737e-01 7.1368211e-01 4.7865450e-01
    outer loop
      vertex -2.4350457e-03 -3.1734134e-03 3.2500000e-02
      vertex -2.5556231e-03 -3.8247602e-03 3.3600000e-02
      vertex -2.2222809e-03 -3.3258784e-03 3.2500000e-02
    endloop
  endfacet
  facet normal 4.6364534e-01 7.4560235e-01 4.7865450e-01
    outer loop
      vertex -2.2222809e-03 -3.3258784e-03 3.2500000e-02
      vertex -2.5556231e-03 -3.8247602e-03 3.3600000e-02
      vertex -2.3000000e-03 -3.9837169e-03 3.3600000e-02
    endloop
  endfacet
  facet normal 4.6364534e-01 7.4560235e-01 4.7865450e-01
    outer loop
      vertex -2.2222809e-03 -3.3258784e-03 3.2500000e-02
      vertex -2.3000000e-03 -3.9837169e-03 3.3600000e-02
      vertex -2.0000000e-03 -3.4641016e-03 3.2500000e-02
    endloop
  endfacet
  facet normal 4.1388791e-01 7.7432982e-01 4.7865450e-01
    outer loop
      vertex -2.0000000e-03 -3.4641016e-03 3.2500000e-02
      vertex -2.3000000e-03 -3.9837169e-03 3.3600000e-02
      vertex -2.0345280e-03 -4.1256146e-03 3.3600000e-02
    endloop
  endfacet
  facet normal 4.1388791e-01 7.7432982e-01 4.7865450e-01
    outer loop
      vertex -2.0000000e-03 -3.4641016e-03 3.2500000e-02
      vertex -2.0345280e-03 -4.1256146e-03 3.3600000e-02
      vertex -1.7691548e-03 -3.5874910e-03 3.2500000e-02
    endloop
  endfacet
  facet normal 3.6235815e-01 7.9974148e-01 4.7865450e-01
    outer loop
      vertex -1.7691548e-03 -3.5874910e-03 3.2500000e-02
      vertex -2.0345280e-03 -4.1256146e-03 3.3600000e-02
      vertex -1.7603438e-03 -4.2498458e-03 3.3600000e-02
    endloop
  endfacet
  facet normal 3.6235815e-01 7.9974148e-01 4.7865450e-01
    outer loop
      vertex -1.7691548e-03 -3.5874910e-03 3.2500000e-02
      vertex -1.7603438e-03 -4.2498458e-03 3.3600000e-02
      vertex -1.5307337e-03 -3.6955181e-03 3.2500000e-02
    endloop
  endfacet
  facet normal 3.0927672e-01 8.2172853e-01 4.7865450e-01
    outer loop
      vertex -1.5307337e-03 -3.6955181e-03 3.2500000e-02
      vertex -1.7603438e-03 -4.2498458e-03 3.3600000e-02
      vertex -1.4786215e-03 -4.3558786e-03 3.3600000e-02
    endloop
  endfacet
  facet normal 3.0927672e-01 8.2172853e-01 4.7865450e-01
    outer loop
      vertex -1.5307337e-03 -3.6955181e-03 3.2500000e-02
      vertex -1.4786215e-03 -4.3558786e-03 3.3600000e-02
      vertex -1.2857579e-03 -3.7877205e-03 3.2500000e-02
    endloop
  endfacet
  facet normal 2.5487092e-01 8.4019681e-01 4.7865450e-01
    outer loop
      vertex -1.2857579e-03 -3.7877205e-03 3.2500000e-02
      vertex -1.4786215e-03 -4.3558786e-03 3.3600000e-02
      vertex -1.1905676e-03 -4.4432588e-03 3.3600000e-02
    endloop
  endfacet
  facet normal 2.5487092e-01 8.4019681e-01 4.7865450e-01
    outer loop
      vertex -1.2857579e-03 -3.7877205e-03 3.2500000e-02
      vertex -1.1905676e-03 -4.4432588e-03 3.3600000e-02
      vertex -1.0352762e-03 -3.8637033e-03 3.2500000e-02
    endloop
  endfacet
  facet normal 1.9937372e-01 8.5506724e-01 4.7865450e-01
    outer loop
      vertex -1.0352762e-03 -3.8637033e-03 3.2500000e-02
      vertex -1.1905676e-03 -4.4432588e-03 3.3600000e-02
      vertex -8.9741548e-04 -4.5116123e-03 3.3600000e-02
    endloop
  endfacet
  facet normal 1.9937372e-01 8.5506724e-01 4.7865450e-01
    outer loop
      vertex -1.0352762e-03 -3.8637033e-03 3.2500000e-02
      vertex -8.9741548e-04 -4.5116123e-03 3.3600000e-02
      vertex -7.8036129e-04 -3.9231411e-03 3.2500000e-02
    endloop
  endfacet
  facet normal 1.4302277e-01 8.6627614e-01 4.7865450e-01
    outer loop
      vertex -7.8036129e-04 -3.9231411e-03 3.2500000e-02
      vertex -8.9741548e-04 -4.5116123e-03 3.3600000e-02
      vertex -6.0042048e-04 -4.5606464e-03 3.3600000e-02
    endloop
  endfacet
  facet normal 1.4302277e-01 8.6627614e-01 4.7865450e-01
    outer loop
      vertex -7.8036129e-04 -3.9231411e-03 3.2500000e-02
      vertex -6.0042048e-04 -4.5606464e-03 3.3600000e-02
      vertex -5.2210477e-04 -3.9657794e-03 3.2500000e-02
    endloop
  endfacet
  facet normal 8.6059377e-02 8.7377552e-01 4.7865450e-01
    outer loop
      vertex -5.2210477e-04 -3.9657794e-03 3.2500000e-02
      vertex -6.0042048e-04 -4.5606464e-03 3.3600000e-02
      vertex -3.0085439e-04 -4.5901510e-03 3.3600000e-02
    endloop
  endfacet
  facet normal 8.6059377e-02 8.7377552e-01 4.7865450e-01
    outer loop
      vertex -5.2210477e-04 -3.9657794e-03 3.2500000e-02
      vertex -3.0085439e-04 -4.5901510e-03 3.3600000e-02
      vertex -2.6161252e-04 -3.9914357e-03 3.2500000e-02
    endloop
  endfacet
  facet normal 2.8727464e-02 8.7753325e-01 4.7865450e-01
    outer loop
      vertex -2.6161252e-04 -3.9914357e-03 3.2500000e-02
      vertex -3.0085439e-04 -4.5901510e-03 3.3600000e-02
      vertex -8.4500629e-19 -4.6000000e-03 3.3600000e-02
    endloop
  endfacet
  facet normal 2.8727464e-02 8.7753325e-01 4.7865450e-01
    outer loop
      vertex -2.6161252e-04 -3.9914357e-03 3.2500000e-02
      vertex -8.4500629e-19 -4.6000000e-03 3.3600000e-02
      vertex -7.3478808e-19 -4.0000000e-03 3.2500000e-02
    endloop
  endfacet
  facet normal -2.8727464e-02 8.7753325e-01 4.7865450e-01
    outer loop
      vertex -7.3478808e-19 -4.0000000e-03 3.2500000e-02
      vertex -8.4500629e-19 -4.6000000e-03 3.3600000e-02
      vertex 3.0085439e-04 -4.5901510e-03 3.3600000e-02
    endloop
  endfacet
  facet normal -2.8727464e-02 8.7753325e-01 4.7865450e-01
    outer loop
      vertex -7.3478808e-19 -4.0000000e-03 3.2500000e-02
      vertex 3.0085439e-04 -4.5901510e-03 3.3600000e-02
      vertex 2.6161252e-04 -3.9914357e-03 3.2500000e-02
    endloop
  endfacet
  facet normal -8.6059377e-02 8.7377552e-01 4.7865450e-01
    outer loop
      vertex 2.6161252e-04 -3.9914357e-03 3.2500000e-02
      vertex 3.0085439e-04 -4.5901510e-03 3.3600000e-02
      vertex 6.0042048e-04 -4.5606464e-03 3.3600000e-02
    endloop
  endfacet
  facet normal -8.6059377e-02 8.7377552e-01 4.7865450e-01
    outer loop
      vertex 2.6161252e-04 -3.9914357e-03 3.2500000e-02
      vertex 6.0042048e-04 -4.5606464e-03 3.3600000e-02
      vertex 5.2210477e-04 -3.9657794e-03 3.2500000e-02
    endloop
  endfacet
  facet normal -1.4302277e-01 8.6627614e-01 4.7865450e-01
    outer loop
      vertex 5.2210477e-04 -3.9657794e-03 3.2500000e-02
      vertex 6.0042048e-04 -4.5606464e-03 3.3600000e-02
      vertex 8.9741548e-04 -4.5116123e-03 3.3600000e-02
    endloop
  endfacet
  facet normal -1.4302277e-01 8.6627614e-01 4.7865450e-01
    outer loop
      vertex 5.2210477e-04 -3.9657794e-03 3.2500000e-02
      vertex 8.9741548e-04 -4.5116123e-03 3.3600000e-02
      vertex 7.8036129e-04 -3.9231411e-03 3.2500000e-02
    endloop
  endfacet
  facet normal -1.9937372e-01 8.5506724e-01 4.7865450e-01
    outer loop
      vertex 7.8036129e-04 -3.9231411e-03 3.2500000e-02
      vertex 8.9741548e-04 -4.5116123e-03 3.3600000e-02
      vertex 1.1905676e-03 -4.4432588e-03 3.3600000e-02
    endloop
  endfacet
  facet normal -1.9937372e-01 8.5506724e-01 4.7865450e-01
    outer loop
      vertex 7.8036129e-04 -3.9231411e-03 3.2500000e-02
      vertex 1.1905676e-03 -4.4432588e-03 3.3600000e-02
      vertex 1.0352762e-03 -3.8637033e-03 3.2500000e-02
    endloop
  endfacet
  facet normal -2.5487092e-01 8.4019681e-01 4.7865450e-01
    outer loop
      vertex 1.0352762e-03 -3.8637033e-03 3.2500000e-02
      vertex 1.1905676e-03 -4.4432588e-03 3.3600000e-02
      vertex 1.4786215e-03 -4.3558786e-03 3.3600000e-02
    endloop
  endfacet
  facet normal -2.5487092e-01 8.4019681e-01 4.7865450e-01
    outer loop
      vertex 1.0352762e-03 -3.8637033e-03 3.2500000e-02
      vertex 1.4786215e-03 -4.3558786e-03 3.3600000e-02
      vertex 1.2857579e-03 -3.7877205e-03 3.2500000e-02
    endloop
  endfacet
  facet normal -3.0927672e-01 8.2172853e-01 4.7865450e-01
    outer loop
      vertex 1.2857579e-03 -3.7877205e-03 3.2500000e-02
      vertex 1.4786215e-03 -4.3558786e-03 3.3600000e-02
      vertex 1.7603438e-03 -4.2498458e-03 3.3600000e-02
    endloop
  endfacet
  facet normal -3.0927672e-01 8.2172853e-01 4.7865450e-01
    outer loop
      vertex 1.2857579e-03 -3.7877205e-03 3.2500000e-02
      vertex 1.7603438e-03 -4.2498458e-03 3.3600000e-02
      vertex 1.5307337e-03 -3.6955181e-03 3.2500000e-02
    endloop
  endfacet
  facet normal -3.6235815e-01 7.9974148e-01 4.7865450e-01
    outer loop
      vertex 1.5307337e-03 -3.6955181e-03 3.2500000e-02
      vertex 1.7603438e-03 -4.2498458e-03 3.3600000e-02
      vertex 2.0345280e-03 -4.1256146e-03 3.3600000e-02
    endloop
  endfacet
  facet normal -3.6235815e-01 7.9974148e-01 4.7865450e-01
    outer loop
      vertex 1.5307337e-03 -3.6955181e-03 3.2500000e-02
      vertex 2.0345280e-03 -4.1256146e-03 3.3600000e-02
      vertex 1.7691548e-03 -3.5874910e-03 3.2500000e-02
    endloop
  endfacet
  facet normal -4.1388791e-01 7.7432982e-01 4.7865450e-01
    outer loop
      vertex 1.7691548e-03 -3.5874910e-03 3.2500000e-02
      vertex 2.0345280e-03 -4.1256146e-03 3.3600000e-02
      vertex 2.3000000e-03 -3.9837169e-03 3.3600000e-02
    endloop
  endfacet
  facet normal -4.1388791e-01 7.7432982e-01 4.7865450e-01
    outer loop
      vertex 1.7691548e-03 -3.5874910e-03 3.2500000e-02
      vertex 2.3000000e-03 -3.9837169e-03 3.3600000e-02
      vertex 2.0000000e-03 -3.4641016e-03 3.2500000e-02
    endloop
  endfacet
  facet normal -4.6364534e-01 7.4560235e-01 4.7865450e-01
    outer loop
      vertex 2.0000000e-03 -3.4641016e-03 3.2500000e-02
      vertex 2.3000000e-03 -3.9837169e-03 3.3600000e-02
      vertex 2.5556231e-03 -3.8247602e-03 3.3600000e-02
    endloop
  endfacet
  facet normal -4.6364534e-01 7.4560235e-01 4.7865450e-01
    outer loop
      vertex 2.0000000e-03 -3.4641016e-03 3.2500000e-02
      vertex 2.5556231e-03 -3.8247602e-03 3.3600000e-02
      vertex 2.2222809e-03 -3.3258784e-03 3.2500000e-02
    endloop
  endfacet
  facet normal -5.1141737e-01 7.1368211e-01 4.7865450e-01
    outer loop
      vertex 2.2222809e-03 -3.3258784e-03 3.2500000e-02
      vertex 2.5556231e-03 -3.8247602e-03 3.3600000e-02
      vertex 2.8003026e-03 -3.6494254e-03 3.3600000e-02
    endloop
  endfacet
  facet normal -5.1141737e-01 7.1368211e-01 4.7865450e-01
    outer loop
      vertex 2.2222809e-03 -3.3258784e-03 3.2500000e-02
      vertex 2.8003026e-03 -3.6494254e-03 3.3600000e-02
      vertex 2.4350457e-03 -3.1734134e-03 3.2500000e-02
    endloop
  endfacet
  facet normal -5.5699942e-01 6.7870576e-01 4.7865450e-01
    outer loop
      vertex 2.4350457e-03 -3.1734134e-03 3.2500000e-02
      vertex 2.8003026e-03 -3.6494254e-03 3.3600000e-02
      vertex 3.0329907e-03 -3.4584631e-03 3.3600000e-02
    endloop
  endfacet
  facet normal -5.5699942e-01 6.7870576e-01 4.7865450e-01
    outer loop
      vertex 2.4350457e-03 -3.1734134e-03 3.2500000e-02
      vertex 3.0329907e-03 -3.4584631e-03 3.3600000e-02
      vertex 2.6373833e-03 -3.0073592e-03 3.2500000e-02
    endloop
  endfacet
  facet normal -6.0019633e-01 6.4082310e-01 4.7865450e-01
    outer loop
      vertex 2.6373833e-03 -3.0073592e-03 3.2500000e-02
      vertex 3.0329907e-03 -3.4584631e-03 3.3600000e-02
      vertex 3.2526912e-03 -3.2526912e-03 3.3600000e-02
    endloop
  endfacet
  facet normal -6.0019633e-01 6.4082310e-01 4.7865450e-01
    outer loop
      vertex 2.6373833e-03 -3.0073592e-03 3.2500000e-02
      vertex 3.2526912e-03 -3.2526912e-03 3.3600000e-02
      vertex 2.8284271e-03 -2.8284271e-03 3.2500000e-02
    endloop
  endfacet
  facet normal -6.4082310e-01 6.0019633e-01 4.7865450e-01
    outer loop
      vertex 2.8284271e-03 -2.8284271e-03 3.2500000e-02
      vertex 3.2526912e-03 -3.2526912e-03 3.3600000e-02
      vertex 3.4584631e-03 -3.0329907e-03 3.3600000e-02
    endloop
  endfacet
  facet normal -6.4082310e-01 6.0019633e-01 4.7865450e-01
    outer loop
      vertex 2.8284271e-03 -2.8284271e-03 3.2500000e-02
      vertex 3.4584631e-03 -3.0329907e-03 3.3600000e-02
      vertex 3.0073592e-03 -2.6373833e-03 3.2500000e-02
    endloop
  endfacet
  facet normal -6.7870576e-01 5.5699942e-01 4.7865450e-01
    outer loop
      vertex 3.0073592e-03 -2.6373833e-03 3.2500000e-02
      vertex 3.4584631e-03 -3.0329907e-03 3.3600000e-02
      vertex 3.6494254e-03 -2.8003026e-03 3.3600000e-02
    endloop
  endfacet
  facet normal -6.7870576e-01 5.5699942e-01 4.7865450e-01
    outer loop
      vertex 3.0073592e-03 -2.6373833e-03 3.2500000e-02
      vertex 3.6494254e-03 -2.8003026e-03 3.3600000e-02
      vertex 3.1734134e-03 -2.4350457e-03 3.2500000e-02
    endloop
  endfacet
  facet normal -7.1368211e-01 5.1141737e-01 4.7865450e-01
    outer loop
      vertex 3.1734134e-03 -2.4350457e-03 3.2500000e-02
      vertex 3.6494254e-03 -2.8003026e-03 3.3600000e-02
      vertex 3.8247602e-03 -2.5556231e-03 3.3600000e-02
    endloop
  endfacet
  facet normal -7.1368211e-01 5.1141737e-01 4.7865450e-01
    outer loop
      vertex 3.1734134e-03 -2.4350457e-03 3.2500000e-02
      vertex 3.8247602e-03 -2.5556231e-03 3.3600000e-02
      vertex 3.3258784e-03 -2.2222809e-03 3.2500000e-02
    endloop
  endfacet
  facet normal -7.4560235e-01 4.6364534e-01 4.7865450e-01
    outer loop
      vertex 3.3258784e-03 -2.2222809e-03 3.2500000e-02
      vertex 3.8247602e-03 -2.5556231e-03 3.3600000e-02
      vertex 3.9837169e-03 -2.3000000e-03 3.3600000e-02
    endloop
  endfacet
  facet normal -7.4560235e-01 4.6364534e-01 4.7865450e-01
    outer loop
      vertex 3.3258784e-03 -2.2222809e-03 3.2500000e-02
      vertex 3.9837169e-03 -2.3000000e-03 3.3600000e-02
      vertex 3.4641016e-03 -2.0000000e-03 3.2500000e-02
    endloop
  endfacet
  facet normal -7.7432982e-01 4.1388791e-01 4.7865450e-01
    outer loop
      vertex 3.4641016e-03 -2.0000000e-03 3.2500000e-02
      vertex 3.9837169e-03 -2.3000000e-03 3.3600000e-02
      vertex 4.1256146e-03 -2.0345280e-03 3.3600000e-02
    endloop
  endfacet
  facet normal -7.7432982e-01 4.1388791e-01 4.7865450e-01
    outer loop
      vertex 3.4641016e-03 -2.0000000e-03 3.2500000e-02
      vertex 4.1256146e-03 -2.0345280e-03 3.3600000e-02
      vertex 3.5874910e-03 -1.7691548e-03 3.2500000e-02
    endloop
  endfacet
  facet normal -7.9974148e-01 3.6235815e-01 4.7865450e-01
    outer loop
      vertex 3.5874910e-03 -1.7691548e-03 3.2500000e-02
      vertex 4.1256146e-03 -2.0345280e-03 3.3600000e-02
      vertex 4.2498458e-03 -1.7603438e-03 3.3600000e-02
    endloop
  endfacet
  facet normal -7.9974148e-01 3.6235815e-01 4.7865450e-01
    outer loop
      vertex 3.5874910e-03 -1.7691548e-03 3.2500000e-02
      vertex 4.2498458e-03 -1.7603438e-03 3.3600000e-02
      vertex 3.6955181e-03 -1.5307337e-03 3.2500000e-02
    endloop
  endfacet
  facet normal -8.2172853e-01 3.0927672e-01 4.7865450e-01
    outer loop
      vertex 3.6955181e-03 -1.5307337e-03 3.2500000e-02
      vertex 4.2498458e-03 -1.7603438e-03 3.3600000e-02
      vertex 4.3558786e-03 -1.4786215e-03 3.3600000e-02
    endloop
  endfacet
  facet normal -8.2172853e-01 3.0927672e-01 4.7865450e-01
    outer loop
      vertex 3.6955181e-03 -1.5307337e-03 3.2500000e-02
      vertex 4.3558786e-03 -1.4786215e-03 3.3600000e-02
      vertex 3.7877205e-03 -1.2857579e-03 3.2500000e-02
    endloop
  endfacet
  facet normal -8.4019681e-01 2.5487092e-01 4.7865450e-01
    outer loop
      vertex 3.7877205e-03 -1.2857579e-03 3.2500000e-02
      vertex 4.3558786e-03 -1.4786215e-03 3.3600000e-02
      vertex 4.4432588e-03 -1.1905676e-03 3.3600000e-02
    endloop
  endfacet
  facet normal -8.4019681e-01 2.5487092e-01 4.7865450e-01
    outer loop
      vertex 3.7877205e-03 -1.2857579e-03 3.2500000e-02
      vertex 4.4432588e-03 -1.1905676e-03 3.3600000e-02
      vertex 3.8637033e-03 -1.0352762e-03 3.2500000e-02
    endloop
  endfacet
  facet normal -8.5506724e-01 1.9937372e-01 4.7865450e-01
    outer loop
      vertex 3.8637033e-03 -1.0352762e-03 3.2500000e-02
      vertex 4.4432588e-03 -1.1905676e-03 3.3600000e-02
      vertex 4.5116123e-03 -8.9741548e-04 3.3600000e-02
    endloop
  endfacet
  facet normal -8.5506724e-01 1.9937372e-01 4.7865450e-01
    outer loop
      vertex 3.8637033e-03 -1.0352762e-03 3.2500000e-02
      vertex 4.5116123e-03 -8.9741548e-04 3.3600000e-02
      vertex 3.9231411e-03 -7.8036129e-04 3.2500000e-02
    endloop
  endfacet
  facet normal -8.6627614e-01 1.4302277e-01 4.7865450e-01
    outer loop
      vertex 3.9231411e-03 -7.8036129e-04 3.2500000e-02
      vertex 4.5116123e-03 -8.9741548e-04 3.3600000e-02
      vertex 4.5606464e-03 -6.0042048e-04 3.3600000e-02
    endloop
  endfacet
  facet normal -8.6627614e-01 1.4302277e-01 4.7865450e-01
    outer loop
      vertex 3.9231411e-03 -7.8036129e-04 3.2500000e-02
      vertex 4.5606464e-03 -6.0042048e-04 3.3600000e-02
      vertex 3.9657794e-03 -5.2210477e-04 3.2500000e-02
    endloop
  endfacet
  facet normal -8.7377552e-01 8.6059377e-02 4.7865450e-01
    outer loop
      vertex 3.9657794e-03 -5.2210477e-04 3.2500000e-02
      vertex 4.5606464e-03 -6.0042048e-04 3.3600000e-02
      vertex 4.5901510e-03 -3.0085439e-04 3.3600000e-02
    endloop
  endfacet
  facet normal -8.7377552e-01 8.6059377e-02 4.7865450e-01
    outer loop
      vertex 3.9657794e-03 -5.2210477e-04 3.2500000e-02
      vertex 4.5901510e-03 -3.0085439e-04 3.3600000e-02
      vertex 3.9914357e-03 -2.6161252e-04 3.2500000e-02
    endloop
  endfacet
  facet normal -8.7753325e-01 2.8727464e-02 4.7865450e-01
    outer loop
      vertex 3.9914357e-03 -2.6161252e-04 3.2500000e-02
      vertex 4.5901510e-03 -3.0085439e-04 3.3600000e-02
      vertex 4.6000000e-03 -1.1266751e-18 3.3600000e-02
    endloop
  endfacet
  facet normal -8.7753325e-01 2.8727464e-02 4.7865450e-01
    outer loop
      vertex 3.9914357e-03 -2.6161252e-04 3.2500000e-02
      vertex 4.6000000e-03 -1.1266751e-18 3.3600000e-02
      vertex 4.0000000e-03 -9.7971744e-19 3.2500000e-02
    endloop
  endfacet
  facet normal -7.4307419e-01 -2.4325730e-02 6.6876678e-01
    outer loop
      vertex 4.6000000e-03 0.0000000e+00 3.3600000e-02
      vertex 5.5000000e-03 0.0000000e+00 3.4600000e-02
      vertex 5.4882241e-03 3.5971721e-04 3.4600000e-02
    endloop
  endfacet
  facet normal -7.4307419e-01 -2.4325730e-02 6.6876678e-01
    outer loop
      vertex 4.6000000e-03 0.0000000e+00 3.3600000e-02
      vertex 5.4882241e-03 3.5971721e-04 3.4600000e-02
      vertex 4.5901510e-03 3.0085439e-04 3.3600000e-02
    endloop
  endfacet
  facet normal -7.3989224e-01 -7.2873025e-02 6.6876678e-01
    outer loop
      vertex 4.5901510e-03 3.0085439e-04 3.3600000e-02
      vertex 5.4882241e-03 3.5971721e-04 3.4600000e-02
      vertex 5.4529467e-03 7.1789406e-04 3.4600000e-02
    endloop
  endfacet
  facet normal -7.3989224e-01 -7.2873025e-02 6.6876678e-01
    outer loop
      vertex 4.5901510e-03 3.0085439e-04 3.3600000e-02
      vertex 5.4529467e-03 7.1789406e-04 3.4600000e-02
      vertex 4.5606464e-03 6.0042048e-04 3.3600000e-02
    endloop
  endfacet
  facet normal -7.3354195e-01 -1.2110827e-01 6.6876678e-01
    outer loop
      vertex 4.5606464e-03 6.0042048e-04 3.3600000e-02
      vertex 5.4529467e-03 7.1789406e-04 3.4600000e-02
      vertex 5.3943190e-03 1.0729968e-03 3.4600000e-02
    endloop
  endfacet
  facet normal -7.3354195e-01 -1.2110827e-01 6.6876678e-01
    outer loop
      vertex 4.5606464e-03 6.0042048e-04 3.3600000e-02
      vertex 5.3943190e-03 1.0729968e-03 3.4600000e-02
      vertex 4.5116123e-03 8.9741548e-04 3.3600000e-02
    endloop
  endfacet
  facet normal -7.2405052e-01 -1.6882490e-01 6.6876678e-01
    outer loop
      vertex 4.5116123e-03 8.9741548e-04 3.3600000e-02
      vertex 5.3943190e-03 1.0729968e-03 3.4600000e-02
      vertex 5.3125920e-03 1.4235047e-03 3.4600000e-02
    endloop
  endfacet
  facet normal -7.2405052e-01 -1.6882490e-01 6.6876678e-01
    outer loop
      vertex 4.5116123e-03 8.9741548e-04 3.3600000e-02
      vertex 5.3125920e-03 1.4235047e-03 3.4600000e-02
      vertex 4.4432588e-03 1.1905676e-03 3.3600000e-02
    endloop
  endfacet
  facet normal -7.1145859e-01 -2.1581860e-01 6.6876678e-01
    outer loop
      vertex 4.4432588e-03 1.1905676e-03 3.3600000e-02
      vertex 5.3125920e-03 1.4235047e-03 3.4600000e-02
      vertex 5.2081157e-03 1.7679171e-03 3.4600000e-02
    endloop
  endfacet
  facet normal -7.1145859e-01 -2.1581860e-01 6.6876678e-01
    outer loop
      vertex 4.4432588e-03 1.1905676e-03 3.3600000e-02
      vertex 5.2081157e-03 1.7679171e-03 3.4600000e-02
      vertex 4.3558786e-03 1.4786215e-03 3.3600000e-02
    endloop
  endfacet
  facet normal -6.9582009e-01 -2.6188814e-01 6.6876678e-01
    outer loop
      vertex 4.3558786e-03 1.4786215e-03 3.3600000e-02
      vertex 5.2081157e-03 1.7679171e-03 3.4600000e-02
      vertex 5.0813374e-03 2.1047589e-03 3.4600000e-02
    endloop
  endfacet
  facet normal -6.9582009e-01 -2.6188814e-01 6.6876678e-01
    outer loop
      vertex 4.3558786e-03 1.4786215e-03 3.3600000e-02
      vertex 5.0813374e-03 2.1047589e-03 3.4600000e-02
      vertex 4.2498458e-03 1.7603438e-03 3.3600000e-02
    endloop
  endfacet
  facet normal -6.7720199e-01 -3.0683623e-01 6.6876678e-01
    outer loop
      vertex 4.2498458e-03 1.7603438e-03 3.3600000e-02
      vertex 5.0813374e-03 2.1047589e-03 3.4600000e-02
      vertex 4.9328001e-03 2.4325878e-03 3.4600000e-02
    endloop
  endfacet
  facet normal -6.7720199e-01 -3.0683623e-01 6.6876678e-01
    outer loop
      vertex 4.2498458e-03 1.7603438e-03 3.3600000e-02
      vertex 4.9328001e-03 2.4325878e-03 3.4600000e-02
      vertex 4.1256146e-03 2.0345280e-03 3.3600000e-02
    endloop
  endfacet
  facet normal -6.5568399e-01 -3.5047040e-01 6.6876678e-01
    outer loop
      vertex 4.1256146e-03 2.0345280e-03 3.3600000e-02
      vertex 4.9328001e-03 2.4325878e-03 3.4600000e-02
      vertex 4.7631397e-03 2.7500000e-03 3.4600000e-02
    endloop
  endfacet
  facet normal -6.5568399e-01 -3.5047040e-01 6.6876678e-01
    outer loop
      vertex 4.1256146e-03 2.0345280e-03 3.3600000e-02
      vertex 4.7631397e-03 2.7500000e-03 3.4600000e-02
      vertex 3.9837169e-03 2.3000000e-03 3.3600000e-02
    endloop
  endfacet
  facet normal -6.3135826e-01 -3.9260380e-01 6.6876678e-01
    outer loop
      vertex 3.9837169e-03 2.3000000e-03 3.3600000e-02
      vertex 4.7631397e-03 2.7500000e-03 3.4600000e-02
      vertex 4.5730829e-03 3.0556363e-03 3.4600000e-02
    endloop
  endfacet
  facet normal -6.3135826e-01 -3.9260380e-01 6.6876678e-01
    outer loop
      vertex 3.9837169e-03 2.3000000e-03 3.3600000e-02
      vertex 4.5730829e-03 3.0556363e-03 3.4600000e-02
      vertex 3.8247602e-03 2.5556231e-03 3.3600000e-02
    endloop
  endfacet
  facet normal -6.0432896e-01 -4.3305601e-01 6.6876678e-01
    outer loop
      vertex 3.8247602e-03 2.5556231e-03 3.3600000e-02
      vertex 4.5730829e-03 3.0556363e-03 3.4600000e-02
      vertex 4.3634434e-03 3.3481879e-03 3.4600000e-02
    endloop
  endfacet
  facet normal -6.0432896e-01 -4.3305601e-01 6.6876678e-01
    outer loop
      vertex 3.8247602e-03 2.5556231e-03 3.3600000e-02
      vertex 4.3634434e-03 3.3481879e-03 3.4600000e-02
      vertex 3.6494254e-03 2.8003026e-03 3.3600000e-02
    endloop
  endfacet
  facet normal -5.7471183e-01 -4.7165381e-01 6.6876678e-01
    outer loop
      vertex 3.6494254e-03 2.8003026e-03 3.3600000e-02
      vertex 4.3634434e-03 3.3481879e-03 3.4600000e-02
      vertex 4.1351189e-03 3.6264020e-03 3.4600000e-02
    endloop
  endfacet
  facet normal -5.7471183e-01 -4.7165381e-01 6.6876678e-01
    outer loop
      vertex 3.6494254e-03 2.8003026e-03 3.3600000e-02
      vertex 4.1351189e-03 3.6264020e-03 3.4600000e-02
      vertex 3.4584631e-03 3.0329907e-03 3.3600000e-02
    endloop
  endfacet
  facet normal -5.4263369e-01 -5.0823191e-01 6.6876678e-01
    outer loop
      vertex 3.4584631e-03 3.0329907e-03 3.3600000e-02
      vertex 4.1351189e-03 3.6264020e-03 3.4600000e-02
      vertex 3.8890873e-03 3.8890873e-03 3.4600000e-02
    endloop
  endfacet
  facet normal -5.4263369e-01 -5.0823191e-01 6.6876678e-01
    outer loop
      vertex 3.4584631e-03 3.0329907e-03 3.3600000e-02
      vertex 3.8890873e-03 3.8890873e-03 3.4600000e-02
      vertex 3.2526912e-03 3.2526912e-03 3.3600000e-02
    endloop
  endfacet
  facet normal -5.0823191e-01 -5.4263369e-01 6.6876678e-01
    outer loop
      vertex 3.2526912e-03 3.2526912e-03 3.3600000e-02
      vertex 3.8890873e-03 3.8890873e-03 3.4600000e-02
      vertex 3.6264020e-03 4.1351189e-03 3.4600000e-02
    endloop
  endfacet
  facet normal -5.0823191e-01 -5.4263369e-01 6.6876678e-01
    outer loop
      vertex 3.2526912e-03 3.2526912e-03 3.3600000e-02
      vertex 3.6264020e-03 4.1351189e-03 3.4600000e-02
      vertex 3.0329907e-03 3.4584631e-03 3.3600000e-02
    endloop
  endfacet
  facet normal -4.7165381e-01 -5.7471183e-01 6.6876678e-01
    outer loop
      vertex 3.0329907e-03 3.4584631e-03 3.3600000e-02
      vertex 3.6264020e-03 4.1351189e-03 3.4600000e-02
      vertex 3.3481879e-03 4.3634434e-03 3.4600000e-02
    endloop
  endfacet
  facet normal -4.7165381e-01 -5.7471183e-01 6.6876678e-01
    outer loop
      vertex 3.0329907e-03 3.4584631e-03 3.3600000e-02
      vertex 3.3481879e-03 4.3634434e-03 3.4600000e-02
      vertex 2.8003026e-03 3.6494254e-03 3.3600000e-02
    endloop
  endfacet
  facet normal -4.3305601e-01 -6.0432896e-01 6.6876678e-01
    outer loop
      vertex 2.8003026e-03 3.6494254e-03 3.3600000e-02
      vertex 3.3481879e-03 4.3634434e-03 3.4600000e-02
      vertex 3.0556363e-03 4.5730829e-03 3.4600000e-02
    endloop
  endfacet
  facet normal -4.3305601e-01 -6.0432896e-01 6.6876678e-01
    outer loop
      vertex 2.8003026e-03 3.6494254e-03 3.3600000e-02
      vertex 3.0556363e-03 4.5730829e-03 3.4600000e-02
      vertex 2.5556231e-03 3.8247602e-03 3.3600000e-02
    endloop
  endfacet
  facet normal -3.9260380e-01 -6.3135826e-01 6.6876678e-01
    outer loop
      vertex 2.5556231e-03 3.8247602e-03 3.3600000e-02
      vertex 3.0556363e-03 4.5730829e-03 3.4600000e-02
      vertex 2.7500000e-03 4.7631397e-03 3.4600000e-02
    endloop
  endfacet
  facet normal -3.9260380e-01 -6.3135826e-01 6.6876678e-01
    outer loop
      vertex 2.5556231e-03 3.8247602e-03 3.3600000e-02
      vertex 2.7500000e-03 4.7631397e-03 3.4600000e-02
      vertex 2.3000000e-03 3.9837169e-03 3.3600000e-02
    endloop
  endfacet
  facet normal -3.5047040e-01 -6.5568399e-01 6.6876678e-01
    outer loop
      vertex 2.3000000e-03 3.9837169e-03 3.3600000e-02
      vertex 2.7500000e-03 4.7631397e-03 3.4600000e-02
      vertex 2.4325878e-03 4.9328001e-03 3.4600000e-02
    endloop
  endfacet
  facet normal -3.5047040e-01 -6.5568399e-01 6.6876678e-01
    outer loop
      vertex 2.3000000e-03 3.9837169e-03 3.3600000e-02
      vertex 2.4325878e-03 4.9328001e-03 3.4600000e-02
      vertex 2.0345280e-03 4.1256146e-03 3.3600000e-02
    endloop
  endfacet
  facet normal -3.0683623e-01 -6.7720199e-01 6.6876678e-01
    outer loop
      vertex 2.0345280e-03 4.1256146e-03 3.3600000e-02
      vertex 2.4325878e-03 4.9328001e-03 3.4600000e-02
      vertex 2.1047589e-03 5.0813374e-03 3.4600000e-02
    endloop
  endfacet
  facet normal -3.0683623e-01 -6.7720199e-01 6.6876678e-01
    outer loop
      vertex 2.0345280e-03 4.1256146e-03 3.3600000e-02
      vertex 2.1047589e-03 5.0813374e-03 3.4600000e-02
      vertex 1.7603438e-03 4.2498458e-03 3.3600000e-02
    endloop
  endfacet
  facet normal -2.6188814e-01 -6.9582009e-01 6.6876678e-01
    outer loop
      vertex 1.7603438e-03 4.2498458e-03 3.3600000e-02
      vertex 2.1047589e-03 5.0813374e-03 3.4600000e-02
      vertex 1.7679171e-03 5.2081157e-03 3.4600000e-02
    endloop
  endfacet
  facet normal -2.6188814e-01 -6.9582009e-01 6.6876678e-01
    outer loop
      vertex 1.7603438e-03 4.2498458e-03 3.3600000e-02
      vertex 1.7679171e-03 5.2081157e-03 3.4600000e-02
      vertex 1.4786215e-03 4.3558786e-03 3.3600000e-02
    endloop
  endfacet
  facet normal -2.1581860e-01 -7.1145859e-01 6.6876678e-01
    outer loop
      vertex 1.4786215e-03 4.3558786e-03 3.3600000e-02
      vertex 1.7679171e-03 5.2081157e-03 3.4600000e-02
      vertex 1.4235047e-03 5.3125920e-03 3.4600000e-02
    endloop
  endfacet
  facet normal -2.1581860e-01 -7.1145859e-01 6.6876678e-01
    outer loop
      vertex 1.4786215e-03 4.3558786e-03 3.3600000e-02
      vertex 1.4235047e-03 5.3125920e-03 3.4600000e-02
      vertex 1.1905676e-03 4.4432588e-03 3.3600000e-02
    endloop
  endfacet
  facet normal -1.6882490e-01 -7.2405052e-01 6.6876678e-01
    outer loop
      vertex 1.1905676e-03 4.4432588e-03 3.3600000e-02
      vertex 1.4235047e-03 5.3125920e-03 3.4600000e-02
      vertex 1.0729968e-03 5.3943190e-03 3.4600000e-02
    endloop
  endfacet
  facet normal -1.6882490e-01 -7.2405052e-01 6.6876678e-01
    outer loop
      vertex 1.1905676e-03 4.4432588e-03 3.3600000e-02
      vertex 1.0729968e-03 5.3943190e-03 3.4600000e-02
      vertex 8.9741548e-04 4.5116123e-03 3.3600000e-02
    endloop
  endfacet
  facet normal -1.2110827e-01 -7.3354195e-01 6.6876678e-01
    outer loop
      vertex 8.9741548e-04 4.5116123e-03 3.3600000e-02
      vertex 1.0729968e-03 5.3943190e-03 3.4600000e-02
      vertex 7.1789406e-04 5.4529467e-03 3.4600000e-02
    endloop
  endfacet
  facet normal -1.2110827e-01 -7.3354195e-01 6.6876678e-01
    outer loop
      vertex 8.9741548e-04 4.5116123e-03 3.3600000e-02
      vertex 7.1789406e-04 5.4529467e-03 3.4600000e-02
      vertex 6.0042048e-04 4.5606464e-03 3.3600000e-02
    endloop
  endfacet
  facet normal -7.2873025e-02 -7.3989224e-01 6.6876678e-01
    outer loop
      vertex 6.0042048e-04 4.5606464e-03 3.3600000e-02
      vertex 7.1789406e-04 5.4529467e-03 3.4600000e-02
      vertex 3.5971721e-04 5.4882241e-03 3.4600000e-02
    endloop
  endfacet
  facet normal -7.2873025e-02 -7.3989224e-01 6.6876678e-01
    outer loop
      vertex 6.0042048e-04 4.5606464e-03 3.3600000e-02
      vertex 3.5971721e-04 5.4882241e-03 3.4600000e-02
      vertex 3.0085439e-04 4.5901510e-03 3.3600000e-02
    endloop
  endfacet
  facet normal -2.4325730e-02 -7.4307419e-01 6.6876678e-01
    outer loop
      vertex 3.0085439e-04 4.5901510e-03 3.3600000e-02
      vertex 3.5971721e-04 5.4882241e-03 3.4600000e-02
      vertex 3.3677787e-19 5.5000000e-03 3.4600000e-02
    endloop
  endfacet
  facet normal -2.4325730e-02 -7.4307419e-01 6.6876678e-01
    outer loop
      vertex 3.0085439e-04 4.5901510e-03 3.3600000e-02
      vertex 3.3677787e-19 5.5000000e-03 3.4600000e-02
      vertex 2.8166876e-19 4.6000000e-03 3.3600000e-02
    endloop
  endfacet
  facet normal 2.4325730e-02 -7.4307419e-01 6.6876678e-01
    outer loop
      vertex 2.8166876e-19 4.6000000e-03 3.3600000e-02
      vertex 3.3677787e-19 5.5000000e-03 3.4600000e-02
      vertex -3.5971721e-04 5.4882241e-03 3.4600000e-02
    endloop
  endfacet
  facet normal 2.4325730e-02 -7.4307419e-01 6.6876678e-01
    outer loop
      vertex 2.8166876e-19 4.6000000e-03 3.3600000e-02
      vertex -3.5971721e-04 5.4882241e-03 3.4600000e-02
      vertex -3.0085439e-04 4.5901510e-03 3.3600000e-02
    endloop
  endfacet
  facet normal 7.2873025e-02 -7.3989224e-01 6.6876678e-01
    outer loop
      vertex -3.0085439e-04 4.5901510e-03 3.3600000e-02
      vertex -3.5971721e-04 5.4882241e-03 3.4600000e-02
      vertex -7.1789406e-04 5.4529467e-03 3.4600000e-02
    endloop
  endfacet
  facet normal 7.2873025e-02 -7.3989224e-01 6.6876678e-01
    outer loop
      vertex -3.0085439e-04 4.5901510e-03 3.3600000e-02
      vertex -7.1789406e-04 5.4529467e-03 3.4600000e-02
      vertex -6.0042048e-04 4.5606464e-03 3.3600000e-02
    endloop
  endfacet
  facet normal 1.2110827e-01 -7.3354195e-01 6.6876678e-01
    outer loop
      vertex -6.0042048e-04 4.5606464e-03 3.3600000e-02
      vertex -7.1789406e-04 5.4529467e-03 3.4600000e-02
      vertex -1.0729968e-03 5.3943190e-03 3.4600000e-02
    endloop
  endfacet
  facet normal 1.2110827e-01 -7.3354195e-01 6.6876678e-01
    outer loop
      vertex -6.0042048e-04 4.5606464e-03 3.3600000e-02
      vertex -1.0729968e-03 5.3943190e-03 3.4600000e-02
      vertex -8.9741548e-04 4.5116123e-03 3.3600000e-02
    endloop
  endfacet
  facet normal 1.6882490e-01 -7.2405052e-01 6.6876678e-01
    outer loop
      vertex -8.9741548e-04 4.5116123e-03 3.3600000e-02
      vertex -1.0729968e-03 5.3943190e-03 3.4600000e-02
      vertex -1.4235047e-03 5.3125920e-03 3.4600000e-02
    endloop
  endfacet
  facet normal 1.6882490e-01 -7.2405052e-01 6.6876678e-01
    outer loop
      vertex -8.9741548e-04 4.5116123e-03 3.3600000e-02
      vertex -1.4235047e-03 5.3125920e-03 3.4600000e-02
      vertex -1.1905676e-03 4.4432588e-03 3.3600000e-02
    endloop
  endfacet
  facet normal 2.1581860e-01 -7.1145859e-01 6.6876678e-01
    outer loop
      vertex -1.1905676e-03 4.4432588e-03 3.3600000e-02
      vertex -1.4235047e-03 5.3125920e-03 3.4600000e-02
      vertex -1.7679171e-03 5.2081157e-03 3.4600000e-02
    endloop
  endfacet
  facet normal 2.1581860e-01 -7.1145859e-01 6.6876678e-01
    outer loop
      vertex -1.1905676e-03 4.4432588e-03 3.3600000e-02
      vertex -1.7679171e-03 5.2081157e-03 3.4600000e-02
      vertex -1.4786215e-03 4.3558786e-03 3.3600000e-02
    endloop
  endfacet
  facet normal 2.6188814e-01 -6.9582009e-01 6.6876678e-01
    outer loop
      vertex -1.4786215e-03 4.3558786e-03 3.3600000e-02
      vertex -1.7679171e-03 5.2081157e-03 3.4600000e-02
      vertex -2.1047589e-03 5.0813374e-03 3.4600000e-02
    endloop
  endfacet
  facet normal 2.6188814e-01 -6.9582009e-01 6.6876678e-01
    outer loop
      vertex -1.4786215e-03 4.3558786e-03 3.3600000e-02
      vertex -2.1047589e-03 5.0813374e-03 3.4600000e-02
      vertex -1.7603438e-03 4.2498458e-03 3.3600000e-02
    endloop
  endfacet
  facet normal 3.0683623e-01 -6.7720199e-01 6.6876678e-01
    outer loop
      vertex -1.7603438e-03 4.2498458e-03 3.3600000e-02
      vertex -2.1047589e-03 5.0813374e-03 3.4600000e-02
      vertex -2.4325878e-03 4.9328001e-03 3.4600000e-02
    endloop
  endfacet
  facet normal 3.0683623e-01 -6.7720199e-01 6.6876678e-01
    outer loop
      vertex -1.7603438e-03 4.2498458e-03 3.3600000e-02
      vertex -2.4325878e-03 4.9328001e-03 3.4600000e-02
      vertex -2.0345280e-03 4.1256146e-03 3.3600000e-02
    endloop
  endfacet
  facet normal 3.5047040e-01 -6.5568399e-01 6.6876678e-01
    outer loop
      vertex -2.0345280e-03 4.1256146e-03 3.3600000e-02
      vertex -2.4325878e-03 4.9328001e-03 3.4600000e-02
      vertex -2.7500000e-03 4.7631397e-03 3.4600000e-02
    endloop
  endfacet
  facet normal 3.5047040e-01 -6.5568399e-01 6.6876678e-01
    outer loop
      vertex -2.0345280e-03 4.1256146e-03 3.3600000e-02
      vertex -2.7500000e-03 4.7631397e-03 3.4600000e-02
      vertex -2.3000000e-03 3.9837169e-03 3.3600000e-02
    endloop
  endfacet
  facet normal 3.9260380e-01 -6.3135826e-01 6.6876678e-01
    outer loop
      vertex -2.3000000e-03 3.9837169e-03 3.3600000e-02
      vertex -2.7500000e-03 4.7631397e-03 3.4600000e-02
      vertex -3.0556363e-03 4.5730829e-03 3.4600000e-02
    endloop
  endfacet
  facet normal 3.9260380e-01 -6.3135826e-01 6.6876678e-01
    outer loop
      vertex -2.3000000e-03 3.9837169e-03 3.3600000e-02
      vertex -3.0556363e-03 4.5730829e-03 3.4600000e-02
      vertex -2.5556231e-03 3.8247602e-03 3.3600000e-02
    endloop
  endfacet
  facet normal 4.3305601e-01 -6.0432896e-01 6.6876678e-01
    outer loop
      vertex -2.5556231e-03 3.8247602e-03 3.3600000e-02
      vertex -3.0556363e-03 4.5730829e-03 3.4600000e-02
      vertex -3.3481879e-03 4.3634434e-03 3.4600000e-02
    endloop
  endfacet
  facet normal 4.3305601e-01 -6.0432896e-01 6.6876678e-01
    outer loop
      vertex -2.5556231e-03 3.8247602e-03 3.3600000e-02
      vertex -3.3481879e-03 4.3634434e-03 3.4600000e-02
      vertex -2.8003026e-03 3.6494254e-03 3.3600000e-02
    endloop
  endfacet
  facet normal 4.7165381e-01 -5.7471183e-01 6.6876678e-01
    outer loop
      vertex -2.8003026e-03 3.6494254e-03 3.3600000e-02
      vertex -3.3481879e-03 4.3634434e-03 3.4600000e-02
      vertex -3.6264020e-03 4.1351189e-03 3.4600000e-02
    endloop
  endfacet
  facet normal 4.7165381e-01 -5.7471183e-01 6.6876678e-01
    outer loop
      vertex -2.8003026e-03 3.6494254e-03 3.3600000e-02
      vertex -3.6264020e-03 4.1351189e-03 3.4600000e-02
      vertex -3.0329907e-03 3.4584631e-03 3.3600000e-02
    endloop
  endfacet
  facet normal 5.0823191e-01 -5.4263369e-01 6.6876678e-01
    outer loop
      vertex -3.0329907e-03 3.4584631e-03 3.3600000e-02
      vertex -3.6264020e-03 4.1351189e-03 3.4600000e-02
      vertex -3.8890873e-03 3.8890873e-03 3.4600000e-02
    endloop
  endfacet
  facet normal 5.0823191e-01 -5.4263369e-01 6.6876678e-01
    outer loop
      vertex -3.0329907e-03 3.4584631e-03 3.3600000e-02
      vertex -3.8890873e-03 3.8890873e-03 3.4600000e-02
      vertex -3.2526912e-03 3.2526912e-03 3.3600000e-02
    endloop
  endfacet
  facet normal 5.4263369e-01 -5.0823191e-01 6.6876678e-01
    outer loop
      vertex -3.2526912e-03 3.2526912e-03 3.3600000e-02
      vertex -3.8890873e-03 3.8890873e-03 3.4600000e-02
      vertex -4.1351189e-03 3.6264020e-03 3.4600000e-02
    endloop
  endfacet
  facet normal 5.4263369e-01 -5.0823191e-01 6.6876678e-01
    outer loop
      vertex -3.2526912e-03 3.2526912e-03 3.3600000e-02
      vertex -4.1351189e-03 3.6264020e-03 3.4600000e-02
      vertex -3.4584631e-03 3.0329907e-03 3.3600000e-02
    endloop
  endfacet
  facet normal 5.7471183e-01 -4.7165381e-01 6.6876678e-01
    outer loop
      vertex -3.4584631e-03 3.0329907e-03 3.3600000e-02
      vertex -4.1351189e-03 3.6264020e-03 3.4600000e-02
      vertex -4.3634434e-03 3.3481879e-03 3.4600000e-02
    endloop
  endfacet
  facet normal 5.7471183e-01 -4.7165381e-01 6.6876678e-01
    outer loop
      vertex -3.4584631e-03 3.0329907e-03 3.3600000e-02
      vertex -4.3634434e-03 3.3481879e-03 3.4600000e-02
      vertex -3.6494254e-03 2.8003026e-03 3.3600000e-02
    endloop
  endfacet
  facet normal 6.0432896e-01 -4.3305601e-01 6.6876678e-01
    outer loop
      vertex -3.6494254e-03 2.8003026e-03 3.3600000e-02
      vertex -4.3634434e-03 3.3481879e-03 3.4600000e-02
      vertex -4.5730829e-03 3.0556363e-03 3.4600000e-02
    endloop
  endfacet
  facet normal 6.0432896e-01 -4.3305601e-01 6.6876678e-01
    outer loop
      vertex -3.6494254e-03 2.8003026e-03 3.3600000e-02
      vertex -4.5730829e-03 3.0556363e-03 3.4600000e-02
      vertex -3.8247602e-03 2.5556231e-03 3.3600000e-02
    endloop
  endfacet
  facet normal 6.3135826e-01 -3.9260380e-01 6.6876678e-01
    outer loop
      vertex -3.8247602e-03 2.5556231e-03 3.3600000e-02
      vertex -4.5730829e-03 3.0556363e-03 3.4600000e-02
      vertex -4.7631397e-03 2.7500000e-03 3.4600000e-02
    endloop
  endfacet
  facet normal 6.3135826e-01 -3.9260380e-01 6.6876678e-01
    outer loop
      vertex -3.8247602e-03 2.5556231e-03 3.3600000e-02
      vertex -4.7631397e-03 2.7500000e-03 3.4600000e-02
      vertex -3.9837169e-03 2.3000000e-03 3.3600000e-02
    endloop
  endfacet
  facet normal 6.5568399e-01 -3.5047040e-01 6.6876678e-01
    outer loop
      vertex -3.9837169e-03 2.3000000e-03 3.3600000e-02
      vertex -4.7631397e-03 2.7500000e-03 3.4600000e-02
      vertex -4.9328001e-03 2.4325878e-03 3.4600000e-02
    endloop
  endfacet
  facet normal 6.5568399e-01 -3.5047040e-01 6.6876678e-01
    outer loop
      vertex -3.9837169e-03 2.3000000e-03 3.3600000e-02
      vertex -4.9328001e-03 2.4325878e-03 3.4600000e-02
      vertex -4.1256146e-03 2.0345280e-03 3.3600000e-02
    endloop
  endfacet
  facet normal 6.7720199e-01 -3.0683623e-01 6.6876678e-01
    outer loop
      vertex -4.1256146e-03 2.0345280e-03 3.3600000e-02
      vertex -4.9328001e-03 2.4325878e-03 3.4600000e-02
      vertex -5.0813374e-03 2.1047589e-03 3.4600000e-02
    endloop
  endfacet
  facet normal 6.7720199e-01 -3.0683623e-01 6.6876678e-01
    outer loop
      vertex -4.1256146e-03 2.0345280e-03 3.3600000e-02
      vertex -5.0813374e-03 2.1047589e-03 3.4600000e-02
      vertex -4.2498458e-03 1.7603438e-03 3.3600000e-02
    endloop
  endfacet
  facet normal 6.9582009e-01 -2.6188814e-01 6.6876678e-01
    outer loop
      vertex -4.2498458e-03 1.7603438e-03 3.3600000e-02
      vertex -5.0813374e-03 2.1047589e-03 3.4600000e-02
      vertex -5.2081157e-03 1.7679171e-03 3.4600000e-02
    endloop
  endfacet
  facet normal 6.9582009e-01 -2.6188814e-01 6.6876678e-01
    outer loop
      vertex -4.2498458e-03 1.7603438e-03 3.3600000e-02
      vertex -5.2081157e-03 1.7679171e-03 3.4600000e-02
      vertex -4.3558786e-03 1.4786215e-03 3.3600000e-02
    endloop
  endfacet
  facet normal 7.1145859e-01 -2.1581860e-01 6.6876678e-01
    outer loop
      vertex -4.3558786e-03 1.4786215e-03 3.3600000e-02
      vertex -5.2081157e-03 1.7679171e-03 3.4600000e-02
      vertex -5.3125920e-03 1.4235047e-03 3.4600000e-02
    endloop
  endfacet
  facet normal 7.1145859e-01 -2.1581860e-01 6.6876678e-01
    outer loop
      vertex -4.3558786e-03 1.4786215e-03 3.3600000e-02
      vertex -5.3125920e-03 1.4235047e-03 3.4600000e-02
      vertex -4.4432588e-03 1.1905676e-03 3.3600000e-02
    endloop
  endfacet
  facet normal 7.2405052e-01 -1.6882490e-01 6.6876678e-01
    outer loop
      vertex -4.4432588e-03 1.1905676e-03 3.3600000e-02
      vertex -5.3125920e-03 1.4235047e-03 3.4600000e-02
      vertex -5.3943190e-03 1.0729968e-03 3.4600000e-02
    endloop
  endfacet
  facet normal 7.2405052e-01 -1.6882490e-01 6.6876678e-01
    outer loop
      vertex -4.4432588e-03 1.1905676e-03 3.3600000e-02
      vertex -5.3943190e-03 1.0729968e-03 3.4600000e-02
      vertex -4.5116123e-03 8.9741548e-04 3.3600000e-02
    endloop
  endfacet
  facet normal 7.3354195e-01 -1.2110827e-01 6.6876678e-01
    outer loop
      vertex -4.5116123e-03 8.9741548e-04 3.3600000e-02
      vertex -5.3943190e-03 1.0729968e-03 3.4600000e-02
      vertex -5.4529467e-03 7.1789406e-04 3.4600000e-02
    endloop
  endfacet
  facet normal 7.3354195e-01 -1.2110827e-01 6.6876678e-01
    outer loop
      vertex -4.5116123e-03 8.9741548e-04 3.3600000e-02
      vertex -5.4529467e-03 7.1789406e-04 3.4600000e-02
      vertex -4.5606464e-03 6.0042048e-04 3.3600000e-02
    endloop
  endfacet
  facet normal 7.3989224e-01 -7.2873025e-02 6.6876678e-01
    outer loop
      vertex -4.5606464e-03 6.0042048e-04 3.3600000e-02
      vertex -5.4529467e-03 7.1789406e-04 3.4600000e-02
      vertex -5.4882241e-03 3.5971721e-04 3.4600000e-02
    endloop
  endfacet
  facet normal 7.3989224e-01 -7.2873025e-02 6.6876678e-01
    outer loop
      vertex -4.5606464e-03 6.0042048e-04 3.3600000e-02
      vertex -5.4882241e-03 3.5971721e-04 3.4600000e-02
      vertex -4.5901510e-03 3.0085439e-04 3.3600000e-02
    endloop
  endfacet
  facet normal 7.4307419e-01 -2.4325730e-02 6.6876678e-01
    outer loop
      vertex -4.5901510e-03 3.0085439e-04 3.3600000e-02
      vertex -5.4882241e-03 3.5971721e-04 3.4600000e-02
      vertex -5.5000000e-03 6.7355574e-19 3.4600000e-02
    endloop
  endfacet
  facet normal 7.4307419e-01 -2.4325730e-02 6.6876678e-01
    outer loop
      vertex -4.5901510e-03 3.0085439e-04 3.3600000e-02
      vertex -5.5000000e-03 6.7355574e-19 3.4600000e-02
      vertex -4.6000000e-03 5.6333753e-19 3.3600000e-02
    endloop
  endfacet
  facet normal 7.4307419e-01 2.4325730e-02 6.6876678e-01
    outer loop
      vertex -4.6000000e-03 5.6333753e-19 3.3600000e-02
      vertex -5.5000000e-03 6.7355574e-19 3.4600000e-02
      vertex -5.4882241e-03 -3.5971721e-04 3.4600000e-02
    endloop
  endfacet
  facet normal 7.4307419e-01 2.4325730e-02 6.6876678e-01
    outer loop
      vertex -4.6000000e-03 5.6333753e-19 3.3600000e-02
      vertex -5.4882241e-03 -3.5971721e-04 3.4600000e-02
      vertex -4.5901510e-03 -3.0085439e-04 3.3600000e-02
    endloop
  endfacet
  facet normal 7.3989224e-01 7.2873025e-02 6.6876678e-01
    outer loop
      vertex -4.5901510e-03 -3.0085439e-04 3.3600000e-02
      vertex -5.4882241e-03 -3.5971721e-04 3.4600000e-02
      vertex -5.4529467e-03 -7.1789406e-04 3.4600000e-02
    endloop
  endfacet
  facet normal 7.3989224e-01 7.2873025e-02 6.6876678e-01
    outer loop
      vertex -4.5901510e-03 -3.0085439e-04 3.3600000e-02
      vertex -5.4529467e-03 -7.1789406e-04 3.4600000e-02
      vertex -4.5606464e-03 -6.0042048e-04 3.3600000e-02
    endloop
  endfacet
  facet normal 7.3354195e-01 1.2110827e-01 6.6876678e-01
    outer loop
      vertex -4.5606464e-03 -6.0042048e-04 3.3600000e-02
      vertex -5.4529467e-03 -7.1789406e-04 3.4600000e-02
      vertex -5.3943190e-03 -1.0729968e-03 3.4600000e-02
    endloop
  endfacet
  facet normal 7.3354195e-01 1.2110827e-01 6.6876678e-01
    outer loop
      vertex -4.5606464e-03 -6.0042048e-04 3.3600000e-02
      vertex -5.3943190e-03 -1.0729968e-03 3.4600000e-02
      vertex -4.5116123e-03 -8.9741548e-04 3.3600000e-02
    endloop
  endfacet
  facet normal 7.2405052e-01 1.6882490e-01 6.6876678e-01
    outer loop
      vertex -4.5116123e-03 -8.9741548e-04 3.3600000e-02
      vertex -5.3943190e-03 -1.0729968e-03 3.4600000e-02
      vertex -5.3125920e-03 -1.4235047e-03 3.4600000e-02
    endloop
  endfacet
  facet normal 7.2405052e-01 1.6882490e-01 6.6876678e-01
    outer loop
      vertex -4.5116123e-03 -8.9741548e-04 3.3600000e-02
      vertex -5.3125920e-03 -1.4235047e-03 3.4600000e-02
      vertex -4.4432588e-03 -1.1905676e-03 3.3600000e-02
    endloop
  endfacet
  facet normal 7.1145859e-01 2.1581860e-01 6.6876678e-01
    outer loop
      vertex -4.4432588e-03 -1.1905676e-03 3.3600000e-02
      vertex -5.3125920e-03 -1.4235047e-03 3.4600000e-02
      vertex -5.2081157e-03 -1.7679171e-03 3.4600000e-02
    endloop
  endfacet
  facet normal 7.1145859e-01 2.1581860e-01 6.6876678e-01
    outer loop
      vertex -4.4432588e-03 -1.1905676e-03 3.3600000e-02
      vertex -5.2081157e-03 -1.7679171e-03 3.4600000e-02
      vertex -4.3558786e-03 -1.4786215e-03 3.3600000e-02
    endloop
  endfacet
  facet normal 6.9582009e-01 2.6188814e-01 6.6876678e-01
    outer loop
      vertex -4.3558786e-03 -1.4786215e-03 3.3600000e-02
      vertex -5.2081157e-03 -1.7679171e-03 3.4600000e-02
      vertex -5.0813374e-03 -2.1047589e-03 3.4600000e-02
    endloop
  endfacet
  facet normal 6.9582009e-01 2.6188814e-01 6.6876678e-01
    outer loop
      vertex -4.3558786e-03 -1.4786215e-03 3.3600000e-02
      vertex -5.0813374e-03 -2.1047589e-03 3.4600000e-02
      vertex -4.2498458e-03 -1.7603438e-03 3.3600000e-02
    endloop
  endfacet
  facet normal 6.7720199e-01 3.0683623e-01 6.6876678e-01
    outer loop
      vertex -4.2498458e-03 -1.7603438e-03 3.3600000e-02
      vertex -5.0813374e-03 -2.1047589e-03 3.4600000e-02
      vertex -4.9328001e-03 -2.4325878e-03 3.4600000e-02
    endloop
  endfacet
  facet normal 6.7720199e-01 3.0683623e-01 6.6876678e-01
    outer loop
      vertex -4.2498458e-03 -1.7603438e-03 3.3600000e-02
      vertex -4.9328001e-03 -2.4325878e-03 3.4600000e-02
      vertex -4.1256146e-03 -2.0345280e-03 3.3600000e-02
    endloop
  endfacet
  facet normal 6.5568399e-01 3.5047040e-01 6.6876678e-01
    outer loop
      vertex -4.1256146e-03 -2.0345280e-03 3.3600000e-02
      vertex -4.9328001e-03 -2.4325878e-03 3.4600000e-02
      vertex -4.7631397e-03 -2.7500000e-03 3.4600000e-02
    endloop
  endfacet
  facet normal 6.5568399e-01 3.5047040e-01 6.6876678e-01
    outer loop
      vertex -4.1256146e-03 -2.0345280e-03 3.3600000e-02
      vertex -4.7631397e-03 -2.7500000e-03 3.4600000e-02
      vertex -3.9837169e-03 -2.3000000e-03 3.3600000e-02
    endloop
  endfacet
  facet normal 6.3135826e-01 3.9260380e-01 6.6876678e-01
    outer loop
      vertex -3.9837169e-03 -2.3000000e-03 3.3600000e-02
      vertex -4.7631397e-03 -2.7500000e-03 3.4600000e-02
      vertex -4.5730829e-03 -3.0556363e-03 3.4600000e-02
    endloop
  endfacet
  facet normal 6.3135826e-01 3.9260380e-01 6.6876678e-01
    outer loop
      vertex -3.9837169e-03 -2.3000000e-03 3.3600000e-02
      vertex -4.5730829e-03 -3.0556363e-03 3.4600000e-02
      vertex -3.8247602e-03 -2.5556231e-03 3.3600000e-02
    endloop
  endfacet
  facet normal 6.0432896e-01 4.3305601e-01 6.6876678e-01
    outer loop
      vertex -3.8247602e-03 -2.5556231e-03 3.3600000e-02
      vertex -4.5730829e-03 -3.0556363e-03 3.4600000e-02
      vertex -4.3634434e-03 -3.3481879e-03 3.4600000e-02
    endloop
  endfacet
  facet normal 6.0432896e-01 4.3305601e-01 6.6876678e-01
    outer loop
      vertex -3.8247602e-03 -2.5556231e-03 3.3600000e-02
      vertex -4.3634434e-03 -3.3481879e-03 3.4600000e-02
      vertex -3.6494254e-03 -2.8003026e-03 3.3600000e-02
    endloop
  endfacet
  facet normal 5.7471183e-01 4.7165381e-01 6.6876678e-01
    outer loop
      vertex -3.6494254e-03 -2.8003026e-03 3.3600000e-02
      vertex -4.3634434e-03 -3.3481879e-03 3.4600000e-02
      vertex -4.1351189e-03 -3.6264020e-03 3.4600000e-02
    endloop
  endfacet
  facet normal 5.7471183e-01 4.7165381e-01 6.6876678e-01
    outer loop
      vertex -3.6494254e-03 -2.8003026e-03 3.3600000e-02
      vertex -4.1351189e-03 -3.6264020e-03 3.4600000e-02
      vertex -3.4584631e-03 -3.0329907e-03 3.3600000e-02
    endloop
  endfacet
  facet normal 5.4263369e-01 5.0823191e-01 6.6876678e-01
    outer loop
      vertex -3.4584631e-03 -3.0329907e-03 3.3600000e-02
      vertex -4.1351189e-03 -3.6264020e-03 3.4600000e-02
      vertex -3.8890873e-03 -3.8890873e-03 3.4600000e-02
    endloop
  endfacet
  facet normal 5.4263369e-01 5.0823191e-01 6.6876678e-01
    outer loop
      vertex -3.4584631e-03 -3.0329907e-03 3.3600000e-02
      vertex -3.8890873e-03 -3.8890873e-03 3.4600000e-02
      vertex -3.2526912e-03 -3.2526912e-03 3.3600000e-02
    endloop
  endfacet
  facet normal 5.0823191e-01 5.4263369e-01 6.6876678e-01
    outer loop
      vertex -3.2526912e-03 -3.2526912e-03 3.3600000e-02
      vertex -3.8890873e-03 -3.8890873e-03 3.4600000e-02
      vertex -3.6264020e-03 -4.1351189e-03 3.4600000e-02
    endloop
  endfacet
  facet normal 5.0823191e-01 5.4263369e-01 6.6876678e-01
    outer loop
      vertex -3.2526912e-03 -3.2526912e-03 3.3600000e-02
      vertex -3.6264020e-03 -4.1351189e-03 3.4600000e-02
      vertex -3.0329907e-03 -3.4584631e-03 3.3600000e-02
    endloop
  endfacet
  facet normal 4.7165381e-01 5.7471183e-01 6.6876678e-01
    outer loop
      vertex -3.0329907e-03 -3.4584631e-03 3.3600000e-02
      vertex -3.6264020e-03 -4.1351189e-03 3.4600000e-02
      vertex -3.3481879e-03 -4.3634434e-03 3.4600000e-02
    endloop
  endfacet
  facet normal 4.7165381e-01 5.7471183e-01 6.6876678e-01
    outer loop
      vertex -3.0329907e-03 -3.4584631e-03 3.3600000e-02
      vertex -3.3481879e-03 -4.3634434e-03 3.4600000e-02
      vertex -2.8003026e-03 -3.6494254e-03 3.3600000e-02
    endloop
  endfacet
  facet normal 4.3305601e-01 6.0432896e-01 6.6876678e-01
    outer loop
      vertex -2.8003026e-03 -3.6494254e-03 3.3600000e-02
      vertex -3.3481879e-03 -4.3634434e-03 3.4600000e-02
      vertex -3.0556363e-03 -4.5730829e-03 3.4600000e-02
    endloop
  endfacet
  facet normal 4.3305601e-01 6.0432896e-01 6.6876678e-01
    outer loop
      vertex -2.8003026e-03 -3.6494254e-03 3.3600000e-02
      vertex -3.0556363e-03 -4.5730829e-03 3.4600000e-02
      vertex -2.5556231e-03 -3.8247602e-03 3.3600000e-02
    endloop
  endfacet
  facet normal 3.9260380e-01 6.3135826e-01 6.6876678e-01
    outer loop
      vertex -2.5556231e-03 -3.8247602e-03 3.3600000e-02
      vertex -3.0556363e-03 -4.5730829e-03 3.4600000e-02
      vertex -2.7500000e-03 -4.7631397e-03 3.4600000e-02
    endloop
  endfacet
  facet normal 3.9260380e-01 6.3135826e-01 6.6876678e-01
    outer loop
      vertex -2.5556231e-03 -3.8247602e-03 3.3600000e-02
      vertex -2.7500000e-03 -4.7631397e-03 3.4600000e-02
      vertex -2.3000000e-03 -3.9837169e-03 3.3600000e-02
    endloop
  endfacet
  facet normal 3.5047040e-01 6.5568399e-01 6.6876678e-01
    outer loop
      vertex -2.3000000e-03 -3.9837169e-03 3.3600000e-02
      vertex -2.7500000e-03 -4.7631397e-03 3.4600000e-02
      vertex -2.4325878e-03 -4.9328001e-03 3.4600000e-02
    endloop
  endfacet
  facet normal 3.5047040e-01 6.5568399e-01 6.6876678e-01
    outer loop
      vertex -2.3000000e-03 -3.9837169e-03 3.3600000e-02
      vertex -2.4325878e-03 -4.9328001e-03 3.4600000e-02
      vertex -2.0345280e-03 -4.1256146e-03 3.3600000e-02
    endloop
  endfacet
  facet normal 3.0683623e-01 6.7720199e-01 6.6876678e-01
    outer loop
      vertex -2.0345280e-03 -4.1256146e-03 3.3600000e-02
      vertex -2.4325878e-03 -4.9328001e-03 3.4600000e-02
      vertex -2.1047589e-03 -5.0813374e-03 3.4600000e-02
    endloop
  endfacet
  facet normal 3.0683623e-01 6.7720199e-01 6.6876678e-01
    outer loop
      vertex -2.0345280e-03 -4.1256146e-03 3.3600000e-02
      vertex -2.1047589e-03 -5.0813374e-03 3.4600000e-02
      vertex -1.7603438e-03 -4.2498458e-03 3.3600000e-02
    endloop
  endfacet
  facet normal 2.6188814e-01 6.9582009e-01 6.6876678e-01
    outer loop
      vertex -1.7603438e-03 -4.2498458e-03 3.3600000e-02
      vertex -2.1047589e-03 -5.0813374e-03 3.4600000e-02
      vertex -1.7679171e-03 -5.2081157e-03 3.4600000e-02
    endloop
  endfacet
  facet normal 2.6188814e-01 6.9582009e-01 6.6876678e-01
    outer loop
      vertex -1.7603438e-03 -4.2498458e-03 3.3600000e-02
      vertex -1.7679171e-03 -5.2081157e-03 3.4600000e-02
      vertex -1.4786215e-03 -4.3558786e-03 3.3600000e-02
    endloop
  endfacet
  facet normal 2.1581860e-01 7.1145859e-01 6.6876678e-01
    outer loop
      vertex -1.4786215e-03 -4.3558786e-03 3.3600000e-02
      vertex -1.7679171e-03 -5.2081157e-03 3.4600000e-02
      vertex -1.4235047e-03 -5.3125920e-03 3.4600000e-02
    endloop
  endfacet
  facet normal 2.1581860e-01 7.1145859e-01 6.6876678e-01
    outer loop
      vertex -1.4786215e-03 -4.3558786e-03 3.3600000e-02
      vertex -1.4235047e-03 -5.3125920e-03 3.4600000e-02
      vertex -1.1905676e-03 -4.4432588e-03 3.3600000e-02
    endloop
  endfacet
  facet normal 1.6882490e-01 7.2405052e-01 6.6876678e-01
    outer loop
      vertex -1.1905676e-03 -4.4432588e-03 3.3600000e-02
      vertex -1.4235047e-03 -5.3125920e-03 3.4600000e-02
      vertex -1.0729968e-03 -5.3943190e-03 3.4600000e-02
    endloop
  endfacet
  facet normal 1.6882490e-01 7.2405052e-01 6.6876678e-01
    outer loop
      vertex -1.1905676e-03 -4.4432588e-03 3.3600000e-02
      vertex -1.0729968e-03 -5.3943190e-03 3.4600000e-02
      vertex -8.9741548e-04 -4.5116123e-03 3.3600000e-02
    endloop
  endfacet
  facet normal 1.2110827e-01 7.3354195e-01 6.6876678e-01
    outer loop
      vertex -8.9741548e-04 -4.5116123e-03 3.3600000e-02
      vertex -1.0729968e-03 -5.3943190e-03 3.4600000e-02
      vertex -7.1789406e-04 -5.4529467e-03 3.4600000e-02
    endloop
  endfacet
  facet normal 1.2110827e-01 7.3354195e-01 6.6876678e-01
    outer loop
      vertex -8.9741548e-04 -4.5116123e-03 3.3600000e-02
      vertex -7.1789406e-04 -5.4529467e-03 3.4600000e-02
      vertex -6.0042048e-04 -4.5606464e-03 3.3600000e-02
    endloop
  endfacet
  facet normal 7.2873025e-02 7.3989224e-01 6.6876678e-01
    outer loop
      vertex -6.0042048e-04 -4.5606464e-03 3.3600000e-02
      vertex -7.1789406e-04 -5.4529467e-03 3.4600000e-02
      vertex -3.5971721e-04 -5.4882241e-03 3.4600000e-02
    endloop
  endfacet
  facet normal 7.2873025e-02 7.3989224e-01 6.6876678e-01
    outer loop
      vertex -6.0042048e-04 -4.5606464e-03 3.3600000e-02
      vertex -3.5971721e-04 -5.4882241e-03 3.4600000e-02
      vertex -3.0085439e-04 -4.5901510e-03 3.3600000e-02
    endloop
  endfacet
  facet normal 2.4325730e-02 7.4307419e-01 6.6876678e-01
    outer loop
      vertex -3.0085439e-04 -4.5901510e-03 3.3600000e-02
      vertex -3.5971721e-04 -5.4882241e-03 3.4600000e-02
      vertex -1.0103336e-18 -5.5000000e-03 3.4600000e-02
    endloop
  endfacet
  facet normal 2.4325730e-02 7.4307419e-01 6.6876678e-01
    outer loop
      vertex -3.0085439e-04 -4.5901510e-03 3.3600000e-02
      vertex -1.0103336e-18 -5.5000000e-03 3.4600000e-02
      vertex -8.4500629e-19 -4.6000000e-03 3.3600000e-02
    endloop
  endfacet
  facet normal -2.4325730e-02 7.4307419e-01 6.6876678e-01
    outer loop
      vertex -8.4500629e-19 -4.6000000e-03 3.3600000e-02
      vertex -1.0103336e-18 -5.5000000e-03 3.4600000e-02
      vertex 3.5971721e-04 -5.4882241e-03 3.4600000e-02
    endloop
  endfacet
  facet normal -2.4325730e-02 7.4307419e-01 6.6876678e-01
    outer loop
      vertex -8.4500629e-19 -4.6000000e-03 3.3600000e-02
      vertex 3.5971721e-04 -5.4882241e-03 3.4600000e-02
      vertex 3.0085439e-04 -4.5901510e-03 3.3600000e-02
    endloop
  endfacet
  facet normal -7.2873025e-02 7.3989224e-01 6.6876678e-01
    outer loop
      vertex 3.0085439e-04 -4.5901510e-03 3.3600000e-02
      vertex 3.5971721e-04 -5.4882241e-03 3.4600000e-02
      vertex 7.1789406e-04 -5.4529467e-03 3.4600000e-02
    endloop
  endfacet
  facet normal -7.2873025e-02 7.3989224e-01 6.6876678e-01
    outer loop
      vertex 3.0085439e-04 -4.5901510e-03 3.3600000e-02
      vertex 7.1789406e-04 -5.4529467e-03 3.4600000e-02
      vertex 6.0042048e-04 -4.5606464e-03 3.3600000e-02
    endloop
  endfacet
  facet normal -1.2110827e-01 7.3354195e-01 6.6876678e-01
    outer loop
      vertex 6.0042048e-04 -4.5606464e-03 3.3600000e-02
      vertex 7.1789406e-04 -5.4529467e-03 3.4600000e-02
      vertex 1.0729968e-03 -5.3943190e-03 3.4600000e-02
    endloop
  endfacet
  facet normal -1.2110827e-01 7.3354195e-01 6.6876678e-01
    outer loop
      vertex 6.0042048e-04 -4.5606464e-03 3.3600000e-02
      vertex 1.0729968e-03 -5.3943190e-03 3.4600000e-02
      vertex 8.9741548e-04 -4.5116123e-03 3.3600000e-02
    endloop
  endfacet
  facet normal -1.6882490e-01 7.2405052e-01 6.6876678e-01
    outer loop
      vertex 8.9741548e-04 -4.5116123e-03 3.3600000e-02
      vertex 1.0729968e-03 -5.3943190e-03 3.4600000e-02
      vertex 1.4235047e-03 -5.3125920e-03 3.4600000e-02
    endloop
  endfacet
  facet normal -1.6882490e-01 7.2405052e-01 6.6876678e-01
    outer loop
      vertex 8.9741548e-04 -4.5116123e-03 3.3600000e-02
      vertex 1.4235047e-03 -5.3125920e-03 3.4600000e-02
      vertex 1.1905676e-03 -4.4432588e-03 3.3600000e-02
    endloop
  endfacet
  facet normal -2.1581860e-01 7.1145859e-01 6.6876678e-01
    outer loop
      vertex 1.1905676e-03 -4.4432588e-03 3.3600000e-02
      vertex 1.4235047e-03 -5.3125920e-03 3.4600000e-02
      vertex 1.7679171e-03 -5.2081157e-03 3.4600000e-02
    endloop
  endfacet
  facet normal -2.1581860e-01 7.1145859e-01 6.6876678e-01
    outer loop
      vertex 1.1905676e-03 -4.4432588e-03 3.3600000e-02
      vertex 1.7679171e-03 -5.2081157e-03 3.4600000e-02
      vertex 1.4786215e-03 -4.3558786e-03 3.3600000e-02
    endloop
  endfacet
  facet normal -2.6188814e-01 6.9582009e-01 6.6876678e-01
    outer loop
      vertex 1.4786215e-03 -4.3558786e-03 3.3600000e-02
      vertex 1.7679171e-03 -5.2081157e-03 3.4600000e-02
      vertex 2.1047589e-03 -5.0813374e-03 3.4600000e-02
    endloop
  endfacet
  facet normal -2.6188814e-01 6.9582009e-01 6.6876678e-01
    outer loop
      vertex 1.4786215e-03 -4.3558786e-03 3.3600000e-02
      vertex 2.1047589e-03 -5.0813374e-03 3.4600000e-02
      vertex 1.7603438e-03 -4.2498458e-03 3.3600000e-02
    endloop
  endfacet
  facet normal -3.0683623e-01 6.7720199e-01 6.6876678e-01
    outer loop
      vertex 1.7603438e-03 -4.2498458e-03 3.3600000e-02
      vertex 2.1047589e-03 -5.0813374e-03 3.4600000e-02
      vertex 2.4325878e-03 -4.9328001e-03 3.4600000e-02
    endloop
  endfacet
  facet normal -3.0683623e-01 6.7720199e-01 6.6876678e-01
    outer loop
      vertex 1.7603438e-03 -4.2498458e-03 3.3600000e-02
      vertex 2.4325878e-03 -4.9328001e-03 3.4600000e-02
      vertex 2.0345280e-03 -4.1256146e-03 3.3600000e-02
    endloop
  endfacet
  facet normal -3.5047040e-01 6.5568399e-01 6.6876678e-01
    outer loop
      vertex 2.0345280e-03 -4.1256146e-03 3.3600000e-02
      vertex 2.4325878e-03 -4.9328001e-03 3.4600000e-02
      vertex 2.7500000e-03 -4.7631397e-03 3.4600000e-02
    endloop
  endfacet
  facet normal -3.5047040e-01 6.5568399e-01 6.6876678e-01
    outer loop
      vertex 2.0345280e-03 -4.1256146e-03 3.3600000e-02
      vertex 2.7500000e-03 -4.7631397e-03 3.4600000e-02
      vertex 2.3000000e-03 -3.9837169e-03 3.3600000e-02
    endloop
  endfacet
  facet normal -3.9260380e-01 6.3135826e-01 6.6876678e-01
    outer loop
      vertex 2.3000000e-03 -3.9837169e-03 3.3600000e-02
      vertex 2.7500000e-03 -4.7631397e-03 3.4600000e-02
      vertex 3.0556363e-03 -4.5730829e-03 3.4600000e-02
    endloop
  endfacet
  facet normal -3.9260380e-01 6.3135826e-01 6.6876678e-01
    outer loop
      vertex 2.3000000e-03 -3.9837169e-03 3.3600000e-02
      vertex 3.0556363e-03 -4.5730829e-03 3.4600000e-02
      vertex 2.5556231e-03 -3.8247602e-03 3.3600000e-02
    endloop
  endfacet
  facet normal -4.3305601e-01 6.0432896e-01 6.6876678e-01
    outer loop
      vertex 2.5556231e-03 -3.8247602e-03 3.3600000e-02
      vertex 3.0556363e-03 -4.5730829e-03 3.4600000e-02
      vertex 3.3481879e-03 -4.3634434e-03 3.4600000e-02
    endloop
  endfacet
  facet normal -4.3305601e-01 6.0432896e-01 6.6876678e-01
    outer loop
      vertex 2.5556231e-03 -3.8247602e-03 3.3600000e-02
      vertex 3.3481879e-03 -4.3634434e-03 3.4600000e-02
      vertex 2.8003026e-03 -3.6494254e-03 3.3600000e-02
    endloop
  endfacet
  facet normal -4.7165381e-01 5.7471183e-01 6.6876678e-01
    outer loop
      vertex 2.8003026e-03 -3.6494254e-03 3.3600000e-02
      vertex 3.3481879e-03 -4.3634434e-03 3.4600000e-02
      vertex 3.6264020e-03 -4.1351189e-03 3.4600000e-02
    endloop
  endfacet
  facet normal -4.7165381e-01 5.7471183e-01 6.6876678e-01
    outer loop
      vertex 2.8003026e-03 -3.6494254e-03 3.3600000e-02
      vertex 3.6264020e-03 -4.1351189e-03 3.4600000e-02
      vertex 3.0329907e-03 -3.4584631e-03 3.3600000e-02
    endloop
  endfacet
  facet normal -5.0823191e-01 5.4263369e-01 6.6876678e-01
    outer loop
      vertex 3.0329907e-03 -3.4584631e-03 3.3600000e-02
      vertex 3.6264020e-03 -4.1351189e-03 3.4600000e-02
      vertex 3.8890873e-03 -3.8890873e-03 3.4600000e-02
    endloop
  endfacet
  facet normal -5.0823191e-01 5.4263369e-01 6.6876678e-01
    outer loop
      vertex 3.0329907e-03 -3.4584631e-03 3.3600000e-02
      vertex 3.8890873e-03 -3.8890873e-03 3.4600000e-02
      vertex 3.2526912e-03 -3.2526912e-03 3.3600000e-02
    endloop
  endfacet
  facet normal -5.4263369e-01 5.0823191e-01 6.6876678e-01
    outer loop
      vertex 3.2526912e-03 -3.2526912e-03 3.3600000e-02
      vertex 3.8890873e-03 -3.8890873e-03 3.4600000e-02
      vertex 4.1351189e-03 -3.6264020e-03 3.4600000e-02
    endloop
  endfacet
  facet normal -5.4263369e-01 5.0823191e-01 6.6876678e-01
    outer loop
      vertex 3.2526912e-03 -3.2526912e-03 3.3600000e-02
      vertex 4.1351189e-03 -3.6264020e-03 3.4600000e-02
      vertex 3.4584631e-03 -3.0329907e-03 3.3600000e-02
    endloop
  endfacet
  facet normal -5.7471183e-01 4.7165381e-01 6.6876678e-01
    outer loop
      vertex 3.4584631e-03 -3.0329907e-03 3.3600000e-02
      vertex 4.1351189e-03 -3.6264020e-03 3.4600000e-02
      vertex 4.3634434e-03 -3.3481879e-03 3.4600000e-02
    endloop
  endfacet
  facet normal -5.7471183e-01 4.7165381e-01 6.6876678e-01
    outer loop
      vertex 3.4584631e-03 -3.0329907e-03 3.3600000e-02
      vertex 4.3634434e-03 -3.3481879e-03 3.4600000e-02
      vertex 3.6494254e-03 -2.8003026e-03 3.3600000e-02
    endloop
  endfacet
  facet normal -6.0432896e-01 4.3305601e-01 6.6876678e-01
    outer loop
      vertex 3.6494254e-03 -2.8003026e-03 3.3600000e-02
      vertex 4.3634434e-03 -3.3481879e-03 3.4600000e-02
      vertex 4.5730829e-03 -3.0556363e-03 3.4600000e-02
    endloop
  endfacet
  facet normal -6.0432896e-01 4.3305601e-01 6.6876678e-01
    outer loop
      vertex 3.6494254e-03 -2.8003026e-03 3.3600000e-02
      vertex 4.5730829e-03 -3.0556363e-03 3.4600000e-02
      vertex 3.8247602e-03 -2.5556231e-03 3.3600000e-02
    endloop
  endfacet
  facet normal -6.3135826e-01 3.9260380e-01 6.6876678e-01
    outer loop
      vertex 3.8247602e-03 -2.5556231e-03 3.3600000e-02
      vertex 4.5730829e-03 -3.0556363e-03 3.4600000e-02
      vertex 4.7631397e-03 -2.7500000e-03 3.4600000e-02
    endloop
  endfacet
  facet normal -6.3135826e-01 3.9260380e-01 6.6876678e-01
    outer loop
      vertex 3.8247602e-03 -2.5556231e-03 3.3600000e-02
      vertex 4.7631397e-03 -2.7500000e-03 3.4600000e-02
      vertex 3.9837169e-03 -2.3000000e-03 3.3600000e-02
    endloop
  endfacet
  facet normal -6.5568399e-01 3.5047040e-01 6.6876678e-01
    outer loop
      vertex 3.9837169e-03 -2.3000000e-03 3.3600000e-02
      vertex 4.7631397e-03 -2.7500000e-03 3.4600000e-02
      vertex 4.9328001e-03 -2.4325878e-03 3.4600000e-02
    endloop
  endfacet
  facet normal -6.5568399e-01 3.5047040e-01 6.6876678e-01
    outer loop
      vertex 3.9837169e-03 -2.3000000e-03 3.3600000e-02
      vertex 4.9328001e-03 -2.4325878e-03 3.4600000e-02
      vertex 4.1256146e-03 -2.0345280e-03 3.3600000e-02
    endloop
  endfacet
  facet normal -6.7720199e-01 3.0683623e-01 6.6876678e-01
    outer loop
      vertex 4.1256146e-03 -2.0345280e-03 3.3600000e-02
      vertex 4.9328001e-03 -2.4325878e-03 3.4600000e-02
      vertex 5.0813374e-03 -2.1047589e-03 3.4600000e-02
    endloop
  endfacet
  facet normal -6.7720199e-01 3.0683623e-01 6.6876678e-01
    outer loop
      vertex 4.1256146e-03 -2.0345280e-03 3.3600000e-02
      vertex 5.0813374e-03 -2.1047589e-03 3.4600000e-02
      vertex 4.2498458e-03 -1.7603438e-03 3.3600000e-02
    endloop
  endfacet
  facet normal -6.9582009e-01 2.6188814e-01 6.6876678e-01
    outer loop
      vertex 4.2498458e-03 -1.7603438e-03 3.3600000e-02
      vertex 5.0813374e-03 -2.1047589e-03 3.4600000e-02
      vertex 5.2081157e-03 -1.7679171e-03 3.4600000e-02
    endloop
  endfacet
  facet normal -6.9582009e-01 2.6188814e-01 6.6876678e-01
    outer loop
      vertex 4.2498458e-03 -1.7603438e-03 3.3600000e-02
      vertex 5.2081157e-03 -1.7679171e-03 3.4600000e-02
      vertex 4.3558786e-03 -1.4786215e-03 3.3600000e-02
    endloop
  endfacet
  facet normal -7.1145859e-01 2.1581860e-01 6.6876678e-01
    outer loop
      vertex 4.3558786e-03 -1.4786215e-03 3.3600000e-02
      vertex 5.2081157e-03 -1.7679171e-03 3.4600000e-02
      vertex 5.3125920e-03 -1.4235047e-03 3.4600000e-02
    endloop
  endfacet
  facet normal -7.1145859e-01 2.1581860e-01 6.6876678e-01
    outer loop
      vertex 4.3558786e-03 -1.4786215e-03 3.3600000e-02
      vertex 5.3125920e-03 -1.4235047e-03 3.4600000e-02
      vertex 4.4432588e-03 -1.1905676e-03 3.3600000e-02
    endloop
  endfacet
  facet normal -7.2405052e-01 1.6882490e-01 6.6876678e-01
    outer loop
      vertex 4.4432588e-03 -1.1905676e-03 3.3600000e-02
      vertex 5.3125920e-03 -1.4235047e-03 3.4600000e-02
      vertex 5.3943190e-03 -1.0729968e-03 3.4600000e-02
    endloop
  endfacet
  facet normal -7.2405052e-01 1.6882490e-01 6.6876678e-01
    outer loop
      vertex 4.4432588e-03 -1.1905676e-03 3.3600000e-02
      vertex 5.3943190e-03 -1.0729968e-03 3.4600000e-02
      vertex 4.5116123e-03 -8.9741548e-04 3.3600000e-02
    endloop
  endfacet
  facet normal -7.3354195e-01 1.2110827e-01 6.6876678e-01
    outer loop
      vertex 4.5116123e-03 -8.9741548e-04 3.3600000e-02
      vertex 5.3943190e-03 -1.0729968e-03 3.4600000e-02
      vertex 5.4529467e-03 -7.1789406e-04 3.4600000e-02
    endloop
  endfacet
  facet normal -7.3354195e-01 1.2110827e-01 6.6876678e-01
    outer loop
      vertex 4.5116123e-03 -8.9741548e-04 3.3600000e-02
      vertex 5.4529467e-03 -7.1789406e-04 3.4600000e-02
      vertex 4.5606464e-03 -6.0042048e-04 3.3600000e-02
    endloop
  endfacet
  facet normal -7.3989224e-01 7.2873025e-02 6.6876678e-01
    outer loop
      vertex 4.5606464e-03 -6.0042048e-04 3.3600000e-02
      vertex 5.4529467e-03 -7.1789406e-04 3.4600000e-02
      vertex 5.4882241e-03 -3.5971721e-04 3.4600000e-02
    endloop
  endfacet
  facet normal -7.3989224e-01 7.2873025e-02 6.6876678e-01
    outer loop
      vertex 4.5606464e-03 -6.0042048e-04 3.3600000e-02
      vertex 5.4882241e-03 -3.5971721e-04 3.4600000e-02
      vertex 4.5901510e-03 -3.0085439e-04 3.3600000e-02
    endloop
  endfacet
  facet normal -7.4307419e-01 2.4325730e-02 6.6876678e-01
    outer loop
      vertex 4.5901510e-03 -3.0085439e-04 3.3600000e-02
      vertex 5.4882241e-03 -3.5971721e-04 3.4600000e-02
      vertex 5.5000000e-03 -1.3471115e-18 3.4600000e-02
    endloop
  endfacet
  facet normal -7.4307419e-01 2.4325730e-02 6.6876678e-01
    outer loop
      vertex 4.5901510e-03 -3.0085439e-04 3.3600000e-02
      vertex 5.5000000e-03 -1.3471115e-18 3.4600000e-02
      vertex 4.6000000e-03 -1.1266751e-18 3.3600000e-02
    endloop
  endfacet
  facet normal -8.6343377e-01 -2.8265895e-02 5.0366970e-01
    outer loop
      vertex 5.5000000e-03 0.0000000e+00 3.4600000e-02
      vertex 6.2000000e-03 0.0000000e+00 3.5800000e-02
      vertex 6.1867253e-03 4.0549940e-04 3.5800000e-02
    endloop
  endfacet
  facet normal -8.6343377e-01 -2.8265895e-02 5.0366970e-01
    outer loop
      vertex 5.5000000e-03 0.0000000e+00 3.4600000e-02
      vertex 6.1867253e-03 4.0549940e-04 3.5800000e-02
      vertex 5.4882241e-03 3.5971721e-04 3.4600000e-02
    endloop
  endfacet
  facet normal -8.5973641e-01 -8.4676646e-02 5.0366970e-01
    outer loop
      vertex 5.4882241e-03 3.5971721e-04 3.4600000e-02
      vertex 6.1867253e-03 4.0549940e-04 3.5800000e-02
      vertex 6.1469581e-03 8.0926239e-04 3.5800000e-02
    endloop
  endfacet
  facet normal -8.5973641e-01 -8.4676646e-02 5.0366970e-01
    outer loop
      vertex 5.4882241e-03 3.5971721e-04 3.4600000e-02
      vertex 6.1469581e-03 8.0926239e-04 3.5800000e-02
      vertex 5.4529467e-03 7.1789406e-04 3.4600000e-02
    endloop
  endfacet
  facet normal -8.5235753e-01 -1.4072480e-01 5.0366970e-01
    outer loop
      vertex 5.4529467e-03 7.1789406e-04 3.4600000e-02
      vertex 6.1469581e-03 8.0926239e-04 3.5800000e-02
      vertex 6.0808687e-03 1.2095600e-03 3.5800000e-02
    endloop
  endfacet
  facet normal -8.5235753e-01 -1.4072480e-01 5.0366970e-01
    outer loop
      vertex 5.4529467e-03 7.1789406e-04 3.4600000e-02
      vertex 6.0808687e-03 1.2095600e-03 3.5800000e-02
      vertex 5.3943190e-03 1.0729968e-03 3.4600000e-02
    endloop
  endfacet
  facet normal -8.4132873e-01 -1.9617035e-01 5.0366970e-01
    outer loop
      vertex 5.3943190e-03 1.0729968e-03 3.4600000e-02
      vertex 6.0808687e-03 1.2095600e-03 3.5800000e-02
      vertex 5.9887401e-03 1.6046781e-03 3.5800000e-02
    endloop
  endfacet
  facet normal -8.4132873e-01 -1.9617035e-01 5.0366970e-01
    outer loop
      vertex 5.3943190e-03 1.0729968e-03 3.4600000e-02
      vertex 5.9887401e-03 1.6046781e-03 3.5800000e-02
      vertex 5.3125920e-03 1.4235047e-03 3.4600000e-02
    endloop
  endfacet
  facet normal -8.2669723e-01 -2.5077586e-01 5.0366970e-01
    outer loop
      vertex 5.3125920e-03 1.4235047e-03 3.4600000e-02
      vertex 5.9887401e-03 1.6046781e-03 3.5800000e-02
      vertex 5.8709668e-03 1.9929247e-03 3.5800000e-02
    endloop
  endfacet
  facet normal -8.2669723e-01 -2.5077586e-01 5.0366970e-01
    outer loop
      vertex 5.3125920e-03 1.4235047e-03 3.4600000e-02
      vertex 5.8709668e-03 1.9929247e-03 3.5800000e-02
      vertex 5.2081157e-03 1.7679171e-03 3.4600000e-02
    endloop
  endfacet
  facet normal -8.0852568e-01 -3.0430752e-01 5.0366970e-01
    outer loop
      vertex 5.2081157e-03 1.7679171e-03 3.4600000e-02
      vertex 5.8709668e-03 1.9929247e-03 3.5800000e-02
      vertex 5.7280531e-03 2.3726373e-03 3.5800000e-02
    endloop
  endfacet
  facet normal -8.0852568e-01 -3.0430752e-01 5.0366970e-01
    outer loop
      vertex 5.2081157e-03 1.7679171e-03 3.4600000e-02
      vertex 5.7280531e-03 2.3726373e-03 3.5800000e-02
      vertex 5.0813374e-03 2.1047589e-03 3.4600000e-02
    endloop
  endfacet
  facet normal -7.8689190e-01 -3.5653608e-01 5.0366970e-01
    outer loop
      vertex 5.0813374e-03 2.1047589e-03 3.4600000e-02
      vertex 5.7280531e-03 2.3726373e-03 3.5800000e-02
      vertex 5.5606110e-03 2.7421899e-03 3.5800000e-02
    endloop
  endfacet
  facet normal -7.8689190e-01 -3.5653608e-01 5.0366970e-01
    outer loop
      vertex 5.0813374e-03 2.1047589e-03 3.4600000e-02
      vertex 5.5606110e-03 2.7421899e-03 3.5800000e-02
      vertex 4.9328001e-03 2.4325878e-03 3.4600000e-02
    endloop
  endfacet
  facet normal -7.6188853e-01 -4.0723790e-01 5.0366970e-01
    outer loop
      vertex 4.9328001e-03 2.4325878e-03 3.4600000e-02
      vertex 5.5606110e-03 2.7421899e-03 3.5800000e-02
      vertex 5.3693575e-03 3.1000000e-03 3.5800000e-02
    endloop
  endfacet
  facet normal -7.6188853e-01 -4.0723790e-01 5.0366970e-01
    outer loop
      vertex 4.9328001e-03 2.4325878e-03 3.4600000e-02
      vertex 5.3693575e-03 3.1000000e-03 3.5800000e-02
      vertex 4.7631397e-03 2.7500000e-03 3.4600000e-02
    endloop
  endfacet
  facet normal -7.3362263e-01 -4.5619587e-01 5.0366970e-01
    outer loop
      vertex 4.7631397e-03 2.7500000e-03 3.4600000e-02
      vertex 5.3693575e-03 3.1000000e-03 3.5800000e-02
      vertex 5.1551116e-03 3.4445354e-03 3.5800000e-02
    endloop
  endfacet
  facet normal -7.3362263e-01 -4.5619587e-01 5.0366970e-01
    outer loop
      vertex 4.7631397e-03 2.7500000e-03 3.4600000e-02
      vertex 5.1551116e-03 3.4445354e-03 3.5800000e-02
      vertex 4.5730829e-03 3.0556363e-03 3.4600000e-02
    endloop
  endfacet
  facet normal -7.0221525e-01 -5.0320033e-01 5.0366970e-01
    outer loop
      vertex 4.5730829e-03 3.0556363e-03 3.4600000e-02
      vertex 5.1551116e-03 3.4445354e-03 3.5800000e-02
      vertex 4.9187907e-03 3.7743209e-03 3.5800000e-02
    endloop
  endfacet
  facet normal -7.0221525e-01 -5.0320033e-01 5.0366970e-01
    outer loop
      vertex 4.5730829e-03 3.0556363e-03 3.4600000e-02
      vertex 4.9187907e-03 3.7743209e-03 3.5800000e-02
      vertex 4.3634434e-03 3.3481879e-03 3.4600000e-02
    endloop
  endfacet
  facet normal -6.6780088e-01 -5.4805002e-01 5.0366970e-01
    outer loop
      vertex 4.3634434e-03 3.3481879e-03 3.4600000e-02
      vertex 4.9187907e-03 3.7743209e-03 3.5800000e-02
      vertex 4.6614068e-03 4.0879441e-03 3.5800000e-02
    endloop
  endfacet
  facet normal -6.6780088e-01 -5.4805002e-01 5.0366970e-01
    outer loop
      vertex 4.3634434e-03 3.3481879e-03 3.4600000e-02
      vertex 4.6614068e-03 4.0879441e-03 3.5800000e-02
      vertex 4.1351189e-03 3.6264020e-03 3.4600000e-02
    endloop
  endfacet
  facet normal -6.3052688e-01 -5.9055287e-01 5.0366970e-01
    outer loop
      vertex 4.1351189e-03 3.6264020e-03 3.4600000e-02
      vertex 4.6614068e-03 4.0879441e-03 3.5800000e-02
      vertex 4.3840620e-03 4.3840620e-03 3.5800000e-02
    endloop
  endfacet
  facet normal -6.3052688e-01 -5.9055287e-01 5.0366970e-01
    outer loop
      vertex 4.1351189e-03 3.6264020e-03 3.4600000e-02
      vertex 4.3840620e-03 4.3840620e-03 3.5800000e-02
      vertex 3.8890873e-03 3.8890873e-03 3.4600000e-02
    endloop
  endfacet
  facet normal -5.9055287e-01 -6.3052688e-01 5.0366970e-01
    outer loop
      vertex 3.8890873e-03 3.8890873e-03 3.4600000e-02
      vertex 4.3840620e-03 4.3840620e-03 3.5800000e-02
      vertex 4.0879441e-03 4.6614068e-03 3.5800000e-02
    endloop
  endfacet
  facet normal -5.9055287e-01 -6.3052688e-01 5.0366970e-01
    outer loop
      vertex 3.8890873e-03 3.8890873e-03 3.4600000e-02
      vertex 4.0879441e-03 4.6614068e-03 3.5800000e-02
      vertex 3.6264020e-03 4.1351189e-03 3.4600000e-02
    endloop
  endfacet
  facet normal -5.4805002e-01 -6.6780088e-01 5.0366970e-01
    outer loop
      vertex 3.6264020e-03 4.1351189e-03 3.4600000e-02
      vertex 4.0879441e-03 4.6614068e-03 3.5800000e-02
      vertex 3.7743209e-03 4.9187907e-03 3.5800000e-02
    endloop
  endfacet
  facet normal -5.4805002e-01 -6.6780088e-01 5.0366970e-01
    outer loop
      vertex 3.6264020e-03 4.1351189e-03 3.4600000e-02
      vertex 3.7743209e-03 4.9187907e-03 3.5800000e-02
      vertex 3.3481879e-03 4.3634434e-03 3.4600000e-02
    endloop
  endfacet
  facet normal -5.0320033e-01 -7.0221525e-01 5.0366970e-01
    outer loop
      vertex 3.3481879e-03 4.3634434e-03 3.4600000e-02
      vertex 3.7743209e-03 4.9187907e-03 3.5800000e-02
      vertex 3.4445354e-03 5.1551116e-03 3.5800000e-02
    endloop
  endfacet
  facet normal -5.0320033e-01 -7.0221525e-01 5.0366970e-01
    outer loop
      vertex 3.3481879e-03 4.3634434e-03 3.4600000e-02
      vertex 3.4445354e-03 5.1551116e-03 3.5800000e-02
      vertex 3.0556363e-03 4.5730829e-03 3.4600000e-02
    endloop
  endfacet
  facet normal -4.5619587e-01 -7.3362263e-01 5.0366970e-01
    outer loop
      vertex 3.0556363e-03 4.5730829e-03 3.4600000e-02
      vertex 3.4445354e-03 5.1551116e-03 3.5800000e-02
      vertex 3.1000000e-03 5.3693575e-03 3.5800000e-02
    endloop
  endfacet
  facet normal -4.5619587e-01 -7.3362263e-01 5.0366970e-01
    outer loop
      vertex 3.0556363e-03 4.5730829e-03 3.4600000e-02
      vertex 3.1000000e-03 5.3693575e-03 3.5800000e-02
      vertex 2.7500000e-03 4.7631397e-03 3.4600000e-02
    endloop
  endfacet
  facet normal -4.0723790e-01 -7.6188853e-01 5.0366970e-01
    outer loop
      vertex 2.7500000e-03 4.7631397e-03 3.4600000e-02
      vertex 3.1000000e-03 5.3693575e-03 3.5800000e-02
      vertex 2.7421899e-03 5.5606110e-03 3.5800000e-02
    endloop
  endfacet
  facet normal -4.0723790e-01 -7.6188853e-01 5.0366970e-01
    outer loop
      vertex 2.7500000e-03 4.7631397e-03 3.4600000e-02
      vertex 2.7421899e-03 5.5606110e-03 3.5800000e-02
      vertex 2.4325878e-03 4.9328001e-03 3.4600000e-02
    endloop
  endfacet
  facet normal -3.5653608e-01 -7.8689190e-01 5.0366970e-01
    outer loop
      vertex 2.4325878e-03 4.9328001e-03 3.4600000e-02
      vertex 2.7421899e-03 5.5606110e-03 3.5800000e-02
      vertex 2.3726373e-03 5.7280531e-03 3.5800000e-02
    endloop
  endfacet
  facet normal -3.5653608e-01 -7.8689190e-01 5.0366970e-01
    outer loop
      vertex 2.4325878e-03 4.9328001e-03 3.4600000e-02
      vertex 2.3726373e-03 5.7280531e-03 3.5800000e-02
      vertex 2.1047589e-03 5.0813374e-03 3.4600000e-02
    endloop
  endfacet
  facet normal -3.0430752e-01 -8.0852568e-01 5.0366970e-01
    outer loop
      vertex 2.1047589e-03 5.0813374e-03 3.4600000e-02
      vertex 2.3726373e-03 5.7280531e-03 3.5800000e-02
      vertex 1.9929247e-03 5.8709668e-03 3.5800000e-02
    endloop
  endfacet
  facet normal -3.0430752e-01 -8.0852568e-01 5.0366970e-01
    outer loop
      vertex 2.1047589e-03 5.0813374e-03 3.4600000e-02
      vertex 1.9929247e-03 5.8709668e-03 3.5800000e-02
      vertex 1.7679171e-03 5.2081157e-03 3.4600000e-02
    endloop
  endfacet
  facet normal -2.5077586e-01 -8.2669723e-01 5.0366970e-01
    outer loop
      vertex 1.7679171e-03 5.2081157e-03 3.4600000e-02
      vertex 1.9929247e-03 5.8709668e-03 3.5800000e-02
      vertex 1.6046781e-03 5.9887401e-03 3.5800000e-02
    endloop
  endfacet
  facet normal -2.5077586e-01 -8.2669723e-01 5.0366970e-01
    outer loop
      vertex 1.7679171e-03 5.2081157e-03 3.4600000e-02
      vertex 1.6046781e-03 5.9887401e-03 3.5800000e-02
      vertex 1.4235047e-03 5.3125920e-03 3.4600000e-02
    endloop
  endfacet
  facet normal -1.9617035e-01 -8.4132873e-01 5.0366970e-01
    outer loop
      vertex 1.4235047e-03 5.3125920e-03 3.4600000e-02
      vertex 1.6046781e-03 5.9887401e-03 3.5800000e-02
      vertex 1.2095600e-03 6.0808687e-03 3.5800000e-02
    endloop
  endfacet
  facet normal -1.9617035e-01 -8.4132873e-01 5.0366970e-01
    outer loop
      vertex 1.4235047e-03 5.3125920e-03 3.4600000e-02
      vertex 1.2095600e-03 6.0808687e-03 3.5800000e-02
      vertex 1.0729968e-03 5.3943190e-03 3.4600000e-02
    endloop
  endfacet
  facet normal -1.4072480e-01 -8.5235753e-01 5.0366970e-01
    outer loop
      vertex 1.0729968e-03 5.3943190e-03 3.4600000e-02
      vertex 1.2095600e-03 6.0808687e-03 3.5800000e-02
      vertex 8.0926239e-04 6.1469581e-03 3.5800000e-02
    endloop
  endfacet
  facet normal -1.4072480e-01 -8.5235753e-01 5.0366970e-01
    outer loop
      vertex 1.0729968e-03 5.3943190e-03 3.4600000e-02
      vertex 8.0926239e-04 6.1469581e-03 3.5800000e-02
      vertex 7.1789406e-04 5.4529467e-03 3.4600000e-02
    endloop
  endfacet
  facet normal -8.4676646e-02 -8.5973641e-01 5.0366970e-01
    outer loop
      vertex 7.1789406e-04 5.4529467e-03 3.4600000e-02
      vertex 8.0926239e-04 6.1469581e-03 3.5800000e-02
      vertex 4.0549940e-04 6.1867253e-03 3.5800000e-02
    endloop
  endfacet
  facet normal -8.4676646e-02 -8.5973641e-01 5.0366970e-01
    outer loop
      vertex 7.1789406e-04 5.4529467e-03 3.4600000e-02
      vertex 4.0549940e-04 6.1867253e-03 3.5800000e-02
      vertex 3.5971721e-04 5.4882241e-03 3.4600000e-02
    endloop
  endfacet
  facet normal -2.8265895e-02 -8.6343377e-01 5.0366970e-01
    outer loop
      vertex 3.5971721e-04 5.4882241e-03 3.4600000e-02
      vertex 4.0549940e-04 6.1867253e-03 3.5800000e-02
      vertex 3.7964051e-19 6.2000000e-03 3.5800000e-02
    endloop
  endfacet
  facet normal -2.8265895e-02 -8.6343377e-01 5.0366970e-01
    outer loop
      vertex 3.5971721e-04 5.4882241e-03 3.4600000e-02
      vertex 3.7964051e-19 6.2000000e-03 3.5800000e-02
      vertex 3.3677787e-19 5.5000000e-03 3.4600000e-02
    endloop
  endfacet
  facet normal 2.8265895e-02 -8.6343377e-01 5.0366970e-01
    outer loop
      vertex 3.3677787e-19 5.5000000e-03 3.4600000e-02
      vertex 3.7964051e-19 6.2000000e-03 3.5800000e-02
      vertex -4.0549940e-04 6.1867253e-03 3.5800000e-02
    endloop
  endfacet
  facet normal 2.8265895e-02 -8.6343377e-01 5.0366970e-01
    outer loop
      vertex 3.3677787e-19 5.5000000e-03 3.4600000e-02
      vertex -4.0549940e-04 6.1867253e-03 3.5800000e-02
      vertex -3.5971721e-04 5.4882241e-03 3.4600000e-02
    endloop
  endfacet
  facet normal 8.4676646e-02 -8.5973641e-01 5.0366970e-01
    outer loop
      vertex -3.5971721e-04 5.4882241e-03 3.4600000e-02
      vertex -4.0549940e-04 6.1867253e-03 3.5800000e-02
      vertex -8.0926239e-04 6.1469581e-03 3.5800000e-02
    endloop
  endfacet
  facet normal 8.4676646e-02 -8.5973641e-01 5.0366970e-01
    outer loop
      vertex -3.5971721e-04 5.4882241e-03 3.4600000e-02
      vertex -8.0926239e-04 6.1469581e-03 3.5800000e-02
      vertex -7.1789406e-04 5.4529467e-03 3.4600000e-02
    endloop
  endfacet
  facet normal 1.4072480e-01 -8.5235753e-01 5.0366970e-01
    outer loop
      vertex -7.1789406e-04 5.4529467e-03 3.4600000e-02
      vertex -8.0926239e-04 6.1469581e-03 3.5800000e-02
      vertex -1.2095600e-03 6.0808687e-03 3.5800000e-02
    endloop
  endfacet
  facet normal 1.4072480e-01 -8.5235753e-01 5.0366970e-01
    outer loop
      vertex -7.1789406e-04 5.4529467e-03 3.4600000e-02
      vertex -1.2095600e-03 6.0808687e-03 3.5800000e-02
      vertex -1.0729968e-03 5.3943190e-03 3.4600000e-02
    endloop
  endfacet
  facet normal 1.9617035e-01 -8.4132873e-01 5.0366970e-01
    outer loop
      vertex -1.0729968e-03 5.3943190e-03 3.4600000e-02
      vertex -1.2095600e-03 6.0808687e-03 3.5800000e-02
      vertex -1.6046781e-03 5.9887401e-03 3.5800000e-02
    endloop
  endfacet
  facet normal 1.9617035e-01 -8.4132873e-01 5.0366970e-01
    outer loop
      vertex -1.0729968e-03 5.3943190e-03 3.4600000e-02
      vertex -1.6046781e-03 5.9887401e-03 3.5800000e-02
      vertex -1.4235047e-03 5.3125920e-03 3.4600000e-02
    endloop
  endfacet
  facet normal 2.5077586e-01 -8.2669723e-01 5.0366970e-01
    outer loop
      vertex -1.4235047e-03 5.3125920e-03 3.4600000e-02
      vertex -1.6046781e-03 5.9887401e-03 3.5800000e-02
      vertex -1.9929247e-03 5.8709668e-03 3.5800000e-02
    endloop
  endfacet
  facet normal 2.5077586e-01 -8.2669723e-01 5.0366970e-01
    outer loop
      vertex -1.4235047e-03 5.3125920e-03 3.4600000e-02
      vertex -1.9929247e-03 5.8709668e-03 3.5800000e-02
      vertex -1.7679171e-03 5.2081157e-03 3.4600000e-02
    endloop
  endfacet
  facet normal 3.0430752e-01 -8.0852568e-01 5.0366970e-01
    outer loop
      vertex -1.7679171e-03 5.2081157e-03 3.4600000e-02
      vertex -1.9929247e-03 5.8709668e-03 3.5800000e-02
      vertex -2.3726373e-03 5.7280531e-03 3.5800000e-02
    endloop
  endfacet
  facet normal 3.0430752e-01 -8.0852568e-01 5.0366970e-01
    outer loop
      vertex -1.7679171e-03 5.2081157e-03 3.4600000e-02
      vertex -2.3726373e-03 5.7280531e-03 3.5800000e-02
      vertex -2.1047589e-03 5.0813374e-03 3.4600000e-02
    endloop
  endfacet
  facet normal 3.5653608e-01 -7.8689190e-01 5.0366970e-01
    outer loop
      vertex -2.1047589e-03 5.0813374e-03 3.4600000e-02
      vertex -2.3726373e-03 5.7280531e-03 3.5800000e-02
      vertex -2.7421899e-03 5.5606110e-03 3.5800000e-02
    endloop
  endfacet
  facet normal 3.5653608e-01 -7.8689190e-01 5.0366970e-01
    outer loop
      vertex -2.1047589e-03 5.0813374e-03 3.4600000e-02
      vertex -2.7421899e-03 5.5606110e-03 3.5800000e-02
      vertex -2.4325878e-03 4.9328001e-03 3.4600000e-02
    endloop
  endfacet
  facet normal 4.0723790e-01 -7.6188853e-01 5.0366970e-01
    outer loop
      vertex -2.4325878e-03 4.9328001e-03 3.4600000e-02
      vertex -2.7421899e-03 5.5606110e-03 3.5800000e-02
      vertex -3.1000000e-03 5.3693575e-03 3.5800000e-02
    endloop
  endfacet
  facet normal 4.0723790e-01 -7.6188853e-01 5.0366970e-01
    outer loop
      vertex -2.4325878e-03 4.9328001e-03 3.4600000e-02
      vertex -3.1000000e-03 5.3693575e-03 3.5800000e-02
      vertex -2.7500000e-03 4.7631397e-03 3.4600000e-02
    endloop
  endfacet
  facet normal 4.5619587e-01 -7.3362263e-01 5.0366970e-01
    outer loop
      vertex -2.7500000e-03 4.7631397e-03 3.4600000e-02
      vertex -3.1000000e-03 5.3693575e-03 3.5800000e-02
      vertex -3.4445354e-03 5.1551116e-03 3.5800000e-02
    endloop
  endfacet
  facet normal 4.5619587e-01 -7.3362263e-01 5.0366970e-01
    outer loop
      vertex -2.7500000e-03 4.7631397e-03 3.4600000e-02
      vertex -3.4445354e-03 5.1551116e-03 3.5800000e-02
      vertex -3.0556363e-03 4.5730829e-03 3.4600000e-02
    endloop
  endfacet
  facet normal 5.0320033e-01 -7.0221525e-01 5.0366970e-01
    outer loop
      vertex -3.0556363e-03 4.5730829e-03 3.4600000e-02
      vertex -3.4445354e-03 5.1551116e-03 3.5800000e-02
      vertex -3.7743209e-03 4.9187907e-03 3.5800000e-02
    endloop
  endfacet
  facet normal 5.0320033e-01 -7.0221525e-01 5.0366970e-01
    outer loop
      vertex -3.0556363e-03 4.5730829e-03 3.4600000e-02
      vertex -3.7743209e-03 4.9187907e-03 3.5800000e-02
      vertex -3.3481879e-03 4.3634434e-03 3.4600000e-02
    endloop
  endfacet
  facet normal 5.4805002e-01 -6.6780088e-01 5.0366970e-01
    outer loop
      vertex -3.3481879e-03 4.3634434e-03 3.4600000e-02
      vertex -3.7743209e-03 4.9187907e-03 3.5800000e-02
      vertex -4.0879441e-03 4.6614068e-03 3.5800000e-02
    endloop
  endfacet
  facet normal 5.4805002e-01 -6.6780088e-01 5.0366970e-01
    outer loop
      vertex -3.3481879e-03 4.3634434e-03 3.4600000e-02
      vertex -4.0879441e-03 4.6614068e-03 3.5800000e-02
      vertex -3.6264020e-03 4.1351189e-03 3.4600000e-02
    endloop
  endfacet
  facet normal 5.9055287e-01 -6.3052688e-01 5.0366970e-01
    outer loop
      vertex -3.6264020e-03 4.1351189e-03 3.4600000e-02
      vertex -4.0879441e-03 4.6614068e-03 3.5800000e-02
      vertex -4.3840620e-03 4.3840620e-03 3.5800000e-02
    endloop
  endfacet
  facet normal 5.9055287e-01 -6.3052688e-01 5.0366970e-01
    outer loop
      vertex -3.6264020e-03 4.1351189e-03 3.4600000e-02
      vertex -4.3840620e-03 4.3840620e-03 3.5800000e-02
      vertex -3.8890873e-03 3.8890873e-03 3.4600000e-02
    endloop
  endfacet
  facet normal 6.3052688e-01 -5.9055287e-01 5.0366970e-01
    outer loop
      vertex -3.8890873e-03 3.8890873e-03 3.4600000e-02
      vertex -4.3840620e-03 4.3840620e-03 3.5800000e-02
      vertex -4.6614068e-03 4.0879441e-03 3.5800000e-02
    endloop
  endfacet
  facet normal 6.3052688e-01 -5.9055287e-01 5.0366970e-01
    outer loop
      vertex -3.8890873e-03 3.8890873e-03 3.4600000e-02
      vertex -4.6614068e-03 4.0879441e-03 3.5800000e-02
      vertex -4.1351189e-03 3.6264020e-03 3.4600000e-02
    endloop
  endfacet
  facet normal 6.6780088e-01 -5.4805002e-01 5.0366970e-01
    outer loop
      vertex -4.1351189e-03 3.6264020e-03 3.4600000e-02
      vertex -4.6614068e-03 4.0879441e-03 3.5800000e-02
      vertex -4.9187907e-03 3.7743209e-03 3.5800000e-02
    endloop
  endfacet
  facet normal 6.6780088e-01 -5.4805002e-01 5.0366970e-01
    outer loop
      vertex -4.1351189e-03 3.6264020e-03 3.4600000e-02
      vertex -4.9187907e-03 3.7743209e-03 3.5800000e-02
      vertex -4.3634434e-03 3.3481879e-03 3.4600000e-02
    endloop
  endfacet
  facet normal 7.0221525e-01 -5.0320033e-01 5.0366970e-01
    outer loop
      vertex -4.3634434e-03 3.3481879e-03 3.4600000e-02
      vertex -4.9187907e-03 3.7743209e-03 3.5800000e-02
      vertex -5.1551116e-03 3.4445354e-03 3.5800000e-02
    endloop
  endfacet
  facet normal 7.0221525e-01 -5.0320033e-01 5.0366970e-01
    outer loop
      vertex -4.3634434e-03 3.3481879e-03 3.4600000e-02
      vertex -5.1551116e-03 3.4445354e-03 3.5800000e-02
      vertex -4.5730829e-03 3.0556363e-03 3.4600000e-02
    endloop
  endfacet
  facet normal 7.3362263e-01 -4.5619587e-01 5.0366970e-01
    outer loop
      vertex -4.5730829e-03 3.0556363e-03 3.4600000e-02
      vertex -5.1551116e-03 3.4445354e-03 3.5800000e-02
      vertex -5.3693575e-03 3.1000000e-03 3.5800000e-02
    endloop
  endfacet
  facet normal 7.3362263e-01 -4.5619587e-01 5.0366970e-01
    outer loop
      vertex -4.5730829e-03 3.0556363e-03 3.4600000e-02
      vertex -5.3693575e-03 3.1000000e-03 3.5800000e-02
      vertex -4.7631397e-03 2.7500000e-03 3.4600000e-02
    endloop
  endfacet
  facet normal 7.6188853e-01 -4.0723790e-01 5.0366970e-01
    outer loop
      vertex -4.7631397e-03 2.7500000e-03 3.4600000e-02
      vertex -5.3693575e-03 3.1000000e-03 3.5800000e-02
      vertex -5.5606110e-03 2.7421899e-03 3.5800000e-02
    endloop
  endfacet
  facet normal 7.6188853e-01 -4.0723790e-01 5.0366970e-01
    outer loop
      vertex -4.7631397e-03 2.7500000e-03 3.4600000e-02
      vertex -5.5606110e-03 2.7421899e-03 3.5800000e-02
      vertex -4.9328001e-03 2.4325878e-03 3.4600000e-02
    endloop
  endfacet
  facet normal 7.8689190e-01 -3.5653608e-01 5.0366970e-01
    outer loop
      vertex -4.9328001e-03 2.4325878e-03 3.4600000e-02
      vertex -5.5606110e-03 2.7421899e-03 3.5800000e-02
      vertex -5.7280531e-03 2.3726373e-03 3.5800000e-02
    endloop
  endfacet
  facet normal 7.8689190e-01 -3.5653608e-01 5.0366970e-01
    outer loop
      vertex -4.9328001e-03 2.4325878e-03 3.4600000e-02
      vertex -5.7280531e-03 2.3726373e-03 3.5800000e-02
      vertex -5.0813374e-03 2.1047589e-03 3.4600000e-02
    endloop
  endfacet
  facet normal 8.0852568e-01 -3.0430752e-01 5.0366970e-01
    outer loop
      vertex -5.0813374e-03 2.1047589e-03 3.4600000e-02
      vertex -5.7280531e-03 2.3726373e-03 3.5800000e-02
      vertex -5.8709668e-03 1.9929247e-03 3.5800000e-02
    endloop
  endfacet
  facet normal 8.0852568e-01 -3.0430752e-01 5.0366970e-01
    outer loop
      vertex -5.0813374e-03 2.1047589e-03 3.4600000e-02
      vertex -5.8709668e-03 1.9929247e-03 3.5800000e-02
      vertex -5.2081157e-03 1.7679171e-03 3.4600000e-02
    endloop
  endfacet
  facet normal 8.2669723e-01 -2.5077586e-01 5.0366970e-01
    outer loop
      vertex -5.2081157e-03 1.7679171e-03 3.4600000e-02
      vertex -5.8709668e-03 1.9929247e-03 3.5800000e-02
      vertex -5.9887401e-03 1.6046781e-03 3.5800000e-02
    endloop
  endfacet
  facet normal 8.2669723e-01 -2.5077586e-01 5.0366970e-01
    outer loop
      vertex -5.2081157e-03 1.7679171e-03 3.4600000e-02
      vertex -5.9887401e-03 1.6046781e-03 3.5800000e-02
      vertex -5.3125920e-03 1.4235047e-03 3.4600000e-02
    endloop
  endfacet
  facet normal 8.4132873e-01 -1.9617035e-01 5.0366970e-01
    outer loop
      vertex -5.3125920e-03 1.4235047e-03 3.4600000e-02
      vertex -5.9887401e-03 1.6046781e-03 3.5800000e-02
      vertex -6.0808687e-03 1.2095600e-03 3.5800000e-02
    endloop
  endfacet
  facet normal 8.4132873e-01 -1.9617035e-01 5.0366970e-01
    outer loop
      vertex -5.3125920e-03 1.4235047e-03 3.4600000e-02
      vertex -6.0808687e-03 1.2095600e-03 3.5800000e-02
      vertex -5.3943190e-03 1.0729968e-03 3.4600000e-02
    endloop
  endfacet
  facet normal 8.5235753e-01 -1.4072480e-01 5.0366970e-01
    outer loop
      vertex -5.3943190e-03 1.0729968e-03 3.4600000e-02
      vertex -6.0808687e-03 1.2095600e-03 3.5800000e-02
      vertex -6.1469581e-03 8.0926239e-04 3.5800000e-02
    endloop
  endfacet
  facet normal 8.5235753e-01 -1.4072480e-01 5.0366970e-01
    outer loop
      vertex -5.3943190e-03 1.0729968e-03 3.4600000e-02
      vertex -6.1469581e-03 8.0926239e-04 3.5800000e-02
      vertex -5.4529467e-03 7.1789406e-04 3.4600000e-02
    endloop
  endfacet
  facet normal 8.5973641e-01 -8.4676646e-02 5.0366970e-01
    outer loop
      vertex -5.4529467e-03 7.1789406e-04 3.4600000e-02
      vertex -6.1469581e-03 8.0926239e-04 3.5800000e-02
      vertex -6.1867253e-03 4.0549940e-04 3.5800000e-02
    endloop
  endfacet
  facet normal 8.5973641e-01 -8.4676646e-02 5.0366970e-01
    outer loop
      vertex -5.4529467e-03 7.1789406e-04 3.4600000e-02
      vertex -6.1867253e-03 4.0549940e-04 3.5800000e-02
      vertex -5.4882241e-03 3.5971721e-04 3.4600000e-02
    endloop
  endfacet
  facet normal 8.6343377e-01 -2.8265895e-02 5.0366970e-01
    outer loop
      vertex -5.4882241e-03 3.5971721e-04 3.4600000e-02
      vertex -6.1867253e-03 4.0549940e-04 3.5800000e-02
      vertex -6.2000000e-03 7.5928102e-19 3.5800000e-02
    endloop
  endfacet
  facet normal 8.6343377e-01 -2.8265895e-02 5.0366970e-01
    outer loop
      vertex -5.4882241e-03 3.5971721e-04 3.4600000e-02
      vertex -6.2000000e-03 7.5928102e-19 3.5800000e-02
      vertex -5.5000000e-03 6.7355574e-19 3.4600000e-02
    endloop
  endfacet
  facet normal 8.6343377e-01 2.8265895e-02 5.0366970e-01
    outer loop
      vertex -5.5000000e-03 6.7355574e-19 3.4600000e-02
      vertex -6.2000000e-03 7.5928102e-19 3.5800000e-02
      vertex -6.1867253e-03 -4.0549940e-04 3.5800000e-02
    endloop
  endfacet
  facet normal 8.6343377e-01 2.8265895e-02 5.0366970e-01
    outer loop
      vertex -5.5000000e-03 6.7355574e-19 3.4600000e-02
      vertex -6.1867253e-03 -4.0549940e-04 3.5800000e-02
      vertex -5.4882241e-03 -3.5971721e-04 3.4600000e-02
    endloop
  endfacet
  facet normal 8.5973641e-01 8.4676646e-02 5.0366970e-01
    outer loop
      vertex -5.4882241e-03 -3.5971721e-04 3.4600000e-02
      vertex -6.1867253e-03 -4.0549940e-04 3.5800000e-02
      vertex -6.1469581e-03 -8.0926239e-04 3.5800000e-02
    endloop
  endfacet
  facet normal 8.5973641e-01 8.4676646e-02 5.0366970e-01
    outer loop
      vertex -5.4882241e-03 -3.5971721e-04 3.4600000e-02
      vertex -6.1469581e-03 -8.0926239e-04 3.5800000e-02
      vertex -5.4529467e-03 -7.1789406e-04 3.4600000e-02
    endloop
  endfacet
  facet normal 8.5235753e-01 1.4072480e-01 5.0366970e-01
    outer loop
      vertex -5.4529467e-03 -7.1789406e-04 3.4600000e-02
      vertex -6.1469581e-03 -8.0926239e-04 3.5800000e-02
      vertex -6.0808687e-03 -1.2095600e-03 3.5800000e-02
    endloop
  endfacet
  facet normal 8.5235753e-01 1.4072480e-01 5.0366970e-01
    outer loop
      vertex -5.4529467e-03 -7.1789406e-04 3.4600000e-02
      vertex -6.0808687e-03 -1.2095600e-03 3.5800000e-02
      vertex -5.3943190e-03 -1.0729968e-03 3.4600000e-02
    endloop
  endfacet
  facet normal 8.4132873e-01 1.9617035e-01 5.0366970e-01
    outer loop
      vertex -5.3943190e-03 -1.0729968e-03 3.4600000e-02
      vertex -6.0808687e-03 -1.2095600e-03 3.5800000e-02
      vertex -5.9887401e-03 -1.6046781e-03 3.5800000e-02
    endloop
  endfacet
  facet normal 8.4132873e-01 1.9617035e-01 5.0366970e-01
    outer loop
      vertex -5.3943190e-03 -1.0729968e-03 3.4600000e-02
      vertex -5.9887401e-03 -1.6046781e-03 3.5800000e-02
      vertex -5.3125920e-03 -1.4235047e-03 3.4600000e-02
    endloop
  endfacet
  facet normal 8.2669723e-01 2.5077586e-01 5.0366970e-01
    outer loop
      vertex -5.3125920e-03 -1.4235047e-03 3.4600000e-02
      vertex -5.9887401e-03 -1.6046781e-03 3.5800000e-02
      vertex -5.8709668e-03 -1.9929247e-03 3.5800000e-02
    endloop
  endfacet
  facet normal 8.2669723e-01 2.5077586e-01 5.0366970e-01
    outer loop
      vertex -5.3125920e-03 -1.4235047e-03 3.4600000e-02
      vertex -5.8709668e-03 -1.9929247e-03 3.5800000e-02
      vertex -5.2081157e-03 -1.7679171e-03 3.4600000e-02
    endloop
  endfacet
  facet normal 8.0852568e-01 3.0430752e-01 5.0366970e-01
    outer loop
      vertex -5.2081157e-03 -1.7679171e-03 3.4600000e-02
      vertex -5.8709668e-03 -1.9929247e-03 3.5800000e-02
      vertex -5.7280531e-03 -2.3726373e-03 3.5800000e-02
    endloop
  endfacet
  facet normal 8.0852568e-01 3.0430752e-01 5.0366970e-01
    outer loop
      vertex -5.2081157e-03 -1.7679171e-03 3.4600000e-02
      vertex -5.7280531e-03 -2.3726373e-03 3.5800000e-02
      vertex -5.0813374e-03 -2.1047589e-03 3.4600000e-02
    endloop
  endfacet
  facet normal 7.8689190e-01 3.5653608e-01 5.0366970e-01
    outer loop
      vertex -5.0813374e-03 -2.1047589e-03 3.4600000e-02
      vertex -5.7280531e-03 -2.3726373e-03 3.5800000e-02
      vertex -5.5606110e-03 -2.7421899e-03 3.5800000e-02
    endloop
  endfacet
  facet normal 7.8689190e-01 3.5653608e-01 5.0366970e-01
    outer loop
      vertex -5.0813374e-03 -2.1047589e-03 3.4600000e-02
      vertex -5.5606110e-03 -2.7421899e-03 3.5800000e-02
      vertex -4.9328001e-03 -2.4325878e-03 3.4600000e-02
    endloop
  endfacet
  facet normal 7.6188853e-01 4.0723790e-01 5.0366970e-01
    outer loop
      vertex -4.9328001e-03 -2.4325878e-03 3.4600000e-02
      vertex -5.5606110e-03 -2.7421899e-03 3.5800000e-02
      vertex -5.3693575e-03 -3.1000000e-03 3.5800000e-02
    endloop
  endfacet
  facet normal 7.6188853e-01 4.0723790e-01 5.0366970e-01
    outer loop
      vertex -4.9328001e-03 -2.4325878e-03 3.4600000e-02
      vertex -5.3693575e-03 -3.1000000e-03 3.5800000e-02
      vertex -4.7631397e-03 -2.7500000e-03 3.4600000e-02
    endloop
  endfacet
  facet normal 7.3362263e-01 4.5619587e-01 5.0366970e-01
    outer loop
      vertex -4.7631397e-03 -2.7500000e-03 3.4600000e-02
      vertex -5.3693575e-03 -3.1000000e-03 3.5800000e-02
      vertex -5.1551116e-03 -3.4445354e-03 3.5800000e-02
    endloop
  endfacet
  facet normal 7.3362263e-01 4.5619587e-01 5.0366970e-01
    outer loop
      vertex -4.7631397e-03 -2.7500000e-03 3.4600000e-02
      vertex -5.1551116e-03 -3.4445354e-03 3.5800000e-02
      vertex -4.5730829e-03 -3.0556363e-03 3.4600000e-02
    endloop
  endfacet
  facet normal 7.0221525e-01 5.0320033e-01 5.0366970e-01
    outer loop
      vertex -4.5730829e-03 -3.0556363e-03 3.4600000e-02
      vertex -5.1551116e-03 -3.4445354e-03 3.5800000e-02
      vertex -4.9187907e-03 -3.7743209e-03 3.5800000e-02
    endloop
  endfacet
  facet normal 7.0221525e-01 5.0320033e-01 5.0366970e-01
    outer loop
      vertex -4.5730829e-03 -3.0556363e-03 3.4600000e-02
      vertex -4.9187907e-03 -3.7743209e-03 3.5800000e-02
      vertex -4.3634434e-03 -3.3481879e-03 3.4600000e-02
    endloop
  endfacet
  facet normal 6.6780088e-01 5.4805002e-01 5.0366970e-01
    outer loop
      vertex -4.3634434e-03 -3.3481879e-03 3.4600000e-02
      vertex -4.9187907e-03 -3.7743209e-03 3.5800000e-02
      vertex -4.6614068e-03 -4.0879441e-03 3.5800000e-02
    endloop
  endfacet
  facet normal 6.6780088e-01 5.4805002e-01 5.0366970e-01
    outer loop
      vertex -4.3634434e-03 -3.3481879e-03 3.4600000e-02
      vertex -4.6614068e-03 -4.0879441e-03 3.5800000e-02
      vertex -4.1351189e-03 -3.6264020e-03 3.4600000e-02
    endloop
  endfacet
  facet normal 6.3052688e-01 5.9055287e-01 5.0366970e-01
    outer loop
      vertex -4.1351189e-03 -3.6264020e-03 3.4600000e-02
      vertex -4.6614068e-03 -4.0879441e-03 3.5800000e-02
      vertex -4.3840620e-03 -4.3840620e-03 3.5800000e-02
    endloop
  endfacet
  facet normal 6.3052688e-01 5.9055287e-01 5.0366970e-01
    outer loop
      vertex -4.1351189e-03 -3.6264020e-03 3.4600000e-02
      vertex -4.3840620e-03 -4.3840620e-03 3.5800000e-02
      vertex -3.8890873e-03 -3.8890873e-03 3.4600000e-02
    endloop
  endfacet
  facet normal 5.9055287e-01 6.3052688e-01 5.0366970e-01
    outer loop
      vertex -3.8890873e-03 -3.8890873e-03 3.4600000e-02
      vertex -4.3840620e-03 -4.3840620e-03 3.5800000e-02
      vertex -4.0879441e-03 -4.6614068e-03 3.5800000e-02
    endloop
  endfacet
  facet normal 5.9055287e-01 6.3052688e-01 5.0366970e-01
    outer loop
      vertex -3.8890873e-03 -3.8890873e-03 3.4600000e-02
      vertex -4.0879441e-03 -4.6614068e-03 3.5800000e-02
      vertex -3.6264020e-03 -4.1351189e-03 3.4600000e-02
    endloop
  endfacet
  facet normal 5.4805002e-01 6.6780088e-01 5.0366970e-01
    outer loop
      vertex -3.6264020e-03 -4.1351189e-03 3.4600000e-02
      vertex -4.0879441e-03 -4.6614068e-03 3.5800000e-02
      vertex -3.7743209e-03 -4.9187907e-03 3.5800000e-02
    endloop
  endfacet
  facet normal 5.4805002e-01 6.6780088e-01 5.0366970e-01
    outer loop
      vertex -3.6264020e-03 -4.1351189e-03 3.4600000e-02
      vertex -3.7743209e-03 -4.9187907e-03 3.5800000e-02
      vertex -3.3481879e-03 -4.3634434e-03 3.4600000e-02
    endloop
  endfacet
  facet normal 5.0320033e-01 7.0221525e-01 5.0366970e-01
    outer loop
      vertex -3.3481879e-03 -4.3634434e-03 3.4600000e-02
      vertex -3.7743209e-03 -4.9187907e-03 3.5800000e-02
      vertex -3.4445354e-03 -5.1551116e-03 3.5800000e-02
    endloop
  endfacet
  facet normal 5.0320033e-01 7.0221525e-01 5.0366970e-01
    outer loop
      vertex -3.3481879e-03 -4.3634434e-03 3.4600000e-02
      vertex -3.4445354e-03 -5.1551116e-03 3.5800000e-02
      vertex -3.0556363e-03 -4.5730829e-03 3.4600000e-02
    endloop
  endfacet
  facet normal 4.5619587e-01 7.3362263e-01 5.0366970e-01
    outer loop
      vertex -3.0556363e-03 -4.5730829e-03 3.4600000e-02
      vertex -3.4445354e-03 -5.1551116e-03 3.5800000e-02
      vertex -3.1000000e-03 -5.3693575e-03 3.5800000e-02
    endloop
  endfacet
  facet normal 4.5619587e-01 7.3362263e-01 5.0366970e-01
    outer loop
      vertex -3.0556363e-03 -4.5730829e-03 3.4600000e-02
      vertex -3.1000000e-03 -5.3693575e-03 3.5800000e-02
      vertex -2.7500000e-03 -4.7631397e-03 3.4600000e-02
    endloop
  endfacet
  facet normal 4.0723790e-01 7.6188853e-01 5.0366970e-01
    outer loop
      vertex -2.7500000e-03 -4.7631397e-03 3.4600000e-02
      vertex -3.1000000e-03 -5.3693575e-03 3.5800000e-02
      vertex -2.7421899e-03 -5.5606110e-03 3.5800000e-02
    endloop
  endfacet
  facet normal 4.0723790e-01 7.6188853e-01 5.0366970e-01
    outer loop
      vertex -2.7500000e-03 -4.7631397e-03 3.4600000e-02
      vertex -2.7421899e-03 -5.5606110e-03 3.5800000e-02
      vertex -2.4325878e-03 -4.9328001e-03 3.4600000e-02
    endloop
  endfacet
  facet normal 3.5653608e-01 7.8689190e-01 5.0366970e-01
    outer loop
      vertex -2.4325878e-03 -4.9328001e-03 3.4600000e-02
      vertex -2.7421899e-03 -5.5606110e-03 3.5800000e-02
      vertex -2.3726373e-03 -5.7280531e-03 3.5800000e-02
    endloop
  endfacet
  facet normal 3.5653608e-01 7.8689190e-01 5.0366970e-01
    outer loop
      vertex -2.4325878e-03 -4.9328001e-03 3.4600000e-02
      vertex -2.3726373e-03 -5.7280531e-03 3.5800000e-02
      vertex -2.1047589e-03 -5.0813374e-03 3.4600000e-02
    endloop
  endfacet
  facet normal 3.0430752e-01 8.0852568e-01 5.0366970e-01
    outer loop
      vertex -2.1047589e-03 -5.0813374e-03 3.4600000e-02
      vertex -2.3726373e-03 -5.7280531e-03 3.5800000e-02
      vertex -1.9929247e-03 -5.8709668e-03 3.5800000e-02
    endloop
  endfacet
  facet normal 3.0430752e-01 8.0852568e-01 5.0366970e-01
    outer loop
      vertex -2.1047589e-03 -5.0813374e-03 3.4600000e-02
      vertex -1.9929247e-03 -5.8709668e-03 3.5800000e-02
      vertex -1.7679171e-03 -5.2081157e-03 3.4600000e-02
    endloop
  endfacet
  facet normal 2.5077586e-01 8.2669723e-01 5.0366970e-01
    outer loop
      vertex -1.7679171e-03 -5.2081157e-03 3.4600000e-02
      vertex -1.9929247e-03 -5.8709668e-03 3.5800000e-02
      vertex -1.6046781e-03 -5.9887401e-03 3.5800000e-02
    endloop
  endfacet
  facet normal 2.5077586e-01 8.2669723e-01 5.0366970e-01
    outer loop
      vertex -1.7679171e-03 -5.2081157e-03 3.4600000e-02
      vertex -1.6046781e-03 -5.9887401e-03 3.5800000e-02
      vertex -1.4235047e-03 -5.3125920e-03 3.4600000e-02
    endloop
  endfacet
  facet normal 1.9617035e-01 8.4132873e-01 5.0366970e-01
    outer loop
      vertex -1.4235047e-03 -5.3125920e-03 3.4600000e-02
      vertex -1.6046781e-03 -5.9887401e-03 3.5800000e-02
      vertex -1.2095600e-03 -6.0808687e-03 3.5800000e-02
    endloop
  endfacet
  facet normal 1.9617035e-01 8.4132873e-01 5.0366970e-01
    outer loop
      vertex -1.4235047e-03 -5.3125920e-03 3.4600000e-02
      vertex -1.2095600e-03 -6.0808687e-03 3.5800000e-02
      vertex -1.0729968e-03 -5.3943190e-03 3.4600000e-02
    endloop
  endfacet
  facet normal 1.4072480e-01 8.5235753e-01 5.0366970e-01
    outer loop
      vertex -1.0729968e-03 -5.3943190e-03 3.4600000e-02
      vertex -1.2095600e-03 -6.0808687e-03 3.5800000e-02
      vertex -8.0926239e-04 -6.1469581e-03 3.5800000e-02
    endloop
  endfacet
  facet normal 1.4072480e-01 8.5235753e-01 5.0366970e-01
    outer loop
      vertex -1.0729968e-03 -5.3943190e-03 3.4600000e-02
      vertex -8.0926239e-04 -6.1469581e-03 3.5800000e-02
      vertex -7.1789406e-04 -5.4529467e-03 3.4600000e-02
    endloop
  endfacet
  facet normal 8.4676646e-02 8.5973641e-01 5.0366970e-01
    outer loop
      vertex -7.1789406e-04 -5.4529467e-03 3.4600000e-02
      vertex -8.0926239e-04 -6.1469581e-03 3.5800000e-02
      vertex -4.0549940e-04 -6.1867253e-03 3.5800000e-02
    endloop
  endfacet
  facet normal 8.4676646e-02 8.5973641e-01 5.0366970e-01
    outer loop
      vertex -7.1789406e-04 -5.4529467e-03 3.4600000e-02
      vertex -4.0549940e-04 -6.1867253e-03 3.5800000e-02
      vertex -3.5971721e-04 -5.4882241e-03 3.4600000e-02
    endloop
  endfacet
  facet normal 2.8265895e-02 8.6343377e-01 5.0366970e-01
    outer loop
      vertex -3.5971721e-04 -5.4882241e-03 3.4600000e-02
      vertex -4.0549940e-04 -6.1867253e-03 3.5800000e-02
      vertex -1.1389215e-18 -6.2000000e-03 3.5800000e-02
    endloop
  endfacet
  facet normal 2.8265895e-02 8.6343377e-01 5.0366970e-01
    outer loop
      vertex -3.5971721e-04 -5.4882241e-03 3.4600000e-02
      vertex -1.1389215e-18 -6.2000000e-03 3.5800000e-02
      vertex -1.0103336e-18 -5.5000000e-03 3.4600000e-02
    endloop
  endfacet
  facet normal -2.8265895e-02 8.6343377e-01 5.0366970e-01
    outer loop
      vertex -1.0103336e-18 -5.5000000e-03 3.4600000e-02
      vertex -1.1389215e-18 -6.2000000e-03 3.5800000e-02
      vertex 4.0549940e-04 -6.1867253e-03 3.5800000e-02
    endloop
  endfacet
  facet normal -2.8265895e-02 8.6343377e-01 5.0366970e-01
    outer loop
      vertex -1.0103336e-18 -5.5000000e-03 3.4600000e-02
      vertex 4.0549940e-04 -6.1867253e-03 3.5800000e-02
      vertex 3.5971721e-04 -5.4882241e-03 3.4600000e-02
    endloop
  endfacet
  facet normal -8.4676646e-02 8.5973641e-01 5.0366970e-01
    outer loop
      vertex 3.5971721e-04 -5.4882241e-03 3.4600000e-02
      vertex 4.0549940e-04 -6.1867253e-03 3.5800000e-02
      vertex 8.0926239e-04 -6.1469581e-03 3.5800000e-02
    endloop
  endfacet
  facet normal -8.4676646e-02 8.5973641e-01 5.0366970e-01
    outer loop
      vertex 3.5971721e-04 -5.4882241e-03 3.4600000e-02
      vertex 8.0926239e-04 -6.1469581e-03 3.5800000e-02
      vertex 7.1789406e-04 -5.4529467e-03 3.4600000e-02
    endloop
  endfacet
  facet normal -1.4072480e-01 8.5235753e-01 5.0366970e-01
    outer loop
      vertex 7.1789406e-04 -5.4529467e-03 3.4600000e-02
      vertex 8.0926239e-04 -6.1469581e-03 3.5800000e-02
      vertex 1.2095600e-03 -6.0808687e-03 3.5800000e-02
    endloop
  endfacet
  facet normal -1.4072480e-01 8.5235753e-01 5.0366970e-01
    outer loop
      vertex 7.1789406e-04 -5.4529467e-03 3.4600000e-02
      vertex 1.2095600e-03 -6.0808687e-03 3.5800000e-02
      vertex 1.0729968e-03 -5.3943190e-03 3.4600000e-02
    endloop
  endfacet
  facet normal -1.9617035e-01 8.4132873e-01 5.0366970e-01
    outer loop
      vertex 1.0729968e-03 -5.3943190e-03 3.4600000e-02
      vertex 1.2095600e-03 -6.0808687e-03 3.5800000e-02
      vertex 1.6046781e-03 -5.9887401e-03 3.5800000e-02
    endloop
  endfacet
  facet normal -1.9617035e-01 8.4132873e-01 5.0366970e-01
    outer loop
      vertex 1.0729968e-03 -5.3943190e-03 3.4600000e-02
      vertex 1.6046781e-03 -5.9887401e-03 3.5800000e-02
      vertex 1.4235047e-03 -5.3125920e-03 3.4600000e-02
    endloop
  endfacet
  facet normal -2.5077586e-01 8.2669723e-01 5.0366970e-01
    outer loop
      vertex 1.4235047e-03 -5.3125920e-03 3.4600000e-02
      vertex 1.6046781e-03 -5.9887401e-03 3.5800000e-02
      vertex 1.9929247e-03 -5.8709668e-03 3.5800000e-02
    endloop
  endfacet
  facet normal -2.5077586e-01 8.2669723e-01 5.0366970e-01
    outer loop
      vertex 1.4235047e-03 -5.3125920e-03 3.4600000e-02
      vertex 1.9929247e-03 -5.8709668e-03 3.5800000e-02
      vertex 1.7679171e-03 -5.2081157e-03 3.4600000e-02
    endloop
  endfacet
  facet normal -3.0430752e-01 8.0852568e-01 5.0366970e-01
    outer loop
      vertex 1.7679171e-03 -5.2081157e-03 3.4600000e-02
      vertex 1.9929247e-03 -5.8709668e-03 3.5800000e-02
      vertex 2.3726373e-03 -5.7280531e-03 3.5800000e-02
    endloop
  endfacet
  facet normal -3.0430752e-01 8.0852568e-01 5.0366970e-01
    outer loop
      vertex 1.7679171e-03 -5.2081157e-03 3.4600000e-02
      vertex 2.3726373e-03 -5.7280531e-03 3.5800000e-02
      vertex 2.1047589e-03 -5.0813374e-03 3.4600000e-02
    endloop
  endfacet
  facet normal -3.5653608e-01 7.8689190e-01 5.0366970e-01
    outer loop
      vertex 2.1047589e-03 -5.0813374e-03 3.4600000e-02
      vertex 2.3726373e-03 -5.7280531e-03 3.5800000e-02
      vertex 2.7421899e-03 -5.5606110e-03 3.5800000e-02
    endloop
  endfacet
  facet normal -3.5653608e-01 7.8689190e-01 5.0366970e-01
    outer loop
      vertex 2.1047589e-03 -5.0813374e-03 3.4600000e-02
      vertex 2.7421899e-03 -5.5606110e-03 3.5800000e-02
      vertex 2.4325878e-03 -4.9328001e-03 3.4600000e-02
    endloop
  endfacet
  facet normal -4.0723790e-01 7.6188853e-01 5.0366970e-01
    outer loop
      vertex 2.4325878e-03 -4.9328001e-03 3.4600000e-02
      vertex 2.7421899e-03 -5.5606110e-03 3.5800000e-02
      vertex 3.1000000e-03 -5.3693575e-03 3.5800000e-02
    endloop
  endfacet
  facet normal -4.0723790e-01 7.6188853e-01 5.0366970e-01
    outer loop
      vertex 2.4325878e-03 -4.9328001e-03 3.4600000e-02
      vertex 3.1000000e-03 -5.3693575e-03 3.5800000e-02
      vertex 2.7500000e-03 -4.7631397e-03 3.4600000e-02
    endloop
  endfacet
  facet normal -4.5619587e-01 7.3362263e-01 5.0366970e-01
    outer loop
      vertex 2.7500000e-03 -4.7631397e-03 3.4600000e-02
      vertex 3.1000000e-03 -5.3693575e-03 3.5800000e-02
      vertex 3.4445354e-03 -5.1551116e-03 3.5800000e-02
    endloop
  endfacet
  facet normal -4.5619587e-01 7.3362263e-01 5.0366970e-01
    outer loop
      vertex 2.7500000e-03 -4.7631397e-03 3.4600000e-02
      vertex 3.4445354e-03 -5.1551116e-03 3.5800000e-02
      vertex 3.0556363e-03 -4.5730829e-03 3.4600000e-02
    endloop
  endfacet
  facet normal -5.0320033e-01 7.0221525e-01 5.0366970e-01
    outer loop
      vertex 3.0556363e-03 -4.5730829e-03 3.4600000e-02
      vertex 3.4445354e-03 -5.1551116e-03 3.5800000e-02
      vertex 3.7743209e-03 -4.9187907e-03 3.5800000e-02
    endloop
  endfacet
  facet normal -5.0320033e-01 7.0221525e-01 5.0366970e-01
    outer loop
      vertex 3.0556363e-03 -4.5730829e-03 3.4600000e-02
      vertex 3.7743209e-03 -4.9187907e-03 3.5800000e-02
      vertex 3.3481879e-03 -4.3634434e-03 3.4600000e-02
    endloop
  endfacet
  facet normal -5.4805002e-01 6.6780088e-01 5.0366970e-01
    outer loop
      vertex 3.3481879e-03 -4.3634434e-03 3.4600000e-02
      vertex 3.7743209e-03 -4.9187907e-03 3.5800000e-02
      vertex 4.0879441e-03 -4.6614068e-03 3.5800000e-02
    endloop
  endfacet
  facet normal -5.4805002e-01 6.6780088e-01 5.0366970e-01
    outer loop
      vertex 3.3481879e-03 -4.3634434e-03 3.4600000e-02
      vertex 4.0879441e-03 -4.6614068e-03 3.5800000e-02
      vertex 3.6264020e-03 -4.1351189e-03 3.4600000e-02
    endloop
  endfacet
  facet normal -5.9055287e-01 6.3052688e-01 5.0366970e-01
    outer loop
      vertex 3.6264020e-03 -4.1351189e-03 3.4600000e-02
      vertex 4.0879441e-03 -4.6614068e-03 3.5800000e-02
      vertex 4.3840620e-03 -4.3840620e-03 3.5800000e-02
    endloop
  endfacet
  facet normal -5.9055287e-01 6.3052688e-01 5.0366970e-01
    outer loop
      vertex 3.6264020e-03 -4.1351189e-03 3.4600000e-02
      vertex 4.3840620e-03 -4.3840620e-03 3.5800000e-02
      vertex 3.8890873e-03 -3.8890873e-03 3.4600000e-02
    endloop
  endfacet
  facet normal -6.3052688e-01 5.9055287e-01 5.0366970e-01
    outer loop
      vertex 3.8890873e-03 -3.8890873e-03 3.4600000e-02
      vertex 4.3840620e-03 -4.3840620e-03 3.5800000e-02
      vertex 4.6614068e-03 -4.0879441e-03 3.5800000e-02
    endloop
  endfacet
  facet normal -6.3052688e-01 5.9055287e-01 5.0366970e-01
    outer loop
      vertex 3.8890873e-03 -3.8890873e-03 3.4600000e-02
      vertex 4.6614068e-03 -4.0879441e-03 3.5800000e-02
      vertex 4.1351189e-03 -3.6264020e-03 3.4600000e-02
    endloop
  endfacet
  facet normal -6.6780088e-01 5.4805002e-01 5.0366970e-01
    outer loop
      vertex 4.1351189e-03 -3.6264020e-03 3.4600000e-02
      vertex 4.6614068e-03 -4.0879441e-03 3.5800000e-02
      vertex 4.9187907e-03 -3.7743209e-03 3.5800000e-02
    endloop
  endfacet
  facet normal -6.6780088e-01 5.4805002e-01 5.0366970e-01
    outer loop
      vertex 4.1351189e-03 -3.6264020e-03 3.4600000e-02
      vertex 4.9187907e-03 -3.7743209e-03 3.5800000e-02
      vertex 4.3634434e-03 -3.3481879e-03 3.4600000e-02
    endloop
  endfacet
  facet normal -7.0221525e-01 5.0320033e-01 5.0366970e-01
    outer loop
      vertex 4.3634434e-03 -3.3481879e-03 3.4600000e-02
      vertex 4.9187907e-03 -3.7743209e-03 3.5800000e-02
      vertex 5.1551116e-03 -3.4445354e-03 3.5800000e-02
    endloop
  endfacet
  facet normal -7.0221525e-01 5.0320033e-01 5.0366970e-01
    outer loop
      vertex 4.3634434e-03 -3.3481879e-03 3.4600000e-02
      vertex 5.1551116e-03 -3.4445354e-03 3.5800000e-02
      vertex 4.5730829e-03 -3.0556363e-03 3.4600000e-02
    endloop
  endfacet
  facet normal -7.3362263e-01 4.5619587e-01 5.0366970e-01
    outer loop
      vertex 4.5730829e-03 -3.0556363e-03 3.4600000e-02
      vertex 5.1551116e-03 -3.4445354e-03 3.5800000e-02
      vertex 5.3693575e-03 -3.1000000e-03 3.5800000e-02
    endloop
  endfacet
  facet normal -7.3362263e-01 4.5619587e-01 5.0366970e-01
    outer loop
      vertex 4.5730829e-03 -3.0556363e-03 3.4600000e-02
      vertex 5.3693575e-03 -3.1000000e-03 3.5800000e-02
      vertex 4.7631397e-03 -2.7500000e-03 3.4600000e-02
    endloop
  endfacet
  facet normal -7.6188853e-01 4.0723790e-01 5.0366970e-01
    outer loop
      vertex 4.7631397e-03 -2.7500000e-03 3.4600000e-02
      vertex 5.3693575e-03 -3.1000000e-03 3.5800000e-02
      vertex 5.5606110e-03 -2.7421899e-03 3.5800000e-02
    endloop
  endfacet
  facet normal -7.6188853e-01 4.0723790e-01 5.0366970e-01
    outer loop
      vertex 4.7631397e-03 -2.7500000e-03 3.4600000e-02
      vertex 5.5606110e-03 -2.7421899e-03 3.5800000e-02
      vertex 4.9328001e-03 -2.4325878e-03 3.4600000e-02
    endloop
  endfacet
  facet normal -7.8689190e-01 3.5653608e-01 5.0366970e-01
    outer loop
      vertex 4.9328001e-03 -2.4325878e-03 3.4600000e-02
      vertex 5.5606110e-03 -2.7421899e-03 3.5800000e-02
      vertex 5.7280531e-03 -2.3726373e-03 3.5800000e-02
    endloop
  endfacet
  facet normal -7.8689190e-01 3.5653608e-01 5.0366970e-01
    outer loop
      vertex 4.9328001e-03 -2.4325878e-03 3.4600000e-02
      vertex 5.7280531e-03 -2.3726373e-03 3.5800000e-02
      vertex 5.0813374e-03 -2.1047589e-03 3.4600000e-02
    endloop
  endfacet
  facet normal -8.0852568e-01 3.0430752e-01 5.0366970e-01
    outer loop
      vertex 5.0813374e-03 -2.1047589e-03 3.4600000e-02
      vertex 5.7280531e-03 -2.3726373e-03 3.5800000e-02
      vertex 5.8709668e-03 -1.9929247e-03 3.5800000e-02
    endloop
  endfacet
  facet normal -8.0852568e-01 3.0430752e-01 5.0366970e-01
    outer loop
      vertex 5.0813374e-03 -2.1047589e-03 3.4600000e-02
      vertex 5.8709668e-03 -1.9929247e-03 3.5800000e-02
      vertex 5.2081157e-03 -1.7679171e-03 3.4600000e-02
    endloop
  endfacet
  facet normal -8.2669723e-01 2.5077586e-01 5.0366970e-01
    outer loop
      vertex 5.2081157e-03 -1.7679171e-03 3.4600000e-02
      vertex 5.8709668e-03 -1.9929247e-03 3.5800000e-02
      vertex 5.9887401e-03 -1.6046781e-03 3.5800000e-02
    endloop
  endfacet
  facet normal -8.2669723e-01 2.5077586e-01 5.0366970e-01
    outer loop
      vertex 5.2081157e-03 -1.7679171e-03 3.4600000e-02
      vertex 5.9887401e-03 -1.6046781e-03 3.5800000e-02
      vertex 5.3125920e-03 -1.4235047e-03 3.4600000e-02
    endloop
  endfacet
  facet normal -8.4132873e-01 1.9617035e-01 5.0366970e-01
    outer loop
      vertex 5.3125920e-03 -1.4235047e-03 3.4600000e-02
      vertex 5.9887401e-03 -1.6046781e-03 3.5800000e-02
      vertex 6.0808687e-03 -1.2095600e-03 3.5800000e-02
    endloop
  endfacet
  facet normal -8.4132873e-01 1.9617035e-01 5.0366970e-01
    outer loop
      vertex 5.3125920e-03 -1.4235047e-03 3.4600000e-02
      vertex 6.0808687e-03 -1.2095600e-03 3.5800000e-02
      vertex 5.3943190e-03 -1.0729968e-03 3.4600000e-02
    endloop
  endfacet
  facet normal -8.5235753e-01 1.4072480e-01 5.0366970e-01
    outer loop
      vertex 5.3943190e-03 -1.0729968e-03 3.4600000e-02
      vertex 6.0808687e-03 -1.2095600e-03 3.5800000e-02
      vertex 6.1469581e-03 -8.0926239e-04 3.5800000e-02
    endloop
  endfacet
  facet normal -8.5235753e-01 1.4072480e-01 5.0366970e-01
    outer loop
      vertex 5.3943190e-03 -1.0729968e-03 3.4600000e-02
      vertex 6.1469581e-03 -8.0926239e-04 3.5800000e-02
      vertex 5.4529467e-03 -7.1789406e-04 3.4600000e-02
    endloop
  endfacet
  facet normal -8.5973641e-01 8.4676646e-02 5.0366970e-01
    outer loop
      vertex 5.4529467e-03 -7.1789406e-04 3.4600000e-02
      vertex 6.1469581e-03 -8.0926239e-04 3.5800000e-02
      vertex 6.1867253e-03 -4.0549940e-04 3.5800000e-02
    endloop
  endfacet
  facet normal -8.5973641e-01 8.4676646e-02 5.0366970e-01
    outer loop
      vertex 5.4529467e-03 -7.1789406e-04 3.4600000e-02
      vertex 6.1867253e-03 -4.0549940e-04 3.5800000e-02
      vertex 5.4882241e-03 -3.5971721e-04 3.4600000e-02
    endloop
  endfacet
  facet normal -8.6343377e-01 2.8265895e-02 5.0366970e-01
    outer loop
      vertex 5.4882241e-03 -3.5971721e-04 3.4600000e-02
      vertex 6.1867253e-03 -4.0549940e-04 3.5800000e-02
      vertex 6.2000000e-03 -1.5185620e-18 3.5800000e-02
    endloop
  endfacet
  facet normal -8.6343377e-01 2.8265895e-02 5.0366970e-01
    outer loop
      vertex 5.4882241e-03 -3.5971721e-04 3.4600000e-02
      vertex 6.2000000e-03 -1.5185620e-18 3.5800000e-02
      vertex 5.5000000e-03 -1.3471115e-18 3.4600000e-02
    endloop
  endfacet
  facet normal -9.1872922e-01 -3.0076081e-02 3.9374109e-01
    outer loop
      vertex 6.2000000e-03 0.0000000e+00 3.5800000e-02
      vertex 6.5000000e-03 0.0000000e+00 3.6500000e-02
      vertex 6.4860830e-03 4.2512034e-04 3.6500000e-02
    endloop
  endfacet
  facet normal -9.1872922e-01 -3.0076081e-02 3.9374109e-01
    outer loop
      vertex 6.2000000e-03 0.0000000e+00 3.5800000e-02
      vertex 6.4860830e-03 4.2512034e-04 3.6500000e-02
      vertex 6.1867253e-03 4.0549940e-04 3.5800000e-02
    endloop
  endfacet
  facet normal -9.1479508e-01 -9.0099451e-02 3.9374109e-01
    outer loop
      vertex 6.1867253e-03 4.0549940e-04 3.5800000e-02
      vertex 6.4860830e-03 4.2512034e-04 3.6500000e-02
      vertex 6.4443916e-03 8.4842025e-04 3.6500000e-02
    endloop
  endfacet
  facet normal -9.1479508e-01 -9.0099451e-02 3.9374109e-01
    outer loop
      vertex 6.1867253e-03 4.0549940e-04 3.5800000e-02
      vertex 6.4443916e-03 8.4842025e-04 3.6500000e-02
      vertex 6.1469581e-03 8.0926239e-04 3.5800000e-02
    endloop
  endfacet
  facet normal -9.0694365e-01 -1.4973700e-01 3.9374109e-01
    outer loop
      vertex 6.1469581e-03 8.0926239e-04 3.5800000e-02
      vertex 6.4443916e-03 8.4842025e-04 3.6500000e-02
      vertex 6.3751043e-03 1.2680871e-03 3.6500000e-02
    endloop
  endfacet
  facet normal -9.0694365e-01 -1.4973700e-01 3.9374109e-01
    outer loop
      vertex 6.1469581e-03 8.0926239e-04 3.5800000e-02
      vertex 6.3751043e-03 1.2680871e-03 3.6500000e-02
      vertex 6.0808687e-03 1.2095600e-03 3.5800000e-02
    endloop
  endfacet
  facet normal -8.9520854e-01 -2.0873336e-01 3.9374109e-01
    outer loop
      vertex 6.0808687e-03 1.2095600e-03 3.5800000e-02
      vertex 6.3751043e-03 1.2680871e-03 3.6500000e-02
      vertex 6.2785179e-03 1.6823238e-03 3.6500000e-02
    endloop
  endfacet
  facet normal -8.9520854e-01 -2.0873336e-01 3.9374109e-01
    outer loop
      vertex 6.0808687e-03 1.2095600e-03 3.5800000e-02
      vertex 6.2785179e-03 1.6823238e-03 3.6500000e-02
      vertex 5.9887401e-03 1.6046781e-03 3.5800000e-02
    endloop
  endfacet
  facet normal -8.7964002e-01 -2.6683588e-01 3.9374109e-01
    outer loop
      vertex 5.9887401e-03 1.6046781e-03 3.5800000e-02
      vertex 6.2785179e-03 1.6823238e-03 3.6500000e-02
      vertex 6.1550458e-03 2.0893565e-03 3.6500000e-02
    endloop
  endfacet
  facet normal -8.7964002e-01 -2.6683588e-01 3.9374109e-01
    outer loop
      vertex 5.9887401e-03 1.6046781e-03 3.5800000e-02
      vertex 6.1550458e-03 2.0893565e-03 3.6500000e-02
      vertex 5.8709668e-03 1.9929247e-03 3.5800000e-02
    endloop
  endfacet
  facet normal -8.6030474e-01 -3.2379578e-01 3.9374109e-01
    outer loop
      vertex 5.8709668e-03 1.9929247e-03 3.5800000e-02
      vertex 6.1550458e-03 2.0893565e-03 3.6500000e-02
      vertex 6.0052170e-03 2.4874423e-03 3.6500000e-02
    endloop
  endfacet
  facet normal -8.6030474e-01 -3.2379578e-01 3.9374109e-01
    outer loop
      vertex 5.8709668e-03 1.9929247e-03 3.5800000e-02
      vertex 6.0052170e-03 2.4874423e-03 3.6500000e-02
      vertex 5.7280531e-03 2.3726373e-03 3.5800000e-02
    endloop
  endfacet
  facet normal -8.3728550e-01 -3.7936913e-01 3.9374109e-01
    outer loop
      vertex 5.7280531e-03 2.3726373e-03 3.5800000e-02
      vertex 6.0052170e-03 2.4874423e-03 3.6500000e-02
      vertex 5.8296728e-03 2.8748765e-03 3.6500000e-02
    endloop
  endfacet
  facet normal -8.3728550e-01 -3.7936913e-01 3.9374109e-01
    outer loop
      vertex 5.7280531e-03 2.3726373e-03 3.5800000e-02
      vertex 5.8296728e-03 2.8748765e-03 3.6500000e-02
      vertex 5.5606110e-03 2.7421899e-03 3.5800000e-02
    endloop
  endfacet
  facet normal -8.1068088e-01 -4.3331796e-01 3.9374109e-01
    outer loop
      vertex 5.5606110e-03 2.7421899e-03 3.5800000e-02
      vertex 5.8296728e-03 2.8748765e-03 3.6500000e-02
      vertex 5.6291651e-03 3.2500000e-03 3.6500000e-02
    endloop
  endfacet
  facet normal -8.1068088e-01 -4.3331796e-01 3.9374109e-01
    outer loop
      vertex 5.5606110e-03 2.7421899e-03 3.5800000e-02
      vertex 5.6291651e-03 3.2500000e-03 3.6500000e-02
      vertex 5.3693575e-03 3.1000000e-03 3.5800000e-02
    endloop
  endfacet
  facet normal -7.8060480e-01 -4.8541126e-01 3.9374109e-01
    outer loop
      vertex 5.3693575e-03 3.1000000e-03 3.5800000e-02
      vertex 5.6291651e-03 3.2500000e-03 3.6500000e-02
      vertex 5.4045525e-03 3.6112065e-03 3.6500000e-02
    endloop
  endfacet
  facet normal -7.8060480e-01 -4.8541126e-01 3.9374109e-01
    outer loop
      vertex 5.3693575e-03 3.1000000e-03 3.5800000e-02
      vertex 5.4045525e-03 3.6112065e-03 3.6500000e-02
      vertex 5.1551116e-03 3.4445354e-03 3.5800000e-02
    endloop
  endfacet
  facet normal -7.4718605e-01 -5.3542595e-01 3.9374109e-01
    outer loop
      vertex 5.1551116e-03 3.4445354e-03 3.5800000e-02
      vertex 5.4045525e-03 3.6112065e-03 3.6500000e-02
      vertex 5.1567967e-03 3.9569493e-03 3.6500000e-02
    endloop
  endfacet
  facet normal -7.4718605e-01 -5.3542595e-01 3.9374109e-01
    outer loop
      vertex 5.1551116e-03 3.4445354e-03 3.5800000e-02
      vertex 5.1567967e-03 3.9569493e-03 3.6500000e-02
      vertex 4.9187907e-03 3.7743209e-03 3.5800000e-02
    endloop
  endfacet
  facet normal -7.1056774e-01 -5.8314787e-01 3.9374109e-01
    outer loop
      vertex 4.9187907e-03 3.7743209e-03 3.5800000e-02
      vertex 5.1567967e-03 3.9569493e-03 3.6500000e-02
      vertex 4.8869587e-03 4.2857478e-03 3.6500000e-02
    endloop
  endfacet
  facet normal -7.1056774e-01 -5.8314787e-01 3.9374109e-01
    outer loop
      vertex 4.9187907e-03 3.7743209e-03 3.5800000e-02
      vertex 4.8869587e-03 4.2857478e-03 3.6500000e-02
      vertex 4.6614068e-03 4.0879441e-03 3.5800000e-02
    endloop
  endfacet
  facet normal -6.7090666e-01 -6.2837266e-01 3.9374109e-01
    outer loop
      vertex 4.6614068e-03 4.0879441e-03 3.5800000e-02
      vertex 4.8869587e-03 4.2857478e-03 3.6500000e-02
      vertex 4.5961941e-03 4.5961941e-03 3.6500000e-02
    endloop
  endfacet
  facet normal -6.7090666e-01 -6.2837266e-01 3.9374109e-01
    outer loop
      vertex 4.6614068e-03 4.0879441e-03 3.5800000e-02
      vertex 4.5961941e-03 4.5961941e-03 3.6500000e-02
      vertex 4.3840620e-03 4.3840620e-03 3.5800000e-02
    endloop
  endfacet
  facet normal -6.2837266e-01 -6.7090666e-01 3.9374109e-01
    outer loop
      vertex 4.3840620e-03 4.3840620e-03 3.5800000e-02
      vertex 4.5961941e-03 4.5961941e-03 3.6500000e-02
      vertex 4.2857478e-03 4.8869587e-03 3.6500000e-02
    endloop
  endfacet
  facet normal -6.2837266e-01 -6.7090666e-01 3.9374109e-01
    outer loop
      vertex 4.3840620e-03 4.3840620e-03 3.5800000e-02
      vertex 4.2857478e-03 4.8869587e-03 3.6500000e-02
      vertex 4.0879441e-03 4.6614068e-03 3.5800000e-02
    endloop
  endfacet
  facet normal -5.8314787e-01 -7.1056774e-01 3.9374109e-01
    outer loop
      vertex 4.0879441e-03 4.6614068e-03 3.5800000e-02
      vertex 4.2857478e-03 4.8869587e-03 3.6500000e-02
      vertex 3.9569493e-03 5.1567967e-03 3.6500000e-02
    endloop
  endfacet
  facet normal -5.8314787e-01 -7.1056774e-01 3.9374109e-01
    outer loop
      vertex 4.0879441e-03 4.6614068e-03 3.5800000e-02
      vertex 3.9569493e-03 5.1567967e-03 3.6500000e-02
      vertex 3.7743209e-03 4.9187907e-03 3.5800000e-02
    endloop
  endfacet
  facet normal -5.3542595e-01 -7.4718605e-01 3.9374109e-01
    outer loop
      vertex 3.7743209e-03 4.9187907e-03 3.5800000e-02
      vertex 3.9569493e-03 5.1567967e-03 3.6500000e-02
      vertex 3.6112065e-03 5.4045525e-03 3.6500000e-02
    endloop
  endfacet
  facet normal -5.3542595e-01 -7.4718605e-01 3.9374109e-01
    outer loop
      vertex 3.7743209e-03 4.9187907e-03 3.5800000e-02
      vertex 3.6112065e-03 5.4045525e-03 3.6500000e-02
      vertex 3.4445354e-03 5.1551116e-03 3.5800000e-02
    endloop
  endfacet
  facet normal -4.8541126e-01 -7.8060480e-01 3.9374109e-01
    outer loop
      vertex 3.4445354e-03 5.1551116e-03 3.5800000e-02
      vertex 3.6112065e-03 5.4045525e-03 3.6500000e-02
      vertex 3.2500000e-03 5.6291651e-03 3.6500000e-02
    endloop
  endfacet
  facet normal -4.8541126e-01 -7.8060480e-01 3.9374109e-01
    outer loop
      vertex 3.4445354e-03 5.1551116e-03 3.5800000e-02
      vertex 3.2500000e-03 5.6291651e-03 3.6500000e-02
      vertex 3.1000000e-03 5.3693575e-03 3.5800000e-02
    endloop
  endfacet
  facet normal -4.3331796e-01 -8.1068088e-01 3.9374109e-01
    outer loop
      vertex 3.1000000e-03 5.3693575e-03 3.5800000e-02
      vertex 3.2500000e-03 5.6291651e-03 3.6500000e-02
      vertex 2.8748765e-03 5.8296728e-03 3.6500000e-02
    endloop
  endfacet
  facet normal -4.3331796e-01 -8.1068088e-01 3.9374109e-01
    outer loop
      vertex 3.1000000e-03 5.3693575e-03 3.5800000e-02
      vertex 2.8748765e-03 5.8296728e-03 3.6500000e-02
      vertex 2.7421899e-03 5.5606110e-03 3.5800000e-02
    endloop
  endfacet
  facet normal -3.7936913e-01 -8.3728550e-01 3.9374109e-01
    outer loop
      vertex 2.7421899e-03 5.5606110e-03 3.5800000e-02
      vertex 2.8748765e-03 5.8296728e-03 3.6500000e-02
      vertex 2.4874423e-03 6.0052170e-03 3.6500000e-02
    endloop
  endfacet
  facet normal -3.7936913e-01 -8.3728550e-01 3.9374109e-01
    outer loop
      vertex 2.7421899e-03 5.5606110e-03 3.5800000e-02
      vertex 2.4874423e-03 6.0052170e-03 3.6500000e-02
      vertex 2.3726373e-03 5.7280531e-03 3.5800000e-02
    endloop
  endfacet
  facet normal -3.2379578e-01 -8.6030474e-01 3.9374109e-01
    outer loop
      vertex 2.3726373e-03 5.7280531e-03 3.5800000e-02
      vertex 2.4874423e-03 6.0052170e-03 3.6500000e-02
      vertex 2.0893565e-03 6.1550458e-03 3.6500000e-02
    endloop
  endfacet
  facet normal -3.2379578e-01 -8.6030474e-01 3.9374109e-01
    outer loop
      vertex 2.3726373e-03 5.7280531e-03 3.5800000e-02
      vertex 2.0893565e-03 6.1550458e-03 3.6500000e-02
      vertex 1.9929247e-03 5.8709668e-03 3.5800000e-02
    endloop
  endfacet
  facet normal -2.6683588e-01 -8.7964002e-01 3.9374109e-01
    outer loop
      vertex 1.9929247e-03 5.8709668e-03 3.5800000e-02
      vertex 2.0893565e-03 6.1550458e-03 3.6500000e-02
      vertex 1.6823238e-03 6.2785179e-03 3.6500000e-02
    endloop
  endfacet
  facet normal -2.6683588e-01 -8.7964002e-01 3.9374109e-01
    outer loop
      vertex 1.9929247e-03 5.8709668e-03 3.5800000e-02
      vertex 1.6823238e-03 6.2785179e-03 3.6500000e-02
      vertex 1.6046781e-03 5.9887401e-03 3.5800000e-02
    endloop
  endfacet
  facet normal -2.0873336e-01 -8.9520854e-01 3.9374109e-01
    outer loop
      vertex 1.6046781e-03 5.9887401e-03 3.5800000e-02
      vertex 1.6823238e-03 6.2785179e-03 3.6500000e-02
      vertex 1.2680871e-03 6.3751043e-03 3.6500000e-02
    endloop
  endfacet
  facet normal -2.0873336e-01 -8.9520854e-01 3.9374109e-01
    outer loop
      vertex 1.6046781e-03 5.9887401e-03 3.5800000e-02
      vertex 1.2680871e-03 6.3751043e-03 3.6500000e-02
      vertex 1.2095600e-03 6.0808687e-03 3.5800000e-02
    endloop
  endfacet
  facet normal -1.4973700e-01 -9.0694365e-01 3.9374109e-01
    outer loop
      vertex 1.2095600e-03 6.0808687e-03 3.5800000e-02
      vertex 1.2680871e-03 6.3751043e-03 3.6500000e-02
      vertex 8.4842025e-04 6.4443916e-03 3.6500000e-02
    endloop
  endfacet
  facet normal -1.4973700e-01 -9.0694365e-01 3.9374109e-01
    outer loop
      vertex 1.2095600e-03 6.0808687e-03 3.5800000e-02
      vertex 8.4842025e-04 6.4443916e-03 3.6500000e-02
      vertex 8.0926239e-04 6.1469581e-03 3.5800000e-02
    endloop
  endfacet
  facet normal -9.0099451e-02 -9.1479508e-01 3.9374109e-01
    outer loop
      vertex 8.0926239e-04 6.1469581e-03 3.5800000e-02
      vertex 8.4842025e-04 6.4443916e-03 3.6500000e-02
      vertex 4.2512034e-04 6.4860830e-03 3.6500000e-02
    endloop
  endfacet
  facet normal -9.0099451e-02 -9.1479508e-01 3.9374109e-01
    outer loop
      vertex 8.0926239e-04 6.1469581e-03 3.5800000e-02
      vertex 4.2512034e-04 6.4860830e-03 3.6500000e-02
      vertex 4.0549940e-04 6.1867253e-03 3.5800000e-02
    endloop
  endfacet
  facet normal -3.0076081e-02 -9.1872922e-01 3.9374109e-01
    outer loop
      vertex 4.0549940e-04 6.1867253e-03 3.5800000e-02
      vertex 4.2512034e-04 6.4860830e-03 3.6500000e-02
      vertex 3.9801021e-19 6.5000000e-03 3.6500000e-02
    endloop
  endfacet
  facet normal -3.0076081e-02 -9.1872922e-01 3.9374109e-01
    outer loop
      vertex 4.0549940e-04 6.1867253e-03 3.5800000e-02
      vertex 3.9801021e-19 6.5000000e-03 3.6500000e-02
      vertex 3.7964051e-19 6.2000000e-03 3.5800000e-02
    endloop
  endfacet
  facet normal 3.0076081e-02 -9.1872922e-01 3.9374109e-01
    outer loop
      vertex 3.7964051e-19 6.2000000e-03 3.5800000e-02
      vertex 3.9801021e-19 6.5000000e-03 3.6500000e-02
      vertex -4.2512034e-04 6.4860830e-03 3.6500000e-02
    endloop
  endfacet
  facet normal 3.0076081e-02 -9.1872922e-01 3.9374109e-01
    outer loop
      vertex 3.7964051e-19 6.2000000e-03 3.5800000e-02
      vertex -4.2512034e-04 6.4860830e-03 3.6500000e-02
      vertex -4.0549940e-04 6.1867253e-03 3.5800000e-02
    endloop
  endfacet
  facet normal 9.0099451e-02 -9.1479508e-01 3.9374109e-01
    outer loop
      vertex -4.0549940e-04 6.1867253e-03 3.5800000e-02
      vertex -4.2512034e-04 6.4860830e-03 3.6500000e-02
      vertex -8.4842025e-04 6.4443916e-03 3.6500000e-02
    endloop
  endfacet
  facet normal 9.0099451e-02 -9.1479508e-01 3.9374109e-01
    outer loop
      vertex -4.0549940e-04 6.1867253e-03 3.5800000e-02
      vertex -8.4842025e-04 6.4443916e-03 3.6500000e-02
      vertex -8.0926239e-04 6.1469581e-03 3.5800000e-02
    endloop
  endfacet
  facet normal 1.4973700e-01 -9.0694365e-01 3.9374109e-01
    outer loop
      vertex -8.0926239e-04 6.1469581e-03 3.5800000e-02
      vertex -8.4842025e-04 6.4443916e-03 3.6500000e-02
      vertex -1.2680871e-03 6.3751043e-03 3.6500000e-02
    endloop
  endfacet
  facet normal 1.4973700e-01 -9.0694365e-01 3.9374109e-01
    outer loop
      vertex -8.0926239e-04 6.1469581e-03 3.5800000e-02
      vertex -1.2680871e-03 6.3751043e-03 3.6500000e-02
      vertex -1.2095600e-03 6.0808687e-03 3.5800000e-02
    endloop
  endfacet
  facet normal 2.0873336e-01 -8.9520854e-01 3.9374109e-01
    outer loop
      vertex -1.2095600e-03 6.0808687e-03 3.5800000e-02
      vertex -1.2680871e-03 6.3751043e-03 3.6500000e-02
      vertex -1.6823238e-03 6.2785179e-03 3.6500000e-02
    endloop
  endfacet
  facet normal 2.0873336e-01 -8.9520854e-01 3.9374109e-01
    outer loop
      vertex -1.2095600e-03 6.0808687e-03 3.5800000e-02
      vertex -1.6823238e-03 6.2785179e-03 3.6500000e-02
      vertex -1.6046781e-03 5.9887401e-03 3.5800000e-02
    endloop
  endfacet
  facet normal 2.6683588e-01 -8.7964002e-01 3.9374109e-01
    outer loop
      vertex -1.6046781e-03 5.9887401e-03 3.5800000e-02
      vertex -1.6823238e-03 6.2785179e-03 3.6500000e-02
      vertex -2.0893565e-03 6.1550458e-03 3.6500000e-02
    endloop
  endfacet
  facet normal 2.6683588e-01 -8.7964002e-01 3.9374109e-01
    outer loop
      vertex -1.6046781e-03 5.9887401e-03 3.5800000e-02
      vertex -2.0893565e-03 6.1550458e-03 3.6500000e-02
      vertex -1.9929247e-03 5.8709668e-03 3.5800000e-02
    endloop
  endfacet
  facet normal 3.2379578e-01 -8.6030474e-01 3.9374109e-01
    outer loop
      vertex -1.9929247e-03 5.8709668e-03 3.5800000e-02
      vertex -2.0893565e-03 6.1550458e-03 3.6500000e-02
      vertex -2.4874423e-03 6.0052170e-03 3.6500000e-02
    endloop
  endfacet
  facet normal 3.2379578e-01 -8.6030474e-01 3.9374109e-01
    outer loop
      vertex -1.9929247e-03 5.8709668e-03 3.5800000e-02
      vertex -2.4874423e-03 6.0052170e-03 3.6500000e-02
      vertex -2.3726373e-03 5.7280531e-03 3.5800000e-02
    endloop
  endfacet
  facet normal 3.7936913e-01 -8.3728550e-01 3.9374109e-01
    outer loop
      vertex -2.3726373e-03 5.7280531e-03 3.5800000e-02
      vertex -2.4874423e-03 6.0052170e-03 3.6500000e-02
      vertex -2.8748765e-03 5.8296728e-03 3.6500000e-02
    endloop
  endfacet
  facet normal 3.7936913e-01 -8.3728550e-01 3.9374109e-01
    outer loop
      vertex -2.3726373e-03 5.7280531e-03 3.5800000e-02
      vertex -2.8748765e-03 5.8296728e-03 3.6500000e-02
      vertex -2.7421899e-03 5.5606110e-03 3.5800000e-02
    endloop
  endfacet
  facet normal 4.3331796e-01 -8.1068088e-01 3.9374109e-01
    outer loop
      vertex -2.7421899e-03 5.5606110e-03 3.5800000e-02
      vertex -2.8748765e-03 5.8296728e-03 3.6500000e-02
      vertex -3.2500000e-03 5.6291651e-03 3.6500000e-02
    endloop
  endfacet
  facet normal 4.3331796e-01 -8.1068088e-01 3.9374109e-01
    outer loop
      vertex -2.7421899e-03 5.5606110e-03 3.5800000e-02
      vertex -3.2500000e-03 5.6291651e-03 3.6500000e-02
      vertex -3.1000000e-03 5.3693575e-03 3.5800000e-02
    endloop
  endfacet
  facet normal 4.8541126e-01 -7.8060480e-01 3.9374109e-01
    outer loop
      vertex -3.1000000e-03 5.3693575e-03 3.5800000e-02
      vertex -3.2500000e-03 5.6291651e-03 3.6500000e-02
      vertex -3.6112065e-03 5.4045525e-03 3.6500000e-02
    endloop
  endfacet
  facet normal 4.8541126e-01 -7.8060480e-01 3.9374109e-01
    outer loop
      vertex -3.1000000e-03 5.3693575e-03 3.5800000e-02
      vertex -3.6112065e-03 5.4045525e-03 3.6500000e-02
      vertex -3.4445354e-03 5.1551116e-03 3.5800000e-02
    endloop
  endfacet
  facet normal 5.3542595e-01 -7.4718605e-01 3.9374109e-01
    outer loop
      vertex -3.4445354e-03 5.1551116e-03 3.5800000e-02
      vertex -3.6112065e-03 5.4045525e-03 3.6500000e-02
      vertex -3.9569493e-03 5.1567967e-03 3.6500000e-02
    endloop
  endfacet
  facet normal 5.3542595e-01 -7.4718605e-01 3.9374109e-01
    outer loop
      vertex -3.4445354e-03 5.1551116e-03 3.5800000e-02
      vertex -3.9569493e-03 5.1567967e-03 3.6500000e-02
      vertex -3.7743209e-03 4.9187907e-03 3.5800000e-02
    endloop
  endfacet
  facet normal 5.8314787e-01 -7.1056774e-01 3.9374109e-01
    outer loop
      vertex -3.7743209e-03 4.9187907e-03 3.5800000e-02
      vertex -3.9569493e-03 5.1567967e-03 3.6500000e-02
      vertex -4.2857478e-03 4.8869587e-03 3.6500000e-02
    endloop
  endfacet
  facet normal 5.8314787e-01 -7.1056774e-01 3.9374109e-01
    outer loop
      vertex -3.7743209e-03 4.9187907e-03 3.5800000e-02
      vertex -4.2857478e-03 4.8869587e-03 3.6500000e-02
      vertex -4.0879441e-03 4.6614068e-03 3.5800000e-02
    endloop
  endfacet
  facet normal 6.2837266e-01 -6.7090666e-01 3.9374109e-01
    outer loop
      vertex -4.0879441e-03 4.6614068e-03 3.5800000e-02
      vertex -4.2857478e-03 4.8869587e-03 3.6500000e-02
      vertex -4.5961941e-03 4.5961941e-03 3.6500000e-02
    endloop
  endfacet
  facet normal 6.2837266e-01 -6.7090666e-01 3.9374109e-01
    outer loop
      vertex -4.0879441e-03 4.6614068e-03 3.5800000e-02
      vertex -4.5961941e-03 4.5961941e-03 3.6500000e-02
      vertex -4.3840620e-03 4.3840620e-03 3.5800000e-02
    endloop
  endfacet
  facet normal 6.7090666e-01 -6.2837266e-01 3.9374109e-01
    outer loop
      vertex -4.3840620e-03 4.3840620e-03 3.5800000e-02
      vertex -4.5961941e-03 4.5961941e-03 3.6500000e-02
      vertex -4.8869587e-03 4.2857478e-03 3.6500000e-02
    endloop
  endfacet
  facet normal 6.7090666e-01 -6.2837266e-01 3.9374109e-01
    outer loop
      vertex -4.3840620e-03 4.3840620e-03 3.5800000e-02
      vertex -4.8869587e-03 4.2857478e-03 3.6500000e-02
      vertex -4.6614068e-03 4.0879441e-03 3.5800000e-02
    endloop
  endfacet
  facet normal 7.1056774e-01 -5.8314787e-01 3.9374109e-01
    outer loop
      vertex -4.6614068e-03 4.0879441e-03 3.5800000e-02
      vertex -4.8869587e-03 4.2857478e-03 3.6500000e-02
      vertex -5.1567967e-03 3.9569493e-03 3.6500000e-02
    endloop
  endfacet
  facet normal 7.1056774e-01 -5.8314787e-01 3.9374109e-01
    outer loop
      vertex -4.6614068e-03 4.0879441e-03 3.5800000e-02
      vertex -5.1567967e-03 3.9569493e-03 3.6500000e-02
      vertex -4.9187907e-03 3.7743209e-03 3.5800000e-02
    endloop
  endfacet
  facet normal 7.4718605e-01 -5.3542595e-01 3.9374109e-01
    outer loop
      vertex -4.9187907e-03 3.7743209e-03 3.5800000e-02
      vertex -5.1567967e-03 3.9569493e-03 3.6500000e-02
      vertex -5.4045525e-03 3.6112065e-03 3.6500000e-02
    endloop
  endfacet
  facet normal 7.4718605e-01 -5.3542595e-01 3.9374109e-01
    outer loop
      vertex -4.9187907e-03 3.7743209e-03 3.5800000e-02
      vertex -5.4045525e-03 3.6112065e-03 3.6500000e-02
      vertex -5.1551116e-03 3.4445354e-03 3.5800000e-02
    endloop
  endfacet
  facet normal 7.8060480e-01 -4.8541126e-01 3.9374109e-01
    outer loop
      vertex -5.1551116e-03 3.4445354e-03 3.5800000e-02
      vertex -5.4045525e-03 3.6112065e-03 3.6500000e-02
      vertex -5.6291651e-03 3.2500000e-03 3.6500000e-02
    endloop
  endfacet
  facet normal 7.8060480e-01 -4.8541126e-01 3.9374109e-01
    outer loop
      vertex -5.1551116e-03 3.4445354e-03 3.5800000e-02
      vertex -5.6291651e-03 3.2500000e-03 3.6500000e-02
      vertex -5.3693575e-03 3.1000000e-03 3.5800000e-02
    endloop
  endfacet
  facet normal 8.1068088e-01 -4.3331796e-01 3.9374109e-01
    outer loop
      vertex -5.3693575e-03 3.1000000e-03 3.5800000e-02
      vertex -5.6291651e-03 3.2500000e-03 3.6500000e-02
      vertex -5.8296728e-03 2.8748765e-03 3.6500000e-02
    endloop
  endfacet
  facet normal 8.1068088e-01 -4.3331796e-01 3.9374109e-01
    outer loop
      vertex -5.3693575e-03 3.1000000e-03 3.5800000e-02
      vertex -5.8296728e-03 2.8748765e-03 3.6500000e-02
      vertex -5.5606110e-03 2.7421899e-03 3.5800000e-02
    endloop
  endfacet
  facet normal 8.3728550e-01 -3.7936913e-01 3.9374109e-01
    outer loop
      vertex -5.5606110e-03 2.7421899e-03 3.5800000e-02
      vertex -5.8296728e-03 2.8748765e-03 3.6500000e-02
      vertex -6.0052170e-03 2.4874423e-03 3.6500000e-02
    endloop
  endfacet
  facet normal 8.3728550e-01 -3.7936913e-01 3.9374109e-01
    outer loop
      vertex -5.5606110e-03 2.7421899e-03 3.5800000e-02
      vertex -6.0052170e-03 2.4874423e-03 3.6500000e-02
      vertex -5.7280531e-03 2.3726373e-03 3.5800000e-02
    endloop
  endfacet
  facet normal 8.6030474e-01 -3.2379578e-01 3.9374109e-01
    outer loop
      vertex -5.7280531e-03 2.3726373e-03 3.5800000e-02
      vertex -6.0052170e-03 2.4874423e-03 3.6500000e-02
      vertex -6.1550458e-03 2.0893565e-03 3.6500000e-02
    endloop
  endfacet
  facet normal 8.6030474e-01 -3.2379578e-01 3.9374109e-01
    outer loop
      vertex -5.7280531e-03 2.3726373e-03 3.5800000e-02
      vertex -6.1550458e-03 2.0893565e-03 3.6500000e-02
      vertex -5.8709668e-03 1.9929247e-03 3.5800000e-02
    endloop
  endfacet
  facet normal 8.7964002e-01 -2.6683588e-01 3.9374109e-01
    outer loop
      vertex -5.8709668e-03 1.9929247e-03 3.5800000e-02
      vertex -6.1550458e-03 2.0893565e-03 3.6500000e-02
      vertex -6.2785179e-03 1.6823238e-03 3.6500000e-02
    endloop
  endfacet
  facet normal 8.7964002e-01 -2.6683588e-01 3.9374109e-01
    outer loop
      vertex -5.8709668e-03 1.9929247e-03 3.5800000e-02
      vertex -6.2785179e-03 1.6823238e-03 3.6500000e-02
      vertex -5.9887401e-03 1.6046781e-03 3.5800000e-02
    endloop
  endfacet
  facet normal 8.9520854e-01 -2.0873336e-01 3.9374109e-01
    outer loop
      vertex -5.9887401e-03 1.6046781e-03 3.5800000e-02
      vertex -6.2785179e-03 1.6823238e-03 3.6500000e-02
      vertex -6.3751043e-03 1.2680871e-03 3.6500000e-02
    endloop
  endfacet
  facet normal 8.9520854e-01 -2.0873336e-01 3.9374109e-01
    outer loop
      vertex -5.9887401e-03 1.6046781e-03 3.5800000e-02
      vertex -6.3751043e-03 1.2680871e-03 3.6500000e-02
      vertex -6.0808687e-03 1.2095600e-03 3.5800000e-02
    endloop
  endfacet
  facet normal 9.0694365e-01 -1.4973700e-01 3.9374109e-01
    outer loop
      vertex -6.0808687e-03 1.2095600e-03 3.5800000e-02
      vertex -6.3751043e-03 1.2680871e-03 3.6500000e-02
      vertex -6.4443916e-03 8.4842025e-04 3.6500000e-02
    endloop
  endfacet
  facet normal 9.0694365e-01 -1.4973700e-01 3.9374109e-01
    outer loop
      vertex -6.0808687e-03 1.2095600e-03 3.5800000e-02
      vertex -6.4443916e-03 8.4842025e-04 3.6500000e-02
      vertex -6.1469581e-03 8.0926239e-04 3.5800000e-02
    endloop
  endfacet
  facet normal 9.1479508e-01 -9.0099451e-02 3.9374109e-01
    outer loop
      vertex -6.1469581e-03 8.0926239e-04 3.5800000e-02
      vertex -6.4443916e-03 8.4842025e-04 3.6500000e-02
      vertex -6.4860830e-03 4.2512034e-04 3.6500000e-02
    endloop
  endfacet
  facet normal 9.1479508e-01 -9.0099451e-02 3.9374109e-01
    outer loop
      vertex -6.1469581e-03 8.0926239e-04 3.5800000e-02
      vertex -6.4860830e-03 4.2512034e-04 3.6500000e-02
      vertex -6.1867253e-03 4.0549940e-04 3.5800000e-02
    endloop
  endfacet
  facet normal 9.1872922e-01 -3.0076081e-02 3.9374109e-01
    outer loop
      vertex -6.1867253e-03 4.0549940e-04 3.5800000e-02
      vertex -6.4860830e-03 4.2512034e-04 3.6500000e-02
      vertex -6.5000000e-03 7.9602042e-19 3.6500000e-02
    endloop
  endfacet
  facet normal 9.1872922e-01 -3.0076081e-02 3.9374109e-01
    outer loop
      vertex -6.1867253e-03 4.0549940e-04 3.5800000e-02
      vertex -6.5000000e-03 7.9602042e-19 3.6500000e-02
      vertex -6.2000000e-03 7.5928102e-19 3.5800000e-02
    endloop
  endfacet
  facet normal 9.1872922e-01 3.0076081e-02 3.9374109e-01
    outer loop
      vertex -6.2000000e-03 7.5928102e-19 3.5800000e-02
      vertex -6.5000000e-03 7.9602042e-19 3.6500000e-02
      vertex -6.4860830e-03 -4.2512034e-04 3.6500000e-02
    endloop
  endfacet
  facet normal 9.1872922e-01 3.0076081e-02 3.9374109e-01
    outer loop
      vertex -6.2000000e-03 7.5928102e-19 3.5800000e-02
      vertex -6.4860830e-03 -4.2512034e-04 3.6500000e-02
      vertex -6.1867253e-03 -4.0549940e-04 3.5800000e-02
    endloop
  endfacet
  facet normal 9.1479508e-01 9.0099451e-02 3.9374109e-01
    outer loop
      vertex -6.1867253e-03 -4.0549940e-04 3.5800000e-02
      vertex -6.4860830e-03 -4.2512034e-04 3.6500000e-02
      vertex -6.4443916e-03 -8.4842025e-04 3.6500000e-02
    endloop
  endfacet
  facet normal 9.1479508e-01 9.0099451e-02 3.9374109e-01
    outer loop
      vertex -6.1867253e-03 -4.0549940e-04 3.5800000e-02
      vertex -6.4443916e-03 -8.4842025e-04 3.6500000e-02
      vertex -6.1469581e-03 -8.0926239e-04 3.5800000e-02
    endloop
  endfacet
  facet normal 9.0694365e-01 1.4973700e-01 3.9374109e-01
    outer loop
      vertex -6.1469581e-03 -8.0926239e-04 3.5800000e-02
      vertex -6.4443916e-03 -8.4842025e-04 3.6500000e-02
      vertex -6.3751043e-03 -1.2680871e-03 3.6500000e-02
    endloop
  endfacet
  facet normal 9.0694365e-01 1.4973700e-01 3.9374109e-01
    outer loop
      vertex -6.1469581e-03 -8.0926239e-04 3.5800000e-02
      vertex -6.3751043e-03 -1.2680871e-03 3.6500000e-02
      vertex -6.0808687e-03 -1.2095600e-03 3.5800000e-02
    endloop
  endfacet
  facet normal 8.9520854e-01 2.0873336e-01 3.9374109e-01
    outer loop
      vertex -6.0808687e-03 -1.2095600e-03 3.5800000e-02
      vertex -6.3751043e-03 -1.2680871e-03 3.6500000e-02
      vertex -6.2785179e-03 -1.6823238e-03 3.6500000e-02
    endloop
  endfacet
  facet normal 8.9520854e-01 2.0873336e-01 3.9374109e-01
    outer loop
      vertex -6.0808687e-03 -1.2095600e-03 3.5800000e-02
      vertex -6.2785179e-03 -1.6823238e-03 3.6500000e-02
      vertex -5.9887401e-03 -1.6046781e-03 3.5800000e-02
    endloop
  endfacet
  facet normal 8.7964002e-01 2.6683588e-01 3.9374109e-01
    outer loop
      vertex -5.9887401e-03 -1.6046781e-03 3.5800000e-02
      vertex -6.2785179e-03 -1.6823238e-03 3.6500000e-02
      vertex -6.1550458e-03 -2.0893565e-03 3.6500000e-02
    endloop
  endfacet
  facet normal 8.7964002e-01 2.6683588e-01 3.9374109e-01
    outer loop
      vertex -5.9887401e-03 -1.6046781e-03 3.5800000e-02
      vertex -6.1550458e-03 -2.0893565e-03 3.6500000e-02
      vertex -5.8709668e-03 -1.9929247e-03 3.5800000e-02
    endloop
  endfacet
  facet normal 8.6030474e-01 3.2379578e-01 3.9374109e-01
    outer loop
      vertex -5.8709668e-03 -1.9929247e-03 3.5800000e-02
      vertex -6.1550458e-03 -2.0893565e-03 3.6500000e-02
      vertex -6.0052170e-03 -2.4874423e-03 3.6500000e-02
    endloop
  endfacet
  facet normal 8.6030474e-01 3.2379578e-01 3.9374109e-01
    outer loop
      vertex -5.8709668e-03 -1.9929247e-03 3.5800000e-02
      vertex -6.0052170e-03 -2.4874423e-03 3.6500000e-02
      vertex -5.7280531e-03 -2.3726373e-03 3.5800000e-02
    endloop
  endfacet
  facet normal 8.3728550e-01 3.7936913e-01 3.9374109e-01
    outer loop
      vertex -5.7280531e-03 -2.3726373e-03 3.5800000e-02
      vertex -6.0052170e-03 -2.4874423e-03 3.6500000e-02
      vertex -5.8296728e-03 -2.8748765e-03 3.6500000e-02
    endloop
  endfacet
  facet normal 8.3728550e-01 3.7936913e-01 3.9374109e-01
    outer loop
      vertex -5.7280531e-03 -2.3726373e-03 3.5800000e-02
      vertex -5.8296728e-03 -2.8748765e-03 3.6500000e-02
      vertex -5.5606110e-03 -2.7421899e-03 3.5800000e-02
    endloop
  endfacet
  facet normal 8.1068088e-01 4.3331796e-01 3.9374109e-01
    outer loop
      vertex -5.5606110e-03 -2.7421899e-03 3.5800000e-02
      vertex -5.8296728e-03 -2.8748765e-03 3.6500000e-02
      vertex -5.6291651e-03 -3.2500000e-03 3.6500000e-02
    endloop
  endfacet
  facet normal 8.1068088e-01 4.3331796e-01 3.9374109e-01
    outer loop
      vertex -5.5606110e-03 -2.7421899e-03 3.5800000e-02
      vertex -5.6291651e-03 -3.2500000e-03 3.6500000e-02
      vertex -5.3693575e-03 -3.1000000e-03 3.5800000e-02
    endloop
  endfacet
  facet normal 7.8060480e-01 4.8541126e-01 3.9374109e-01
    outer loop
      vertex -5.3693575e-03 -3.1000000e-03 3.5800000e-02
      vertex -5.6291651e-03 -3.2500000e-03 3.6500000e-02
      vertex -5.4045525e-03 -3.6112065e-03 3.6500000e-02
    endloop
  endfacet
  facet normal 7.8060480e-01 4.8541126e-01 3.9374109e-01
    outer loop
      vertex -5.3693575e-03 -3.1000000e-03 3.5800000e-02
      vertex -5.4045525e-03 -3.6112065e-03 3.6500000e-02
      vertex -5.1551116e-03 -3.4445354e-03 3.5800000e-02
    endloop
  endfacet
  facet normal 7.4718605e-01 5.3542595e-01 3.9374109e-01
    outer loop
      vertex -5.1551116e-03 -3.4445354e-03 3.5800000e-02
      vertex -5.4045525e-03 -3.6112065e-03 3.6500000e-02
      vertex -5.1567967e-03 -3.9569493e-03 3.6500000e-02
    endloop
  endfacet
  facet normal 7.4718605e-01 5.3542595e-01 3.9374109e-01
    outer loop
      vertex -5.1551116e-03 -3.4445354e-03 3.5800000e-02
      vertex -5.1567967e-03 -3.9569493e-03 3.6500000e-02
      vertex -4.9187907e-03 -3.7743209e-03 3.5800000e-02
    endloop
  endfacet
  facet normal 7.1056774e-01 5.8314787e-01 3.9374109e-01
    outer loop
      vertex -4.9187907e-03 -3.7743209e-03 3.5800000e-02
      vertex -5.1567967e-03 -3.9569493e-03 3.6500000e-02
      vertex -4.8869587e-03 -4.2857478e-03 3.6500000e-02
    endloop
  endfacet
  facet normal 7.1056774e-01 5.8314787e-01 3.9374109e-01
    outer loop
      vertex -4.9187907e-03 -3.7743209e-03 3.5800000e-02
      vertex -4.8869587e-03 -4.2857478e-03 3.6500000e-02
      vertex -4.6614068e-03 -4.0879441e-03 3.5800000e-02
    endloop
  endfacet
  facet normal 6.7090666e-01 6.2837266e-01 3.9374109e-01
    outer loop
      vertex -4.6614068e-03 -4.0879441e-03 3.5800000e-02
      vertex -4.8869587e-03 -4.2857478e-03 3.6500000e-02
      vertex -4.5961941e-03 -4.5961941e-03 3.6500000e-02
    endloop
  endfacet
  facet normal 6.7090666e-01 6.2837266e-01 3.9374109e-01
    outer loop
      vertex -4.6614068e-03 -4.0879441e-03 3.5800000e-02
      vertex -4.5961941e-03 -4.5961941e-03 3.6500000e-02
      vertex -4.3840620e-03 -4.3840620e-03 3.5800000e-02
    endloop
  endfacet
  facet normal 6.2837266e-01 6.7090666e-01 3.9374109e-01
    outer loop
      vertex -4.3840620e-03 -4.3840620e-03 3.5800000e-02
      vertex -4.5961941e-03 -4.5961941e-03 3.6500000e-02
      vertex -4.2857478e-03 -4.8869587e-03 3.6500000e-02
    endloop
  endfacet
  facet normal 6.2837266e-01 6.7090666e-01 3.9374109e-01
    outer loop
      vertex -4.3840620e-03 -4.3840620e-03 3.5800000e-02
      vertex -4.2857478e-03 -4.8869587e-03 3.6500000e-02
      vertex -4.0879441e-03 -4.6614068e-03 3.5800000e-02
    endloop
  endfacet
  facet normal 5.8314787e-01 7.1056774e-01 3.9374109e-01
    outer loop
      vertex -4.0879441e-03 -4.6614068e-03 3.5800000e-02
      vertex -4.2857478e-03 -4.8869587e-03 3.6500000e-02
      vertex -3.9569493e-03 -5.1567967e-03 3.6500000e-02
    endloop
  endfacet
  facet normal 5.8314787e-01 7.1056774e-01 3.9374109e-01
    outer loop
      vertex -4.0879441e-03 -4.6614068e-03 3.5800000e-02
      vertex -3.9569493e-03 -5.1567967e-03 3.6500000e-02
      vertex -3.7743209e-03 -4.9187907e-03 3.5800000e-02
    endloop
  endfacet
  facet normal 5.3542595e-01 7.4718605e-01 3.9374109e-01
    outer loop
      vertex -3.7743209e-03 -4.9187907e-03 3.5800000e-02
      vertex -3.9569493e-03 -5.1567967e-03 3.6500000e-02
      vertex -3.6112065e-03 -5.4045525e-03 3.6500000e-02
    endloop
  endfacet
  facet normal 5.3542595e-01 7.4718605e-01 3.9374109e-01
    outer loop
      vertex -3.7743209e-03 -4.9187907e-03 3.5800000e-02
      vertex -3.6112065e-03 -5.4045525e-03 3.6500000e-02
      vertex -3.4445354e-03 -5.1551116e-03 3.5800000e-02
    endloop
  endfacet
  facet normal 4.8541126e-01 7.8060480e-01 3.9374109e-01
    outer loop
      vertex -3.4445354e-03 -5.1551116e-03 3.5800000e-02
      vertex -3.6112065e-03 -5.4045525e-03 3.6500000e-02
      vertex -3.2500000e-03 -5.6291651e-03 3.6500000e-02
    endloop
  endfacet
  facet normal 4.8541126e-01 7.8060480e-01 3.9374109e-01
    outer loop
      vertex -3.4445354e-03 -5.1551116e-03 3.5800000e-02
      vertex -3.2500000e-03 -5.6291651e-03 3.6500000e-02
      vertex -3.1000000e-03 -5.3693575e-03 3.5800000e-02
    endloop
  endfacet
  facet normal 4.3331796e-01 8.1068088e-01 3.9374109e-01
    outer loop
      vertex -3.1000000e-03 -5.3693575e-03 3.5800000e-02
      vertex -3.2500000e-03 -5.6291651e-03 3.6500000e-02
      vertex -2.8748765e-03 -5.8296728e-03 3.6500000e-02
    endloop
  endfacet
  facet normal 4.3331796e-01 8.1068088e-01 3.9374109e-01
    outer loop
      vertex -3.1000000e-03 -5.3693575e-03 3.5800000e-02
      vertex -2.8748765e-03 -5.8296728e-03 3.6500000e-02
      vertex -2.7421899e-03 -5.5606110e-03 3.5800000e-02
    endloop
  endfacet
  facet normal 3.7936913e-01 8.3728550e-01 3.9374109e-01
    outer loop
      vertex -2.7421899e-03 -5.5606110e-03 3.5800000e-02
      vertex -2.8748765e-03 -5.8296728e-03 3.6500000e-02
      vertex -2.4874423e-03 -6.0052170e-03 3.6500000e-02
    endloop
  endfacet
  facet normal 3.7936913e-01 8.3728550e-01 3.9374109e-01
    outer loop
      vertex -2.7421899e-03 -5.5606110e-03 3.5800000e-02
      vertex -2.4874423e-03 -6.0052170e-03 3.6500000e-02
      vertex -2.3726373e-03 -5.7280531e-03 3.5800000e-02
    endloop
  endfacet
  facet normal 3.2379578e-01 8.6030474e-01 3.9374109e-01
    outer loop
      vertex -2.3726373e-03 -5.7280531e-03 3.5800000e-02
      vertex -2.4874423e-03 -6.0052170e-03 3.6500000e-02
      vertex -2.0893565e-03 -6.1550458e-03 3.6500000e-02
    endloop
  endfacet
  facet normal 3.2379578e-01 8.6030474e-01 3.9374109e-01
    outer loop
      vertex -2.3726373e-03 -5.7280531e-03 3.5800000e-02
      vertex -2.0893565e-03 -6.1550458e-03 3.6500000e-02
      vertex -1.9929247e-03 -5.8709668e-03 3.5800000e-02
    endloop
  endfacet
  facet normal 2.6683588e-01 8.7964002e-01 3.9374109e-01
    outer loop
      vertex -1.9929247e-03 -5.8709668e-03 3.5800000e-02
      vertex -2.0893565e-03 -6.1550458e-03 3.6500000e-02
      vertex -1.6823238e-03 -6.2785179e-03 3.6500000e-02
    endloop
  endfacet
  facet normal 2.6683588e-01 8.7964002e-01 3.9374109e-01
    outer loop
      vertex -1.9929247e-03 -5.8709668e-03 3.5800000e-02
      vertex -1.6823238e-03 -6.2785179e-03 3.6500000e-02
      vertex -1.6046781e-03 -5.9887401e-03 3.5800000e-02
    endloop
  endfacet
  facet normal 2.0873336e-01 8.9520854e-01 3.9374109e-01
    outer loop
      vertex -1.6046781e-03 -5.9887401e-03 3.5800000e-02
      vertex -1.6823238e-03 -6.2785179e-03 3.6500000e-02
      vertex -1.2680871e-03 -6.3751043e-03 3.6500000e-02
    endloop
  endfacet
  facet normal 2.0873336e-01 8.9520854e-01 3.9374109e-01
    outer loop
      vertex -1.6046781e-03 -5.9887401e-03 3.5800000e-02
      vertex -1.2680871e-03 -6.3751043e-03 3.6500000e-02
      vertex -1.2095600e-03 -6.0808687e-03 3.5800000e-02
    endloop
  endfacet
  facet normal 1.4973700e-01 9.0694365e-01 3.9374109e-01
    outer loop
      vertex -1.2095600e-03 -6.0808687e-03 3.5800000e-02
      vertex -1.2680871e-03 -6.3751043e-03 3.6500000e-02
      vertex -8.4842025e-04 -6.4443916e-03 3.6500000e-02
    endloop
  endfacet
  facet normal 1.4973700e-01 9.0694365e-01 3.9374109e-01
    outer loop
      vertex -1.2095600e-03 -6.0808687e-03 3.5800000e-02
      vertex -8.4842025e-04 -6.4443916e-03 3.6500000e-02
      vertex -8.0926239e-04 -6.1469581e-03 3.5800000e-02
    endloop
  endfacet
  facet normal 9.0099451e-02 9.1479508e-01 3.9374109e-01
    outer loop
      vertex -8.0926239e-04 -6.1469581e-03 3.5800000e-02
      vertex -8.4842025e-04 -6.4443916e-03 3.6500000e-02
      vertex -4.2512034e-04 -6.4860830e-03 3.6500000e-02
    endloop
  endfacet
  facet normal 9.0099451e-02 9.1479508e-01 3.9374109e-01
    outer loop
      vertex -8.0926239e-04 -6.1469581e-03 3.5800000e-02
      vertex -4.2512034e-04 -6.4860830e-03 3.6500000e-02
      vertex -4.0549940e-04 -6.1867253e-03 3.5800000e-02
    endloop
  endfacet
  facet normal 3.0076081e-02 9.1872922e-01 3.9374109e-01
    outer loop
      vertex -4.0549940e-04 -6.1867253e-03 3.5800000e-02
      vertex -4.2512034e-04 -6.4860830e-03 3.6500000e-02
      vertex -1.1940306e-18 -6.5000000e-03 3.6500000e-02
    endloop
  endfacet
  facet normal 3.0076081e-02 9.1872922e-01 3.9374109e-01
    outer loop
      vertex -4.0549940e-04 -6.1867253e-03 3.5800000e-02
      vertex -1.1940306e-18 -6.5000000e-03 3.6500000e-02
      vertex -1.1389215e-18 -6.2000000e-03 3.5800000e-02
    endloop
  endfacet
  facet normal -3.0076081e-02 9.1872922e-01 3.9374109e-01
    outer loop
      vertex -1.1389215e-18 -6.2000000e-03 3.5800000e-02
      vertex -1.1940306e-18 -6.5000000e-03 3.6500000e-02
      vertex 4.2512034e-04 -6.4860830e-03 3.6500000e-02
    endloop
  endfacet
  facet normal -3.0076081e-02 9.1872922e-01 3.9374109e-01
    outer loop
      vertex -1.1389215e-18 -6.2000000e-03 3.5800000e-02
      vertex 4.2512034e-04 -6.4860830e-03 3.6500000e-02
      vertex 4.0549940e-04 -6.1867253e-03 3.5800000e-02
    endloop
  endfacet
  facet normal -9.0099451e-02 9.1479508e-01 3.9374109e-01
    outer loop
      vertex 4.0549940e-04 -6.1867253e-03 3.5800000e-02
      vertex 4.2512034e-04 -6.4860830e-03 3.6500000e-02
      vertex 8.4842025e-04 -6.4443916e-03 3.6500000e-02
    endloop
  endfacet
  facet normal -9.0099451e-02 9.1479508e-01 3.9374109e-01
    outer loop
      vertex 4.0549940e-04 -6.1867253e-03 3.5800000e-02
      vertex 8.4842025e-04 -6.4443916e-03 3.6500000e-02
      vertex 8.0926239e-04 -6.1469581e-03 3.5800000e-02
    endloop
  endfacet
  facet normal -1.4973700e-01 9.0694365e-01 3.9374109e-01
    outer loop
      vertex 8.0926239e-04 -6.1469581e-03 3.5800000e-02
      vertex 8.4842025e-04 -6.4443916e-03 3.6500000e-02
      vertex 1.2680871e-03 -6.3751043e-03 3.6500000e-02
    endloop
  endfacet
  facet normal -1.4973700e-01 9.0694365e-01 3.9374109e-01
    outer loop
      vertex 8.0926239e-04 -6.1469581e-03 3.5800000e-02
      vertex 1.2680871e-03 -6.3751043e-03 3.6500000e-02
      vertex 1.2095600e-03 -6.0808687e-03 3.5800000e-02
    endloop
  endfacet
  facet normal -2.0873336e-01 8.9520854e-01 3.9374109e-01
    outer loop
      vertex 1.2095600e-03 -6.0808687e-03 3.5800000e-02
      vertex 1.2680871e-03 -6.3751043e-03 3.6500000e-02
      vertex 1.6823238e-03 -6.2785179e-03 3.6500000e-02
    endloop
  endfacet
  facet normal -2.0873336e-01 8.9520854e-01 3.9374109e-01
    outer loop
      vertex 1.2095600e-03 -6.0808687e-03 3.5800000e-02
      vertex 1.6823238e-03 -6.2785179e-03 3.6500000e-02
      vertex 1.6046781e-03 -5.9887401e-03 3.5800000e-02
    endloop
  endfacet
  facet normal -2.6683588e-01 8.7964002e-01 3.9374109e-01
    outer loop
      vertex 1.6046781e-03 -5.9887401e-03 3.5800000e-02
      vertex 1.6823238e-03 -6.2785179e-03 3.6500000e-02
      vertex 2.0893565e-03 -6.1550458e-03 3.6500000e-02
    endloop
  endfacet
  facet normal -2.6683588e-01 8.7964002e-01 3.9374109e-01
    outer loop
      vertex 1.6046781e-03 -5.9887401e-03 3.5800000e-02
      vertex 2.0893565e-03 -6.1550458e-03 3.6500000e-02
      vertex 1.9929247e-03 -5.8709668e-03 3.5800000e-02
    endloop
  endfacet
  facet normal -3.2379578e-01 8.6030474e-01 3.9374109e-01
    outer loop
      vertex 1.9929247e-03 -5.8709668e-03 3.5800000e-02
      vertex 2.0893565e-03 -6.1550458e-03 3.6500000e-02
      vertex 2.4874423e-03 -6.0052170e-03 3.6500000e-02
    endloop
  endfacet
  facet normal -3.2379578e-01 8.6030474e-01 3.9374109e-01
    outer loop
      vertex 1.9929247e-03 -5.8709668e-03 3.5800000e-02
      vertex 2.4874423e-03 -6.0052170e-03 3.6500000e-02
      vertex 2.3726373e-03 -5.7280531e-03 3.5800000e-02
    endloop
  endfacet
  facet normal -3.7936913e-01 8.3728550e-01 3.9374109e-01
    outer loop
      vertex 2.3726373e-03 -5.7280531e-03 3.5800000e-02
      vertex 2.4874423e-03 -6.0052170e-03 3.6500000e-02
      vertex 2.8748765e-03 -5.8296728e-03 3.6500000e-02
    endloop
  endfacet
  facet normal -3.7936913e-01 8.3728550e-01 3.9374109e-01
    outer loop
      vertex 2.3726373e-03 -5.7280531e-03 3.5800000e-02
      vertex 2.8748765e-03 -5.8296728e-03 3.6500000e-02
      vertex 2.7421899e-03 -5.5606110e-03 3.5800000e-02
    endloop
  endfacet
  facet normal -4.3331796e-01 8.1068088e-01 3.9374109e-01
    outer loop
      vertex 2.7421899e-03 -5.5606110e-03 3.5800000e-02
      vertex 2.8748765e-03 -5.8296728e-03 3.6500000e-02
      vertex 3.2500000e-03 -5.6291651e-03 3.6500000e-02
    endloop
  endfacet
  facet normal -4.3331796e-01 8.1068088e-01 3.9374109e-01
    outer loop
      vertex 2.7421899e-03 -5.5606110e-03 3.5800000e-02
      vertex 3.2500000e-03 -5.6291651e-03 3.6500000e-02
      vertex 3.1000000e-03 -5.3693575e-03 3.5800000e-02
    endloop
  endfacet
  facet normal -4.8541126e-01 7.8060480e-01 3.9374109e-01
    outer loop
      vertex 3.1000000e-03 -5.3693575e-03 3.5800000e-02
      vertex 3.2500000e-03 -5.6291651e-03 3.6500000e-02
      vertex 3.6112065e-03 -5.4045525e-03 3.6500000e-02
    endloop
  endfacet
  facet normal -4.8541126e-01 7.8060480e-01 3.9374109e-01
    outer loop
      vertex 3.1000000e-03 -5.3693575e-03 3.5800000e-02
      vertex 3.6112065e-03 -5.4045525e-03 3.6500000e-02
      vertex 3.4445354e-03 -5.1551116e-03 3.5800000e-02
    endloop
  endfacet
  facet normal -5.3542595e-01 7.4718605e-01 3.9374109e-01
    outer loop
      vertex 3.4445354e-03 -5.1551116e-03 3.5800000e-02
      vertex 3.6112065e-03 -5.4045525e-03 3.6500000e-02
      vertex 3.9569493e-03 -5.1567967e-03 3.6500000e-02
    endloop
  endfacet
  facet normal -5.3542595e-01 7.4718605e-01 3.9374109e-01
    outer loop
      vertex 3.4445354e-03 -5.1551116e-03 3.5800000e-02
      vertex 3.9569493e-03 -5.1567967e-03 3.6500000e-02
      vertex 3.7743209e-03 -4.9187907e-03 3.5800000e-02
    endloop
  endfacet
  facet normal -5.8314787e-01 7.1056774e-01 3.9374109e-01
    outer loop
      vertex 3.7743209e-03 -4.9187907e-03 3.5800000e-02
      vertex 3.9569493e-03 -5.1567967e-03 3.6500000e-02
      vertex 4.2857478e-03 -4.8869587e-03 3.6500000e-02
    endloop
  endfacet
  facet normal -5.8314787e-01 7.1056774e-01 3.9374109e-01
    outer loop
      vertex 3.7743209e-03 -4.9187907e-03 3.5800000e-02
      vertex 4.2857478e-03 -4.8869587e-03 3.6500000e-02
      vertex 4.0879441e-03 -4.6614068e-03 3.5800000e-02
    endloop
  endfacet
  facet normal -6.2837266e-01 6.7090666e-01 3.9374109e-01
    outer loop
      vertex 4.0879441e-03 -4.6614068e-03 3.5800000e-02
      vertex 4.2857478e-03 -4.8869587e-03 3.6500000e-02
      vertex 4.5961941e-03 -4.5961941e-03 3.6500000e-02
    endloop
  endfacet
  facet normal -6.2837266e-01 6.7090666e-01 3.9374109e-01
    outer loop
      vertex 4.0879441e-03 -4.6614068e-03 3.5800000e-02
      vertex 4.5961941e-03 -4.5961941e-03 3.6500000e-02
      vertex 4.3840620e-03 -4.3840620e-03 3.5800000e-02
    endloop
  endfacet
  facet normal -6.7090666e-01 6.2837266e-01 3.9374109e-01
    outer loop
      vertex 4.3840620e-03 -4.3840620e-03 3.5800000e-02
      vertex 4.5961941e-03 -4.5961941e-03 3.6500000e-02
      vertex 4.8869587e-03 -4.2857478e-03 3.6500000e-02
    endloop
  endfacet
  facet normal -6.7090666e-01 6.2837266e-01 3.9374109e-01
    outer loop
      vertex 4.3840620e-03 -4.3840620e-03 3.5800000e-02
      vertex 4.8869587e-03 -4.2857478e-03 3.6500000e-02
      vertex 4.6614068e-03 -4.0879441e-03 3.5800000e-02
    endloop
  endfacet
  facet normal -7.1056774e-01 5.8314787e-01 3.9374109e-01
    outer loop
      vertex 4.6614068e-03 -4.0879441e-03 3.5800000e-02
      vertex 4.8869587e-03 -4.2857478e-03 3.6500000e-02
      vertex 5.1567967e-03 -3.9569493e-03 3.6500000e-02
    endloop
  endfacet
  facet normal -7.1056774e-01 5.8314787e-01 3.9374109e-01
    outer loop
      vertex 4.6614068e-03 -4.0879441e-03 3.5800000e-02
      vertex 5.1567967e-03 -3.9569493e-03 3.6500000e-02
      vertex 4.9187907e-03 -3.7743209e-03 3.5800000e-02
    endloop
  endfacet
  facet normal -7.4718605e-01 5.3542595e-01 3.9374109e-01
    outer loop
      vertex 4.9187907e-03 -3.7743209e-03 3.5800000e-02
      vertex 5.1567967e-03 -3.9569493e-03 3.6500000e-02
      vertex 5.4045525e-03 -3.6112065e-03 3.6500000e-02
    endloop
  endfacet
  facet normal -7.4718605e-01 5.3542595e-01 3.9374109e-01
    outer loop
      vertex 4.9187907e-03 -3.7743209e-03 3.5800000e-02
      vertex 5.4045525e-03 -3.6112065e-03 3.6500000e-02
      vertex 5.1551116e-03 -3.4445354e-03 3.5800000e-02
    endloop
  endfacet
  facet normal -7.8060480e-01 4.8541126e-01 3.9374109e-01
    outer loop
      vertex 5.1551116e-03 -3.4445354e-03 3.5800000e-02
      vertex 5.4045525e-03 -3.6112065e-03 3.6500000e-02
      vertex 5.6291651e-03 -3.2500000e-03 3.6500000e-02
    endloop
  endfacet
  facet normal -7.8060480e-01 4.8541126e-01 3.9374109e-01
    outer loop
      vertex 5.1551116e-03 -3.4445354e-03 3.5800000e-02
      vertex 5.6291651e-03 -3.2500000e-03 3.6500000e-02
      vertex 5.3693575e-03 -3.1000000e-03 3.5800000e-02
    endloop
  endfacet
  facet normal -8.1068088e-01 4.3331796e-01 3.9374109e-01
    outer loop
      vertex 5.3693575e-03 -3.1000000e-03 3.5800000e-02
      vertex 5.6291651e-03 -3.2500000e-03 3.6500000e-02
      vertex 5.8296728e-03 -2.8748765e-03 3.6500000e-02
    endloop
  endfacet
  facet normal -8.1068088e-01 4.3331796e-01 3.9374109e-01
    outer loop
      vertex 5.3693575e-03 -3.1000000e-03 3.5800000e-02
      vertex 5.8296728e-03 -2.8748765e-03 3.6500000e-02
      vertex 5.5606110e-03 -2.7421899e-03 3.5800000e-02
    endloop
  endfacet
  facet normal -8.3728550e-01 3.7936913e-01 3.9374109e-01
    outer loop
      vertex 5.5606110e-03 -2.7421899e-03 3.5800000e-02
      vertex 5.8296728e-03 -2.8748765e-03 3.6500000e-02
      vertex 6.0052170e-03 -2.4874423e-03 3.6500000e-02
    endloop
  endfacet
  facet normal -8.3728550e-01 3.7936913e-01 3.9374109e-01
    outer loop
      vertex 5.5606110e-03 -2.7421899e-03 3.5800000e-02
      vertex 6.0052170e-03 -2.4874423e-03 3.6500000e-02
      vertex 5.7280531e-03 -2.3726373e-03 3.5800000e-02
    endloop
  endfacet
  facet normal -8.6030474e-01 3.2379578e-01 3.9374109e-01
    outer loop
      vertex 5.7280531e-03 -2.3726373e-03 3.5800000e-02
      vertex 6.0052170e-03 -2.4874423e-03 3.6500000e-02
      vertex 6.1550458e-03 -2.0893565e-03 3.6500000e-02
    endloop
  endfacet
  facet normal -8.6030474e-01 3.2379578e-01 3.9374109e-01
    outer loop
      vertex 5.7280531e-03 -2.3726373e-03 3.5800000e-02
      vertex 6.1550458e-03 -2.0893565e-03 3.6500000e-02
      vertex 5.8709668e-03 -1.9929247e-03 3.5800000e-02
    endloop
  endfacet
  facet normal -8.7964002e-01 2.6683588e-01 3.9374109e-01
    outer loop
      vertex 5.8709668e-03 -1.9929247e-03 3.5800000e-02
      vertex 6.1550458e-03 -2.0893565e-03 3.6500000e-02
      vertex 6.2785179e-03 -1.6823238e-03 3.6500000e-02
    endloop
  endfacet
  facet normal -8.7964002e-01 2.6683588e-01 3.9374109e-01
    outer loop
      vertex 5.8709668e-03 -1.9929247e-03 3.5800000e-02
      vertex 6.2785179e-03 -1.6823238e-03 3.6500000e-02
      vertex 5.9887401e-03 -1.6046781e-03 3.5800000e-02
    endloop
  endfacet
  facet normal -8.9520854e-01 2.0873336e-01 3.9374109e-01
    outer loop
      vertex 5.9887401e-03 -1.6046781e-03 3.5800000e-02
      vertex 6.2785179e-03 -1.6823238e-03 3.6500000e-02
      vertex 6.3751043e-03 -1.2680871e-03 3.6500000e-02
    endloop
  endfacet
  facet normal -8.9520854e-01 2.0873336e-01 3.9374109e-01
    outer loop
      vertex 5.9887401e-03 -1.6046781e-03 3.5800000e-02
      vertex 6.3751043e-03 -1.2680871e-03 3.6500000e-02
      vertex 6.0808687e-03 -1.2095600e-03 3.5800000e-02
    endloop
  endfacet
  facet normal -9.0694365e-01 1.4973700e-01 3.9374109e-01
    outer loop
      vertex 6.0808687e-03 -1.2095600e-03 3.5800000e-02
      vertex 6.3751043e-03 -1.2680871e-03 3.6500000e-02
      vertex 6.4443916e-03 -8.4842025e-04 3.6500000e-02
    endloop
  endfacet
  facet normal -9.0694365e-01 1.4973700e-01 3.9374109e-01
    outer loop
      vertex 6.0808687e-03 -1.2095600e-03 3.5800000e-02
      vertex 6.4443916e-03 -8.4842025e-04 3.6500000e-02
      vertex 6.1469581e-03 -8.0926239e-04 3.5800000e-02
    endloop
  endfacet
  facet normal -9.1479508e-01 9.0099451e-02 3.9374109e-01
    outer loop
      vertex 6.1469581e-03 -8.0926239e-04 3.5800000e-02
      vertex 6.4443916e-03 -8.4842025e-04 3.6500000e-02
      vertex 6.4860830e-03 -4.2512034e-04 3.6500000e-02
    endloop
  endfacet
  facet normal -9.1479508e-01 9.0099451e-02 3.9374109e-01
    outer loop
      vertex 6.1469581e-03 -8.0926239e-04 3.5800000e-02
      vertex 6.4860830e-03 -4.2512034e-04 3.6500000e-02
      vertex 6.1867253e-03 -4.0549940e-04 3.5800000e-02
    endloop
  endfacet
  facet normal -9.1872922e-01 3.0076081e-02 3.9374109e-01
    outer loop
      vertex 6.1867253e-03 -4.0549940e-04 3.5800000e-02
      vertex 6.4860830e-03 -4.2512034e-04 3.6500000e-02
      vertex 6.5000000e-03 -1.5920408e-18 3.6500000e-02
    endloop
  endfacet
  facet normal -9.1872922e-01 3.0076081e-02 3.9374109e-01
    outer loop
      vertex 6.1867253e-03 -4.0549940e-04 3.5800000e-02
      vertex 6.5000000e-03 -1.5920408e-18 3.6500000e-02
      vertex 6.2000000e-03 -1.5185620e-18 3.5800000e-02
    endloop
  endfacet
  facet normal -9.9946459e-01 -3.2719083e-02 0.0000000e+00
    outer loop
      vertex 6.5000000e-03 0.0000000e+00 3.6500000e-02
      vertex 6.5000000e-03 0.0000000e+00 3.7500000e-02
      vertex 6.4860830e-03 4.2512034e-04 3.7500000e-02
    endloop
  endfacet
  facet normal -9.9946459e-01 -3.2719083e-02 0.0000000e+00
    outer loop
      vertex 6.5000000e-03 0.0000000e+00 3.6500000e-02
      vertex 6.4860830e-03 4.2512034e-04 3.7500000e-02
      vertex 6.4860830e-03 4.2512034e-04 3.6500000e-02
    endloop
  endfacet
  facet normal -9.9518473e-01 -9.8017140e-02 0.0000000e+00
    outer loop
      vertex 6.4860830e-03 4.2512034e-04 3.6500000e-02
      vertex 6.4860830e-03 4.2512034e-04 3.7500000e-02
      vertex 6.4443916e-03 8.4842025e-04 3.7500000e-02
    endloop
  endfacet
  facet normal -9.9518473e-01 -9.8017140e-02 0.0000000e+00
    outer loop
      vertex 6.4860830e-03 4.2512034e-04 3.6500000e-02
      vertex 6.4443916e-03 8.4842025e-04 3.7500000e-02
      vertex 6.4443916e-03 8.4842025e-04 3.6500000e-02
    endloop
  endfacet
  facet normal -9.8664333e-01 -1.6289547e-01 0.0000000e+00
    outer loop
      vertex 6.4443916e-03 8.4842025e-04 3.6500000e-02
      vertex 6.4443916e-03 8.4842025e-04 3.7500000e-02
      vertex 6.3751043e-03 1.2680871e-03 3.7500000e-02
    endloop
  endfacet
  facet normal -9.8664333e-01 -1.6289547e-01 0.0000000e+00
    outer loop
      vertex 6.4443916e-03 8.4842025e-04 3.6500000e-02
      vertex 6.3751043e-03 1.2680871e-03 3.7500000e-02
      vertex 6.3751043e-03 1.2680871e-03 3.6500000e-02
    endloop
  endfacet
  facet normal -9.7387698e-01 -2.2707626e-01 0.0000000e+00
    outer loop
      vertex 6.3751043e-03 1.2680871e-03 3.6500000e-02
      vertex 6.3751043e-03 1.2680871e-03 3.7500000e-02
      vertex 6.2785179e-03 1.6823238e-03 3.7500000e-02
    endloop
  endfacet
  facet normal -9.7387698e-01 -2.2707626e-01 0.0000000e+00
    outer loop
      vertex 6.3751043e-03 1.2680871e-03 3.6500000e-02
      vertex 6.2785179e-03 1.6823238e-03 3.7500000e-02
      vertex 6.2785179e-03 1.6823238e-03 3.6500000e-02
    endloop
  endfacet
  facet normal -9.5694034e-01 -2.9028468e-01 0.0000000e+00
    outer loop
      vertex 6.2785179e-03 1.6823238e-03 3.6500000e-02
      vertex 6.2785179e-03 1.6823238e-03 3.7500000e-02
      vertex 6.1550458e-03 2.0893565e-03 3.7500000e-02
    endloop
  endfacet
  facet normal -9.5694034e-01 -2.9028468e-01 0.0000000e+00
    outer loop
      vertex 6.2785179e-03 1.6823238e-03 3.6500000e-02
      vertex 6.1550458e-03 2.0893565e-03 3.7500000e-02
      vertex 6.1550458e-03 2.0893565e-03 3.6500000e-02
    endloop
  endfacet
  facet normal -9.3590593e-01 -3.5225005e-01 0.0000000e+00
    outer loop
      vertex 6.1550458e-03 2.0893565e-03 3.6500000e-02
      vertex 6.1550458e-03 2.0893565e-03 3.7500000e-02
      vertex 6.0052170e-03 2.4874423e-03 3.7500000e-02
    endloop
  endfacet
  facet normal -9.3590593e-01 -3.5225005e-01 0.0000000e+00
    outer loop
      vertex 6.1550458e-03 2.0893565e-03 3.6500000e-02
      vertex 6.0052170e-03 2.4874423e-03 3.7500000e-02
      vertex 6.0052170e-03 2.4874423e-03 3.6500000e-02
    endloop
  endfacet
  facet normal -9.1086382e-01 -4.1270703e-01 0.0000000e+00
    outer loop
      vertex 6.0052170e-03 2.4874423e-03 3.6500000e-02
      vertex 6.0052170e-03 2.4874423e-03 3.7500000e-02
      vertex 5.8296728e-03 2.8748765e-03 3.7500000e-02
    endloop
  endfacet
  facet normal -9.1086382e-01 -4.1270703e-01 0.0000000e+00
    outer loop
      vertex 6.0052170e-03 2.4874423e-03 3.6500000e-02
      vertex 5.8296728e-03 2.8748765e-03 3.7500000e-02
      vertex 5.8296728e-03 2.8748765e-03 3.6500000e-02
    endloop
  endfacet
  facet normal -8.8192126e-01 -4.7139674e-01 0.0000000e+00
    outer loop
      vertex 5.8296728e-03 2.8748765e-03 3.6500000e-02
      vertex 5.8296728e-03 2.8748765e-03 3.7500000e-02
      vertex 5.6291651e-03 3.2500000e-03 3.7500000e-02
    endloop
  endfacet
  facet normal -8.8192126e-01 -4.7139674e-01 0.0000000e+00
    outer loop
      vertex 5.8296728e-03 2.8748765e-03 3.6500000e-02
      vertex 5.6291651e-03 3.2500000e-03 3.7500000e-02
      vertex 5.6291651e-03 3.2500000e-03 3.6500000e-02
    endloop
  endfacet
  facet normal -8.4920218e-01 -5.2806785e-01 0.0000000e+00
    outer loop
      vertex 5.6291651e-03 3.2500000e-03 3.6500000e-02
      vertex 5.6291651e-03 3.2500000e-03 3.7500000e-02
      vertex 5.4045525e-03 3.6112065e-03 3.7500000e-02
    endloop
  endfacet
  facet normal -8.4920218e-01 -5.2806785e-01 0.0000000e+00
    outer loop
      vertex 5.6291651e-03 3.2500000e-03 3.6500000e-02
      vertex 5.4045525e-03 3.6112065e-03 3.7500000e-02
      vertex 5.4045525e-03 3.6112065e-03 3.6500000e-02
    endloop
  endfacet
  facet normal -8.1284668e-01 -5.8247770e-01 0.0000000e+00
    outer loop
      vertex 5.4045525e-03 3.6112065e-03 3.6500000e-02
      vertex 5.4045525e-03 3.6112065e-03 3.7500000e-02
      vertex 5.1567967e-03 3.9569493e-03 3.7500000e-02
    endloop
  endfacet
  facet normal -8.1284668e-01 -5.8247770e-01 0.0000000e+00
    outer loop
      vertex 5.4045525e-03 3.6112065e-03 3.6500000e-02
      vertex 5.1567967e-03 3.9569493e-03 3.7500000e-02
      vertex 5.1567967e-03 3.9569493e-03 3.6500000e-02
    endloop
  endfacet
  facet normal -7.7301045e-01 -6.3439328e-01 0.0000000e+00
    outer loop
      vertex 5.1567967e-03 3.9569493e-03 3.6500000e-02
      vertex 5.1567967e-03 3.9569493e-03 3.7500000e-02
      vertex 4.8869587e-03 4.2857478e-03 3.7500000e-02
    endloop
  endfacet
  facet normal -7.7301045e-01 -6.3439328e-01 0.0000000e+00
    outer loop
      vertex 5.1567967e-03 3.9569493e-03 3.6500000e-02
      vertex 4.8869587e-03 4.2857478e-03 3.7500000e-02
      vertex 4.8869587e-03 4.2857478e-03 3.6500000e-02
    endloop
  endfacet
  facet normal -7.2986407e-01 -6.8359230e-01 0.0000000e+00
    outer loop
      vertex 4.8869587e-03 4.2857478e-03 3.6500000e-02
      vertex 4.8869587e-03 4.2857478e-03 3.7500000e-02
      vertex 4.5961941e-03 4.5961941e-03 3.7500000e-02
    endloop
  endfacet
  facet normal -7.2986407e-01 -6.8359230e-01 0.0000000e+00
    outer loop
      vertex 4.8869587e-03 4.2857478e-03 3.6500000e-02
      vertex 4.5961941e-03 4.5961941e-03 3.7500000e-02
      vertex 4.5961941e-03 4.5961941e-03 3.6500000e-02
    endloop
  endfacet
  facet normal -6.8359230e-01 -7.2986407e-01 0.0000000e+00
    outer loop
      vertex 4.5961941e-03 4.5961941e-03 3.6500000e-02
      vertex 4.5961941e-03 4.5961941e-03 3.7500000e-02
      vertex 4.2857478e-03 4.8869587e-03 3.7500000e-02
    endloop
  endfacet
  facet normal -6.8359230e-01 -7.2986407e-01 0.0000000e+00
    outer loop
      vertex 4.5961941e-03 4.5961941e-03 3.6500000e-02
      vertex 4.2857478e-03 4.8869587e-03 3.7500000e-02
      vertex 4.2857478e-03 4.8869587e-03 3.6500000e-02
    endloop
  endfacet
  facet normal -6.3439328e-01 -7.7301045e-01 0.0000000e+00
    outer loop
      vertex 4.2857478e-03 4.8869587e-03 3.6500000e-02
      vertex 4.2857478e-03 4.8869587e-03 3.7500000e-02
      vertex 3.9569493e-03 5.1567967e-03 3.7500000e-02
    endloop
  endfacet
  facet normal -6.3439328e-01 -7.7301045e-01 0.0000000e+00
    outer loop
      vertex 4.2857478e-03 4.8869587e-03 3.6500000e-02
      vertex 3.9569493e-03 5.1567967e-03 3.7500000e-02
      vertex 3.9569493e-03 5.1567967e-03 3.6500000e-02
    endloop
  endfacet
  facet normal -5.8247770e-01 -8.1284668e-01 0.0000000e+00
    outer loop
      vertex 3.9569493e-03 5.1567967e-03 3.6500000e-02
      vertex 3.9569493e-03 5.1567967e-03 3.7500000e-02
      vertex 3.6112065e-03 5.4045525e-03 3.7500000e-02
    endloop
  endfacet
  facet normal -5.8247770e-01 -8.1284668e-01 0.0000000e+00
    outer loop
      vertex 3.9569493e-03 5.1567967e-03 3.6500000e-02
      vertex 3.6112065e-03 5.4045525e-03 3.7500000e-02
      vertex 3.6112065e-03 5.4045525e-03 3.6500000e-02
    endloop
  endfacet
  facet normal -5.2806785e-01 -8.4920218e-01 0.0000000e+00
    outer loop
      vertex 3.6112065e-03 5.4045525e-03 3.6500000e-02
      vertex 3.6112065e-03 5.4045525e-03 3.7500000e-02
      vertex 3.2500000e-03 5.6291651e-03 3.7500000e-02
    endloop
  endfacet
  facet normal -5.2806785e-01 -8.4920218e-01 0.0000000e+00
    outer loop
      vertex 3.6112065e-03 5.4045525e-03 3.6500000e-02
      vertex 3.2500000e-03 5.6291651e-03 3.7500000e-02
      vertex 3.2500000e-03 5.6291651e-03 3.6500000e-02
    endloop
  endfacet
  facet normal -4.7139674e-01 -8.8192126e-01 0.0000000e+00
    outer loop
      vertex 3.2500000e-03 5.6291651e-03 3.6500000e-02
      vertex 3.2500000e-03 5.6291651e-03 3.7500000e-02
      vertex 2.8748765e-03 5.8296728e-03 3.7500000e-02
    endloop
  endfacet
  facet normal -4.7139674e-01 -8.8192126e-01 0.0000000e+00
    outer loop
      vertex 3.2500000e-03 5.6291651e-03 3.6500000e-02
      vertex 2.8748765e-03 5.8296728e-03 3.7500000e-02
      vertex 2.8748765e-03 5.8296728e-03 3.6500000e-02
    endloop
  endfacet
  facet normal -4.1270703e-01 -9.1086382e-01 0.0000000e+00
    outer loop
      vertex 2.8748765e-03 5.8296728e-03 3.6500000e-02
      vertex 2.8748765e-03 5.8296728e-03 3.7500000e-02
      vertex 2.4874423e-03 6.0052170e-03 3.7500000e-02
    endloop
  endfacet
  facet normal -4.1270703e-01 -9.1086382e-01 0.0000000e+00
    outer loop
      vertex 2.8748765e-03 5.8296728e-03 3.6500000e-02
      vertex 2.4874423e-03 6.0052170e-03 3.7500000e-02
      vertex 2.4874423e-03 6.0052170e-03 3.6500000e-02
    endloop
  endfacet
  facet normal -3.5225005e-01 -9.3590593e-01 0.0000000e+00
    outer loop
      vertex 2.4874423e-03 6.0052170e-03 3.6500000e-02
      vertex 2.4874423e-03 6.0052170e-03 3.7500000e-02
      vertex 2.0893565e-03 6.1550458e-03 3.7500000e-02
    endloop
  endfacet
  facet normal -3.5225005e-01 -9.3590593e-01 0.0000000e+00
    outer loop
      vertex 2.4874423e-03 6.0052170e-03 3.6500000e-02
      vertex 2.0893565e-03 6.1550458e-03 3.7500000e-02
      vertex 2.0893565e-03 6.1550458e-03 3.6500000e-02
    endloop
  endfacet
  facet normal -2.9028468e-01 -9.5694034e-01 0.0000000e+00
    outer loop
      vertex 2.0893565e-03 6.1550458e-03 3.6500000e-02
      vertex 2.0893565e-03 6.1550458e-03 3.7500000e-02
      vertex 1.6823238e-03 6.2785179e-03 3.7500000e-02
    endloop
  endfacet
  facet normal -2.9028468e-01 -9.5694034e-01 0.0000000e+00
    outer loop
      vertex 2.0893565e-03 6.1550458e-03 3.6500000e-02
      vertex 1.6823238e-03 6.2785179e-03 3.7500000e-02
      vertex 1.6823238e-03 6.2785179e-03 3.6500000e-02
    endloop
  endfacet
  facet normal -2.2707626e-01 -9.7387698e-01 0.0000000e+00
    outer loop
      vertex 1.6823238e-03 6.2785179e-03 3.6500000e-02
      vertex 1.6823238e-03 6.2785179e-03 3.7500000e-02
      vertex 1.2680871e-03 6.3751043e-03 3.7500000e-02
    endloop
  endfacet
  facet normal -2.2707626e-01 -9.7387698e-01 0.0000000e+00
    outer loop
      vertex 1.6823238e-03 6.2785179e-03 3.6500000e-02
      vertex 1.2680871e-03 6.3751043e-03 3.7500000e-02
      vertex 1.2680871e-03 6.3751043e-03 3.6500000e-02
    endloop
  endfacet
  facet normal -1.6289547e-01 -9.8664333e-01 0.0000000e+00
    outer loop
      vertex 1.2680871e-03 6.3751043e-03 3.6500000e-02
      vertex 1.2680871e-03 6.3751043e-03 3.7500000e-02
      vertex 8.4842025e-04 6.4443916e-03 3.7500000e-02
    endloop
  endfacet
  facet normal -1.6289547e-01 -9.8664333e-01 0.0000000e+00
    outer loop
      vertex 1.2680871e-03 6.3751043e-03 3.6500000e-02
      vertex 8.4842025e-04 6.4443916e-03 3.7500000e-02
      vertex 8.4842025e-04 6.4443916e-03 3.6500000e-02
    endloop
  endfacet
  facet normal -9.8017140e-02 -9.9518473e-01 0.0000000e+00
    outer loop
      vertex 8.4842025e-04 6.4443916e-03 3.6500000e-02
      vertex 8.4842025e-04 6.4443916e-03 3.7500000e-02
      vertex 4.2512034e-04 6.4860830e-03 3.7500000e-02
    endloop
  endfacet
  facet normal -9.8017140e-02 -9.9518473e-01 0.0000000e+00
    outer loop
      vertex 8.4842025e-04 6.4443916e-03 3.6500000e-02
      vertex 4.2512034e-04 6.4860830e-03 3.7500000e-02
      vertex 4.2512034e-04 6.4860830e-03 3.6500000e-02
    endloop
  endfacet
  facet normal -3.2719083e-02 -9.9946459e-01 0.0000000e+00
    outer loop
      vertex 4.2512034e-04 6.4860830e-03 3.6500000e-02
      vertex 4.2512034e-04 6.4860830e-03 3.7500000e-02
      vertex 3.9801021e-19 6.5000000e-03 3.7500000e-02
    endloop
  endfacet
  facet normal -3.2719083e-02 -9.9946459e-01 0.0000000e+00
    outer loop
      vertex 4.2512034e-04 6.4860830e-03 3.6500000e-02
      vertex 3.9801021e-19 6.5000000e-03 3.7500000e-02
      vertex 3.9801021e-19 6.5000000e-03 3.6500000e-02
    endloop
  endfacet
  facet normal 3.2719083e-02 -9.9946459e-01 0.0000000e+00
    outer loop
      vertex 3.9801021e-19 6.5000000e-03 3.6500000e-02
      vertex 3.9801021e-19 6.5000000e-03 3.7500000e-02
      vertex -4.2512034e-04 6.4860830e-03 3.7500000e-02
    endloop
  endfacet
  facet normal 3.2719083e-02 -9.9946459e-01 0.0000000e+00
    outer loop
      vertex 3.9801021e-19 6.5000000e-03 3.6500000e-02
      vertex -4.2512034e-04 6.4860830e-03 3.7500000e-02
      vertex -4.2512034e-04 6.4860830e-03 3.6500000e-02
    endloop
  endfacet
  facet normal 9.8017140e-02 -9.9518473e-01 0.0000000e+00
    outer loop
      vertex -4.2512034e-04 6.4860830e-03 3.6500000e-02
      vertex -4.2512034e-04 6.4860830e-03 3.7500000e-02
      vertex -8.4842025e-04 6.4443916e-03 3.7500000e-02
    endloop
  endfacet
  facet normal 9.8017140e-02 -9.9518473e-01 0.0000000e+00
    outer loop
      vertex -4.2512034e-04 6.4860830e-03 3.6500000e-02
      vertex -8.4842025e-04 6.4443916e-03 3.7500000e-02
      vertex -8.4842025e-04 6.4443916e-03 3.6500000e-02
    endloop
  endfacet
  facet normal 1.6289547e-01 -9.8664333e-01 0.0000000e+00
    outer loop
      vertex -8.4842025e-04 6.4443916e-03 3.6500000e-02
      vertex -8.4842025e-04 6.4443916e-03 3.7500000e-02
      vertex -1.2680871e-03 6.3751043e-03 3.7500000e-02
    endloop
  endfacet
  facet normal 1.6289547e-01 -9.8664333e-01 0.0000000e+00
    outer loop
      vertex -8.4842025e-04 6.4443916e-03 3.6500000e-02
      vertex -1.2680871e-03 6.3751043e-03 3.7500000e-02
      vertex -1.2680871e-03 6.3751043e-03 3.6500000e-02
    endloop
  endfacet
  facet normal 2.2707626e-01 -9.7387698e-01 0.0000000e+00
    outer loop
      vertex -1.2680871e-03 6.3751043e-03 3.6500000e-02
      vertex -1.2680871e-03 6.3751043e-03 3.7500000e-02
      vertex -1.6823238e-03 6.2785179e-03 3.7500000e-02
    endloop
  endfacet
  facet normal 2.2707626e-01 -9.7387698e-01 0.0000000e+00
    outer loop
      vertex -1.2680871e-03 6.3751043e-03 3.6500000e-02
      vertex -1.6823238e-03 6.2785179e-03 3.7500000e-02
      vertex -1.6823238e-03 6.2785179e-03 3.6500000e-02
    endloop
  endfacet
  facet normal 2.9028468e-01 -9.5694034e-01 0.0000000e+00
    outer loop
      vertex -1.6823238e-03 6.2785179e-03 3.6500000e-02
      vertex -1.6823238e-03 6.2785179e-03 3.7500000e-02
      vertex -2.0893565e-03 6.1550458e-03 3.7500000e-02
    endloop
  endfacet
  facet normal 2.9028468e-01 -9.5694034e-01 0.0000000e+00
    outer loop
      vertex -1.6823238e-03 6.2785179e-03 3.6500000e-02
      vertex -2.0893565e-03 6.1550458e-03 3.7500000e-02
      vertex -2.0893565e-03 6.1550458e-03 3.6500000e-02
    endloop
  endfacet
  facet normal 3.5225005e-01 -9.3590593e-01 0.0000000e+00
    outer loop
      vertex -2.0893565e-03 6.1550458e-03 3.6500000e-02
      vertex -2.0893565e-03 6.1550458e-03 3.7500000e-02
      vertex -2.4874423e-03 6.0052170e-03 3.7500000e-02
    endloop
  endfacet
  facet normal 3.5225005e-01 -9.3590593e-01 0.0000000e+00
    outer loop
      vertex -2.0893565e-03 6.1550458e-03 3.6500000e-02
      vertex -2.4874423e-03 6.0052170e-03 3.7500000e-02
      vertex -2.4874423e-03 6.0052170e-03 3.6500000e-02
    endloop
  endfacet
  facet normal 4.1270703e-01 -9.1086382e-01 0.0000000e+00
    outer loop
      vertex -2.4874423e-03 6.0052170e-03 3.6500000e-02
      vertex -2.4874423e-03 6.0052170e-03 3.7500000e-02
      vertex -2.8748765e-03 5.8296728e-03 3.7500000e-02
    endloop
  endfacet
  facet normal 4.1270703e-01 -9.1086382e-01 0.0000000e+00
    outer loop
      vertex -2.4874423e-03 6.0052170e-03 3.6500000e-02
      vertex -2.8748765e-03 5.8296728e-03 3.7500000e-02
      vertex -2.8748765e-03 5.8296728e-03 3.6500000e-02
    endloop
  endfacet
  facet normal 4.7139674e-01 -8.8192126e-01 0.0000000e+00
    outer loop
      vertex -2.8748765e-03 5.8296728e-03 3.6500000e-02
      vertex -2.8748765e-03 5.8296728e-03 3.7500000e-02
      vertex -3.2500000e-03 5.6291651e-03 3.7500000e-02
    endloop
  endfacet
  facet normal 4.7139674e-01 -8.8192126e-01 0.0000000e+00
    outer loop
      vertex -2.8748765e-03 5.8296728e-03 3.6500000e-02
      vertex -3.2500000e-03 5.6291651e-03 3.7500000e-02
      vertex -3.2500000e-03 5.6291651e-03 3.6500000e-02
    endloop
  endfacet
  facet normal 5.2806785e-01 -8.4920218e-01 0.0000000e+00
    outer loop
      vertex -3.2500000e-03 5.6291651e-03 3.6500000e-02
      vertex -3.2500000e-03 5.6291651e-03 3.7500000e-02
      vertex -3.6112065e-03 5.4045525e-03 3.7500000e-02
    endloop
  endfacet
  facet normal 5.2806785e-01 -8.4920218e-01 0.0000000e+00
    outer loop
      vertex -3.2500000e-03 5.6291651e-03 3.6500000e-02
      vertex -3.6112065e-03 5.4045525e-03 3.7500000e-02
      vertex -3.6112065e-03 5.4045525e-03 3.6500000e-02
    endloop
  endfacet
  facet normal 5.8247770e-01 -8.1284668e-01 0.0000000e+00
    outer loop
      vertex -3.6112065e-03 5.4045525e-03 3.6500000e-02
      vertex -3.6112065e-03 5.4045525e-03 3.7500000e-02
      vertex -3.9569493e-03 5.1567967e-03 3.7500000e-02
    endloop
  endfacet
  facet normal 5.8247770e-01 -8.1284668e-01 0.0000000e+00
    outer loop
      vertex -3.6112065e-03 5.4045525e-03 3.6500000e-02
      vertex -3.9569493e-03 5.1567967e-03 3.7500000e-02
      vertex -3.9569493e-03 5.1567967e-03 3.6500000e-02
    endloop
  endfacet
  facet normal 6.3439328e-01 -7.7301045e-01 0.0000000e+00
    outer loop
      vertex -3.9569493e-03 5.1567967e-03 3.6500000e-02
      vertex -3.9569493e-03 5.1567967e-03 3.7500000e-02
      vertex -4.2857478e-03 4.8869587e-03 3.7500000e-02
    endloop
  endfacet
  facet normal 6.3439328e-01 -7.7301045e-01 0.0000000e+00
    outer loop
      vertex -3.9569493e-03 5.1567967e-03 3.6500000e-02
      vertex -4.2857478e-03 4.8869587e-03 3.7500000e-02
      vertex -4.2857478e-03 4.8869587e-03 3.6500000e-02
    endloop
  endfacet
  facet normal 6.8359230e-01 -7.2986407e-01 0.0000000e+00
    outer loop
      vertex -4.2857478e-03 4.8869587e-03 3.6500000e-02
      vertex -4.2857478e-03 4.8869587e-03 3.7500000e-02
      vertex -4.5961941e-03 4.5961941e-03 3.7500000e-02
    endloop
  endfacet
  facet normal 6.8359230e-01 -7.2986407e-01 0.0000000e+00
    outer loop
      vertex -4.2857478e-03 4.8869587e-03 3.6500000e-02
      vertex -4.5961941e-03 4.5961941e-03 3.7500000e-02
      vertex -4.5961941e-03 4.5961941e-03 3.6500000e-02
    endloop
  endfacet
  facet normal 7.2986407e-01 -6.8359230e-01 0.0000000e+00
    outer loop
      vertex -4.5961941e-03 4.5961941e-03 3.6500000e-02
      vertex -4.5961941e-03 4.5961941e-03 3.7500000e-02
      vertex -4.8869587e-03 4.2857478e-03 3.7500000e-02
    endloop
  endfacet
  facet normal 7.2986407e-01 -6.8359230e-01 0.0000000e+00
    outer loop
      vertex -4.5961941e-03 4.5961941e-03 3.6500000e-02
      vertex -4.8869587e-03 4.2857478e-03 3.7500000e-02
      vertex -4.8869587e-03 4.2857478e-03 3.6500000e-02
    endloop
  endfacet
  facet normal 7.7301045e-01 -6.3439328e-01 0.0000000e+00
    outer loop
      vertex -4.8869587e-03 4.2857478e-03 3.6500000e-02
      vertex -4.8869587e-03 4.2857478e-03 3.7500000e-02
      vertex -5.1567967e-03 3.9569493e-03 3.7500000e-02
    endloop
  endfacet
  facet normal 7.7301045e-01 -6.3439328e-01 0.0000000e+00
    outer loop
      vertex -4.8869587e-03 4.2857478e-03 3.6500000e-02
      vertex -5.1567967e-03 3.9569493e-03 3.7500000e-02
      vertex -5.1567967e-03 3.9569493e-03 3.6500000e-02
    endloop
  endfacet
  facet normal 8.1284668e-01 -5.8247770e-01 0.0000000e+00
    outer loop
      vertex -5.1567967e-03 3.9569493e-03 3.6500000e-02
      vertex -5.1567967e-03 3.9569493e-03 3.7500000e-02
      vertex -5.4045525e-03 3.6112065e-03 3.7500000e-02
    endloop
  endfacet
  facet normal 8.1284668e-01 -5.8247770e-01 0.0000000e+00
    outer loop
      vertex -5.1567967e-03 3.9569493e-03 3.6500000e-02
      vertex -5.4045525e-03 3.6112065e-03 3.7500000e-02
      vertex -5.4045525e-03 3.6112065e-03 3.6500000e-02
    endloop
  endfacet
  facet normal 8.4920218e-01 -5.2806785e-01 0.0000000e+00
    outer loop
      vertex -5.4045525e-03 3.6112065e-03 3.6500000e-02
      vertex -5.4045525e-03 3.6112065e-03 3.7500000e-02
      vertex -5.6291651e-03 3.2500000e-03 3.7500000e-02
    endloop
  endfacet
  facet normal 8.4920218e-01 -5.2806785e-01 0.0000000e+00
    outer loop
      vertex -5.4045525e-03 3.6112065e-03 3.6500000e-02
      vertex -5.6291651e-03 3.2500000e-03 3.7500000e-02
      vertex -5.6291651e-03 3.2500000e-03 3.6500000e-02
    endloop
  endfacet
  facet normal 8.8192126e-01 -4.7139674e-01 0.0000000e+00
    outer loop
      vertex -5.6291651e-03 3.2500000e-03 3.6500000e-02
      vertex -5.6291651e-03 3.2500000e-03 3.7500000e-02
      vertex -5.8296728e-03 2.8748765e-03 3.7500000e-02
    endloop
  endfacet
  facet normal 8.8192126e-01 -4.7139674e-01 0.0000000e+00
    outer loop
      vertex -5.6291651e-03 3.2500000e-03 3.6500000e-02
      vertex -5.8296728e-03 2.8748765e-03 3.7500000e-02
      vertex -5.8296728e-03 2.8748765e-03 3.6500000e-02
    endloop
  endfacet
  facet normal 9.1086382e-01 -4.1270703e-01 0.0000000e+00
    outer loop
      vertex -5.8296728e-03 2.8748765e-03 3.6500000e-02
      vertex -5.8296728e-03 2.8748765e-03 3.7500000e-02
      vertex -6.0052170e-03 2.4874423e-03 3.7500000e-02
    endloop
  endfacet
  facet normal 9.1086382e-01 -4.1270703e-01 0.0000000e+00
    outer loop
      vertex -5.8296728e-03 2.8748765e-03 3.6500000e-02
      vertex -6.0052170e-03 2.4874423e-03 3.7500000e-02
      vertex -6.0052170e-03 2.4874423e-03 3.6500000e-02
    endloop
  endfacet
  facet normal 9.3590593e-01 -3.5225005e-01 0.0000000e+00
    outer loop
      vertex -6.0052170e-03 2.4874423e-03 3.6500000e-02
      vertex -6.0052170e-03 2.4874423e-03 3.7500000e-02
      vertex -6.1550458e-03 2.0893565e-03 3.7500000e-02
    endloop
  endfacet
  facet normal 9.3590593e-01 -3.5225005e-01 0.0000000e+00
    outer loop
      vertex -6.0052170e-03 2.4874423e-03 3.6500000e-02
      vertex -6.1550458e-03 2.0893565e-03 3.7500000e-02
      vertex -6.1550458e-03 2.0893565e-03 3.6500000e-02
    endloop
  endfacet
  facet normal 9.5694034e-01 -2.9028468e-01 0.0000000e+00
    outer loop
      vertex -6.1550458e-03 2.0893565e-03 3.6500000e-02
      vertex -6.1550458e-03 2.0893565e-03 3.7500000e-02
      vertex -6.2785179e-03 1.6823238e-03 3.7500000e-02
    endloop
  endfacet
  facet normal 9.5694034e-01 -2.9028468e-01 0.0000000e+00
    outer loop
      vertex -6.1550458e-03 2.0893565e-03 3.6500000e-02
      vertex -6.2785179e-03 1.6823238e-03 3.7500000e-02
      vertex -6.2785179e-03 1.6823238e-03 3.6500000e-02
    endloop
  endfacet
  facet normal 9.7387698e-01 -2.2707626e-01 0.0000000e+00
    outer loop
      vertex -6.2785179e-03 1.6823238e-03 3.6500000e-02
      vertex -6.2785179e-03 1.6823238e-03 3.7500000e-02
      vertex -6.3751043e-03 1.2680871e-03 3.7500000e-02
    endloop
  endfacet
  facet normal 9.7387698e-01 -2.2707626e-01 0.0000000e+00
    outer loop
      vertex -6.2785179e-03 1.6823238e-03 3.6500000e-02
      vertex -6.3751043e-03 1.2680871e-03 3.7500000e-02
      vertex -6.3751043e-03 1.2680871e-03 3.6500000e-02
    endloop
  endfacet
  facet normal 9.8664333e-01 -1.6289547e-01 0.0000000e+00
    outer loop
      vertex -6.3751043e-03 1.2680871e-03 3.6500000e-02
      vertex -6.3751043e-03 1.2680871e-03 3.7500000e-02
      vertex -6.4443916e-03 8.4842025e-04 3.7500000e-02
    endloop
  endfacet
  facet normal 9.8664333e-01 -1.6289547e-01 0.0000000e+00
    outer loop
      vertex -6.3751043e-03 1.2680871e-03 3.6500000e-02
      vertex -6.4443916e-03 8.4842025e-04 3.7500000e-02
      vertex -6.4443916e-03 8.4842025e-04 3.6500000e-02
    endloop
  endfacet
  facet normal 9.9518473e-01 -9.8017140e-02 0.0000000e+00
    outer loop
      vertex -6.4443916e-03 8.4842025e-04 3.6500000e-02
      vertex -6.4443916e-03 8.4842025e-04 3.7500000e-02
      vertex -6.4860830e-03 4.2512034e-04 3.7500000e-02
    endloop
  endfacet
  facet normal 9.9518473e-01 -9.8017140e-02 0.0000000e+00
    outer loop
      vertex -6.4443916e-03 8.4842025e-04 3.6500000e-02
      vertex -6.4860830e-03 4.2512034e-04 3.7500000e-02
      vertex -6.4860830e-03 4.2512034e-04 3.6500000e-02
    endloop
  endfacet
  facet normal 9.9946459e-01 -3.2719083e-02 0.0000000e+00
    outer loop
      vertex -6.4860830e-03 4.2512034e-04 3.6500000e-02
      vertex -6.4860830e-03 4.2512034e-04 3.7500000e-02
      vertex -6.5000000e-03 7.9602042e-19 3.7500000e-02
    endloop
  endfacet
  facet normal 9.9946459e-01 -3.2719083e-02 0.0000000e+00
    outer loop
      vertex -6.4860830e-03 4.2512034e-04 3.6500000e-02
      vertex -6.5000000e-03 7.9602042e-19 3.7500000e-02
      vertex -6.5000000e-03 7.9602042e-19 3.6500000e-02
    endloop
  endfacet
  facet normal 9.9946459e-01 3.2719083e-02 -0.0000000e+00
    outer loop
      vertex -6.5000000e-03 7.9602042e-19 3.6500000e-02
      vertex -6.5000000e-03 7.9602042e-19 3.7500000e-02
      vertex -6.4860830e-03 -4.2512034e-04 3.7500000e-02
    endloop
  endfacet
  facet normal 9.9946459e-01 3.2719083e-02 0.0000000e+00
    outer loop
      vertex -6.5000000e-03 7.9602042e-19 3.6500000e-02
      vertex -6.4860830e-03 -4.2512034e-04 3.7500000e-02
      vertex -6.4860830e-03 -4.2512034e-04 3.6500000e-02
    endloop
  endfacet
  facet normal 9.9518473e-01 9.8017140e-02 -0.0000000e+00
    outer loop
      vertex -6.4860830e-03 -4.2512034e-04 3.6500000e-02
      vertex -6.4860830e-03 -4.2512034e-04 3.7500000e-02
      vertex -6.4443916e-03 -8.4842025e-04 3.7500000e-02
    endloop
  endfacet
  facet normal 9.9518473e-01 9.8017140e-02 0.0000000e+00
    outer loop
      vertex -6.4860830e-03 -4.2512034e-04 3.6500000e-02
      vertex -6.4443916e-03 -8.4842025e-04 3.7500000e-02
      vertex -6.4443916e-03 -8.4842025e-04 3.6500000e-02
    endloop
  endfacet
  facet normal 9.8664333e-01 1.6289547e-01 -0.0000000e+00
    outer loop
      vertex -6.4443916e-03 -8.4842025e-04 3.6500000e-02
      vertex -6.4443916e-03 -8.4842025e-04 3.7500000e-02
      vertex -6.3751043e-03 -1.2680871e-03 3.7500000e-02
    endloop
  endfacet
  facet normal 9.8664333e-01 1.6289547e-01 0.0000000e+00
    outer loop
      vertex -6.4443916e-03 -8.4842025e-04 3.6500000e-02
      vertex -6.3751043e-03 -1.2680871e-03 3.7500000e-02
      vertex -6.3751043e-03 -1.2680871e-03 3.6500000e-02
    endloop
  endfacet
  facet normal 9.7387698e-01 2.2707626e-01 -0.0000000e+00
    outer loop
      vertex -6.3751043e-03 -1.2680871e-03 3.6500000e-02
      vertex -6.3751043e-03 -1.2680871e-03 3.7500000e-02
      vertex -6.2785179e-03 -1.6823238e-03 3.7500000e-02
    endloop
  endfacet
  facet normal 9.7387698e-01 2.2707626e-01 0.0000000e+00
    outer loop
      vertex -6.3751043e-03 -1.2680871e-03 3.6500000e-02
      vertex -6.2785179e-03 -1.6823238e-03 3.7500000e-02
      vertex -6.2785179e-03 -1.6823238e-03 3.6500000e-02
    endloop
  endfacet
  facet normal 9.5694034e-01 2.9028468e-01 -0.0000000e+00
    outer loop
      vertex -6.2785179e-03 -1.6823238e-03 3.6500000e-02
      vertex -6.2785179e-03 -1.6823238e-03 3.7500000e-02
      vertex -6.1550458e-03 -2.0893565e-03 3.7500000e-02
    endloop
  endfacet
  facet normal 9.5694034e-01 2.9028468e-01 0.0000000e+00
    outer loop
      vertex -6.2785179e-03 -1.6823238e-03 3.6500000e-02
      vertex -6.1550458e-03 -2.0893565e-03 3.7500000e-02
      vertex -6.1550458e-03 -2.0893565e-03 3.6500000e-02
    endloop
  endfacet
  facet normal 9.3590593e-01 3.5225005e-01 -0.0000000e+00
    outer loop
      vertex -6.1550458e-03 -2.0893565e-03 3.6500000e-02
      vertex -6.1550458e-03 -2.0893565e-03 3.7500000e-02
      vertex -6.0052170e-03 -2.4874423e-03 3.7500000e-02
    endloop
  endfacet
  facet normal 9.3590593e-01 3.5225005e-01 0.0000000e+00
    outer loop
      vertex -6.1550458e-03 -2.0893565e-03 3.6500000e-02
      vertex -6.0052170e-03 -2.4874423e-03 3.7500000e-02
      vertex -6.0052170e-03 -2.4874423e-03 3.6500000e-02
    endloop
  endfacet
  facet normal 9.1086382e-01 4.1270703e-01 -0.0000000e+00
    outer loop
      vertex -6.0052170e-03 -2.4874423e-03 3.6500000e-02
      vertex -6.0052170e-03 -2.4874423e-03 3.7500000e-02
      vertex -5.8296728e-03 -2.8748765e-03 3.7500000e-02
    endloop
  endfacet
  facet normal 9.1086382e-01 4.1270703e-01 0.0000000e+00
    outer loop
      vertex -6.0052170e-03 -2.4874423e-03 3.6500000e-02
      vertex -5.8296728e-03 -2.8748765e-03 3.7500000e-02
      vertex -5.8296728e-03 -2.8748765e-03 3.6500000e-02
    endloop
  endfacet
  facet normal 8.8192126e-01 4.7139674e-01 -0.0000000e+00
    outer loop
      vertex -5.8296728e-03 -2.8748765e-03 3.6500000e-02
      vertex -5.8296728e-03 -2.8748765e-03 3.7500000e-02
      vertex -5.6291651e-03 -3.2500000e-03 3.7500000e-02
    endloop
  endfacet
  facet normal 8.8192126e-01 4.7139674e-01 0.0000000e+00
    outer loop
      vertex -5.8296728e-03 -2.8748765e-03 3.6500000e-02
      vertex -5.6291651e-03 -3.2500000e-03 3.7500000e-02
      vertex -5.6291651e-03 -3.2500000e-03 3.6500000e-02
    endloop
  endfacet
  facet normal 8.4920218e-01 5.2806785e-01 -0.0000000e+00
    outer loop
      vertex -5.6291651e-03 -3.2500000e-03 3.6500000e-02
      vertex -5.6291651e-03 -3.2500000e-03 3.7500000e-02
      vertex -5.4045525e-03 -3.6112065e-03 3.7500000e-02
    endloop
  endfacet
  facet normal 8.4920218e-01 5.2806785e-01 0.0000000e+00
    outer loop
      vertex -5.6291651e-03 -3.2500000e-03 3.6500000e-02
      vertex -5.4045525e-03 -3.6112065e-03 3.7500000e-02
      vertex -5.4045525e-03 -3.6112065e-03 3.6500000e-02
    endloop
  endfacet
  facet normal 8.1284668e-01 5.8247770e-01 -0.0000000e+00
    outer loop
      vertex -5.4045525e-03 -3.6112065e-03 3.6500000e-02
      vertex -5.4045525e-03 -3.6112065e-03 3.7500000e-02
      vertex -5.1567967e-03 -3.9569493e-03 3.7500000e-02
    endloop
  endfacet
  facet normal 8.1284668e-01 5.8247770e-01 0.0000000e+00
    outer loop
      vertex -5.4045525e-03 -3.6112065e-03 3.6500000e-02
      vertex -5.1567967e-03 -3.9569493e-03 3.7500000e-02
      vertex -5.1567967e-03 -3.9569493e-03 3.6500000e-02
    endloop
  endfacet
  facet normal 7.7301045e-01 6.3439328e-01 -0.0000000e+00
    outer loop
      vertex -5.1567967e-03 -3.9569493e-03 3.6500000e-02
      vertex -5.1567967e-03 -3.9569493e-03 3.7500000e-02
      vertex -4.8869587e-03 -4.2857478e-03 3.7500000e-02
    endloop
  endfacet
  facet normal 7.7301045e-01 6.3439328e-01 0.0000000e+00
    outer loop
      vertex -5.1567967e-03 -3.9569493e-03 3.6500000e-02
      vertex -4.8869587e-03 -4.2857478e-03 3.7500000e-02
      vertex -4.8869587e-03 -4.2857478e-03 3.6500000e-02
    endloop
  endfacet
  facet normal 7.2986407e-01 6.8359230e-01 -0.0000000e+00
    outer loop
      vertex -4.8869587e-03 -4.2857478e-03 3.6500000e-02
      vertex -4.8869587e-03 -4.2857478e-03 3.7500000e-02
      vertex -4.5961941e-03 -4.5961941e-03 3.7500000e-02
    endloop
  endfacet
  facet normal 7.2986407e-01 6.8359230e-01 0.0000000e+00
    outer loop
      vertex -4.8869587e-03 -4.2857478e-03 3.6500000e-02
      vertex -4.5961941e-03 -4.5961941e-03 3.7500000e-02
      vertex -4.5961941e-03 -4.5961941e-03 3.6500000e-02
    endloop
  endfacet
  facet normal 6.8359230e-01 7.2986407e-01 -0.0000000e+00
    outer loop
      vertex -4.5961941e-03 -4.5961941e-03 3.6500000e-02
      vertex -4.5961941e-03 -4.5961941e-03 3.7500000e-02
      vertex -4.2857478e-03 -4.8869587e-03 3.7500000e-02
    endloop
  endfacet
  facet normal 6.8359230e-01 7.2986407e-01 0.0000000e+00
    outer loop
      vertex -4.5961941e-03 -4.5961941e-03 3.6500000e-02
      vertex -4.2857478e-03 -4.8869587e-03 3.7500000e-02
      vertex -4.2857478e-03 -4.8869587e-03 3.6500000e-02
    endloop
  endfacet
  facet normal 6.3439328e-01 7.7301045e-01 -0.0000000e+00
    outer loop
      vertex -4.2857478e-03 -4.8869587e-03 3.6500000e-02
      vertex -4.2857478e-03 -4.8869587e-03 3.7500000e-02
      vertex -3.9569493e-03 -5.1567967e-03 3.7500000e-02
    endloop
  endfacet
  facet normal 6.3439328e-01 7.7301045e-01 0.0000000e+00
    outer loop
      vertex -4.2857478e-03 -4.8869587e-03 3.6500000e-02
      vertex -3.9569493e-03 -5.1567967e-03 3.7500000e-02
      vertex -3.9569493e-03 -5.1567967e-03 3.6500000e-02
    endloop
  endfacet
  facet normal 5.8247770e-01 8.1284668e-01 -0.0000000e+00
    outer loop
      vertex -3.9569493e-03 -5.1567967e-03 3.6500000e-02
      vertex -3.9569493e-03 -5.1567967e-03 3.7500000e-02
      vertex -3.6112065e-03 -5.4045525e-03 3.7500000e-02
    endloop
  endfacet
  facet normal 5.8247770e-01 8.1284668e-01 0.0000000e+00
    outer loop
      vertex -3.9569493e-03 -5.1567967e-03 3.6500000e-02
      vertex -3.6112065e-03 -5.4045525e-03 3.7500000e-02
      vertex -3.6112065e-03 -5.4045525e-03 3.6500000e-02
    endloop
  endfacet
  facet normal 5.2806785e-01 8.4920218e-01 -0.0000000e+00
    outer loop
      vertex -3.6112065e-03 -5.4045525e-03 3.6500000e-02
      vertex -3.6112065e-03 -5.4045525e-03 3.7500000e-02
      vertex -3.2500000e-03 -5.6291651e-03 3.7500000e-02
    endloop
  endfacet
  facet normal 5.2806785e-01 8.4920218e-01 0.0000000e+00
    outer loop
      vertex -3.6112065e-03 -5.4045525e-03 3.6500000e-02
      vertex -3.2500000e-03 -5.6291651e-03 3.7500000e-02
      vertex -3.2500000e-03 -5.6291651e-03 3.6500000e-02
    endloop
  endfacet
  facet normal 4.7139674e-01 8.8192126e-01 -0.0000000e+00
    outer loop
      vertex -3.2500000e-03 -5.6291651e-03 3.6500000e-02
      vertex -3.2500000e-03 -5.6291651e-03 3.7500000e-02
      vertex -2.8748765e-03 -5.8296728e-03 3.7500000e-02
    endloop
  endfacet
  facet normal 4.7139674e-01 8.8192126e-01 0.0000000e+00
    outer loop
      vertex -3.2500000e-03 -5.6291651e-03 3.6500000e-02
      vertex -2.8748765e-03 -5.8296728e-03 3.7500000e-02
      vertex -2.8748765e-03 -5.8296728e-03 3.6500000e-02
    endloop
  endfacet
  facet normal 4.1270703e-01 9.1086382e-01 -0.0000000e+00
    outer loop
      vertex -2.8748765e-03 -5.8296728e-03 3.6500000e-02
      vertex -2.8748765e-03 -5.8296728e-03 3.7500000e-02
      vertex -2.4874423e-03 -6.0052170e-03 3.7500000e-02
    endloop
  endfacet
  facet normal 4.1270703e-01 9.1086382e-01 0.0000000e+00
    outer loop
      vertex -2.8748765e-03 -5.8296728e-03 3.6500000e-02
      vertex -2.4874423e-03 -6.0052170e-03 3.7500000e-02
      vertex -2.4874423e-03 -6.0052170e-03 3.6500000e-02
    endloop
  endfacet
  facet normal 3.5225005e-01 9.3590593e-01 -0.0000000e+00
    outer loop
      vertex -2.4874423e-03 -6.0052170e-03 3.6500000e-02
      vertex -2.4874423e-03 -6.0052170e-03 3.7500000e-02
      vertex -2.0893565e-03 -6.1550458e-03 3.7500000e-02
    endloop
  endfacet
  facet normal 3.5225005e-01 9.3590593e-01 0.0000000e+00
    outer loop
      vertex -2.4874423e-03 -6.0052170e-03 3.6500000e-02
      vertex -2.0893565e-03 -6.1550458e-03 3.7500000e-02
      vertex -2.0893565e-03 -6.1550458e-03 3.6500000e-02
    endloop
  endfacet
  facet normal 2.9028468e-01 9.5694034e-01 -0.0000000e+00
    outer loop
      vertex -2.0893565e-03 -6.1550458e-03 3.6500000e-02
      vertex -2.0893565e-03 -6.1550458e-03 3.7500000e-02
      vertex -1.6823238e-03 -6.2785179e-03 3.7500000e-02
    endloop
  endfacet
  facet normal 2.9028468e-01 9.5694034e-01 0.0000000e+00
    outer loop
      vertex -2.0893565e-03 -6.1550458e-03 3.6500000e-02
      vertex -1.6823238e-03 -6.2785179e-03 3.7500000e-02
      vertex -1.6823238e-03 -6.2785179e-03 3.6500000e-02
    endloop
  endfacet
  facet normal 2.2707626e-01 9.7387698e-01 -0.0000000e+00
    outer loop
      vertex -1.6823238e-03 -6.2785179e-03 3.6500000e-02
      vertex -1.6823238e-03 -6.2785179e-03 3.7500000e-02
      vertex -1.2680871e-03 -6.3751043e-03 3.7500000e-02
    endloop
  endfacet
  facet normal 2.2707626e-01 9.7387698e-01 0.0000000e+00
    outer loop
      vertex -1.6823238e-03 -6.2785179e-03 3.6500000e-02
      vertex -1.2680871e-03 -6.3751043e-03 3.7500000e-02
      vertex -1.2680871e-03 -6.3751043e-03 3.6500000e-02
    endloop
  endfacet
  facet normal 1.6289547e-01 9.8664333e-01 -0.0000000e+00
    outer loop
      vertex -1.2680871e-03 -6.3751043e-03 3.6500000e-02
      vertex -1.2680871e-03 -6.3751043e-03 3.7500000e-02
      vertex -8.4842025e-04 -6.4443916e-03 3.7500000e-02
    endloop
  endfacet
  facet normal 1.6289547e-01 9.8664333e-01 0.0000000e+00
    outer loop
      vertex -1.2680871e-03 -6.3751043e-03 3.6500000e-02
      vertex -8.4842025e-04 -6.4443916e-03 3.7500000e-02
      vertex -8.4842025e-04 -6.4443916e-03 3.6500000e-02
    endloop
  endfacet
  facet normal 9.8017140e-02 9.9518473e-01 -0.0000000e+00
    outer loop
      vertex -8.4842025e-04 -6.4443916e-03 3.6500000e-02
      vertex -8.4842025e-04 -6.4443916e-03 3.7500000e-02
      vertex -4.2512034e-04 -6.4860830e-03 3.7500000e-02
    endloop
  endfacet
  facet normal 9.8017140e-02 9.9518473e-01 0.0000000e+00
    outer loop
      vertex -8.4842025e-04 -6.4443916e-03 3.6500000e-02
      vertex -4.2512034e-04 -6.4860830e-03 3.7500000e-02
      vertex -4.2512034e-04 -6.4860830e-03 3.6500000e-02
    endloop
  endfacet
  facet normal 3.2719083e-02 9.9946459e-01 -0.0000000e+00
    outer loop
      vertex -4.2512034e-04 -6.4860830e-03 3.6500000e-02
      vertex -4.2512034e-04 -6.4860830e-03 3.7500000e-02
      vertex -1.1940306e-18 -6.5000000e-03 3.7500000e-02
    endloop
  endfacet
  facet normal 3.2719083e-02 9.9946459e-01 0.0000000e+00
    outer loop
      vertex -4.2512034e-04 -6.4860830e-03 3.6500000e-02
      vertex -1.1940306e-18 -6.5000000e-03 3.7500000e-02
      vertex -1.1940306e-18 -6.5000000e-03 3.6500000e-02
    endloop
  endfacet
  facet normal -3.2719083e-02 9.9946459e-01 0.0000000e+00
    outer loop
      vertex -1.1940306e-18 -6.5000000e-03 3.6500000e-02
      vertex -1.1940306e-18 -6.5000000e-03 3.7500000e-02
      vertex 4.2512034e-04 -6.4860830e-03 3.7500000e-02
    endloop
  endfacet
  facet normal -3.2719083e-02 9.9946459e-01 0.0000000e+00
    outer loop
      vertex -1.1940306e-18 -6.5000000e-03 3.6500000e-02
      vertex 4.2512034e-04 -6.4860830e-03 3.7500000e-02
      vertex 4.2512034e-04 -6.4860830e-03 3.6500000e-02
    endloop
  endfacet
  facet normal -9.8017140e-02 9.9518473e-01 0.0000000e+00
    outer loop
      vertex 4.2512034e-04 -6.4860830e-03 3.6500000e-02
      vertex 4.2512034e-04 -6.4860830e-03 3.7500000e-02
      vertex 8.4842025e-04 -6.4443916e-03 3.7500000e-02
    endloop
  endfacet
  facet normal -9.8017140e-02 9.9518473e-01 0.0000000e+00
    outer loop
      vertex 4.2512034e-04 -6.4860830e-03 3.6500000e-02
      vertex 8.4842025e-04 -6.4443916e-03 3.7500000e-02
      vertex 8.4842025e-04 -6.4443916e-03 3.6500000e-02
    endloop
  endfacet
  facet normal -1.6289547e-01 9.8664333e-01 0.0000000e+00
    outer loop
      vertex 8.4842025e-04 -6.4443916e-03 3.6500000e-02
      vertex 8.4842025e-04 -6.4443916e-03 3.7500000e-02
      vertex 1.2680871e-03 -6.3751043e-03 3.7500000e-02
    endloop
  endfacet
  facet normal -1.6289547e-01 9.8664333e-01 0.0000000e+00
    outer loop
      vertex 8.4842025e-04 -6.4443916e-03 3.6500000e-02
      vertex 1.2680871e-03 -6.3751043e-03 3.7500000e-02
      vertex 1.2680871e-03 -6.3751043e-03 3.6500000e-02
    endloop
  endfacet
  facet normal -2.2707626e-01 9.7387698e-01 0.0000000e+00
    outer loop
      vertex 1.2680871e-03 -6.3751043e-03 3.6500000e-02
      vertex 1.2680871e-03 -6.3751043e-03 3.7500000e-02
      vertex 1.6823238e-03 -6.2785179e-03 3.7500000e-02
    endloop
  endfacet
  facet normal -2.2707626e-01 9.7387698e-01 0.0000000e+00
    outer loop
      vertex 1.2680871e-03 -6.3751043e-03 3.6500000e-02
      vertex 1.6823238e-03 -6.2785179e-03 3.7500000e-02
      vertex 1.6823238e-03 -6.2785179e-03 3.6500000e-02
    endloop
  endfacet
  facet normal -2.9028468e-01 9.5694034e-01 0.0000000e+00
    outer loop
      vertex 1.6823238e-03 -6.2785179e-03 3.6500000e-02
      vertex 1.6823238e-03 -6.2785179e-03 3.7500000e-02
      vertex 2.0893565e-03 -6.1550458e-03 3.7500000e-02
    endloop
  endfacet
  facet normal -2.9028468e-01 9.5694034e-01 0.0000000e+00
    outer loop
      vertex 1.6823238e-03 -6.2785179e-03 3.6500000e-02
      vertex 2.0893565e-03 -6.1550458e-03 3.7500000e-02
      vertex 2.0893565e-03 -6.1550458e-03 3.6500000e-02
    endloop
  endfacet
  facet normal -3.5225005e-01 9.3590593e-01 0.0000000e+00
    outer loop
      vertex 2.0893565e-03 -6.1550458e-03 3.6500000e-02
      vertex 2.0893565e-03 -6.1550458e-03 3.7500000e-02
      vertex 2.4874423e-03 -6.0052170e-03 3.7500000e-02
    endloop
  endfacet
  facet normal -3.5225005e-01 9.3590593e-01 0.0000000e+00
    outer loop
      vertex 2.0893565e-03 -6.1550458e-03 3.6500000e-02
      vertex 2.4874423e-03 -6.0052170e-03 3.7500000e-02
      vertex 2.4874423e-03 -6.0052170e-03 3.6500000e-02
    endloop
  endfacet
  facet normal -4.1270703e-01 9.1086382e-01 0.0000000e+00
    outer loop
      vertex 2.4874423e-03 -6.0052170e-03 3.6500000e-02
      vertex 2.4874423e-03 -6.0052170e-03 3.7500000e-02
      vertex 2.8748765e-03 -5.8296728e-03 3.7500000e-02
    endloop
  endfacet
  facet normal -4.1270703e-01 9.1086382e-01 0.0000000e+00
    outer loop
      vertex 2.4874423e-03 -6.0052170e-03 3.6500000e-02
      vertex 2.8748765e-03 -5.8296728e-03 3.7500000e-02
      vertex 2.8748765e-03 -5.8296728e-03 3.6500000e-02
    endloop
  endfacet
  facet normal -4.7139674e-01 8.8192126e-01 0.0000000e+00
    outer loop
      vertex 2.8748765e-03 -5.8296728e-03 3.6500000e-02
      vertex 2.8748765e-03 -5.8296728e-03 3.7500000e-02
      vertex 3.2500000e-03 -5.6291651e-03 3.7500000e-02
    endloop
  endfacet
  facet normal -4.7139674e-01 8.8192126e-01 0.0000000e+00
    outer loop
      vertex 2.8748765e-03 -5.8296728e-03 3.6500000e-02
      vertex 3.2500000e-03 -5.6291651e-03 3.7500000e-02
      vertex 3.2500000e-03 -5.6291651e-03 3.6500000e-02
    endloop
  endfacet
  facet normal -5.2806785e-01 8.4920218e-01 0.0000000e+00
    outer loop
      vertex 3.2500000e-03 -5.6291651e-03 3.6500000e-02
      vertex 3.2500000e-03 -5.6291651e-03 3.7500000e-02
      vertex 3.6112065e-03 -5.4045525e-03 3.7500000e-02
    endloop
  endfacet
  facet normal -5.2806785e-01 8.4920218e-01 0.0000000e+00
    outer loop
      vertex 3.2500000e-03 -5.6291651e-03 3.6500000e-02
      vertex 3.6112065e-03 -5.4045525e-03 3.7500000e-02
      vertex 3.6112065e-03 -5.4045525e-03 3.6500000e-02
    endloop
  endfacet
  facet normal -5.8247770e-01 8.1284668e-01 0.0000000e+00
    outer loop
      vertex 3.6112065e-03 -5.4045525e-03 3.6500000e-02
      vertex 3.6112065e-03 -5.4045525e-03 3.7500000e-02
      vertex 3.9569493e-03 -5.1567967e-03 3.7500000e-02
    endloop
  endfacet
  facet normal -5.8247770e-01 8.1284668e-01 0.0000000e+00
    outer loop
      vertex 3.6112065e-03 -5.4045525e-03 3.6500000e-02
      vertex 3.9569493e-03 -5.1567967e-03 3.7500000e-02
      vertex 3.9569493e-03 -5.1567967e-03 3.6500000e-02
    endloop
  endfacet
  facet normal -6.3439328e-01 7.7301045e-01 0.0000000e+00
    outer loop
      vertex 3.9569493e-03 -5.1567967e-03 3.6500000e-02
      vertex 3.9569493e-03 -5.1567967e-03 3.7500000e-02
      vertex 4.2857478e-03 -4.8869587e-03 3.7500000e-02
    endloop
  endfacet
  facet normal -6.3439328e-01 7.7301045e-01 0.0000000e+00
    outer loop
      vertex 3.9569493e-03 -5.1567967e-03 3.6500000e-02
      vertex 4.2857478e-03 -4.8869587e-03 3.7500000e-02
      vertex 4.2857478e-03 -4.8869587e-03 3.6500000e-02
    endloop
  endfacet
  facet normal -6.8359230e-01 7.2986407e-01 0.0000000e+00
    outer loop
      vertex 4.2857478e-03 -4.8869587e-03 3.6500000e-02
      vertex 4.2857478e-03 -4.8869587e-03 3.7500000e-02
      vertex 4.5961941e-03 -4.5961941e-03 3.7500000e-02
    endloop
  endfacet
  facet normal -6.8359230e-01 7.2986407e-01 0.0000000e+00
    outer loop
      vertex 4.2857478e-03 -4.8869587e-03 3.6500000e-02
      vertex 4.5961941e-03 -4.5961941e-03 3.7500000e-02
      vertex 4.5961941e-03 -4.5961941e-03 3.6500000e-02
    endloop
  endfacet
  facet normal -7.2986407e-01 6.8359230e-01 0.0000000e+00
    outer loop
      vertex 4.5961941e-03 -4.5961941e-03 3.6500000e-02
      vertex 4.5961941e-03 -4.5961941e-03 3.7500000e-02
      vertex 4.8869587e-03 -4.2857478e-03 3.7500000e-02
    endloop
  endfacet
  facet normal -7.2986407e-01 6.8359230e-01 0.0000000e+00
    outer loop
      vertex 4.5961941e-03 -4.5961941e-03 3.6500000e-02
      vertex 4.8869587e-03 -4.2857478e-03 3.7500000e-02
      vertex 4.8869587e-03 -4.2857478e-03 3.6500000e-02
    endloop
  endfacet
  facet normal -7.7301045e-01 6.3439328e-01 0.0000000e+00
    outer loop
      vertex 4.8869587e-03 -4.2857478e-03 3.6500000e-02
      vertex 4.8869587e-03 -4.2857478e-03 3.7500000e-02
      vertex 5.1567967e-03 -3.9569493e-03 3.7500000e-02
    endloop
  endfacet
  facet normal -7.7301045e-01 6.3439328e-01 0.0000000e+00
    outer loop
      vertex 4.8869587e-03 -4.2857478e-03 3.6500000e-02
      vertex 5.1567967e-03 -3.9569493e-03 3.7500000e-02
      vertex 5.1567967e-03 -3.9569493e-03 3.6500000e-02
    endloop
  endfacet
  facet normal -8.1284668e-01 5.8247770e-01 0.0000000e+00
    outer loop
      vertex 5.1567967e-03 -3.9569493e-03 3.6500000e-02
      vertex 5.1567967e-03 -3.9569493e-03 3.7500000e-02
      vertex 5.4045525e-03 -3.6112065e-03 3.7500000e-02
    endloop
  endfacet
  facet normal -8.1284668e-01 5.8247770e-01 0.0000000e+00
    outer loop
      vertex 5.1567967e-03 -3.9569493e-03 3.6500000e-02
      vertex 5.4045525e-03 -3.6112065e-03 3.7500000e-02
      vertex 5.4045525e-03 -3.6112065e-03 3.6500000e-02
    endloop
  endfacet
  facet normal -8.4920218e-01 5.2806785e-01 0.0000000e+00
    outer loop
      vertex 5.4045525e-03 -3.6112065e-03 3.6500000e-02
      vertex 5.4045525e-03 -3.6112065e-03 3.7500000e-02
      vertex 5.6291651e-03 -3.2500000e-03 3.7500000e-02
    endloop
  endfacet
  facet normal -8.4920218e-01 5.2806785e-01 0.0000000e+00
    outer loop
      vertex 5.4045525e-03 -3.6112065e-03 3.6500000e-02
      vertex 5.6291651e-03 -3.2500000e-03 3.7500000e-02
      vertex 5.6291651e-03 -3.2500000e-03 3.6500000e-02
    endloop
  endfacet
  facet normal -8.8192126e-01 4.7139674e-01 0.0000000e+00
    outer loop
      vertex 5.6291651e-03 -3.2500000e-03 3.6500000e-02
      vertex 5.6291651e-03 -3.2500000e-03 3.7500000e-02
      vertex 5.8296728e-03 -2.8748765e-03 3.7500000e-02
    endloop
  endfacet
  facet normal -8.8192126e-01 4.7139674e-01 0.0000000e+00
    outer loop
      vertex 5.6291651e-03 -3.2500000e-03 3.6500000e-02
      vertex 5.8296728e-03 -2.8748765e-03 3.7500000e-02
      vertex 5.8296728e-03 -2.8748765e-03 3.6500000e-02
    endloop
  endfacet
  facet normal -9.1086382e-01 4.1270703e-01 0.0000000e+00
    outer loop
      vertex 5.8296728e-03 -2.8748765e-03 3.6500000e-02
      vertex 5.8296728e-03 -2.8748765e-03 3.7500000e-02
      vertex 6.0052170e-03 -2.4874423e-03 3.7500000e-02
    endloop
  endfacet
  facet normal -9.1086382e-01 4.1270703e-01 0.0000000e+00
    outer loop
      vertex 5.8296728e-03 -2.8748765e-03 3.6500000e-02
      vertex 6.0052170e-03 -2.4874423e-03 3.7500000e-02
      vertex 6.0052170e-03 -2.4874423e-03 3.6500000e-02
    endloop
  endfacet
  facet normal -9.3590593e-01 3.5225005e-01 0.0000000e+00
    outer loop
      vertex 6.0052170e-03 -2.4874423e-03 3.6500000e-02
      vertex 6.0052170e-03 -2.4874423e-03 3.7500000e-02
      vertex 6.1550458e-03 -2.0893565e-03 3.7500000e-02
    endloop
  endfacet
  facet normal -9.3590593e-01 3.5225005e-01 0.0000000e+00
    outer loop
      vertex 6.0052170e-03 -2.4874423e-03 3.6500000e-02
      vertex 6.1550458e-03 -2.0893565e-03 3.7500000e-02
      vertex 6.1550458e-03 -2.0893565e-03 3.6500000e-02
    endloop
  endfacet
  facet normal -9.5694034e-01 2.9028468e-01 0.0000000e+00
    outer loop
      vertex 6.1550458e-03 -2.0893565e-03 3.6500000e-02
      vertex 6.1550458e-03 -2.0893565e-03 3.7500000e-02
      vertex 6.2785179e-03 -1.6823238e-03 3.7500000e-02
    endloop
  endfacet
  facet normal -9.5694034e-01 2.9028468e-01 0.0000000e+00
    outer loop
      vertex 6.1550458e-03 -2.0893565e-03 3.6500000e-02
      vertex 6.2785179e-03 -1.6823238e-03 3.7500000e-02
      vertex 6.2785179e-03 -1.6823238e-03 3.6500000e-02
    endloop
  endfacet
  facet normal -9.7387698e-01 2.2707626e-01 0.0000000e+00
    outer loop
      vertex 6.2785179e-03 -1.6823238e-03 3.6500000e-02
      vertex 6.2785179e-03 -1.6823238e-03 3.7500000e-02
      vertex 6.3751043e-03 -1.2680871e-03 3.7500000e-02
    endloop
  endfacet
  facet normal -9.7387698e-01 2.2707626e-01 0.0000000e+00
    outer loop
      vertex 6.2785179e-03 -1.6823238e-03 3.6500000e-02
      vertex 6.3751043e-03 -1.2680871e-03 3.7500000e-02
      vertex 6.3751043e-03 -1.2680871e-03 3.6500000e-02
    endloop
  endfacet
  facet normal -9.8664333e-01 1.6289547e-01 0.0000000e+00
    outer loop
      vertex 6.3751043e-03 -1.2680871e-03 3.6500000e-02
      vertex 6.3751043e-03 -1.2680871e-03 3.7500000e-02
      vertex 6.4443916e-03 -8.4842025e-04 3.7500000e-02
    endloop
  endfacet
  facet normal -9.8664333e-01 1.6289547e-01 0.0000000e+00
    outer loop
      vertex 6.3751043e-03 -1.2680871e-03 3.6500000e-02
      vertex 6.4443916e-03 -8.4842025e-04 3.7500000e-02
      vertex 6.4443916e-03 -8.4842025e-04 3.6500000e-02
    endloop
  endfacet
  facet normal -9.9518473e-01 9.8017140e-02 0.0000000e+00
    outer loop
      vertex 6.4443916e-03 -8.4842025e-04 3.6500000e-02
      vertex 6.4443916e-03 -8.4842025e-04 3.7500000e-02
      vertex 6.4860830e-03 -4.2512034e-04 3.7500000e-02
    endloop
  endfacet
  facet normal -9.9518473e-01 9.8017140e-02 0.0000000e+00
    outer loop
      vertex 6.4443916e-03 -8.4842025e-04 3.6500000e-02
      vertex 6.4860830e-03 -4.2512034e-04 3.7500000e-02
      vertex 6.4860830e-03 -4.2512034e-04 3.6500000e-02
    endloop
  endfacet
  facet normal -9.9946459e-01 3.2719083e-02 0.0000000e+00
    outer loop
      vertex 6.4860830e-03 -4.2512034e-04 3.6500000e-02
      vertex 6.4860830e-03 -4.2512034e-04 3.7500000e-02
      vertex 6.5000000e-03 -1.5920408e-18 3.7500000e-02
    endloop
  endfacet
  facet normal -9.9946459e-01 3.2719083e-02 0.0000000e+00
    outer loop
      vertex 6.4860830e-03 -4.2512034e-04 3.6500000e-02
      vertex 6.5000000e-03 -1.5920408e-18 3.7500000e-02
      vertex 6.5000000e-03 -1.5920408e-18 3.6500000e-02
    endloop
  endfacet
endsolid vial_2ml
